solid OpenSCAD_Model
  facet normal 0 -1 0
    outer loop
      vertex 7.894819997251034 9.198679998517036 0
      vertex 14.749219998717308 9.198679998517036 0
      vertex 7.894819997251034 9.198679998517036 0.16
    endloop
  endfacet
  facet normal -1 0 0
    outer loop
      vertex 7.894819997251034 9.198679998517036 0
      vertex 7.894819997251034 9.198679998517036 0.16
      vertex 7.894819997251034 21.75 0
    endloop
  endfacet
  facet normal 0 0 -1
    outer loop
      vertex 7.894819997251034 9.198679998517036 0
      vertex 7.894819997251034 21.75 0
      vertex 13.495939999818802 13.527759999036789 0
    endloop
  endfacet
  facet normal 0 0 -1
    outer loop
      vertex 7.894819997251034 9.198679998517036 0
      vertex 13.495939999818802 13.527759999036789 0
      vertex 14.749219998717308 9.198679998517036 0
    endloop
  endfacet
  facet normal 0 -1 0
    outer loop
      vertex 14.749219998717308 9.198679998517036 0
      vertex 14.749219998717308 9.198679998517036 0.16
      vertex 7.894819997251034 9.198679998517036 0.16
    endloop
  endfacet
  facet normal 0 0 1
    outer loop
      vertex 7.894819997251034 9.198679998517036 0.16
      vertex 13.495939999818802 13.527759999036789 0.16
      vertex 7.894819997251034 21.75 0.16
    endloop
  endfacet
  facet normal 0 0 1
    outer loop
      vertex 7.894819997251034 9.198679998517036 0.16
      vertex 14.749219998717308 9.198679998517036 0.16
      vertex 13.495939999818802 13.527759999036789 0.16
    endloop
  endfacet
  facet normal -1 0 0
    outer loop
      vertex 7.894819997251034 9.198679998517036 0.16
      vertex 7.894819997251034 21.75 0.16
      vertex 7.894819997251034 21.75 0
    endloop
  endfacet
  facet normal 0 0 -1
    outer loop
      vertex 13.495939999818802 13.527759999036789 0
      vertex 7.894819997251034 21.75 0
      vertex 13.495939999818802 21.75 0
    endloop
  endfacet
  facet normal 0 0 1
    outer loop
      vertex 13.495939999818802 13.527759999036789 0.16
      vertex 13.495939999818802 21.75 0.16
      vertex 7.894819997251034 21.75 0.16
    endloop
  endfacet
  facet normal 0 0 -1
    outer loop
      vertex 14.749219998717308 9.198679998517036 0
      vertex 14.96424676477909 13.531511150300503 0
      vertex 15.28484782576561 9.20458434522152 0
    endloop
  endfacet
  facet normal 0.011022556551340244 -0.9999392497782416 0
    outer loop
      vertex 14.749219998717308 9.198679998517036 0
      vertex 15.28484782576561 9.20458434522152 0
      vertex 14.749219998717308 9.198679998517036 0.16
    endloop
  endfacet
  facet normal 0 0 -1
    outer loop
      vertex 14.749219998717308 9.198679998517036 0
      vertex 13.495939999818802 13.527759999036789 0
      vertex 14.65429999679327 13.527759999036789 0
    endloop
  endfacet
  facet normal 0 0 -1
    outer loop
      vertex 14.749219998717308 9.198679998517036 0
      vertex 14.65429999679327 13.527759999036789 0
      vertex 14.96424676477909 13.531511150300503 0
    endloop
  endfacet
  facet normal 0.011022556551340244 -0.9999392497782416 0
    outer loop
      vertex 15.28484782576561 9.20458434522152 0
      vertex 15.28484782576561 9.20458434522152 0.16
      vertex 14.749219998717308 9.198679998517036 0.16
    endloop
  endfacet
  facet normal 0 1 0
    outer loop
      vertex 13.495939999818802 13.527759999036789 0
      vertex 13.495939999818802 13.527759999036789 0.16
      vertex 14.65429999679327 13.527759999036789 0
    endloop
  endfacet
  facet normal -0.012101679907000087 0.9999267719905436 0
    outer loop
      vertex 14.65429999679327 13.527759999036789 0
      vertex 14.65429999679327 13.527759999036789 0.16
      vertex 14.96424676477909 13.531511150300503 0
    endloop
  endfacet
  facet normal -0.03718249572465301 0.9993084919141267 0
    outer loop
      vertex 14.96424676477909 13.531511150300503 0
      vertex 14.96424676477909 13.531511150300503 0.16
      vertex 15.266692288219929 13.542764611542225 0
    endloop
  endfacet
  facet normal 0 1 0
    outer loop
      vertex 14.65429999679327 13.527759999036789 0
      vertex 13.495939999818802 13.527759999036789 0.16
      vertex 14.65429999679327 13.527759999036789 0.16
    endloop
  endfacet
  facet normal -0.012101679907000087 0.9999267719905436 0
    outer loop
      vertex 14.96424676477909 13.531511150300503 0
      vertex 14.65429999679327 13.527759999036789 0.16
      vertex 14.96424676477909 13.531511150300503 0.16
    endloop
  endfacet
  facet normal 0 0 -1
    outer loop
      vertex 15.28484782576561 9.20458434522152 0
      vertex 15.266692288219929 13.542764611542225 0
      vertex 15.808593913912773 9.22229739278555 0
    endloop
  endfacet
  facet normal 0 0 -1
    outer loop
      vertex 15.808593913912773 9.22229739278555 0
      vertex 15.849079586565495 13.587778449058533 0
      vertex 16.320458263158798 9.251819133758545 0
    endloop
  endfacet
  facet normal 0.03380058901310823 -0.999428596840398 0
    outer loop
      vertex 15.28484782576561 9.20458434522152 0
      vertex 15.808593913912773 9.22229739278555 0
      vertex 15.28484782576561 9.20458434522152 0.16
    endloop
  endfacet
  facet normal 0.05757924467444769 -0.9983409390497417 0
    outer loop
      vertex 15.808593913912773 9.22229739278555 0
      vertex 16.320458263158798 9.251819133758545 0
      vertex 15.808593913912773 9.22229739278555 0.16
    endloop
  endfacet
  facet normal 0 0 -1
    outer loop
      vertex 14.96424676477909 13.531511150300503 0
      vertex 15.266692288219929 13.542764611542225 0
      vertex 15.28484782576561 9.20458434522152 0
    endloop
  endfacet
  facet normal 0 0 -1
    outer loop
      vertex 15.808593913912773 9.22229739278555 0
      vertex 15.266692288219929 13.542764611542225 0
      vertex 15.561636559665203 13.561520375311375 0
    endloop
  endfacet
  facet normal 0 0 -1
    outer loop
      vertex 15.808593913912773 9.22229739278555 0
      vertex 15.561636559665203 13.561520375311375 0
      vertex 15.849079586565495 13.587778449058533 0
    endloop
  endfacet
  facet normal 0 0 -1
    outer loop
      vertex 16.320458263158798 9.251819133758545 0
      vertex 15.849079586565495 13.587778449058533 0
      vertex 16.129021361470222 13.621538825333118 0
    endloop
  endfacet
  facet normal 0 0 -1
    outer loop
      vertex 16.320458263158798 9.251819133758545 0
      vertex 16.129021361470222 13.621538825333118 0
      vertex 16.820440866053104 9.293149568140507 0
    endloop
  endfacet
  facet normal 0 0 -1
    outer loop
      vertex 16.820440866053104 9.293149568140507 0
      vertex 16.401461891829967 13.662801511585712 0
      vertex 17.308541737496853 9.346288695931435 0
    endloop
  endfacet
  facet normal 0.08238275138387667 -0.9966007637336138 0
    outer loop
      vertex 16.320458263158798 9.251819133758545 0
      vertex 16.820440866053104 9.293149568140507 0
      vertex 16.320458263158798 9.251819133758545 0.16
    endloop
  endfacet
  facet normal 0.10822964548448964 -0.9941259195083396 0
    outer loop
      vertex 16.820440866053104 9.293149568140507 0
      vertex 17.308541737496853 9.346288695931435 0
      vertex 16.820440866053104 9.293149568140507 0.16
    endloop
  endfacet
  facet normal 0.13513129430697748 -0.9908277011160522 0
    outer loop
      vertex 17.308541737496853 9.346288695931435 0
      vertex 17.784760870039463 9.41123652458191 0
      vertex 17.308541737496853 9.346288695931435 0.16
    endloop
  endfacet
  facet normal 0 0 -1
    outer loop
      vertex 16.820440866053104 9.293149568140507 0
      vertex 16.129021361470222 13.621538825333118 0
      vertex 16.401461891829967 13.662801511585712 0
    endloop
  endfacet
  facet normal 0 0 -1
    outer loop
      vertex 17.308541737496853 9.346288695931435 0
      vertex 16.401461891829967 13.662801511585712 0
      vertex 16.66640117019415 13.711566500365734 0
    endloop
  endfacet
  facet normal 0 0 -1
    outer loop
      vertex 17.308541737496853 9.346288695931435 0
      vertex 16.66640117019415 13.711566500365734 0
      vertex 17.784760870039463 9.41123652458191 0
    endloop
  endfacet
  facet normal 0 0 -1
    outer loop
      vertex 16.66640117019415 13.711566500365734 0
      vertex 16.923839204013348 13.767833799123764 0
      vertex 17.784760870039463 9.41123652458191 0
    endloop
  endfacet
  facet normal 0 0 -1
    outer loop
      vertex 16.923839204013348 13.767833799123764 0
      vertex 17.173775993287563 13.831603400409222 0
      vertex 17.784760870039463 9.41123652458191 0
    endloop
  endfacet
  facet normal 0.03380058901310823 -0.999428596840398 0
    outer loop
      vertex 15.808593913912773 9.22229739278555 0
      vertex 15.808593913912773 9.22229739278555 0.16
      vertex 15.28484782576561 9.20458434522152 0.16
    endloop
  endfacet
  facet normal 0.05757924467444769 -0.9983409390497417 0
    outer loop
      vertex 16.320458263158798 9.251819133758545 0
      vertex 16.320458263158798 9.251819133758545 0.16
      vertex 15.808593913912773 9.22229739278555 0.16
    endloop
  endfacet
  facet normal 0.08238275138387667 -0.9966007637336138 0
    outer loop
      vertex 16.820440866053104 9.293149568140507 0
      vertex 16.820440866053104 9.293149568140507 0.16
      vertex 16.320458263158798 9.251819133758545 0.16
    endloop
  endfacet
  facet normal 0.10822964548448964 -0.9941259195083396 0
    outer loop
      vertex 17.308541737496853 9.346288695931435 0
      vertex 17.308541737496853 9.346288695931435 0.16
      vertex 16.820440866053104 9.293149568140507 0.16
    endloop
  endfacet
  facet normal -0.06346268748639335 0.9979842119477664 0
    outer loop
      vertex 15.266692288219929 13.542764611542225 0
      vertex 15.266692288219929 13.542764611542225 0.16
      vertex 15.561636559665203 13.561520375311375 0
    endloop
  endfacet
  facet normal -0.09097174574378922 0.9958534738988097 0
    outer loop
      vertex 15.561636559665203 13.561520375311375 0
      vertex 15.561636559665203 13.561520375311375 0.16
      vertex 15.849079586565495 13.587778449058533 0
    endloop
  endfacet
  facet normal -0.11973032382172909 0.9928064512066509 0
    outer loop
      vertex 15.849079586565495 13.587778449058533 0
      vertex 15.849079586565495 13.587778449058533 0.16
      vertex 16.129021361470222 13.621538825333118 0
    endloop
  endfacet
  facet normal -0.1497479704511455 0.9887242008496419 0
    outer loop
      vertex 16.129021361470222 13.621538825333118 0
      vertex 16.129021361470222 13.621538825333118 0.16
      vertex 16.401461891829967 13.662801511585712 0
    endloop
  endfacet
  facet normal -0.18102019883971368 0.9834793783359316 0
    outer loop
      vertex 16.401461891829967 13.662801511585712 0
      vertex 16.401461891829967 13.662801511585712 0.16
      vertex 16.66640117019415 13.711566500365734 0
    endloop
  endfacet
  facet normal -0.213525680806951 0.9769374512403176 0
    outer loop
      vertex 16.66640117019415 13.711566500365734 0
      vertex 16.66640117019415 13.711566500365734 0.16
      vertex 16.923839204013348 13.767833799123764 0
    endloop
  endfacet
  facet normal -0.24722293005261609 0.9689586280415687 0
    outer loop
      vertex 16.923839204013348 13.767833799123764 0
      vertex 16.923839204013348 13.767833799123764 0.16
      vertex 17.173775993287563 13.831603400409222 0
    endloop
  endfacet
  facet normal -0.28204737073895386 0.9594004798097836 0
    outer loop
      vertex 17.173775993287563 13.831603400409222 0
      vertex 17.173775993287563 13.831603400409222 0.16
      vertex 17.416211530566216 13.902875311672688 0
    endloop
  endfacet
  facet normal -0.3179081522484273 0.9481215147511372 0
    outer loop
      vertex 17.416211530566216 13.902875311672688 0
      vertex 17.416211530566216 13.902875311672688 0.16
      vertex 17.651145823299885 13.981649525463581 0
    endloop
  endfacet
  facet normal -0.03718249572465301 0.9993084919141267 0
    outer loop
      vertex 15.266692288219929 13.542764611542225 0
      vertex 14.96424676477909 13.531511150300503 0.16
      vertex 15.266692288219929 13.542764611542225 0.16
    endloop
  endfacet
  facet normal -0.06346268748639335 0.9979842119477664 0
    outer loop
      vertex 15.561636559665203 13.561520375311375 0
      vertex 15.266692288219929 13.542764611542225 0.16
      vertex 15.561636559665203 13.561520375311375 0.16
    endloop
  endfacet
  facet normal -0.09097174574378922 0.9958534738988097 0
    outer loop
      vertex 15.849079586565495 13.587778449058533 0
      vertex 15.561636559665203 13.561520375311375 0.16
      vertex 15.849079586565495 13.587778449058533 0.16
    endloop
  endfacet
  facet normal -0.11973032382172909 0.9928064512066509 0
    outer loop
      vertex 16.129021361470222 13.621538825333118 0
      vertex 15.849079586565495 13.587778449058533 0.16
      vertex 16.129021361470222 13.621538825333118 0.16
    endloop
  endfacet
  facet normal -0.1497479704511455 0.9887242008496419 0
    outer loop
      vertex 16.401461891829967 13.662801511585712 0
      vertex 16.129021361470222 13.621538825333118 0.16
      vertex 16.401461891829967 13.662801511585712 0.16
    endloop
  endfacet
  facet normal -0.18102019883971368 0.9834793783359316 0
    outer loop
      vertex 16.66640117019415 13.711566500365734 0
      vertex 16.401461891829967 13.662801511585712 0.16
      vertex 16.66640117019415 13.711566500365734 0.16
    endloop
  endfacet
  facet normal -0.213525680806951 0.9769374512403176 0
    outer loop
      vertex 16.923839204013348 13.767833799123764 0
      vertex 16.66640117019415 13.711566500365734 0.16
      vertex 16.923839204013348 13.767833799123764 0.16
    endloop
  endfacet
  facet normal -0.24722293005261609 0.9689586280415687 0
    outer loop
      vertex 17.173775993287563 13.831603400409222 0
      vertex 16.923839204013348 13.767833799123764 0.16
      vertex 17.173775993287563 13.831603400409222 0.16
    endloop
  endfacet
  facet normal -0.28204737073895386 0.9594004798097836 0
    outer loop
      vertex 17.416211530566216 13.902875311672688 0
      vertex 17.173775993287563 13.831603400409222 0.16
      vertex 17.416211530566216 13.902875311672688 0.16
    endloop
  endfacet
  facet normal 0 0 1
    outer loop
      vertex 14.749219998717308 9.198679998517036 0.16
      vertex 15.28484782576561 9.20458434522152 0.16
      vertex 14.96424676477909 13.531511150300503 0.16
    endloop
  endfacet
  facet normal 0 0 1
    outer loop
      vertex 14.749219998717308 9.198679998517036 0.16
      vertex 14.65429999679327 13.527759999036789 0.16
      vertex 13.495939999818802 13.527759999036789 0.16
    endloop
  endfacet
  facet normal 0 0 1
    outer loop
      vertex 14.749219998717308 9.198679998517036 0.16
      vertex 14.96424676477909 13.531511150300503 0.16
      vertex 14.65429999679327 13.527759999036789 0.16
    endloop
  endfacet
  facet normal 0 0 1
    outer loop
      vertex 15.28484782576561 9.20458434522152 0.16
      vertex 15.808593913912773 9.22229739278555 0.16
      vertex 15.266692288219929 13.542764611542225 0.16
    endloop
  endfacet
  facet normal 0 0 1
    outer loop
      vertex 15.808593913912773 9.22229739278555 0.16
      vertex 16.320458263158798 9.251819133758545 0.16
      vertex 15.849079586565495 13.587778449058533 0.16
    endloop
  endfacet
  facet normal 0 0 1
    outer loop
      vertex 14.96424676477909 13.531511150300503 0.16
      vertex 15.28484782576561 9.20458434522152 0.16
      vertex 15.266692288219929 13.542764611542225 0.16
    endloop
  endfacet
  facet normal 0 0 1
    outer loop
      vertex 15.808593913912773 9.22229739278555 0.16
      vertex 15.561636559665203 13.561520375311375 0.16
      vertex 15.266692288219929 13.542764611542225 0.16
    endloop
  endfacet
  facet normal 0 0 1
    outer loop
      vertex 15.808593913912773 9.22229739278555 0.16
      vertex 15.849079586565495 13.587778449058533 0.16
      vertex 15.561636559665203 13.561520375311375 0.16
    endloop
  endfacet
  facet normal 0 0 1
    outer loop
      vertex 16.320458263158798 9.251819133758545 0.16
      vertex 16.129021361470222 13.621538825333118 0.16
      vertex 15.849079586565495 13.587778449058533 0.16
    endloop
  endfacet
  facet normal 0 0 1
    outer loop
      vertex 16.320458263158798 9.251819133758545 0.16
      vertex 16.820440866053104 9.293149568140507 0.16
      vertex 16.129021361470222 13.621538825333118 0.16
    endloop
  endfacet
  facet normal 0 0 1
    outer loop
      vertex 16.820440866053104 9.293149568140507 0.16
      vertex 17.308541737496853 9.346288695931435 0.16
      vertex 16.401461891829967 13.662801511585712 0.16
    endloop
  endfacet
  facet normal 0 0 1
    outer loop
      vertex 16.820440866053104 9.293149568140507 0.16
      vertex 16.401461891829967 13.662801511585712 0.16
      vertex 16.129021361470222 13.621538825333118 0.16
    endloop
  endfacet
  facet normal 0 0 1
    outer loop
      vertex 17.308541737496853 9.346288695931435 0.16
      vertex 16.66640117019415 13.711566500365734 0.16
      vertex 16.401461891829967 13.662801511585712 0.16
    endloop
  endfacet
  facet normal 0 0 1
    outer loop
      vertex 17.308541737496853 9.346288695931435 0.16
      vertex 17.784760870039463 9.41123652458191 0.16
      vertex 16.66640117019415 13.711566500365734 0.16
    endloop
  endfacet
  facet normal 0 0 1
    outer loop
      vertex 16.66640117019415 13.711566500365734 0.16
      vertex 17.784760870039463 9.41123652458191 0.16
      vertex 16.923839204013348 13.767833799123764 0.16
    endloop
  endfacet
  facet normal 0 0 1
    outer loop
      vertex 16.923839204013348 13.767833799123764 0.16
      vertex 17.784760870039463 9.41123652458191 0.16
      vertex 17.173775993287563 13.831603400409222 0.16
    endloop
  endfacet
  facet normal 1 0 0
    outer loop
      vertex 13.495939999818802 13.527759999036789 0
      vertex 13.495939999818802 21.75 0.16
      vertex 13.495939999818802 13.527759999036789 0.16
    endloop
  endfacet
  facet normal 1 0 0
    outer loop
      vertex 13.495939999818802 13.527759999036789 0
      vertex 13.495939999818802 21.75 0
      vertex 13.495939999818802 21.75 0.16
    endloop
  endfacet
  facet normal 0.1630901226227227 -0.9866111756426161 0
    outer loop
      vertex 17.784760870039463 9.41123652458191 0
      vertex 18.249098263680935 9.48799304664135 0
      vertex 17.784760870039463 9.41123652458191 0.16
    endloop
  endfacet
  facet normal 0.19209785020485334 -0.9813757771346681 0
    outer loop
      vertex 18.249098263680935 9.48799304664135 0
      vertex 18.701553910970688 9.576558262109756 0
      vertex 18.249098263680935 9.48799304664135 0.16
    endloop
  endfacet
  facet normal 0 0 -1
    outer loop
      vertex 17.173775993287563 13.831603400409222 0
      vertex 18.249098263680935 9.48799304664135 0
      vertex 17.784760870039463 9.41123652458191 0
    endloop
  endfacet
  facet normal 0 0 -1
    outer loop
      vertex 17.416211530566216 13.902875311672688 0
      vertex 18.701553910970688 9.576558262109756 0
      vertex 18.249098263680935 9.48799304664135 0
    endloop
  endfacet
  facet normal 0 0 -1
    outer loop
      vertex 18.701553910970688 9.576558262109756 0
      vertex 17.651145823299885 13.981649525463581 0
      vertex 19.142127826809883 9.67693217098713 0
    endloop
  endfacet
  facet normal 0.2221334295448385 -0.975016276519858 0
    outer loop
      vertex 18.701553910970688 9.576558262109756 0
      vertex 19.142127826809883 9.67693217098713 0
      vertex 18.701553910970688 9.576558262109756 0.16
    endloop
  endfacet
  facet normal 0.253161062940586 -0.9674241449389159 0
    outer loop
      vertex 19.142127826809883 9.67693217098713 0
      vertex 19.57081999629736 9.789114780724049 0
      vertex 19.142127826809883 9.67693217098713 0.16
    endloop
  endfacet
  facet normal 0.2851280644524131 -0.9584894297078193 0
    outer loop
      vertex 19.57081999629736 9.789114780724049 0
      vertex 19.987630434334278 9.913106083869934 0
      vertex 19.57081999629736 9.789114780724049 0.16
    endloop
  endfacet
  facet normal 0 0 -1
    outer loop
      vertex 19.142127826809883 9.67693217098713 0
      vertex 17.87857886403799 14.067926049232483 0
      vertex 19.57081999629736 9.789114780724049 0
    endloop
  endfacet
  facet normal 0 0 -1
    outer loop
      vertex 19.57081999629736 9.789114780724049 0
      vertex 18.098510660231113 14.161704875528812 0
      vertex 19.987630434334278 9.913106083869934 0
    endloop
  endfacet
  facet normal 0 0 -1
    outer loop
      vertex 18.310941211879253 14.26298601180315 0
      vertex 20.39255913347006 10.048906087875366 0
      vertex 19.987630434334278 9.913106083869934 0
    endloop
  endfacet
  facet normal 0 0 -1
    outer loop
      vertex 18.51587051153183 14.371769450604916 0
      vertex 20.78560608625412 10.196514785289764 0
      vertex 20.39255913347006 10.048906087875366 0
    endloop
  endfacet
  facet normal 0.13513129430697748 -0.9908277011160522 0
    outer loop
      vertex 17.308541737496853 9.346288695931435 0.16
      vertex 17.784760870039463 9.41123652458191 0
      vertex 17.784760870039463 9.41123652458191 0.16
    endloop
  endfacet
  facet normal 0.1630901226227227 -0.9866111756426161 0
    outer loop
      vertex 18.249098263680935 9.48799304664135 0
      vertex 18.249098263680935 9.48799304664135 0.16
      vertex 17.784760870039463 9.41123652458191 0.16
    endloop
  endfacet
  facet normal 0.19209785020485334 -0.9813757771346681 0
    outer loop
      vertex 18.701553910970688 9.576558262109756 0
      vertex 18.701553910970688 9.576558262109756 0.16
      vertex 18.249098263680935 9.48799304664135 0.16
    endloop
  endfacet
  facet normal 0.2221334295448385 -0.975016276519858 0
    outer loop
      vertex 19.142127826809883 9.67693217098713 0
      vertex 19.142127826809883 9.67693217098713 0.16
      vertex 18.701553910970688 9.576558262109756 0.16
    endloop
  endfacet
  facet normal 0.253161062940586 -0.9674241449389159 0
    outer loop
      vertex 19.57081999629736 9.789114780724049 0
      vertex 19.57081999629736 9.789114780724049 0.16
      vertex 19.142127826809883 9.67693217098713 0.16
    endloop
  endfacet
  facet normal 0.2851280644524131 -0.9584894297078193 0
    outer loop
      vertex 19.987630434334278 9.913106083869934 0
      vertex 19.987630434334278 9.913106083869934 0.16
      vertex 19.57081999629736 9.789114780724049 0.16
    endloop
  endfacet
  facet normal 0 0 -1
    outer loop
      vertex 17.173775993287563 13.831603400409222 0
      vertex 17.416211530566216 13.902875311672688 0
      vertex 18.249098263680935 9.48799304664135 0
    endloop
  endfacet
  facet normal 0 0 -1
    outer loop
      vertex 17.416211530566216 13.902875311672688 0
      vertex 17.651145823299885 13.981649525463581 0
      vertex 18.701553910970688 9.576558262109756 0
    endloop
  endfacet
  facet normal 0 0 -1
    outer loop
      vertex 19.142127826809883 9.67693217098713 0
      vertex 17.651145823299885 13.981649525463581 0
      vertex 17.87857886403799 14.067926049232483 0
    endloop
  endfacet
  facet normal 0 0 -1
    outer loop
      vertex 19.57081999629736 9.789114780724049 0
      vertex 17.87857886403799 14.067926049232483 0
      vertex 18.098510660231113 14.161704875528812 0
    endloop
  endfacet
  facet normal -0.35468592776025054 0.9349855039779228 0
    outer loop
      vertex 17.651145823299885 13.981649525463581 0
      vertex 17.651145823299885 13.981649525463581 0.16
      vertex 17.87857886403799 14.067926049232483 0
    endloop
  endfacet
  facet normal -0.39223083094861605 0.9198668247378847 0
    outer loop
      vertex 17.87857886403799 14.067926049232483 0
      vertex 17.87857886403799 14.067926049232483 0.16
      vertex 18.098510660231113 14.161704875528812 0
    endloop
  endfacet
  facet normal -0.4303621045028086 0.9026563349403326 0
    outer loop
      vertex 18.098510660231113 14.161704875528812 0
      vertex 18.098510660231113 14.161704875528812 0.16
      vertex 18.310941211879253 14.26298601180315 0
    endloop
  endfacet
  facet normal -0.4688686341384247 0.8832679117465821 0
    outer loop
      vertex 18.310941211879253 14.26298601180315 0
      vertex 18.310941211879253 14.26298601180315 0.16
      vertex 18.51587051153183 14.371769450604916 0
    endloop
  endfacet
  facet normal -0.5075115890635761 0.8616449309118948 0
    outer loop
      vertex 18.51587051153183 14.371769450604916 0
      vertex 18.51587051153183 14.371769450604916 0.16
      vertex 18.713298566639423 14.48805519938469 0
    endloop
  endfacet
  facet normal 0 0 -1
    outer loop
      vertex 18.098510660231113 14.161704875528812 0
      vertex 18.310941211879253 14.26298601180315 0
      vertex 19.987630434334278 9.913106083869934 0
    endloop
  endfacet
  facet normal 0 0 -1
    outer loop
      vertex 18.310941211879253 14.26298601180315 0
      vertex 18.51587051153183 14.371769450604916 0
      vertex 20.39255913347006 10.048906087875366 0
    endloop
  endfacet
  facet normal 0 0 -1
    outer loop
      vertex 18.51587051153183 14.371769450604916 0
      vertex 18.713298566639423 14.48805519938469 0
      vertex 20.78560608625412 10.196514785289764 0
    endloop
  endfacet
  facet normal 0 0 -1
    outer loop
      vertex 18.713298566639423 14.48805519938469 0
      vertex 18.903225369751453 14.61184325069189 0
      vertex 21.166771307587624 10.355932176113129 0
    endloop
  endfacet
  facet normal 0 0 -1
    outer loop
      vertex 18.903225369751453 14.61184325069189 0
      vertex 19.0856509283185 14.7431336119771 0
      vertex 21.53605478256941 10.527158260345459 0
    endloop
  endfacet
  facet normal -0.5460286756541245 0.8377664861782207 0
    outer loop
      vertex 18.713298566639423 14.48805519938469 0
      vertex 18.713298566639423 14.48805519938469 0.16
      vertex 18.903225369751453 14.61184325069189 0
    endloop
  endfacet
  facet normal -0.584140502502877 0.811652557031447 0
    outer loop
      vertex 18.903225369751453 14.61184325069189 0
      vertex 18.903225369751453 14.61184325069189 0.16
      vertex 19.0856509283185 14.7431336119771 0
    endloop
  endfacet
  facet normal -0.62155852491726 0.783367729806813 0
    outer loop
      vertex 19.0856509283185 14.7431336119771 0
      vertex 19.0856509283185 14.7431336119771 0.16
      vertex 19.260575234889984 14.881926275789738 0
    endloop
  endfacet
  facet normal -0.6579944564867626 0.7530227720545307 0
    outer loop
      vertex 19.260575234889984 14.881926275789738 0
      vertex 19.260575234889984 14.881926275789738 0.16
      vertex 19.427998296916485 15.028221249580383 0
    endloop
  endfacet
  facet normal -0.693170299854945 0.7207738448355391 0
    outer loop
      vertex 19.427998296916485 15.028221249580383 0
      vertex 19.427998296916485 15.028221249580383 0.16
      vertex 19.587920114398003 15.182018525898457 0
    endloop
  endfacet
  facet normal -0.7268285270387417 0.6868189661640781 0
    outer loop
      vertex 19.587920114398003 15.182018525898457 0
      vertex 19.587920114398003 15.182018525898457 0.16
      vertex 19.740340679883957 15.343318112194538 0
    endloop
  endfacet
  facet normal -0.7587411220298661 0.6513922856012804 0
    outer loop
      vertex 19.740340679883957 15.343318112194538 0
      vertex 19.740340679883957 15.343318112194538 0.16
      vertex 19.88526000082493 15.512120001018047 0
    endloop
  endfacet
  facet normal -0.3179081522484273 0.9481215147511372 0
    outer loop
      vertex 17.416211530566216 13.902875311672688 0.16
      vertex 17.651145823299885 13.981649525463581 0.16
      vertex 17.651145823299885 13.981649525463581 0
    endloop
  endfacet
  facet normal -0.35468592776025054 0.9349855039779228 0
    outer loop
      vertex 17.87857886403799 14.067926049232483 0
      vertex 17.651145823299885 13.981649525463581 0.16
      vertex 17.87857886403799 14.067926049232483 0.16
    endloop
  endfacet
  facet normal -0.39223083094861605 0.9198668247378847 0
    outer loop
      vertex 18.098510660231113 14.161704875528812 0
      vertex 17.87857886403799 14.067926049232483 0.16
      vertex 18.098510660231113 14.161704875528812 0.16
    endloop
  endfacet
  facet normal -0.4303621045028086 0.9026563349403326 0
    outer loop
      vertex 18.310941211879253 14.26298601180315 0
      vertex 18.098510660231113 14.161704875528812 0.16
      vertex 18.310941211879253 14.26298601180315 0.16
    endloop
  endfacet
  facet normal -0.4688686341384247 0.8832679117465821 0
    outer loop
      vertex 18.51587051153183 14.371769450604916 0
      vertex 18.310941211879253 14.26298601180315 0.16
      vertex 18.51587051153183 14.371769450604916 0.16
    endloop
  endfacet
  facet normal -0.5075115890635761 0.8616449309118948 0
    outer loop
      vertex 18.713298566639423 14.48805519938469 0
      vertex 18.51587051153183 14.371769450604916 0.16
      vertex 18.713298566639423 14.48805519938469 0.16
    endloop
  endfacet
  facet normal -0.5460286756541245 0.8377664861782207 0
    outer loop
      vertex 18.903225369751453 14.61184325069189 0
      vertex 18.713298566639423 14.48805519938469 0.16
      vertex 18.903225369751453 14.61184325069189 0.16
    endloop
  endfacet
  facet normal -0.584140502502877 0.811652557031447 0
    outer loop
      vertex 19.0856509283185 14.7431336119771 0
      vertex 18.903225369751453 14.61184325069189 0.16
      vertex 19.0856509283185 14.7431336119771 0.16
    endloop
  endfacet
  facet normal -0.62155852491726 0.783367729806813 0
    outer loop
      vertex 19.260575234889984 14.881926275789738 0
      vertex 19.0856509283185 14.7431336119771 0.16
      vertex 19.260575234889984 14.881926275789738 0.16
    endloop
  endfacet
  facet normal -0.6579944564867626 0.7530227720545307 0
    outer loop
      vertex 19.427998296916485 15.028221249580383 0
      vertex 19.260575234889984 14.881926275789738 0.16
      vertex 19.427998296916485 15.028221249580383 0.16
    endloop
  endfacet
  facet normal -0.693170299854945 0.7207738448355391 0
    outer loop
      vertex 19.587920114398003 15.182018525898457 0
      vertex 19.427998296916485 15.028221249580383 0.16
      vertex 19.587920114398003 15.182018525898457 0.16
    endloop
  endfacet
  facet normal -0.7268285270387417 0.6868189661640781 0
    outer loop
      vertex 19.740340679883957 15.343318112194538 0
      vertex 19.587920114398003 15.182018525898457 0.16
      vertex 19.740340679883957 15.343318112194538 0.16
    endloop
  endfacet
  facet normal -0.7587411220298661 0.6513922856012804 0
    outer loop
      vertex 19.88526000082493 15.512120001018047 0
      vertex 19.740340679883957 15.343318112194538 0.16
      vertex 19.88526000082493 15.512120001018047 0.16
    endloop
  endfacet
  facet normal 0.31796314174233486 -0.948103074825382 0
    outer loop
      vertex 19.987630434334278 9.913106083869934 0
      vertex 20.39255913347006 10.048906087875366 0
      vertex 19.987630434334278 9.913106083869934 0.16
    endloop
  endfacet
  facet normal 0.3515746304422656 -0.9361598577323129 0
    outer loop
      vertex 20.39255913347006 10.048906087875366 0
      vertex 20.78560608625412 10.196514785289764 0
      vertex 20.39255913347006 10.048906087875366 0.16
    endloop
  endfacet
  facet normal 0.38584944491217693 -0.9225617626267442 0
    outer loop
      vertex 20.78560608625412 10.196514785289764 0
      vertex 21.166771307587624 10.355932176113129 0
      vertex 20.78560608625412 10.196514785289764 0.16
    endloop
  endfacet
  facet normal 0 0 -1
    outer loop
      vertex 18.713298566639423 14.48805519938469 0
      vertex 21.166771307587624 10.355932176113129 0
      vertex 20.78560608625412 10.196514785289764 0
    endloop
  endfacet
  facet normal 0 0 -1
    outer loop
      vertex 18.903225369751453 14.61184325069189 0
      vertex 21.53605478256941 10.527158260345459 0
      vertex 21.166771307587624 10.355932176113129 0
    endloop
  endfacet
  facet normal 0 0 -1
    outer loop
      vertex 19.0856509283185 14.7431336119771 0
      vertex 21.893456518650055 10.710193045437336 0
      vertex 21.53605478256941 10.527158260345459 0
    endloop
  endfacet
  facet normal 0 0 -1
    outer loop
      vertex 19.260575234889984 14.881926275789738 0
      vertex 22.238976523280144 10.905036523938179 0
      vertex 21.893456518650055 10.710193045437336 0
    endloop
  endfacet
  facet normal 0.4206525599978628 -0.907221816187885 0
    outer loop
      vertex 21.166771307587624 10.355932176113129 0
      vertex 21.53605478256941 10.527158260345459 0
      vertex 21.166771307587624 10.355932176113129 0.16
    endloop
  endfacet
  facet normal 0.45582725727782997 -0.8900682622824899 0
    outer loop
      vertex 21.53605478256941 10.527158260345459 0
      vertex 21.893456518650055 10.710193045437336 0
      vertex 21.53605478256941 10.527158260345459 0.16
    endloop
  endfacet
  facet normal 0.49119641142046055 -0.8710488421481667 0
    outer loop
      vertex 21.893456518650055 10.710193045437336 0
      vertex 22.238976523280144 10.905036523938179 0
      vertex 21.893456518650055 10.710193045437336 0.16
    endloop
  endfacet
  facet normal 0 0 -1
    outer loop
      vertex 19.427998296916485 15.028221249580383 0
      vertex 22.572614781558514 11.111688695847988 0
      vertex 22.238976523280144 10.905036523938179 0
    endloop
  endfacet
  facet normal 0.31796314174233486 -0.948103074825382 0
    outer loop
      vertex 20.39255913347006 10.048906087875366 0
      vertex 20.39255913347006 10.048906087875366 0.16
      vertex 19.987630434334278 9.913106083869934 0.16
    endloop
  endfacet
  facet normal 0.3515746304422656 -0.9361598577323129 0
    outer loop
      vertex 20.78560608625412 10.196514785289764 0
      vertex 20.78560608625412 10.196514785289764 0.16
      vertex 20.39255913347006 10.048906087875366 0.16
    endloop
  endfacet
  facet normal 0.38584944491217693 -0.9225617626267442 0
    outer loop
      vertex 21.166771307587624 10.355932176113129 0
      vertex 21.166771307587624 10.355932176113129 0.16
      vertex 20.78560608625412 10.196514785289764 0.16
    endloop
  endfacet
  facet normal 0.4206525599978628 -0.907221816187885 0
    outer loop
      vertex 21.53605478256941 10.527158260345459 0
      vertex 21.53605478256941 10.527158260345459 0.16
      vertex 21.166771307587624 10.355932176113129 0.16
    endloop
  endfacet
  facet normal 0.45582725727782997 -0.8900682622824899 0
    outer loop
      vertex 21.893456518650055 10.710193045437336 0
      vertex 21.893456518650055 10.710193045437336 0.16
      vertex 21.53605478256941 10.527158260345459 0.16
    endloop
  endfacet
  facet normal 0.49119641142046055 -0.8710488421481667 0
    outer loop
      vertex 22.238976523280144 10.905036523938179 0
      vertex 22.238976523280144 10.905036523938179 0.16
      vertex 21.893456518650055 10.710193045437336 0.16
    endloop
  endfacet
  facet normal 0 0 -1
    outer loop
      vertex 19.0856509283185 14.7431336119771 0
      vertex 19.260575234889984 14.881926275789738 0
      vertex 21.893456518650055 10.710193045437336 0
    endloop
  endfacet
  facet normal 0 0 -1
    outer loop
      vertex 19.260575234889984 14.881926275789738 0
      vertex 19.427998296916485 15.028221249580383 0
      vertex 22.238976523280144 10.905036523938179 0
    endloop
  endfacet
  facet normal 0 0 -1
    outer loop
      vertex 19.427998296916485 15.028221249580383 0
      vertex 19.587920114398003 15.182018525898457 0
      vertex 22.572614781558514 11.111688695847988 0
    endloop
  endfacet
  facet normal 0 0 -1
    outer loop
      vertex 19.587920114398003 15.182018525898457 0
      vertex 19.740340679883957 15.343318112194538 0
      vertex 22.894371300935745 11.330149568617344 0
    endloop
  endfacet
  facet normal 0 0 -1
    outer loop
      vertex 19.740340679883957 15.343318112194538 0
      vertex 19.88526000082493 15.512120001018047 0
      vertex 23.502239130437374 11.802497394382954 0
    endloop
  endfacet
  facet normal -0.7882908337684226 0.6153028208912137 0
    outer loop
      vertex 19.88526000082493 15.512120001018047 0
      vertex 19.88526000082493 15.512120001018047 0.16
      vertex 20.023359812796116 15.68904559314251 0
    endloop
  endfacet
  facet normal 0 0 -1
    outer loop
      vertex 19.587920114398003 15.182018525898457 0
      vertex 22.894371300935745 11.330149568617344 0
      vertex 22.572614781558514 11.111688695847988 0
    endloop
  endfacet
  facet normal 0 0 -1
    outer loop
      vertex 19.740340679883957 15.343318112194538 0
      vertex 23.20424608886242 11.560419127345085 0
      vertex 22.894371300935745 11.330149568617344 0
    endloop
  endfacet
  facet normal 0 0 -1
    outer loop
      vertex 19.740340679883957 15.343318112194538 0
      vertex 23.502239130437374 11.802497394382954 0
      vertex 23.20424608886242 11.560419127345085 0
    endloop
  endfacet
  facet normal 0 0 -1
    outer loop
      vertex 19.88526000082493 15.512120001018047 0
      vertex 20.023359812796116 15.68904559314251 0
      vertex 23.78835043311119 12.056384347379208 0
    endloop
  endfacet
  facet normal 0 0 -1
    outer loop
      vertex 20.023359812796116 15.68904559314251 0
      vertex 20.15532185137272 15.874764993786812 0
      vertex 24.06257999688387 12.322080001235008 0
    endloop
  endfacet
  facet normal 0 0 -1
    outer loop
      vertex 20.15532185137272 15.874764993786812 0
      vertex 20.281146124005318 16.069278188049793 0
      vertex 24.575874514877796 12.889759093523026 0
    endloop
  endfacet
  facet normal 0 0 -1
    outer loop
      vertex 20.281146124005318 16.069278188049793 0
      vertex 20.400832630693913 16.272585175931454 0
      vertex 24.815023101866245 13.191957958042622 0
    endloop
  endfacet
  facet normal 0 0 -1
    outer loop
      vertex 20.400832630693913 16.272585175931454 0
      vertex 20.514381363987923 16.484685972332954 0
      vertex 25.042505897581577 13.506396368145943 0
    endloop
  endfacet
  facet normal 0 0 1
    outer loop
      vertex 17.173775993287563 13.831603400409222 0.16
      vertex 17.784760870039463 9.41123652458191 0.16
      vertex 18.249098263680935 9.48799304664135 0.16
    endloop
  endfacet
  facet normal 0 0 1
    outer loop
      vertex 17.416211530566216 13.902875311672688 0.16
      vertex 18.249098263680935 9.48799304664135 0.16
      vertex 18.701553910970688 9.576558262109756 0.16
    endloop
  endfacet
  facet normal 0 0 1
    outer loop
      vertex 18.701553910970688 9.576558262109756 0.16
      vertex 19.142127826809883 9.67693217098713 0.16
      vertex 17.651145823299885 13.981649525463581 0.16
    endloop
  endfacet
  facet normal 0 0 1
    outer loop
      vertex 19.142127826809883 9.67693217098713 0.16
      vertex 19.57081999629736 9.789114780724049 0.16
      vertex 17.87857886403799 14.067926049232483 0.16
    endloop
  endfacet
  facet normal 0 0 1
    outer loop
      vertex 19.57081999629736 9.789114780724049 0.16
      vertex 19.987630434334278 9.913106083869934 0.16
      vertex 18.098510660231113 14.161704875528812 0.16
    endloop
  endfacet
  facet normal 0 0 1
    outer loop
      vertex 18.310941211879253 14.26298601180315 0.16
      vertex 19.987630434334278 9.913106083869934 0.16
      vertex 20.39255913347006 10.048906087875366 0.16
    endloop
  endfacet
  facet normal 0 0 1
    outer loop
      vertex 18.51587051153183 14.371769450604916 0.16
      vertex 20.39255913347006 10.048906087875366 0.16
      vertex 20.78560608625412 10.196514785289764 0.16
    endloop
  endfacet
  facet normal 0 0 1
    outer loop
      vertex 17.173775993287563 13.831603400409222 0.16
      vertex 18.249098263680935 9.48799304664135 0.16
      vertex 17.416211530566216 13.902875311672688 0.16
    endloop
  endfacet
  facet normal 0 0 1
    outer loop
      vertex 17.416211530566216 13.902875311672688 0.16
      vertex 18.701553910970688 9.576558262109756 0.16
      vertex 17.651145823299885 13.981649525463581 0.16
    endloop
  endfacet
  facet normal 0 0 1
    outer loop
      vertex 19.142127826809883 9.67693217098713 0.16
      vertex 17.87857886403799 14.067926049232483 0.16
      vertex 17.651145823299885 13.981649525463581 0.16
    endloop
  endfacet
  facet normal 0 0 1
    outer loop
      vertex 19.57081999629736 9.789114780724049 0.16
      vertex 18.098510660231113 14.161704875528812 0.16
      vertex 17.87857886403799 14.067926049232483 0.16
    endloop
  endfacet
  facet normal 0 0 1
    outer loop
      vertex 18.098510660231113 14.161704875528812 0.16
      vertex 19.987630434334278 9.913106083869934 0.16
      vertex 18.310941211879253 14.26298601180315 0.16
    endloop
  endfacet
  facet normal 0 0 1
    outer loop
      vertex 18.310941211879253 14.26298601180315 0.16
      vertex 20.39255913347006 10.048906087875366 0.16
      vertex 18.51587051153183 14.371769450604916 0.16
    endloop
  endfacet
  facet normal 0 0 1
    outer loop
      vertex 18.51587051153183 14.371769450604916 0.16
      vertex 20.78560608625412 10.196514785289764 0.16
      vertex 18.713298566639423 14.48805519938469 0.16
    endloop
  endfacet
  facet normal 0 0 1
    outer loop
      vertex 18.713298566639423 14.48805519938469 0.16
      vertex 21.166771307587624 10.355932176113129 0.16
      vertex 18.903225369751453 14.61184325069189 0.16
    endloop
  endfacet
  facet normal 0 0 1
    outer loop
      vertex 18.903225369751453 14.61184325069189 0.16
      vertex 21.53605478256941 10.527158260345459 0.16
      vertex 19.0856509283185 14.7431336119771 0.16
    endloop
  endfacet
  facet normal 0 0 1
    outer loop
      vertex 18.713298566639423 14.48805519938469 0.16
      vertex 20.78560608625412 10.196514785289764 0.16
      vertex 21.166771307587624 10.355932176113129 0.16
    endloop
  endfacet
  facet normal 0 0 1
    outer loop
      vertex 18.903225369751453 14.61184325069189 0.16
      vertex 21.166771307587624 10.355932176113129 0.16
      vertex 21.53605478256941 10.527158260345459 0.16
    endloop
  endfacet
  facet normal 0 0 1
    outer loop
      vertex 19.0856509283185 14.7431336119771 0.16
      vertex 21.53605478256941 10.527158260345459 0.16
      vertex 21.893456518650055 10.710193045437336 0.16
    endloop
  endfacet
  facet normal 0 0 1
    outer loop
      vertex 19.260575234889984 14.881926275789738 0.16
      vertex 21.893456518650055 10.710193045437336 0.16
      vertex 22.238976523280144 10.905036523938179 0.16
    endloop
  endfacet
  facet normal 0 0 1
    outer loop
      vertex 19.427998296916485 15.028221249580383 0.16
      vertex 22.238976523280144 10.905036523938179 0.16
      vertex 22.572614781558514 11.111688695847988 0.16
    endloop
  endfacet
  facet normal 0 0 1
    outer loop
      vertex 19.0856509283185 14.7431336119771 0.16
      vertex 21.893456518650055 10.710193045437336 0.16
      vertex 19.260575234889984 14.881926275789738 0.16
    endloop
  endfacet
  facet normal 0 0 1
    outer loop
      vertex 19.260575234889984 14.881926275789738 0.16
      vertex 22.238976523280144 10.905036523938179 0.16
      vertex 19.427998296916485 15.028221249580383 0.16
    endloop
  endfacet
  facet normal 0 0 1
    outer loop
      vertex 19.427998296916485 15.028221249580383 0.16
      vertex 22.572614781558514 11.111688695847988 0.16
      vertex 19.587920114398003 15.182018525898457 0.16
    endloop
  endfacet
  facet normal 0 0 1
    outer loop
      vertex 19.587920114398003 15.182018525898457 0.16
      vertex 22.894371300935745 11.330149568617344 0.16
      vertex 19.740340679883957 15.343318112194538 0.16
    endloop
  endfacet
  facet normal 0 0 1
    outer loop
      vertex 19.740340679883957 15.343318112194538 0.16
      vertex 23.502239130437374 11.802497394382954 0.16
      vertex 19.88526000082493 15.512120001018047 0.16
    endloop
  endfacet
  facet normal 0 0 1
    outer loop
      vertex 19.587920114398003 15.182018525898457 0.16
      vertex 22.572614781558514 11.111688695847988 0.16
      vertex 22.894371300935745 11.330149568617344 0.16
    endloop
  endfacet
  facet normal 0 0 1
    outer loop
      vertex 19.740340679883957 15.343318112194538 0.16
      vertex 22.894371300935745 11.330149568617344 0.16
      vertex 23.20424608886242 11.560419127345085 0.16
    endloop
  endfacet
  facet normal 0 0 1
    outer loop
      vertex 19.740340679883957 15.343318112194538 0.16
      vertex 23.20424608886242 11.560419127345085 0.16
      vertex 23.502239130437374 11.802497394382954 0.16
    endloop
  endfacet
  facet normal 0 0 1
    outer loop
      vertex 19.88526000082493 15.512120001018047 0.16
      vertex 23.78835043311119 12.056384347379208 0.16
      vertex 20.023359812796116 15.68904559314251 0.16
    endloop
  endfacet
  facet normal 0 0 1
    outer loop
      vertex 20.023359812796116 15.68904559314251 0.16
      vertex 24.06257999688387 12.322080001235008 0.16
      vertex 20.15532185137272 15.874764993786812 0.16
    endloop
  endfacet
  facet normal 0 0 1
    outer loop
      vertex 20.15532185137272 15.874764993786812 0.16
      vertex 24.575874514877796 12.889759093523026 0.16
      vertex 20.281146124005318 16.069278188049793 0.16
    endloop
  endfacet
  facet normal 0 0 1
    outer loop
      vertex 20.281146124005318 16.069278188049793 0.16
      vertex 24.815023101866245 13.191957958042622 0.16
      vertex 20.400832630693913 16.272585175931454 0.16
    endloop
  endfacet
  facet normal 0 0 1
    outer loop
      vertex 20.400832630693913 16.272585175931454 0.16
      vertex 25.042505897581577 13.506396368145943 0.16
      vertex 20.514381363987923 16.484685972332954 0.16
    endloop
  endfacet
  facet normal -0.8151731193225484 0.5792173905658793 0
    outer loop
      vertex 20.023359812796116 15.68904559314251 0
      vertex 20.023359812796116 15.68904559314251 0.16
      vertex 20.15532185137272 15.874764993786812 0
    endloop
  endfacet
  facet normal -0.8396434010396399 0.54313806632438 0
    outer loop
      vertex 20.15532185137272 15.874764993786812 0
      vertex 20.15532185137272 15.874764993786812 0.16
      vertex 20.281146124005318 16.069278188049793 0
    endloop
  endfacet
  facet normal -0.8617597411730483 0.5073166156290968 0
    outer loop
      vertex 20.281146124005318 16.069278188049793 0
      vertex 20.281146124005318 16.069278188049793 0.16
      vertex 20.400832630693913 16.272585175931454 0
    endloop
  endfacet
  facet normal -0.8816126292423817 0.4719736983777114 0
    outer loop
      vertex 20.400832630693913 16.272585175931454 0
      vertex 20.400832630693913 16.272585175931454 0.16
      vertex 20.514381363987923 16.484685972332954 0
    endloop
  endfacet
  facet normal -0.8993171959773686 0.43729690259525406 0
    outer loop
      vertex 20.514381363987923 16.484685972332954 0
      vertex 20.514381363987923 16.484685972332954 0.16
      vertex 20.621792323887348 16.705580569803715 0
    endloop
  endfacet
  facet normal -0.9150059316041922 0.4034403860908626 0
    outer loop
      vertex 20.621792323887348 16.705580569803715 0
      vertex 20.621792323887348 16.705580569803715 0.16
      vertex 20.72306551784277 16.935268960893154 0
    endloop
  endfacet
  facet normal -0.928822044359454 0.370526125815609 0
    outer loop
      vertex 20.72306551784277 16.935268960893154 0
      vertex 20.72306551784277 16.935268960893154 0.16
      vertex 20.818200945854187 17.173751153051853 0
    endloop
  endfacet
  facet normal -0.9409137277228874 0.33864635976578905 0
    outer loop
      vertex 20.818200945854187 17.173751153051853 0
      vertex 20.818200945854187 17.173751153051853 0.16
      vertex 20.90719860047102 17.421027146279812 0
    endloop
  endfacet
  facet normal -0.9514295237230048 0.3078666292215121 0
    outer loop
      vertex 20.90719860047102 17.421027146279812 0
      vertex 20.90719860047102 17.421027146279812 0.16
      vertex 20.99005848914385 17.67709694057703 0
    endloop
  endfacet
  facet normal -0.9605147764304313 0.278228978107599 0
    outer loop
      vertex 20.99005848914385 17.67709694057703 0
      vertex 20.99005848914385 17.67709694057703 0.16
      vertex 21.066780604422092 17.941960528492928 0
    endloop
  endfacet
  facet normal -0.9683089173525689 0.24975556165077836 0
    outer loop
      vertex 21.066780604422092 17.941960528492928 0
      vertex 21.066780604422092 17.941960528492928 0.16
      vertex 21.137364953756332 18.215617917478085 0
    endloop
  endfacet
  facet normal 0 0 -1
    outer loop
      vertex 20.514381363987923 16.484685972332954 0
      vertex 20.621792323887348 16.705580569803715 0
      vertex 25.462474137544632 14.17199183255434 0
    endloop
  endfacet
  facet normal 0 0 -1
    outer loop
      vertex 20.621792323887348 16.705580569803715 0
      vertex 20.72306551784277 16.935268960893154 0
      vertex 25.654959581792355 14.523148886859417 0
    endloop
  endfacet
  facet normal -0.9749436849911528 0.22245181747037224 0
    outer loop
      vertex 21.137364953756332 18.215617917478085 0
      vertex 21.137364953756332 18.215617917478085 0.16
      vertex 21.201811529695988 18.498069114983082 0
    endloop
  endfacet
  facet normal -0.9805419306436972 0.1963097609634605 0
    outer loop
      vertex 21.201811529695988 18.498069114983082 0
      vertex 21.201811529695988 18.498069114983082 0.16
      vertex 21.26012033969164 18.789314098656178 0
    endloop
  endfacet
  facet normal -0.7882908337684226 0.6153028208912137 0
    outer loop
      vertex 20.023359812796116 15.68904559314251 0
      vertex 19.88526000082493 15.512120001018047 0.16
      vertex 20.023359812796116 15.68904559314251 0.16
    endloop
  endfacet
  facet normal -0.8151731193225484 0.5792173905658793 0
    outer loop
      vertex 20.15532185137272 15.874764993786812 0
      vertex 20.023359812796116 15.68904559314251 0.16
      vertex 20.15532185137272 15.874764993786812 0.16
    endloop
  endfacet
  facet normal -0.8396434010396399 0.54313806632438 0
    outer loop
      vertex 20.281146124005318 16.069278188049793 0
      vertex 20.15532185137272 15.874764993786812 0.16
      vertex 20.281146124005318 16.069278188049793 0.16
    endloop
  endfacet
  facet normal -0.8617597411730483 0.5073166156290968 0
    outer loop
      vertex 20.400832630693913 16.272585175931454 0
      vertex 20.281146124005318 16.069278188049793 0.16
      vertex 20.400832630693913 16.272585175931454 0.16
    endloop
  endfacet
  facet normal -0.8816126292423817 0.4719736983777114 0
    outer loop
      vertex 20.514381363987923 16.484685972332954 0
      vertex 20.400832630693913 16.272585175931454 0.16
      vertex 20.514381363987923 16.484685972332954 0.16
    endloop
  endfacet
  facet normal -0.8993171959773686 0.43729690259525406 0
    outer loop
      vertex 20.621792323887348 16.705580569803715 0
      vertex 20.514381363987923 16.484685972332954 0.16
      vertex 20.621792323887348 16.705580569803715 0.16
    endloop
  endfacet
  facet normal -0.9150059316041922 0.4034403860908626 0
    outer loop
      vertex 20.72306551784277 16.935268960893154 0
      vertex 20.621792323887348 16.705580569803715 0.16
      vertex 20.72306551784277 16.935268960893154 0.16
    endloop
  endfacet
  facet normal -0.928822044359454 0.370526125815609 0
    outer loop
      vertex 20.818200945854187 17.173751153051853 0
      vertex 20.72306551784277 16.935268960893154 0.16
      vertex 20.818200945854187 17.173751153051853 0.16
    endloop
  endfacet
  facet normal -0.9409137277228874 0.33864635976578905 0
    outer loop
      vertex 20.90719860047102 17.421027146279812 0
      vertex 20.818200945854187 17.173751153051853 0.16
      vertex 20.90719860047102 17.421027146279812 0.16
    endloop
  endfacet
  facet normal -0.9514295237230048 0.3078666292215121 0
    outer loop
      vertex 20.99005848914385 17.67709694057703 0
      vertex 20.90719860047102 17.421027146279812 0.16
      vertex 20.99005848914385 17.67709694057703 0.16
    endloop
  endfacet
  facet normal -0.9605147764304313 0.278228978107599 0
    outer loop
      vertex 21.066780604422092 17.941960528492928 0
      vertex 20.99005848914385 17.67709694057703 0.16
      vertex 21.066780604422092 17.941960528492928 0.16
    endloop
  endfacet
  facet normal -0.9683089173525689 0.24975556165077836 0
    outer loop
      vertex 21.137364953756332 18.215617917478085 0
      vertex 21.066780604422092 17.941960528492928 0.16
      vertex 21.137364953756332 18.215617917478085 0.16
    endloop
  endfacet
  facet normal -0.9749436849911528 0.22245181747037224 0
    outer loop
      vertex 21.201811529695988 18.498069114983082 0
      vertex 21.137364953756332 18.215617917478085 0.16
      vertex 21.201811529695988 18.498069114983082 0.16
    endloop
  endfacet
  facet normal -0.9805419306436972 0.1963097609634605 0
    outer loop
      vertex 21.26012033969164 18.789314098656178 0
      vertex 21.201811529695988 18.498069114983082 0.16
      vertex 21.26012033969164 18.789314098656178 0.16
    endloop
  endfacet
  facet normal -0.9852170883336654 0.17131050421773447 0
    outer loop
      vertex 21.26012033969164 18.789314098656178 0
      vertex 21.26012033969164 18.789314098656178 0.16
      vertex 21.312291376292706 19.089352890849113 0
    endloop
  endfacet
  facet normal -0.9890729397002186 0.1474269987240043 0
    outer loop
      vertex 21.312291376292706 19.089352890849113 0
      vertex 21.312291376292706 19.089352890849113 0.16
      vertex 21.358324646949768 19.39818548411131 0
    endloop
  endfacet
  facet normal -0.9922038032888421 0.12462589112683087 0
    outer loop
      vertex 21.358324646949768 19.39818548411131 0
      vertex 21.358324646949768 19.39818548411131 0.16
      vertex 21.398220151662827 19.715811870992184 0
    endloop
  endfacet
  facet normal -0.9946948731695775 0.1028693797500406 0
    outer loop
      vertex 21.398220151662827 19.715811870992184 0
      vertex 21.398220151662827 19.715811870992184 0.16
      vertex 21.4319778829813 20.042232058942318 0
    endloop
  endfacet
  facet normal -0.9966227162744726 0.08211675471967957 0
    outer loop
      vertex 21.4319778829813 20.042232058942318 0
      vertex 21.4319778829813 20.042232058942318 0.16
      vertex 21.45959784835577 20.377446047961712 0
    endloop
  endfacet
  facet normal -0.9980558815652528 0.06232541434283467 0
    outer loop
      vertex 21.45959784835577 20.377446047961712 0
      vertex 21.45959784835577 20.377446047961712 0.16
      vertex 21.481080040335655 20.721453838050365 0
    endloop
  endfacet
  facet normal -0.9990555168552415 0.043451976262378365 0
    outer loop
      vertex 21.481080040335655 20.721453838050365 0
      vertex 21.481080040335655 20.721453838050365 0.16
      vertex 21.496424458920956 21.074255421757698 0
    endloop
  endfacet
  facet normal -0.9996760206317764 0.025452971807159382 0
    outer loop
      vertex 21.496424458920956 21.074255421757698 0
      vertex 21.496424458920956 21.074255421757698 0.16
      vertex 21.505631119012833 21.43585081398487 0
    endloop
  endfacet
  facet normal -0.9999656765725945 0.008285268656672033 0
    outer loop
      vertex 21.505631119012833 21.43585081398487 0
      vertex 21.505631119012833 21.43585081398487 0.16
      vertex 21.508234018757683 21.75 0
    endloop
  endfacet
  facet normal -0.9852170883336654 0.17131050421773447 0
    outer loop
      vertex 21.312291376292706 19.089352890849113 0
      vertex 21.26012033969164 18.789314098656178 0.16
      vertex 21.312291376292706 19.089352890849113 0.16
    endloop
  endfacet
  facet normal -0.9890729397002186 0.1474269987240043 0
    outer loop
      vertex 21.358324646949768 19.39818548411131 0
      vertex 21.312291376292706 19.089352890849113 0.16
      vertex 21.358324646949768 19.39818548411131 0.16
    endloop
  endfacet
  facet normal -0.9922038032888421 0.12462589112683087 0
    outer loop
      vertex 21.398220151662827 19.715811870992184 0
      vertex 21.358324646949768 19.39818548411131 0.16
      vertex 21.398220151662827 19.715811870992184 0.16
    endloop
  endfacet
  facet normal -0.9946948731695775 0.1028693797500406 0
    outer loop
      vertex 21.4319778829813 20.042232058942318 0
      vertex 21.398220151662827 19.715811870992184 0.16
      vertex 21.4319778829813 20.042232058942318 0.16
    endloop
  endfacet
  facet normal -0.9966227162744726 0.08211675471967957 0
    outer loop
      vertex 21.45959784835577 20.377446047961712 0
      vertex 21.4319778829813 20.042232058942318 0.16
      vertex 21.45959784835577 20.377446047961712 0.16
    endloop
  endfacet
  facet normal -0.9980558815652528 0.06232541434283467 0
    outer loop
      vertex 21.481080040335655 20.721453838050365 0
      vertex 21.45959784835577 20.377446047961712 0.16
      vertex 21.481080040335655 20.721453838050365 0.16
    endloop
  endfacet
  facet normal -0.9990555168552415 0.043451976262378365 0
    outer loop
      vertex 21.496424458920956 21.074255421757698 0
      vertex 21.481080040335655 20.721453838050365 0.16
      vertex 21.496424458920956 21.074255421757698 0.16
    endloop
  endfacet
  facet normal -0.9996760206317764 0.025452971807159382 0
    outer loop
      vertex 21.505631119012833 21.43585081398487 0
      vertex 21.496424458920956 21.074255421757698 0.16
      vertex 21.505631119012833 21.43585081398487 0.16
    endloop
  endfacet
  facet normal -0.9999656765725945 0.008285268656672033 0
    outer loop
      vertex 21.505631119012833 21.43585081398487 0.16
      vertex 21.508234018757683 21.75 0.16
      vertex 21.508234018757683 21.75 0
    endloop
  endfacet
  facet normal 0 0 1
    outer loop
      vertex 20.514381363987923 16.484685972332954 0.16
      vertex 25.462474137544632 14.17199183255434 0.16
      vertex 20.621792323887348 16.705580569803715 0.16
    endloop
  endfacet
  facet normal 0 0 1
    outer loop
      vertex 20.621792323887348 16.705580569803715 0.16
      vertex 25.654959581792355 14.523148886859417 0.16
      vertex 20.72306551784277 16.935268960893154 0.16
    endloop
  endfacet
  facet normal 0.5265649745842197 -0.8501348878508164 0
    outer loop
      vertex 22.238976523280144 10.905036523938179 0
      vertex 22.572614781558514 11.111688695847988 0
      vertex 22.238976523280144 10.905036523938179 0.16
    endloop
  endfacet
  facet normal 0.5617233946375343 -0.8273251041258719 0
    outer loop
      vertex 22.572614781558514 11.111688695847988 0
      vertex 22.894371300935745 11.330149568617344 0
      vertex 22.572614781558514 11.111688695847988 0.16
    endloop
  endfacet
  facet normal 0.5964522824756784 -0.8026485374867094 0
    outer loop
      vertex 22.894371300935745 11.330149568617344 0
      vertex 23.20424608886242 11.560419127345085 0
      vertex 22.894371300935745 11.330149568617344 0.16
    endloop
  endfacet
  facet normal 0.6305281730348827 -0.7761663629720712 0
    outer loop
      vertex 23.20424608886242 11.560419127345085 0
      vertex 23.502239130437374 11.802497394382954 0
      vertex 23.20424608886242 11.560419127345085 0.16
    endloop
  endfacet
  facet normal 0.6637294927890189 -0.7479727003053197 0
    outer loop
      vertex 23.502239130437374 11.802497394382954 0
      vertex 23.78835043311119 12.056384347379208 0
      vertex 23.502239130437374 11.802497394382954 0.16
    endloop
  endfacet
  facet normal 0.695843532601007 -0.718193412763826 0
    outer loop
      vertex 23.78835043311119 12.056384347379208 0
      vertex 24.06257999688387 12.322080001235008 0
      vertex 23.78835043311119 12.056384347379208 0.16
    endloop
  endfacet
  facet normal 0.5265649745842197 -0.8501348878508164 0
    outer loop
      vertex 22.572614781558514 11.111688695847988 0
      vertex 22.572614781558514 11.111688695847988 0.16
      vertex 22.238976523280144 10.905036523938179 0.16
    endloop
  endfacet
  facet normal 0.5617233946375343 -0.8273251041258719 0
    outer loop
      vertex 22.894371300935745 11.330149568617344 0
      vertex 22.894371300935745 11.330149568617344 0.16
      vertex 22.572614781558514 11.111688695847988 0.16
    endloop
  endfacet
  facet normal 0.5964522824756784 -0.8026485374867094 0
    outer loop
      vertex 23.20424608886242 11.560419127345085 0
      vertex 23.20424608886242 11.560419127345085 0.16
      vertex 22.894371300935745 11.330149568617344 0.16
    endloop
  endfacet
  facet normal 0.6305281730348827 -0.7761663629720712 0
    outer loop
      vertex 23.502239130437374 11.802497394382954 0
      vertex 23.502239130437374 11.802497394382954 0.16
      vertex 23.20424608886242 11.560419127345085 0.16
    endloop
  endfacet
  facet normal 0.6637294927890189 -0.7479727003053197 0
    outer loop
      vertex 23.78835043311119 12.056384347379208 0
      vertex 23.78835043311119 12.056384347379208 0.16
      vertex 23.502239130437374 11.802497394382954 0.16
    endloop
  endfacet
  facet normal 0.695843532601007 -0.718193412763826 0
    outer loop
      vertex 24.06257999688387 12.322080001235008 0
      vertex 24.06257999688387 12.322080001235008 0.16
      vertex 23.78835043311119 12.056384347379208 0.16
    endloop
  endfacet
  facet normal 0 0 -1
    outer loop
      vertex 19.88526000082493 15.512120001018047 0
      vertex 23.78835043311119 12.056384347379208 0
      vertex 23.502239130437374 11.802497394382954 0
    endloop
  endfacet
  facet normal 0 0 -1
    outer loop
      vertex 20.023359812796116 15.68904559314251 0
      vertex 24.06257999688387 12.322080001235008 0
      vertex 23.78835043311119 12.056384347379208 0
    endloop
  endfacet
  facet normal 0 0 -1
    outer loop
      vertex 20.15532185137272 15.874764993786812 0
      vertex 24.32506015151739 12.599799774587154 0
      vertex 24.06257999688387 12.322080001235008 0
    endloop
  endfacet
  facet normal 0 0 -1
    outer loop
      vertex 20.15532185137272 15.874764993786812 0
      vertex 24.575874514877796 12.889759093523026 0
      vertex 24.32506015151739 12.599799774587154 0
    endloop
  endfacet
  facet normal 0 0 -1
    outer loop
      vertex 20.281146124005318 16.069278188049793 0
      vertex 24.815023101866245 13.191957958042622 0
      vertex 24.575874514877796 12.889759093523026 0
    endloop
  endfacet
  facet normal 0 0 -1
    outer loop
      vertex 20.400832630693913 16.272585175931454 0
      vertex 25.042505897581577 13.506396368145943 0
      vertex 24.815023101866245 13.191957958042622 0
    endloop
  endfacet
  facet normal 0.7267658749735201 -0.6868852618698219 0
    outer loop
      vertex 24.06257999688387 12.322080001235008 0
      vertex 24.32506015151739 12.599799774587154 0
      vertex 24.06257999688387 12.322080001235008 0.16
    endloop
  endfacet
  facet normal 0.7563131794179682 -0.6542097329134476 0
    outer loop
      vertex 24.32506015151739 12.599799774587154 0
      vertex 24.575874514877796 12.889759093523026 0
      vertex 24.32506015151739 12.599799774587154 0.16
    endloop
  endfacet
  facet normal 0.784162217541538 -0.620555893196042 0
    outer loop
      vertex 24.575874514877796 12.889759093523026 0
      vertex 24.815023101866245 13.191957958042622 0
      vertex 24.575874514877796 12.889759093523026 0.16
    endloop
  endfacet
  facet normal 0 0 -1
    outer loop
      vertex 20.514381363987923 16.484685972332954 0
      vertex 25.258322909474373 13.83307433128357 0
      vertex 25.042505897581577 13.506396368145943 0
    endloop
  endfacet
  facet normal 0 0 -1
    outer loop
      vertex 20.514381363987923 16.484685972332954 0
      vertex 25.462474137544632 14.17199183255434 0
      vertex 25.258322909474373 13.83307433128357 0
    endloop
  endfacet
  facet normal 0 0 -1
    outer loop
      vertex 20.621792323887348 16.705580569803715 0
      vertex 25.654959581792355 14.523148886859417 0
      vertex 25.462474137544632 14.17199183255434 0
    endloop
  endfacet
  facet normal 0 0 -1
    outer loop
      vertex 20.72306551784277 16.935268960893154 0
      vertex 25.83577924221754 14.886545479297638 0
      vertex 25.654959581792355 14.523148886859417 0
    endloop
  endfacet
  facet normal 0.7267658749735201 -0.6868852618698219 0
    outer loop
      vertex 24.32506015151739 12.599799774587154 0
      vertex 24.32506015151739 12.599799774587154 0.16
      vertex 24.06257999688387 12.322080001235008 0.16
    endloop
  endfacet
  facet normal 0.7563131794179682 -0.6542097329134476 0
    outer loop
      vertex 24.575874514877796 12.889759093523026 0
      vertex 24.575874514877796 12.889759093523026 0.16
      vertex 24.32506015151739 12.599799774587154 0.16
    endloop
  endfacet
  facet normal 0.784162217541538 -0.620555893196042 0
    outer loop
      vertex 24.815023101866245 13.191957958042622 0
      vertex 24.815023101866245 13.191957958042622 0.16
      vertex 24.575874514877796 12.889759093523026 0.16
    endloop
  endfacet
  facet normal 0.810203961206548 -0.5861480540317594 0
    outer loop
      vertex 24.815023101866245 13.191957958042622 0
      vertex 25.042505897581577 13.506396368145943 0
      vertex 24.815023101866245 13.191957958042622 0.16
    endloop
  endfacet
  facet normal 0.8343632602544877 -0.5512149761549499 0
    outer loop
      vertex 25.042505897581577 13.506396368145943 0
      vertex 25.258322909474373 13.83307433128357 0
      vertex 25.042505897581577 13.506396368145943 0.16
    endloop
  endfacet
  facet normal 0.8565987805209807 -0.5159830706621765 0
    outer loop
      vertex 25.258322909474373 13.83307433128357 0
      vertex 25.462474137544632 14.17199183255434 0
      vertex 25.258322909474373 13.83307433128357 0.16
    endloop
  endfacet
  facet normal 0.8769014121724082 -0.4806702750639321 0
    outer loop
      vertex 25.462474137544632 14.17199183255434 0
      vertex 25.654959581792355 14.523148886859417 0
      vertex 25.462474137544632 14.17199183255434 0.16
    endloop
  endfacet
  facet normal 0.8952913840418228 -0.44548101829424475 0
    outer loop
      vertex 25.654959581792355 14.523148886859417 0
      vertex 25.83577924221754 14.886545479297638 0
      vertex 25.654959581792355 14.523148886859417 0.16
    endloop
  endfacet
  facet normal 0.911814638897238 -0.4106020753633615 0
    outer loop
      vertex 25.83577924221754 14.886545479297638 0
      vertex 26.00493311882019 15.262181624770164 0
      vertex 25.83577924221754 14.886545479297638 0.16
    endloop
  endfacet
  facet normal 0.9265385334616895 -0.37619987508060354 0
    outer loop
      vertex 26.00493311882019 15.262181624770164 0
      vertex 26.162421211600304 15.650057315826416 0
      vertex 26.00493311882019 15.262181624770164 0.16
    endloop
  endfacet
  facet normal 0.810203961206548 -0.5861480540317594 0
    outer loop
      vertex 25.042505897581577 13.506396368145943 0
      vertex 25.042505897581577 13.506396368145943 0.16
      vertex 24.815023101866245 13.191957958042622 0.16
    endloop
  endfacet
  facet normal 0.8343632602544877 -0.5512149761549499 0
    outer loop
      vertex 25.258322909474373 13.83307433128357 0
      vertex 25.258322909474373 13.83307433128357 0.16
      vertex 25.042505897581577 13.506396368145943 0.16
    endloop
  endfacet
  facet normal 0.8565987805209807 -0.5159830706621765 0
    outer loop
      vertex 25.462474137544632 14.17199183255434 0
      vertex 25.462474137544632 14.17199183255434 0.16
      vertex 25.258322909474373 13.83307433128357 0.16
    endloop
  endfacet
  facet normal 0.8769014121724082 -0.4806702750639321 0
    outer loop
      vertex 25.654959581792355 14.523148886859417 0
      vertex 25.654959581792355 14.523148886859417 0.16
      vertex 25.462474137544632 14.17199183255434 0.16
    endloop
  endfacet
  facet normal 0.8952913840418228 -0.44548101829424475 0
    outer loop
      vertex 25.83577924221754 14.886545479297638 0
      vertex 25.83577924221754 14.886545479297638 0.16
      vertex 25.654959581792355 14.523148886859417 0.16
    endloop
  endfacet
  facet normal 0.911814638897238 -0.4106020753633615 0
    outer loop
      vertex 26.00493311882019 15.262181624770164 0
      vertex 26.00493311882019 15.262181624770164 0.16
      vertex 25.83577924221754 14.886545479297638 0.16
    endloop
  endfacet
  facet normal 0.9265385334616895 -0.37619987508060354 0
    outer loop
      vertex 26.162421211600304 15.650057315826416 0
      vertex 26.162421211600304 15.650057315826416 0.16
      vertex 26.00493311882019 15.262181624770164 0.16
    endloop
  endfacet
  facet normal 0 0 1
    outer loop
      vertex 19.88526000082493 15.512120001018047 0.16
      vertex 23.502239130437374 11.802497394382954 0.16
      vertex 23.78835043311119 12.056384347379208 0.16
    endloop
  endfacet
  facet normal 0 0 1
    outer loop
      vertex 20.023359812796116 15.68904559314251 0.16
      vertex 23.78835043311119 12.056384347379208 0.16
      vertex 24.06257999688387 12.322080001235008 0.16
    endloop
  endfacet
  facet normal 0 0 1
    outer loop
      vertex 20.15532185137272 15.874764993786812 0.16
      vertex 24.06257999688387 12.322080001235008 0.16
      vertex 24.32506015151739 12.599799774587154 0.16
    endloop
  endfacet
  facet normal 0 0 1
    outer loop
      vertex 20.15532185137272 15.874764993786812 0.16
      vertex 24.32506015151739 12.599799774587154 0.16
      vertex 24.575874514877796 12.889759093523026 0.16
    endloop
  endfacet
  facet normal 0 0 1
    outer loop
      vertex 20.281146124005318 16.069278188049793 0.16
      vertex 24.575874514877796 12.889759093523026 0.16
      vertex 24.815023101866245 13.191957958042622 0.16
    endloop
  endfacet
  facet normal 0 0 1
    outer loop
      vertex 20.400832630693913 16.272585175931454 0.16
      vertex 24.815023101866245 13.191957958042622 0.16
      vertex 25.042505897581577 13.506396368145943 0.16
    endloop
  endfacet
  facet normal 0 0 1
    outer loop
      vertex 20.514381363987923 16.484685972332954 0.16
      vertex 25.042505897581577 13.506396368145943 0.16
      vertex 25.258322909474373 13.83307433128357 0.16
    endloop
  endfacet
  facet normal 0 0 1
    outer loop
      vertex 20.514381363987923 16.484685972332954 0.16
      vertex 25.258322909474373 13.83307433128357 0.16
      vertex 25.462474137544632 14.17199183255434 0.16
    endloop
  endfacet
  facet normal 0 0 1
    outer loop
      vertex 20.621792323887348 16.705580569803715 0.16
      vertex 25.462474137544632 14.17199183255434 0.16
      vertex 25.654959581792355 14.523148886859417 0.16
    endloop
  endfacet
  facet normal 0 0 1
    outer loop
      vertex 20.72306551784277 16.935268960893154 0.16
      vertex 25.654959581792355 14.523148886859417 0.16
      vertex 25.83577924221754 14.886545479297638 0.16
    endloop
  endfacet
  facet normal 0 0 -1
    outer loop
      vertex 20.72306551784277 16.935268960893154 0
      vertex 20.818200945854187 17.173751153051853 0
      vertex 25.83577924221754 14.886545479297638 0
    endloop
  endfacet
  facet normal 0 0 -1
    outer loop
      vertex 20.818200945854187 17.173751153051853 0
      vertex 20.90719860047102 17.421027146279812 0
      vertex 26.00493311882019 15.262181624770164 0
    endloop
  endfacet
  facet normal 0 0 -1
    outer loop
      vertex 20.90719860047102 17.421027146279812 0
      vertex 20.99005848914385 17.67709694057703 0
      vertex 26.162421211600304 15.650057315826416 0
    endloop
  endfacet
  facet normal 0 0 -1
    outer loop
      vertex 20.99005848914385 17.67709694057703 0
      vertex 21.066780604422092 17.941960528492928 0
      vertex 26.3082435131073 16.050172552466393 0
    endloop
  endfacet
  facet normal 0 0 -1
    outer loop
      vertex 21.066780604422092 17.941960528492928 0
      vertex 21.137364953756332 18.215617917478085 0
      vertex 26.44240003824234 16.462527334690094 0
    endloop
  endfacet
  facet normal 0 0 -1
    outer loop
      vertex 21.137364953756332 18.215617917478085 0
      vertex 21.201811529695988 18.498069114983082 0
      vertex 26.564890772104263 16.88712166249752 0
    endloop
  endfacet
  facet normal 0 0 -1
    outer loop
      vertex 21.201811529695988 18.498069114983082 0
      vertex 21.26012033969164 18.789314098656178 0
      vertex 26.67571572959423 17.323955535888672 0
    endloop
  endfacet
  facet normal 0 0 -1
    outer loop
      vertex 21.26012033969164 18.789314098656178 0
      vertex 21.312291376292706 19.089352890849113 0
      vertex 26.77487489581108 17.77302896231413 0
    endloop
  endfacet
  facet normal 0 0 -1
    outer loop
      vertex 20.818200945854187 17.173751153051853 0
      vertex 26.00493311882019 15.262181624770164 0
      vertex 25.83577924221754 14.886545479297638 0
    endloop
  endfacet
  facet normal 0 0 -1
    outer loop
      vertex 20.90719860047102 17.421027146279812 0
      vertex 26.162421211600304 15.650057315826416 0
      vertex 26.00493311882019 15.262181624770164 0
    endloop
  endfacet
  facet normal 0 0 -1
    outer loop
      vertex 20.99005848914385 17.67709694057703 0
      vertex 26.3082435131073 16.050172552466393 0
      vertex 26.162421211600304 15.650057315826416 0
    endloop
  endfacet
  facet normal 0 0 -1
    outer loop
      vertex 21.066780604422092 17.941960528492928 0
      vertex 26.44240003824234 16.462527334690094 0
      vertex 26.3082435131073 16.050172552466393 0
    endloop
  endfacet
  facet normal 0 0 -1
    outer loop
      vertex 21.137364953756332 18.215617917478085 0
      vertex 26.564890772104263 16.88712166249752 0
      vertex 26.44240003824234 16.462527334690094 0
    endloop
  endfacet
  facet normal 0 0 -1
    outer loop
      vertex 21.312291376292706 19.089352890849113 0
      vertex 21.358324646949768 19.39818548411131 0
      vertex 26.862368278205395 18.23434192687273 0
    endloop
  endfacet
  facet normal 0 0 -1
    outer loop
      vertex 21.358324646949768 19.39818548411131 0
      vertex 21.398220151662827 19.715811870992184 0
      vertex 26.938195876777172 18.707894444465637 0
    endloop
  endfacet
  facet normal 0 0 -1
    outer loop
      vertex 21.398220151662827 19.715811870992184 0
      vertex 21.4319778829813 20.042232058942318 0
      vertex 27.002357691526413 19.19368650019169 0
    endloop
  endfacet
  facet normal 0 0 -1
    outer loop
      vertex 21.4319778829813 20.042232058942318 0
      vertex 21.45959784835577 20.377446047961712 0
      vertex 27.054853722453117 19.691718108952045 0
    endloop
  endfacet
  facet normal 0 0 -1
    outer loop
      vertex 21.45959784835577 20.377446047961712 0
      vertex 21.481080040335655 20.721453838050365 0
      vertex 27.095683969557285 20.201989263296127 0
    endloop
  endfacet
  facet normal 0 0 -1
    outer loop
      vertex 21.481080040335655 20.721453838050365 0
      vertex 21.496424458920956 21.074255421757698 0
      vertex 27.124848432838917 20.724499963223934 0
    endloop
  endfacet
  facet normal 0 0 -1
    outer loop
      vertex 21.496424458920956 21.074255421757698 0
      vertex 21.505631119012833 21.43585081398487 0
      vertex 27.14234710484743 21.259250208735466 0
    endloop
  endfacet
  facet normal 0 0 -1
    outer loop
      vertex 21.505631119012833 21.43585081398487 0
      vertex 21.508234018757683 21.75 0
      vertex 27.147580278048665 21.75 0
    endloop
  endfacet
  facet normal 0 0 -1
    outer loop
      vertex 21.201811529695988 18.498069114983082 0
      vertex 26.67571572959423 17.323955535888672 0
      vertex 26.564890772104263 16.88712166249752 0
    endloop
  endfacet
  facet normal 0 0 -1
    outer loop
      vertex 21.26012033969164 18.789314098656178 0
      vertex 26.77487489581108 17.77302896231413 0
      vertex 26.67571572959423 17.323955535888672 0
    endloop
  endfacet
  facet normal 0 0 -1
    outer loop
      vertex 21.312291376292706 19.089352890849113 0
      vertex 26.862368278205395 18.23434192687273 0
      vertex 26.77487489581108 17.77302896231413 0
    endloop
  endfacet
  facet normal 0 0 -1
    outer loop
      vertex 21.358324646949768 19.39818548411131 0
      vertex 26.938195876777172 18.707894444465637 0
      vertex 26.862368278205395 18.23434192687273 0
    endloop
  endfacet
  facet normal 0.9395474348321373 -0.3424187753327064 0
    outer loop
      vertex 26.162421211600304 15.650057315826416 0
      vertex 26.3082435131073 16.050172552466393 0
      vertex 26.162421211600304 15.650057315826416 0.16
    endloop
  endfacet
  facet normal 0.9509382914032445 -0.3093806166246975 0
    outer loop
      vertex 26.3082435131073 16.050172552466393 0
      vertex 26.44240003824234 16.462527334690094 0
      vertex 26.3082435131073 16.050172552466393 0.16
    endloop
  endfacet
  facet normal 0.960816600008922 -0.27718488621729603 0
    outer loop
      vertex 26.44240003824234 16.462527334690094 0
      vertex 26.564890772104263 16.88712166249752 0
      vertex 26.44240003824234 16.462527334690094 0.16
    endloop
  endfacet
  facet normal 0.9692926653948881 -0.2459100014470205 0
    outer loop
      vertex 26.564890772104263 16.88712166249752 0
      vertex 26.67571572959423 17.323955535888672 0
      vertex 26.564890772104263 16.88712166249752 0.16
    endloop
  endfacet
  facet normal 0.9764785375410457 -0.21561462316294946 0
    outer loop
      vertex 26.67571572959423 17.323955535888672 0
      vertex 26.77487489581108 17.77302896231413 0
      vertex 26.67571572959423 17.323955535888672 0.16
    endloop
  endfacet
  facet normal 0.9824853575000971 -0.18633980331079628 0
    outer loop
      vertex 26.77487489581108 17.77302896231413 0
      vertex 26.862368278205395 18.23434192687273 0
      vertex 26.77487489581108 17.77302896231413 0.16
    endloop
  endfacet
  facet normal 0.9874213685451299 -0.15811085016678328 0
    outer loop
      vertex 26.862368278205395 18.23434192687273 0
      vertex 26.938195876777172 18.707894444465637 0
      vertex 26.862368278205395 18.23434192687273 0.16
    endloop
  endfacet
  facet normal 0.9395474348321373 -0.3424187753327064 0
    outer loop
      vertex 26.3082435131073 16.050172552466393 0
      vertex 26.3082435131073 16.050172552466393 0.16
      vertex 26.162421211600304 15.650057315826416 0.16
    endloop
  endfacet
  facet normal 0.9509382914032445 -0.3093806166246975 0
    outer loop
      vertex 26.44240003824234 16.462527334690094 0
      vertex 26.44240003824234 16.462527334690094 0.16
      vertex 26.3082435131073 16.050172552466393 0.16
    endloop
  endfacet
  facet normal 0.960816600008922 -0.27718488621729603 0
    outer loop
      vertex 26.564890772104263 16.88712166249752 0
      vertex 26.564890772104263 16.88712166249752 0.16
      vertex 26.44240003824234 16.462527334690094 0.16
    endloop
  endfacet
  facet normal 0.9692926653948881 -0.2459100014470205 0
    outer loop
      vertex 26.67571572959423 17.323955535888672 0
      vertex 26.67571572959423 17.323955535888672 0.16
      vertex 26.564890772104263 16.88712166249752 0.16
    endloop
  endfacet
  facet normal 0.9764785375410457 -0.21561462316294946 0
    outer loop
      vertex 26.77487489581108 17.77302896231413 0
      vertex 26.77487489581108 17.77302896231413 0.16
      vertex 26.67571572959423 17.323955535888672 0.16
    endloop
  endfacet
  facet normal 0.9824853575000971 -0.18633980331079628 0
    outer loop
      vertex 26.862368278205395 18.23434192687273 0
      vertex 26.862368278205395 18.23434192687273 0.16
      vertex 26.77487489581108 17.77302896231413 0.16
    endloop
  endfacet
  facet normal 0.9874213685451299 -0.15811085016678328 0
    outer loop
      vertex 26.938195876777172 18.707894444465637 0
      vertex 26.938195876777172 18.707894444465637 0.16
      vertex 26.862368278205395 18.23434192687273 0.16
    endloop
  endfacet
  facet normal 0 0 -1
    outer loop
      vertex 21.398220151662827 19.715811870992184 0
      vertex 27.002357691526413 19.19368650019169 0
      vertex 26.938195876777172 18.707894444465637 0
    endloop
  endfacet
  facet normal 0 0 -1
    outer loop
      vertex 21.4319778829813 20.042232058942318 0
      vertex 27.054853722453117 19.691718108952045 0
      vertex 27.002357691526413 19.19368650019169 0
    endloop
  endfacet
  facet normal 0 0 -1
    outer loop
      vertex 21.45959784835577 20.377446047961712 0
      vertex 27.095683969557285 20.201989263296127 0
      vertex 27.054853722453117 19.691718108952045 0
    endloop
  endfacet
  facet normal 0 0 -1
    outer loop
      vertex 21.481080040335655 20.721453838050365 0
      vertex 27.124848432838917 20.724499963223934 0
      vertex 27.095683969557285 20.201989263296127 0
    endloop
  endfacet
  facet normal 0 0 -1
    outer loop
      vertex 21.496424458920956 21.074255421757698 0
      vertex 27.14234710484743 21.259250208735466 0
      vertex 27.124848432838917 20.724499963223934 0
    endloop
  endfacet
  facet normal 0 0 -1
    outer loop
      vertex 21.505631119012833 21.43585081398487 0
      vertex 27.147580278048665 21.75 0
      vertex 27.14234710484743 21.259250208735466 0
    endloop
  endfacet
  facet normal 0.9913903511623879 -0.13093957240695742 0
    outer loop
      vertex 26.938195876777172 18.707894444465637 0
      vertex 27.002357691526413 19.19368650019169 0
      vertex 26.938195876777172 18.707894444465637 0.16
    endloop
  endfacet
  facet normal 0.9944905472852045 -0.10482629136039473 0
    outer loop
      vertex 27.002357691526413 19.19368650019169 0
      vertex 27.054853722453117 19.691718108952045 0
      vertex 27.002357691526413 19.19368650019169 0.16
    endloop
  endfacet
  facet normal 0.9968139499634323 -0.0797618277015989 0
    outer loop
      vertex 27.054853722453117 19.691718108952045 0
      vertex 27.095683969557285 20.201989263296127 0
      vertex 27.054853722453117 19.691718108952045 0.16
    endloop
  endfacet
  facet normal 0.9984459167089352 -0.05572926885626626 0
    outer loop
      vertex 27.095683969557285 20.201989263296127 0
      vertex 27.124848432838917 20.724499963223934 0
      vertex 27.095683969557285 20.201989263296127 0.16
    endloop
  endfacet
  facet normal 0.999465029800711 -0.03270556841677141 0
    outer loop
      vertex 27.124848432838917 20.724499963223934 0
      vertex 27.14234710484743 21.259250208735466 0
      vertex 27.124848432838917 20.724499963223934 0.16
    endloop
  endfacet
  facet normal 0.9999431483677703 -0.010663021727042237 0
    outer loop
      vertex 27.14234710484743 21.259250208735466 0
      vertex 27.147580278048665 21.75 0
      vertex 27.147580278048665 21.75 0.16
    endloop
  endfacet
  facet normal 0.9913903511623879 -0.13093957240695742 0
    outer loop
      vertex 27.002357691526413 19.19368650019169 0
      vertex 27.002357691526413 19.19368650019169 0.16
      vertex 26.938195876777172 18.707894444465637 0.16
    endloop
  endfacet
  facet normal 0.9944905472852045 -0.10482629136039473 0
    outer loop
      vertex 27.054853722453117 19.691718108952045 0
      vertex 27.054853722453117 19.691718108952045 0.16
      vertex 27.002357691526413 19.19368650019169 0.16
    endloop
  endfacet
  facet normal 0.9968139499634323 -0.0797618277015989 0
    outer loop
      vertex 27.095683969557285 20.201989263296127 0
      vertex 27.095683969557285 20.201989263296127 0.16
      vertex 27.054853722453117 19.691718108952045 0.16
    endloop
  endfacet
  facet normal 0.9984459167089352 -0.05572926885626626 0
    outer loop
      vertex 27.124848432838917 20.724499963223934 0
      vertex 27.124848432838917 20.724499963223934 0.16
      vertex 27.095683969557285 20.201989263296127 0.16
    endloop
  endfacet
  facet normal 0.999465029800711 -0.03270556841677141 0
    outer loop
      vertex 27.14234710484743 21.259250208735466 0
      vertex 27.14234710484743 21.259250208735466 0.16
      vertex 27.124848432838917 20.724499963223934 0.16
    endloop
  endfacet
  facet normal 0.9999431483677703 -0.010663021727042237 0
    outer loop
      vertex 27.14234710484743 21.259250208735466 0
      vertex 27.147580278048665 21.75 0.16
      vertex 27.14234710484743 21.259250208735466 0.16
    endloop
  endfacet
  facet normal 0 0 1
    outer loop
      vertex 20.72306551784277 16.935268960893154 0.16
      vertex 25.83577924221754 14.886545479297638 0.16
      vertex 20.818200945854187 17.173751153051853 0.16
    endloop
  endfacet
  facet normal 0 0 1
    outer loop
      vertex 20.818200945854187 17.173751153051853 0.16
      vertex 26.00493311882019 15.262181624770164 0.16
      vertex 20.90719860047102 17.421027146279812 0.16
    endloop
  endfacet
  facet normal 0 0 1
    outer loop
      vertex 20.90719860047102 17.421027146279812 0.16
      vertex 26.162421211600304 15.650057315826416 0.16
      vertex 20.99005848914385 17.67709694057703 0.16
    endloop
  endfacet
  facet normal 0 0 1
    outer loop
      vertex 20.99005848914385 17.67709694057703 0.16
      vertex 26.3082435131073 16.050172552466393 0.16
      vertex 21.066780604422092 17.941960528492928 0.16
    endloop
  endfacet
  facet normal 0 0 1
    outer loop
      vertex 21.066780604422092 17.941960528492928 0.16
      vertex 26.44240003824234 16.462527334690094 0.16
      vertex 21.137364953756332 18.215617917478085 0.16
    endloop
  endfacet
  facet normal 0 0 1
    outer loop
      vertex 21.137364953756332 18.215617917478085 0.16
      vertex 26.564890772104263 16.88712166249752 0.16
      vertex 21.201811529695988 18.498069114983082 0.16
    endloop
  endfacet
  facet normal 0 0 1
    outer loop
      vertex 21.201811529695988 18.498069114983082 0.16
      vertex 26.67571572959423 17.323955535888672 0.16
      vertex 21.26012033969164 18.789314098656178 0.16
    endloop
  endfacet
  facet normal 0 0 1
    outer loop
      vertex 21.26012033969164 18.789314098656178 0.16
      vertex 26.77487489581108 17.77302896231413 0.16
      vertex 21.312291376292706 19.089352890849113 0.16
    endloop
  endfacet
  facet normal 0 0 1
    outer loop
      vertex 20.818200945854187 17.173751153051853 0.16
      vertex 25.83577924221754 14.886545479297638 0.16
      vertex 26.00493311882019 15.262181624770164 0.16
    endloop
  endfacet
  facet normal 0 0 1
    outer loop
      vertex 20.90719860047102 17.421027146279812 0.16
      vertex 26.00493311882019 15.262181624770164 0.16
      vertex 26.162421211600304 15.650057315826416 0.16
    endloop
  endfacet
  facet normal 0 0 1
    outer loop
      vertex 20.99005848914385 17.67709694057703 0.16
      vertex 26.162421211600304 15.650057315826416 0.16
      vertex 26.3082435131073 16.050172552466393 0.16
    endloop
  endfacet
  facet normal 0 0 1
    outer loop
      vertex 21.066780604422092 17.941960528492928 0.16
      vertex 26.3082435131073 16.050172552466393 0.16
      vertex 26.44240003824234 16.462527334690094 0.16
    endloop
  endfacet
  facet normal 0 0 1
    outer loop
      vertex 21.137364953756332 18.215617917478085 0.16
      vertex 26.44240003824234 16.462527334690094 0.16
      vertex 26.564890772104263 16.88712166249752 0.16
    endloop
  endfacet
  facet normal 0 0 1
    outer loop
      vertex 21.312291376292706 19.089352890849113 0.16
      vertex 26.862368278205395 18.23434192687273 0.16
      vertex 21.358324646949768 19.39818548411131 0.16
    endloop
  endfacet
  facet normal 0 0 1
    outer loop
      vertex 21.358324646949768 19.39818548411131 0.16
      vertex 26.938195876777172 18.707894444465637 0.16
      vertex 21.398220151662827 19.715811870992184 0.16
    endloop
  endfacet
  facet normal 0 0 1
    outer loop
      vertex 21.398220151662827 19.715811870992184 0.16
      vertex 27.002357691526413 19.19368650019169 0.16
      vertex 21.4319778829813 20.042232058942318 0.16
    endloop
  endfacet
  facet normal 0 0 1
    outer loop
      vertex 21.4319778829813 20.042232058942318 0.16
      vertex 27.054853722453117 19.691718108952045 0.16
      vertex 21.45959784835577 20.377446047961712 0.16
    endloop
  endfacet
  facet normal 0 0 1
    outer loop
      vertex 21.45959784835577 20.377446047961712 0.16
      vertex 27.095683969557285 20.201989263296127 0.16
      vertex 21.481080040335655 20.721453838050365 0.16
    endloop
  endfacet
  facet normal 0 0 1
    outer loop
      vertex 21.481080040335655 20.721453838050365 0.16
      vertex 27.124848432838917 20.724499963223934 0.16
      vertex 21.496424458920956 21.074255421757698 0.16
    endloop
  endfacet
  facet normal 0 0 1
    outer loop
      vertex 21.496424458920956 21.074255421757698 0.16
      vertex 27.14234710484743 21.259250208735466 0.16
      vertex 21.505631119012833 21.43585081398487 0.16
    endloop
  endfacet
  facet normal 0 0 1
    outer loop
      vertex 21.505631119012833 21.43585081398487 0.16
      vertex 27.14234710484743 21.259250208735466 0.16
      vertex 21.508234018757683 21.75 0.16
    endloop
  endfacet
  facet normal 0 0 1
    outer loop
      vertex 21.201811529695988 18.498069114983082 0.16
      vertex 26.564890772104263 16.88712166249752 0.16
      vertex 26.67571572959423 17.323955535888672 0.16
    endloop
  endfacet
  facet normal 0 0 1
    outer loop
      vertex 21.26012033969164 18.789314098656178 0.16
      vertex 26.67571572959423 17.323955535888672 0.16
      vertex 26.77487489581108 17.77302896231413 0.16
    endloop
  endfacet
  facet normal 0 0 1
    outer loop
      vertex 21.312291376292706 19.089352890849113 0.16
      vertex 26.77487489581108 17.77302896231413 0.16
      vertex 26.862368278205395 18.23434192687273 0.16
    endloop
  endfacet
  facet normal 0 0 1
    outer loop
      vertex 21.358324646949768 19.39818548411131 0.16
      vertex 26.862368278205395 18.23434192687273 0.16
      vertex 26.938195876777172 18.707894444465637 0.16
    endloop
  endfacet
  facet normal 0 0 1
    outer loop
      vertex 21.398220151662827 19.715811870992184 0.16
      vertex 26.938195876777172 18.707894444465637 0.16
      vertex 27.002357691526413 19.19368650019169 0.16
    endloop
  endfacet
  facet normal 0 0 1
    outer loop
      vertex 21.4319778829813 20.042232058942318 0.16
      vertex 27.002357691526413 19.19368650019169 0.16
      vertex 27.054853722453117 19.691718108952045 0.16
    endloop
  endfacet
  facet normal 0 0 1
    outer loop
      vertex 21.45959784835577 20.377446047961712 0.16
      vertex 27.054853722453117 19.691718108952045 0.16
      vertex 27.095683969557285 20.201989263296127 0.16
    endloop
  endfacet
  facet normal 0 0 1
    outer loop
      vertex 21.481080040335655 20.721453838050365 0.16
      vertex 27.095683969557285 20.201989263296127 0.16
      vertex 27.124848432838917 20.724499963223934 0.16
    endloop
  endfacet
  facet normal 0 0 1
    outer loop
      vertex 21.496424458920956 21.074255421757698 0.16
      vertex 27.124848432838917 20.724499963223934 0.16
      vertex 27.14234710484743 21.259250208735466 0.16
    endloop
  endfacet
  facet normal 0 0 1
    outer loop
      vertex 27.14234710484743 21.259250208735466 0.16
      vertex 27.147580278048665 21.75 0.16
      vertex 21.508234018757683 21.75 0.16
    endloop
  endfacet
  facet normal 0 1 0
    outer loop
      vertex 7.894819997251034 21.75 0.16
      vertex 13.495939999818802 21.75 0.16
      vertex 7.894819997251034 21.75 0
    endloop
  endfacet
  facet normal 0 1 0
    outer loop
      vertex 13.495939999818802 21.75 0
      vertex 7.894819997251034 21.75 0
      vertex 13.495939999818802 21.75 0.16
    endloop
  endfacet
  facet normal 0 1 0
    outer loop
      vertex 21.508234018757683 21.75 0.16
      vertex 27.147580278048665 21.75 0.16
      vertex 21.508234018757683 21.75 0
    endloop
  endfacet
  facet normal 0 1 0
    outer loop
      vertex 27.147580278048665 21.75 0
      vertex 21.508234018757683 21.75 0
      vertex 27.147580278048665 21.75 0.16
    endloop
  endfacet
  facet normal 0 0 -1
    outer loop
      vertex 7.932619996368885 9.187200002372265 0.32
      vertex 13.534019999206066 19.99099999666214 0.32
      vertex 13.534019999206066 13.516280002892017 0.32
    endloop
  endfacet
  facet normal -1 0 0
    outer loop
      vertex 7.932619996368885 9.187200002372265 0.32
      vertex 7.932619996368885 9.187200002372265 0.48
      vertex 7.932619996368885 21.75 0.32
    endloop
  endfacet
  facet normal 0 0 1
    outer loop
      vertex 7.932619996368885 9.187200002372265 0.48
      vertex 13.534019999206066 13.516280002892017 0.48
      vertex 13.534019999206066 19.99099999666214 0.48
    endloop
  endfacet
  facet normal 0 0 -1
    outer loop
      vertex 7.932619996368885 9.187200002372265 0.32
      vertex 7.932619996368885 21.75 0.32
      vertex 13.534019999206066 19.99099999666214 0.32
    endloop
  endfacet
  facet normal -1 0 0
    outer loop
      vertex 7.932619996368885 9.187200002372265 0.48
      vertex 7.932619996368885 21.75 0.48
      vertex 7.932619996368885 21.75 0.32
    endloop
  endfacet
  facet normal 0 0 1
    outer loop
      vertex 7.932619996368885 9.187200002372265 0.48
      vertex 13.534019999206066 19.99099999666214 0.48
      vertex 7.932619996368885 21.75 0.48
    endloop
  endfacet
  facet normal 0 0 -1
    outer loop
      vertex 7.932619996368885 9.187200002372265 0.32
      vertex 13.534019999206066 13.516280002892017 0.32
      vertex 27.091059997677803 9.187200002372265 0.32
    endloop
  endfacet
  facet normal 0 -1 0
    outer loop
      vertex 7.932619996368885 9.187200002372265 0.32
      vertex 27.091059997677803 9.187200002372265 0.32
      vertex 7.932619996368885 9.187200002372265 0.48
    endloop
  endfacet
  facet normal 0 0 1
    outer loop
      vertex 7.932619996368885 9.187200002372265 0.48
      vertex 27.091059997677803 9.187200002372265 0.48
      vertex 13.534019999206066 13.516280002892017 0.48
    endloop
  endfacet
  facet normal 0 0 -1
    outer loop
      vertex 13.534019999206066 19.99099999666214 0.32
      vertex 7.932619996368885 21.75 0.32
      vertex 25.15429999679327 21.75 0.32
    endloop
  endfacet
  facet normal 1 0 0
    outer loop
      vertex 13.534019999206066 13.516280002892017 0.32
      vertex 13.534019999206066 19.99099999666214 0.32
      vertex 13.534019999206066 13.516280002892017 0.48
    endloop
  endfacet
  facet normal 1 0 0
    outer loop
      vertex 13.534019999206066 19.99099999666214 0.32
      vertex 13.534019999206066 19.99099999666214 0.48
      vertex 13.534019999206066 13.516280002892017 0.48
    endloop
  endfacet
  facet normal 0 -1 0
    outer loop
      vertex 13.534019999206066 19.99099999666214 0.32
      vertex 25.15429999679327 19.99099999666214 0.32
      vertex 13.534019999206066 19.99099999666214 0.48
    endloop
  endfacet
  facet normal 0 0 1
    outer loop
      vertex 13.534019999206066 19.99099999666214 0.48
      vertex 25.15429999679327 19.99099999666214 0.48
      vertex 7.932619996368885 21.75 0.48
    endloop
  endfacet
  facet normal 0 0 -1
    outer loop
      vertex 7.932619996368885 34.801320001482964 0.32
      vertex 13.534019999206066 24.320359997451305 0.32
      vertex 7.932619996368885 22.25 0.32
    endloop
  endfacet
  facet normal -1 0 0
    outer loop
      vertex 7.932619996368885 34.801320001482964 0.32
      vertex 7.932619996368885 22.25 0.32
      vertex 7.932619996368885 22.25 0.48
    endloop
  endfacet
  facet normal 0 0 1
    outer loop
      vertex 7.932619996368885 34.801320001482964 0.48
      vertex 7.932619996368885 22.25 0.48
      vertex 13.534019999206066 24.320359997451305 0.48
    endloop
  endfacet
  facet normal 0 0 -1
    outer loop
      vertex 7.932619996368885 34.801320001482964 0.32
      vertex 13.534019999206066 30.47224000096321 0.32
      vertex 13.534019999206066 24.320359997451305 0.32
    endloop
  endfacet
  facet normal -1 0 0
    outer loop
      vertex 7.932619996368885 34.801320001482964 0.32
      vertex 7.932619996368885 22.25 0.48
      vertex 7.932619996368885 34.801320001482964 0.48
    endloop
  endfacet
  facet normal 0 0 1
    outer loop
      vertex 7.932619996368885 34.801320001482964 0.48
      vertex 13.534019999206066 24.320359997451305 0.48
      vertex 13.534019999206066 30.47224000096321 0.48
    endloop
  endfacet
  facet normal 0 0 -1
    outer loop
      vertex 13.534019999206066 24.320359997451305 0.32
      vertex 25.15429999679327 24.320359997451305 0.32
      vertex 7.932619996368885 22.25 0.32
    endloop
  endfacet
  facet normal 1 0 0
    outer loop
      vertex 13.534019999206066 24.320359997451305 0.32
      vertex 13.534019999206066 30.47224000096321 0.32
      vertex 13.534019999206066 24.320359997451305 0.48
    endloop
  endfacet
  facet normal 0 0 1
    outer loop
      vertex 13.534019999206066 24.320359997451305 0.48
      vertex 7.932619996368885 22.25 0.48
      vertex 25.15429999679327 22.25 0.48
    endloop
  endfacet
  facet normal 0 1 0
    outer loop
      vertex 13.534019999206066 24.320359997451305 0.32
      vertex 13.534019999206066 24.320359997451305 0.48
      vertex 25.15429999679327 24.320359997451305 0.48
    endloop
  endfacet
  facet normal 0 0 -1
    outer loop
      vertex 7.932619996368885 34.801320001482964 0.32
      vertex 26.31266000121832 34.801320001482964 0.32
      vertex 13.534019999206066 30.47224000096321 0.32
    endloop
  endfacet
  facet normal 1 0 0
    outer loop
      vertex 13.534019999206066 30.47224000096321 0.32
      vertex 13.534019999206066 30.47224000096321 0.48
      vertex 13.534019999206066 24.320359997451305 0.48
    endloop
  endfacet
  facet normal 0 1 0
    outer loop
      vertex 7.932619996368885 34.801320001482964 0.32
      vertex 7.932619996368885 34.801320001482964 0.48
      vertex 26.31266000121832 34.801320001482964 0.48
    endloop
  endfacet
  facet normal 0 0 1
    outer loop
      vertex 7.932619996368885 34.801320001482964 0.48
      vertex 13.534019999206066 30.47224000096321 0.48
      vertex 26.31266000121832 34.801320001482964 0.48
    endloop
  endfacet
  facet normal 0 1 0
    outer loop
      vertex 13.534019999206066 13.516280002892017 0.32
      vertex 13.534019999206066 13.516280002892017 0.48
      vertex 27.091059997677803 13.516280002892017 0.48
    endloop
  endfacet
  facet normal 0 -1 0
    outer loop
      vertex 7.932619996368885 9.187200002372265 0.48
      vertex 27.091059997677803 9.187200002372265 0.32
      vertex 27.091059997677803 9.187200002372265 0.48
    endloop
  endfacet
  facet normal 0 0 -1
    outer loop
      vertex 13.534019999206066 19.99099999666214 0.32
      vertex 25.15429999679327 21.75 0.32
      vertex 25.15429999679327 19.99099999666214 0.32
    endloop
  endfacet
  facet normal 0 0 1
    outer loop
      vertex 25.15429999679327 19.99099999666214 0.48
      vertex 25.15429999679327 21.75 0.48
      vertex 7.932619996368885 21.75 0.48
    endloop
  endfacet
  facet normal 0 -1 0
    outer loop
      vertex 13.534019999206066 19.99099999666214 0.48
      vertex 25.15429999679327 19.99099999666214 0.32
      vertex 25.15429999679327 19.99099999666214 0.48
    endloop
  endfacet
  facet normal 0 0 -1
    outer loop
      vertex 13.534019999206066 13.516280002892017 0.32
      vertex 27.091059997677803 13.516280002892017 0.32
      vertex 27.091059997677803 9.187200002372265 0.32
    endloop
  endfacet
  facet normal 0 0 1
    outer loop
      vertex 13.534019999206066 13.516280002892017 0.48
      vertex 27.091059997677803 9.187200002372265 0.48
      vertex 27.091059997677803 13.516280002892017 0.48
    endloop
  endfacet
  facet normal 0 1 0
    outer loop
      vertex 13.534019999206066 13.516280002892017 0.32
      vertex 27.091059997677803 13.516280002892017 0.48
      vertex 27.091059997677803 13.516280002892017 0.32
    endloop
  endfacet
  facet normal 1 0 0
    outer loop
      vertex 27.091059997677803 9.187200002372265 0.32
      vertex 27.091059997677803 13.516280002892017 0.32
      vertex 27.091059997677803 9.187200002372265 0.48
    endloop
  endfacet
  facet normal 1 0 0
    outer loop
      vertex 27.091059997677803 13.516280002892017 0.32
      vertex 27.091059997677803 13.516280002892017 0.48
      vertex 27.091059997677803 9.187200002372265 0.48
    endloop
  endfacet
  facet normal 1 0 0
    outer loop
      vertex 25.15429999679327 19.99099999666214 0.32
      vertex 25.15429999679327 21.75 0.32
      vertex 25.15429999679327 21.75 0.48
    endloop
  endfacet
  facet normal 1 0 0
    outer loop
      vertex 25.15429999679327 19.99099999666214 0.32
      vertex 25.15429999679327 21.75 0.48
      vertex 25.15429999679327 19.99099999666214 0.48
    endloop
  endfacet
  facet normal 0 0 -1
    outer loop
      vertex 25.15429999679327 24.320359997451305 0.32
      vertex 25.15429999679327 22.25 0.32
      vertex 7.932619996368885 22.25 0.32
    endloop
  endfacet
  facet normal 0 1 0
    outer loop
      vertex 13.534019999206066 24.320359997451305 0.32
      vertex 25.15429999679327 24.320359997451305 0.48
      vertex 25.15429999679327 24.320359997451305 0.32
    endloop
  endfacet
  facet normal 0 0 1
    outer loop
      vertex 13.534019999206066 24.320359997451305 0.48
      vertex 25.15429999679327 22.25 0.48
      vertex 25.15429999679327 24.320359997451305 0.48
    endloop
  endfacet
  facet normal 0 0 -1
    outer loop
      vertex 13.534019999206066 30.47224000096321 0.32
      vertex 26.31266000121832 34.801320001482964 0.32
      vertex 26.31266000121832 30.47224000096321 0.32
    endloop
  endfacet
  facet normal 0 -1 0
    outer loop
      vertex 13.534019999206066 30.47224000096321 0.32
      vertex 26.31266000121832 30.47224000096321 0.32
      vertex 13.534019999206066 30.47224000096321 0.48
    endloop
  endfacet
  facet normal 0 -1 0
    outer loop
      vertex 13.534019999206066 30.47224000096321 0.48
      vertex 26.31266000121832 30.47224000096321 0.32
      vertex 26.31266000121832 30.47224000096321 0.48
    endloop
  endfacet
  facet normal 0 1 0
    outer loop
      vertex 7.932619996368885 34.801320001482964 0.32
      vertex 26.31266000121832 34.801320001482964 0.48
      vertex 26.31266000121832 34.801320001482964 0.32
    endloop
  endfacet
  facet normal 0 0 1
    outer loop
      vertex 13.534019999206066 30.47224000096321 0.48
      vertex 26.31266000121832 30.47224000096321 0.48
      vertex 26.31266000121832 34.801320001482964 0.48
    endloop
  endfacet
  facet normal 1 0 0
    outer loop
      vertex 25.15429999679327 24.320359997451305 0.32
      vertex 25.15429999679327 24.320359997451305 0.48
      vertex 25.15429999679327 22.25 0.32
    endloop
  endfacet
  facet normal 1 0 0
    outer loop
      vertex 25.15429999679327 24.320359997451305 0.48
      vertex 25.15429999679327 22.25 0.48
      vertex 25.15429999679327 22.25 0.32
    endloop
  endfacet
  facet normal 1 0 0
    outer loop
      vertex 26.31266000121832 30.47224000096321 0.32
      vertex 26.31266000121832 34.801320001482964 0.32
      vertex 26.31266000121832 30.47224000096321 0.48
    endloop
  endfacet
  facet normal 1 0 0
    outer loop
      vertex 26.31266000121832 34.801320001482964 0.32
      vertex 26.31266000121832 34.801320001482964 0.48
      vertex 26.31266000121832 30.47224000096321 0.48
    endloop
  endfacet
  facet normal 0 1 0
    outer loop
      vertex 7.932619996368885 21.75 0.48
      vertex 25.15429999679327 21.75 0.48
      vertex 7.932619996368885 21.75 0.32
    endloop
  endfacet
  facet normal 0 -1 0
    outer loop
      vertex 7.932619996368885 22.25 0.32
      vertex 25.15429999679327 22.25 0.32
      vertex 7.932619996368885 22.25 0.48
    endloop
  endfacet
  facet normal 0 1 0
    outer loop
      vertex 7.932619996368885 21.75 0.32
      vertex 25.15429999679327 21.75 0.48
      vertex 25.15429999679327 21.75 0.32
    endloop
  endfacet
  facet normal 0 -1 0
    outer loop
      vertex 25.15429999679327 22.25 0.48
      vertex 7.932619996368885 22.25 0.48
      vertex 25.15429999679327 22.25 0.32
    endloop
  endfacet
  facet normal -1 0 0
    outer loop
      vertex 8.502420000731945 34.812799997627735 0
      vertex 8.502420000731945 22.25 0
      vertex 8.502420000731945 22.25 0.16
    endloop
  endfacet
  facet normal 0 0 -1
    outer loop
      vertex 8.502420000731945 34.812799997627735 0
      vertex 14.103540003299713 25.148039996623993 0
      vertex 8.502420000731945 22.25 0
    endloop
  endfacet
  facet normal 0 0 1
    outer loop
      vertex 8.502420000731945 34.812799997627735 0.16
      vertex 8.502420000731945 22.25 0.16
      vertex 14.103540003299713 25.148039996623993 0.16
    endloop
  endfacet
  facet normal -1 0 0
    outer loop
      vertex 8.502420000731945 34.812799997627735 0
      vertex 8.502420000731945 22.25 0.16
      vertex 8.502420000731945 34.812799997627735 0.16
    endloop
  endfacet
  facet normal 0 0 -1
    outer loop
      vertex 8.502420000731945 34.812799997627735 0
      vertex 14.103540003299713 34.812799997627735 0
      vertex 14.103540003299713 25.148039996623993 0
    endloop
  endfacet
  facet normal 0 1 0
    outer loop
      vertex 8.502420000731945 34.812799997627735 0
      vertex 14.103540003299713 34.812799997627735 0.16
      vertex 14.103540003299713 34.812799997627735 0
    endloop
  endfacet
  facet normal 0 1 0
    outer loop
      vertex 8.502420000731945 34.812799997627735 0
      vertex 8.502420000731945 34.812799997627735 0.16
      vertex 14.103540003299713 34.812799997627735 0.16
    endloop
  endfacet
  facet normal 0 0 1
    outer loop
      vertex 8.502420000731945 34.812799997627735 0.16
      vertex 14.103540003299713 25.148039996623993 0.16
      vertex 14.103540003299713 34.812799997627735 0.16
    endloop
  endfacet
  facet normal 1 0 0
    outer loop
      vertex 14.103540003299713 25.148039996623993 0
      vertex 14.103540003299713 34.812799997627735 0
      vertex 14.103540003299713 25.148039996623993 0.16
    endloop
  endfacet
  facet normal 0 0 -1
    outer loop
      vertex 14.103540003299713 25.148039996623993 0
      vertex 25.894900001585484 25.148039996623993 0
      vertex 8.502420000731945 22.25 0
    endloop
  endfacet
  facet normal 0 0 1
    outer loop
      vertex 14.103540003299713 25.148039996623993 0.16
      vertex 8.502420000731945 22.25 0.16
      vertex 25.894900001585484 22.25 0.16
    endloop
  endfacet
  facet normal 1 0 0
    outer loop
      vertex 14.103540003299713 34.812799997627735 0
      vertex 14.103540003299713 34.812799997627735 0.16
      vertex 14.103540003299713 25.148039996623993 0.16
    endloop
  endfacet
  facet normal 0 1 0
    outer loop
      vertex 14.103540003299713 25.148039996623993 0
      vertex 14.103540003299713 25.148039996623993 0.16
      vertex 25.894900001585484 25.148039996623993 0.16
    endloop
  endfacet
  facet normal 0 0 -1
    outer loop
      vertex 25.894900001585484 25.148039996623993 0
      vertex 25.894900001585484 22.25 0
      vertex 8.502420000731945 22.25 0
    endloop
  endfacet
  facet normal 0 1 0
    outer loop
      vertex 14.103540003299713 25.148039996623993 0
      vertex 25.894900001585484 25.148039996623993 0.16
      vertex 25.894900001585484 25.148039996623993 0
    endloop
  endfacet
  facet normal 0 0 1
    outer loop
      vertex 14.103540003299713 25.148039996623993 0.16
      vertex 25.894900001585484 22.25 0.16
      vertex 25.894900001585484 25.148039996623993 0.16
    endloop
  endfacet
  facet normal 1 0 0
    outer loop
      vertex 25.894900001585484 25.148039996623993 0
      vertex 25.894900001585484 25.148039996623993 0.16
      vertex 25.894900001585484 22.25 0
    endloop
  endfacet
  facet normal 1 0 0
    outer loop
      vertex 25.894900001585484 25.148039996623993 0.16
      vertex 25.894900001585484 22.25 0.16
      vertex 25.894900001585484 22.25 0
    endloop
  endfacet
  facet normal 0 -1 0
    outer loop
      vertex 8.502420000731945 22.25 0
      vertex 25.894900001585484 22.25 0
      vertex 8.502420000731945 22.25 0.16
    endloop
  endfacet
  facet normal 0 -1 0
    outer loop
      vertex 25.894900001585484 22.25 0.16
      vertex 8.502420000731945 22.25 0.16
      vertex 25.894900001585484 22.25 0
    endloop
  endfacet
endsolid OpenSCAD_Model
