solid OpenSCAD_Model
  facet normal -1 0 0
    outer loop
      vertex 8.502420000731945 9.198679998517036 0
      vertex 8.502420000731945 9.198679998517036 0.16
      vertex 8.502420000731945 21.75 0
    endloop
  endfacet
  facet normal -1 0 0
    outer loop
      vertex 8.502420000731945 9.198679998517036 0.16
      vertex 8.502420000731945 21.75 0.16
      vertex 8.502420000731945 21.75 0
    endloop
  endfacet
  facet normal 0 0 -1
    outer loop
      vertex 8.502420000731945 9.198679998517036 0
      vertex 8.502420000731945 21.75 0
      vertex 14.103540003299713 20.81896000355482 0
    endloop
  endfacet
  facet normal 0 0 1
    outer loop
      vertex 8.502420000731945 9.198679998517036 0.16
      vertex 14.103540003299713 20.81896000355482 0.16
      vertex 8.502420000731945 21.75 0.16
    endloop
  endfacet
  facet normal 0 0 -1
    outer loop
      vertex 8.502420000731945 9.198679998517036 0
      vertex 14.103540003299713 20.81896000355482 0
      vertex 14.103540003299713 13.527759999036789 0
    endloop
  endfacet
  facet normal 0 -1 0
    outer loop
      vertex 8.502420000731945 9.198679998517036 0
      vertex 26.33169999718666 9.198679998517036 0
      vertex 8.502420000731945 9.198679998517036 0.16
    endloop
  endfacet
  facet normal 0 0 -1
    outer loop
      vertex 8.502420000731945 9.198679998517036 0
      vertex 14.103540003299713 13.527759999036789 0
      vertex 26.33169999718666 9.198679998517036 0
    endloop
  endfacet
  facet normal 0 0 1
    outer loop
      vertex 8.502420000731945 9.198679998517036 0.16
      vertex 14.103540003299713 13.527759999036789 0.16
      vertex 14.103540003299713 20.81896000355482 0.16
    endloop
  endfacet
  facet normal 0 0 1
    outer loop
      vertex 8.502420000731945 9.198679998517036 0.16
      vertex 26.33169999718666 9.198679998517036 0.16
      vertex 14.103540003299713 13.527759999036789 0.16
    endloop
  endfacet
  facet normal 1 0 0
    outer loop
      vertex 14.103540003299713 13.527759999036789 0
      vertex 14.103540003299713 20.81896000355482 0
      vertex 14.103540003299713 13.527759999036789 0.16
    endloop
  endfacet
  facet normal 1 0 0
    outer loop
      vertex 14.103540003299713 20.81896000355482 0
      vertex 14.103540003299713 20.81896000355482 0.16
      vertex 14.103540003299713 13.527759999036789 0.16
    endloop
  endfacet
  facet normal 0 0 -1
    outer loop
      vertex 14.103540003299713 20.81896000355482 0
      vertex 8.502420000731945 21.75 0
      vertex 25.894900001585484 21.75 0
    endloop
  endfacet
  facet normal 0 0 1
    outer loop
      vertex 14.103540003299713 20.81896000355482 0.16
      vertex 25.894900001585484 20.81896000355482 0.16
      vertex 8.502420000731945 21.75 0.16
    endloop
  endfacet
  facet normal 0 1 0
    outer loop
      vertex 14.103540003299713 13.527759999036789 0
      vertex 14.103540003299713 13.527759999036789 0.16
      vertex 26.33169999718666 13.527759999036789 0.16
    endloop
  endfacet
  facet normal 0 -1 0
    outer loop
      vertex 8.502420000731945 9.198679998517036 0.16
      vertex 26.33169999718666 9.198679998517036 0
      vertex 26.33169999718666 9.198679998517036 0.16
    endloop
  endfacet
  facet normal 0 -1 0
    outer loop
      vertex 14.103540003299713 20.81896000355482 0
      vertex 25.894900001585484 20.81896000355482 0
      vertex 14.103540003299713 20.81896000355482 0.16
    endloop
  endfacet
  facet normal 0 0 1
    outer loop
      vertex 25.894900001585484 20.81896000355482 0.16
      vertex 25.894900001585484 21.75 0.16
      vertex 8.502420000731945 21.75 0.16
    endloop
  endfacet
  facet normal 0 0 -1
    outer loop
      vertex 14.103540003299713 13.527759999036789 0
      vertex 26.33169999718666 13.527759999036789 0
      vertex 26.33169999718666 9.198679998517036 0
    endloop
  endfacet
  facet normal 0 1 0
    outer loop
      vertex 14.103540003299713 13.527759999036789 0
      vertex 26.33169999718666 13.527759999036789 0.16
      vertex 26.33169999718666 13.527759999036789 0
    endloop
  endfacet
  facet normal 1 0 0
    outer loop
      vertex 26.33169999718666 9.198679998517036 0
      vertex 26.33169999718666 13.527759999036789 0
      vertex 26.33169999718666 9.198679998517036 0.16
    endloop
  endfacet
  facet normal 1 0 0
    outer loop
      vertex 26.33169999718666 13.527759999036789 0
      vertex 26.33169999718666 13.527759999036789 0.16
      vertex 26.33169999718666 9.198679998517036 0.16
    endloop
  endfacet
  facet normal 0 0 1
    outer loop
      vertex 14.103540003299713 13.527759999036789 0.16
      vertex 26.33169999718666 9.198679998517036 0.16
      vertex 26.33169999718666 13.527759999036789 0.16
    endloop
  endfacet
  facet normal 0 0 -1
    outer loop
      vertex 14.103540003299713 20.81896000355482 0
      vertex 25.894900001585484 21.75 0
      vertex 25.894900001585484 20.81896000355482 0
    endloop
  endfacet
  facet normal 0 -1 0
    outer loop
      vertex 14.103540003299713 20.81896000355482 0.16
      vertex 25.894900001585484 20.81896000355482 0
      vertex 25.894900001585484 20.81896000355482 0.16
    endloop
  endfacet
  facet normal 1 0 0
    outer loop
      vertex 25.894900001585484 20.81896000355482 0
      vertex 25.894900001585484 21.75 0
      vertex 25.894900001585484 21.75 0.16
    endloop
  endfacet
  facet normal 1 0 0
    outer loop
      vertex 25.894900001585484 20.81896000355482 0
      vertex 25.894900001585484 21.75 0.16
      vertex 25.894900001585484 20.81896000355482 0.16
    endloop
  endfacet
  facet normal 0 1 0
    outer loop
      vertex 8.502420000731945 21.75 0.16
      vertex 25.894900001585484 21.75 0.16
      vertex 8.502420000731945 21.75 0
    endloop
  endfacet
  facet normal 0 1 0
    outer loop
      vertex 8.502420000731945 21.75 0
      vertex 25.894900001585484 21.75 0.16
      vertex 25.894900001585484 21.75 0
    endloop
  endfacet
  facet normal 0 0 -1
    outer loop
      vertex 8.375203669071198 14.303920529782772 0.32
      vertex 8.201093420386314 14.677124537527561 0.32
      vertex 13.306794442236423 16.676438868045807 0.32
    endloop
  endfacet
  facet normal 0 0 -1
    outer loop
      vertex 8.960847221314907 13.24912665039301 0.32
      vertex 8.755080565810204 13.589921586215496 0.32
      vertex 13.588134102523327 16.00023251771927 0.32
    endloop
  endfacet
  facet normal 0 0 -1
    outer loop
      vertex 8.375203669071198 14.303920529782772 0.32
      vertex 13.395765103399754 16.443714402616024 0.32
      vertex 8.559866048395634 13.941519543528557 0.32
    endloop
  endfacet
  facet normal 0 0 -1
    outer loop
      vertex 8.755080565810204 13.589921586215496 0.32
      vertex 8.559866048395634 13.941519543528557 0.32
      vertex 13.489544987678528 16.21831228584051 0.32
    endloop
  endfacet
  facet normal 0 0 -1
    outer loop
      vertex 9.177166014909744 12.919134743511677 0.32
      vertex 13.799740001559258 15.586039997637272 0.32
      vertex 9.404036939144135 12.599945858120918 0.32
    endloop
  endfacet
  facet normal 0 0 -1
    outer loop
      vertex 9.888274975121021 11.99518609046936 0.32
      vertex 9.641460001468658 12.291560001671314 0.32
      vertex 14.03106128424406 15.203863821923733 0.32
    endloop
  endfacet
  facet normal 0 0 -1
    outer loop
      vertex 9.641460001468658 12.291560001671314 0.32
      vertex 9.404036939144135 12.599945858120918 0.32
      vertex 13.912888579070568 15.390608996152878 0.32
    endloop
  endfacet
  facet normal 0 0 -1
    outer loop
      vertex 9.888274975121021 11.99518609046936 0.32
      vertex 14.154258109629154 15.025804460048676 0.32
      vertex 10.143272928893566 11.711984351277351 0.32
    endloop
  endfacet
  facet normal 0 0 -1
    outer loop
      vertex 10.406453877687454 11.441954784095287 0.32
      vertex 14.28247905522585 14.856430925428867 0.32
      vertex 10.677817806601524 11.185097388923168 0.32
    endloop
  endfacet
  facet normal 0 0 -1
    outer loop
      vertex 10.143272928893566 11.711984351277351 0.32
      vertex 14.154258109629154 15.025804460048676 0.32
      vertex 10.406453877687454 11.441954784095287 0.32
    endloop
  endfacet
  facet normal 0 0 -1
    outer loop
      vertex 9.177166014909744 12.919134743511677 0.32
      vertex 8.960847221314907 13.24912665039301 0.32
      vertex 13.69153244048357 15.789475083351135 0.32
    endloop
  endfacet
  facet normal -0.9200243580880701 -0.3918611750666739 0
    outer loop
      vertex 8.037535309791565 15.061131566762924 0.32
      vertex 8.201093420386314 14.677124537527561 0.32
      vertex 8.037535309791565 15.061131566762924 0.48
    endloop
  endfacet
  facet normal -0.9324278782109519 -0.36135612895732366 0
    outer loop
      vertex 8.037535309791565 15.061131566762924 0.32
      vertex 7.884529337286949 15.455941624939442 0.48
      vertex 7.884529337286949 15.455941624939442 0.32
    endloop
  endfacet
  facet normal -0.8150853614515824 -0.5793408785398656 0
    outer loop
      vertex 9.177166014909744 12.919134743511677 0.32
      vertex 9.404036939144135 12.599945858120918 0.32
      vertex 9.177166014909744 12.919134743511677 0.48
    endloop
  endfacet
  facet normal -0.8560603601624382 -0.516875864941048 0
    outer loop
      vertex 8.960847221314907 13.24912665039301 0.32
      vertex 8.755080565810204 13.589921586215496 0.48
      vertex 8.755080565810204 13.589921586215496 0.32
    endloop
  endfacet
  facet normal -0.8363249453762265 -0.5482340610920227 0
    outer loop
      vertex 9.177166014909744 12.919134743511677 0.32
      vertex 8.960847221314907 13.24912665039301 0.48
      vertex 8.960847221314907 13.24912665039301 0.32
    endloop
  endfacet
  facet normal -0.9062311697094615 -0.42278252925945414 0
    outer loop
      vertex 8.375203669071198 14.303920529782772 0.32
      vertex 8.201093420386314 14.677124537527561 0.48
      vertex 8.201093420386314 14.677124537527561 0.32
    endloop
  endfacet
  facet normal -0.8742814751729587 -0.4854193055178123 0
    outer loop
      vertex 8.755080565810204 13.589921586215496 0.32
      vertex 8.559866048395634 13.941519543528557 0.48
      vertex 8.559866048395634 13.941519543528557 0.32
    endloop
  endfacet
  facet normal -0.8909967240546562 -0.4540097330717382 0
    outer loop
      vertex 8.375203669071198 14.303920529782772 0.32
      vertex 8.559866048395634 13.941519543528557 0.32
      vertex 8.375203669071198 14.303920529782772 0.48
    endloop
  endfacet
  facet normal -0.9324278782109519 -0.36135612895732366 0
    outer loop
      vertex 8.037535309791565 15.061131566762924 0.32
      vertex 8.037535309791565 15.061131566762924 0.48
      vertex 7.884529337286949 15.455941624939442 0.48
    endloop
  endfacet
  facet normal -0.8742814751729587 -0.4854193055178123 0
    outer loop
      vertex 8.755080565810204 13.589921586215496 0.32
      vertex 8.755080565810204 13.589921586215496 0.48
      vertex 8.559866048395634 13.941519543528557 0.48
    endloop
  endfacet
  facet normal -0.8150853614515824 -0.5793408785398656 0
    outer loop
      vertex 9.404036939144135 12.599945858120918 0.32
      vertex 9.404036939144135 12.599945858120918 0.48
      vertex 9.177166014909744 12.919134743511677 0.48
    endloop
  endfacet
  facet normal -0.8560603601624382 -0.516875864941048 0
    outer loop
      vertex 8.960847221314907 13.24912665039301 0.32
      vertex 8.960847221314907 13.24912665039301 0.48
      vertex 8.755080565810204 13.589921586215496 0.48
    endloop
  endfacet
  facet normal -0.8363249453762265 -0.5482340610920227 0
    outer loop
      vertex 9.177166014909744 12.919134743511677 0.32
      vertex 9.177166014909744 12.919134743511677 0.48
      vertex 8.960847221314907 13.24912665039301 0.48
    endloop
  endfacet
  facet normal -0.9062311697094615 -0.42278252925945414 0
    outer loop
      vertex 8.375203669071198 14.303920529782772 0.32
      vertex 8.375203669071198 14.303920529782772 0.48
      vertex 8.201093420386314 14.677124537527561 0.48
    endloop
  endfacet
  facet normal -0.8909967240546562 -0.4540097330717382 0
    outer loop
      vertex 8.559866048395634 13.941519543528557 0.32
      vertex 8.559866048395634 13.941519543528557 0.48
      vertex 8.375203669071198 14.303920529782772 0.48
    endloop
  endfacet
  facet normal -0.9200243580880701 -0.3918611750666739 0
    outer loop
      vertex 8.201093420386314 14.677124537527561 0.32
      vertex 8.201093420386314 14.677124537527561 0.48
      vertex 8.037535309791565 15.061131566762924 0.48
    endloop
  endfacet
  facet normal -0.7161298755756563 -0.6979670488697837 0
    outer loop
      vertex 10.143272928893566 11.711984351277351 0.32
      vertex 10.406453877687454 11.441954784095287 0.32
      vertex 10.143272928893566 11.711984351277351 0.48
    endloop
  endfacet
  facet normal -0.7431422647677459 -0.669133450304097 0
    outer loop
      vertex 9.888274975121021 11.99518609046936 0.32
      vertex 10.143272928893566 11.711984351277351 0.32
      vertex 9.888274975121021 11.99518609046936 0.48
    endloop
  endfacet
  facet normal -0.6874283333221681 -0.7262522196495554 0
    outer loop
      vertex 10.406453877687454 11.441954784095287 0.32
      vertex 10.677817806601524 11.185097388923168 0.32
      vertex 10.406453877687454 11.441954784095287 0.48
    endloop
  endfacet
  facet normal -0.5574154269373612 -0.8302337272191724 0
    outer loop
      vertex 11.541007526218891 10.493558257818222 0.32
      vertex 11.845103405416012 10.289389565587044 0.32
      vertex 11.541007526218891 10.493558257818222 0.48
    endloop
  endfacet
  facet normal -0.6571009537442999 -0.7538025846256642 0
    outer loop
      vertex 10.677817806601524 11.185097388923168 0.32
      vertex 10.957364723086357 10.941412173211575 0.32
      vertex 10.677817806601524 11.185097388923168 0.48
    endloop
  endfacet
  facet normal -0.6252392152523064 -0.7804331641535232 0
    outer loop
      vertex 10.957364723086357 10.941412173211575 0.32
      vertex 11.245094634592533 10.710899129509926 0.32
      vertex 10.957364723086357 10.941412173211575 0.48
    endloop
  endfacet
  facet normal -0.5919623040842247 -0.805965650969876 0
    outer loop
      vertex 11.245094634592533 10.710899129509926 0.32
      vertex 11.541007526218891 10.493558257818222 0.32
      vertex 11.245094634592533 10.710899129509926 0.48
    endloop
  endfacet
  facet normal -0.7684294499116676 -0.6399345126717669 0
    outer loop
      vertex 9.888274975121021 11.99518609046936 0.32
      vertex 9.888274975121021 11.99518609046936 0.48
      vertex 9.641460001468658 12.291560001671314 0.48
    endloop
  endfacet
  facet normal -0.7431422647677459 -0.669133450304097 0
    outer loop
      vertex 10.143272928893566 11.711984351277351 0.32
      vertex 10.143272928893566 11.711984351277351 0.48
      vertex 9.888274975121021 11.99518609046936 0.48
    endloop
  endfacet
  facet normal -0.7161298755756563 -0.6979670488697837 0
    outer loop
      vertex 10.406453877687454 11.441954784095287 0.32
      vertex 10.406453877687454 11.441954784095287 0.48
      vertex 10.143272928893566 11.711984351277351 0.48
    endloop
  endfacet
  facet normal -0.5574154269373612 -0.8302337272191724 0
    outer loop
      vertex 11.845103405416012 10.289389565587044 0.32
      vertex 11.845103405416012 10.289389565587044 0.48
      vertex 11.541007526218891 10.493558257818222 0.48
    endloop
  endfacet
  facet normal -0.6874283333221681 -0.7262522196495554 0
    outer loop
      vertex 10.677817806601524 11.185097388923168 0.32
      vertex 10.677817806601524 11.185097388923168 0.48
      vertex 10.406453877687454 11.441954784095287 0.48
    endloop
  endfacet
  facet normal -0.6571009537442999 -0.7538025846256642 0
    outer loop
      vertex 10.957364723086357 10.941412173211575 0.32
      vertex 10.957364723086357 10.941412173211575 0.48
      vertex 10.677817806601524 11.185097388923168 0.48
    endloop
  endfacet
  facet normal -0.6252392152523064 -0.7804331641535232 0
    outer loop
      vertex 11.245094634592533 10.710899129509926 0.32
      vertex 11.245094634592533 10.710899129509926 0.48
      vertex 10.957364723086357 10.941412173211575 0.48
    endloop
  endfacet
  facet normal -0.5919623040842247 -0.805965650969876 0
    outer loop
      vertex 11.541007526218891 10.493558257818222 0.32
      vertex 11.541007526218891 10.493558257818222 0.48
      vertex 11.245094634592533 10.710899129509926 0.48
    endloop
  endfacet
  facet normal -0.7923716365029304 -0.6100386788275544 0
    outer loop
      vertex 9.641460001468658 12.291560001671314 0.32
      vertex 9.404036939144135 12.599945858120918 0.48
      vertex 9.404036939144135 12.599945858120918 0.32
    endloop
  endfacet
  facet normal -0.7684294499116676 -0.6399345126717669 0
    outer loop
      vertex 9.888274975121021 11.99518609046936 0.32
      vertex 9.641460001468658 12.291560001671314 0.48
      vertex 9.641460001468658 12.291560001671314 0.32
    endloop
  endfacet
  facet normal -0.7923716365029304 -0.6100386788275544 0
    outer loop
      vertex 9.641460001468658 12.291560001671314 0.32
      vertex 9.641460001468658 12.291560001671314 0.48
      vertex 9.404036939144135 12.599945858120918 0.48
    endloop
  endfacet
  facet normal 0 0 1
    outer loop
      vertex 8.375203669071198 14.303920529782772 0.48
      vertex 13.306794442236423 16.676438868045807 0.48
      vertex 8.201093420386314 14.677124537527561 0.48
    endloop
  endfacet
  facet normal 0 0 1
    outer loop
      vertex 8.960847221314907 13.24912665039301 0.48
      vertex 13.588134102523327 16.00023251771927 0.48
      vertex 8.755080565810204 13.589921586215496 0.48
    endloop
  endfacet
  facet normal 0 0 1
    outer loop
      vertex 8.375203669071198 14.303920529782772 0.48
      vertex 8.559866048395634 13.941519543528557 0.48
      vertex 13.395765103399754 16.443714402616024 0.48
    endloop
  endfacet
  facet normal 0 0 1
    outer loop
      vertex 8.755080565810204 13.589921586215496 0.48
      vertex 13.489544987678528 16.21831228584051 0.48
      vertex 8.559866048395634 13.941519543528557 0.48
    endloop
  endfacet
  facet normal 0 0 1
    outer loop
      vertex 9.177166014909744 12.919134743511677 0.48
      vertex 9.404036939144135 12.599945858120918 0.48
      vertex 13.799740001559258 15.586039997637272 0.48
    endloop
  endfacet
  facet normal 0 0 1
    outer loop
      vertex 9.888274975121021 11.99518609046936 0.48
      vertex 14.03106128424406 15.203863821923733 0.48
      vertex 9.641460001468658 12.291560001671314 0.48
    endloop
  endfacet
  facet normal 0 0 1
    outer loop
      vertex 9.641460001468658 12.291560001671314 0.48
      vertex 13.912888579070568 15.390608996152878 0.48
      vertex 9.404036939144135 12.599945858120918 0.48
    endloop
  endfacet
  facet normal 0 0 1
    outer loop
      vertex 9.888274975121021 11.99518609046936 0.48
      vertex 10.143272928893566 11.711984351277351 0.48
      vertex 14.154258109629154 15.025804460048676 0.48
    endloop
  endfacet
  facet normal 0 0 1
    outer loop
      vertex 10.406453877687454 11.441954784095287 0.48
      vertex 10.677817806601524 11.185097388923168 0.48
      vertex 14.28247905522585 14.856430925428867 0.48
    endloop
  endfacet
  facet normal 0 0 1
    outer loop
      vertex 10.143272928893566 11.711984351277351 0.48
      vertex 10.406453877687454 11.441954784095287 0.48
      vertex 14.154258109629154 15.025804460048676 0.48
    endloop
  endfacet
  facet normal 0 0 1
    outer loop
      vertex 9.177166014909744 12.919134743511677 0.48
      vertex 13.69153244048357 15.789475083351135 0.48
      vertex 8.960847221314907 13.24912665039301 0.48
    endloop
  endfacet
  facet normal 0 0 -1
    outer loop
      vertex 7.488824233412743 16.7051899433136 0.32
      vertex 7.378026805818081 17.143212094902992 0.32
      vertex 12.873964197933674 18.226554855704308 0.32
    endloop
  endfacet
  facet normal 0 0 -1
    outer loop
      vertex 7.378026805818081 17.143212094902992 0.32
      vertex 7.277781508862972 17.59203727543354 0.32
      vertex 12.818658106029034 18.51053572446108 0.32
    endloop
  endfacet
  facet normal 0 0 -1
    outer loop
      vertex 7.108947336673737 18.52209670841694 0.32
      vertex 12.722473613917828 19.10046450048685 0.32
      vertex 7.188088357448578 18.051665484905243 0.32
    endloop
  endfacet
  facet normal 0 0 -1
    outer loop
      vertex 7.277781508862972 17.59203727543354 0.32
      vertex 7.188088357448578 18.051665484905243 0.32
      vertex 12.768161244690418 18.80183894187212 0.32
    endloop
  endfacet
  facet normal 0 0 -1
    outer loop
      vertex 7.108947336673737 18.52209670841694 0.32
      vertex 7.040358446538448 19.00333096086979 0.32
      vertex 12.6815951988101 19.40641240030527 0.32
    endloop
  endfacet
  facet normal 0 0 -1
    outer loop
      vertex 7.040358446538448 19.00333096086979 0.32
      vertex 6.982321701943874 19.495368242263794 0.32
      vertex 12.645526014268398 19.71968264877796 0.32
    endloop
  endfacet
  facet normal 0 0 -1
    outer loop
      vertex 6.982321701943874 19.495368242263794 0.32
      vertex 6.9348370879888535 19.998208545148373 0.32
      vertex 12.587815314531326 20.36819016933441 0.32
    endloop
  endfacet
  facet normal 0 0 -1
    outer loop
      vertex 6.9348370879888535 19.998208545148373 0.32
      vertex 6.897904612123966 20.511851869523525 0.32
      vertex 12.566173799335957 20.70342744886875 0.32
    endloop
  endfacet
  facet normal 0 0 -1
    outer loop
      vertex 6.897904612123966 20.511851869523525 0.32
      vertex 6.871524274349213 21.036298222839832 0.32
      vertex 12.549341514706612 21.04598706960678 0.32
    endloop
  endfacet
  facet normal 0 0 -1
    outer loop
      vertex 6.871524274349213 21.036298222839832 0.32
      vertex 6.855696067214012 21.571547597646713 0.32
      vertex 12.53731845319271 21.39586903899908 0.32
    endloop
  endfacet
  facet normal 0 0 -1
    outer loop
      vertex 6.855696067214012 21.571547597646713 0.32
      vertex 6.853971823918659 21.75 0.32
      vertex 12.530166681926882 21.75 0.32
    endloop
  endfacet
  facet normal 0 0 -1
    outer loop
      vertex 8.037535309791565 15.061131566762924 0.32
      vertex 13.222633004188538 16.91648567467928 0.32
      vertex 8.201093420386314 14.677124537527561 0.32
    endloop
  endfacet
  facet normal 0 0 -1
    outer loop
      vertex 8.037535309791565 15.061131566762924 0.32
      vertex 7.884529337286949 15.455941624939442 0.32
      vertex 13.143280796706676 17.16385482251644 0.32
    endloop
  endfacet
  facet normal 0 0 -1
    outer loop
      vertex 7.742075502872467 15.861554704606533 0.32
      vertex 7.610173799097538 16.27797081321478 0.32
      vertex 12.999004043638706 17.680560149252415 0.32
    endloop
  endfacet
  facet normal 0 0 -1
    outer loop
      vertex 7.742075502872467 15.861554704606533 0.32
      vertex 13.068737804889679 17.418546311557293 0.32
      vertex 7.884529337286949 15.455941624939442 0.32
    endloop
  endfacet
  facet normal 0 0 -1
    outer loop
      vertex 7.610173799097538 16.27797081321478 0.32
      vertex 7.488824233412743 16.7051899433136 0.32
      vertex 12.934079505503178 17.949896335601807 0.32
    endloop
  endfacet
  facet normal 0 0 -1
    outer loop
      vertex 8.559866048395634 13.941519543528557 0.32
      vertex 13.395765103399754 16.443714402616024 0.32
      vertex 13.489544987678528 16.21831228584051 0.32
    endloop
  endfacet
  facet normal 0 0 -1
    outer loop
      vertex 8.375203669071198 14.303920529782772 0.32
      vertex 13.306794442236423 16.676438868045807 0.32
      vertex 13.395765103399754 16.443714402616024 0.32
    endloop
  endfacet
  facet normal 0 0 -1
    outer loop
      vertex 8.201093420386314 14.677124537527561 0.32
      vertex 13.222633004188538 16.91648567467928 0.32
      vertex 13.306794442236423 16.676438868045807 0.32
    endloop
  endfacet
  facet normal 0 0 -1
    outer loop
      vertex 8.037535309791565 15.061131566762924 0.32
      vertex 13.143280796706676 17.16385482251644 0.32
      vertex 13.222633004188538 16.91648567467928 0.32
    endloop
  endfacet
  facet normal 0 0 -1
    outer loop
      vertex 7.742075502872467 15.861554704606533 0.32
      vertex 12.999004043638706 17.680560149252415 0.32
      vertex 13.068737804889679 17.418546311557293 0.32
    endloop
  endfacet
  facet normal 0 0 -1
    outer loop
      vertex 7.884529337286949 15.455941624939442 0.32
      vertex 13.068737804889679 17.418546311557293 0.32
      vertex 13.143280796706676 17.16385482251644 0.32
    endloop
  endfacet
  facet normal 0 0 -1
    outer loop
      vertex 7.610173799097538 16.27797081321478 0.32
      vertex 12.934079505503178 17.949896335601807 0.32
      vertex 12.999004043638706 17.680560149252415 0.32
    endloop
  endfacet
  facet normal 0 0 -1
    outer loop
      vertex 7.488824233412743 16.7051899433136 0.32
      vertex 12.873964197933674 18.226554855704308 0.32
      vertex 12.934079505503178 17.949896335601807 0.32
    endloop
  endfacet
  facet normal 0 0 -1
    outer loop
      vertex 7.188088357448578 18.051665484905243 0.32
      vertex 12.722473613917828 19.10046450048685 0.32
      vertex 12.768161244690418 18.80183894187212 0.32
    endloop
  endfacet
  facet normal 0 0 -1
    outer loop
      vertex 7.378026805818081 17.143212094902992 0.32
      vertex 12.818658106029034 18.51053572446108 0.32
      vertex 12.873964197933674 18.226554855704308 0.32
    endloop
  endfacet
  facet normal 0 0 -1
    outer loop
      vertex 7.277781508862972 17.59203727543354 0.32
      vertex 12.768161244690418 18.80183894187212 0.32
      vertex 12.818658106029034 18.51053572446108 0.32
    endloop
  endfacet
  facet normal 0 0 -1
    outer loop
      vertex 7.108947336673737 18.52209670841694 0.32
      vertex 12.6815951988101 19.40641240030527 0.32
      vertex 12.722473613917828 19.10046450048685 0.32
    endloop
  endfacet
  facet normal 0 0 -1
    outer loop
      vertex 7.040358446538448 19.00333096086979 0.32
      vertex 12.645526014268398 19.71968264877796 0.32
      vertex 12.6815951988101 19.40641240030527 0.32
    endloop
  endfacet
  facet normal 0 0 -1
    outer loop
      vertex 6.982321701943874 19.495368242263794 0.32
      vertex 12.61426605284214 20.040275238454342 0.32
      vertex 12.645526014268398 19.71968264877796 0.32
    endloop
  endfacet
  facet normal 0 0 -1
    outer loop
      vertex 6.982321701943874 19.495368242263794 0.32
      vertex 12.587815314531326 20.36819016933441 0.32
      vertex 12.61426605284214 20.040275238454342 0.32
    endloop
  endfacet
  facet normal 0 0 -1
    outer loop
      vertex 6.9348370879888535 19.998208545148373 0.32
      vertex 12.566173799335957 20.70342744886875 0.32
      vertex 12.587815314531326 20.36819016933441 0.32
    endloop
  endfacet
  facet normal 0 0 -1
    outer loop
      vertex 6.897904612123966 20.511851869523525 0.32
      vertex 12.549341514706612 21.04598706960678 0.32
      vertex 12.566173799335957 20.70342744886875 0.32
    endloop
  endfacet
  facet normal 0 0 -1
    outer loop
      vertex 6.871524274349213 21.036298222839832 0.32
      vertex 12.53731845319271 21.39586903899908 0.32
      vertex 12.549341514706612 21.04598706960678 0.32
    endloop
  endfacet
  facet normal 0 0 -1
    outer loop
      vertex 6.855696067214012 21.571547597646713 0.32
      vertex 12.530166681926882 21.75 0.32
      vertex 12.53731845319271 21.39586903899908 0.32
    endloop
  endfacet
  facet normal -0.9694659877329297 -0.24522581150648692 0
    outer loop
      vertex 7.488824233412743 16.7051899433136 0.32
      vertex 7.378026805818081 17.143212094902992 0.48
      vertex 7.378026805818081 17.143212094902992 0.32
    endloop
  endfacet
  facet normal -0.9533181052890887 -0.30196786274042814 0
    outer loop
      vertex 7.742075502872467 15.861554704606533 0.32
      vertex 7.610173799097538 16.27797081321478 0.48
      vertex 7.610173799097538 16.27797081321478 0.32
    endloop
  endfacet
  facet normal -0.9435029578822552 -0.3313641025630802 0
    outer loop
      vertex 7.742075502872467 15.861554704606533 0.32
      vertex 7.884529337286949 15.455941624939442 0.32
      vertex 7.742075502872467 15.861554704606533 0.48
    endloop
  endfacet
  facet normal -0.961946901881688 -0.27323645064343477 0
    outer loop
      vertex 7.610173799097538 16.27797081321478 0.32
      vertex 7.488824233412743 16.7051899433136 0.48
      vertex 7.488824233412743 16.7051899433136 0.32
    endloop
  endfacet
  facet normal -0.9759533268437118 -0.21797959496863664 0
    outer loop
      vertex 7.378026805818081 17.143212094902992 0.32
      vertex 7.277781508862972 17.59203727543354 0.48
      vertex 7.277781508862972 17.59203727543354 0.32
    endloop
  endfacet
  facet normal -0.9861426538238883 -0.16589956693487448 0
    outer loop
      vertex 7.108947336673737 18.52209670841694 0.32
      vertex 7.188088357448578 18.051665484905243 0.32
      vertex 7.108947336673737 18.52209670841694 0.48
    endloop
  endfacet
  facet normal -0.9814867392387395 -0.1915301038962455 0
    outer loop
      vertex 7.277781508862972 17.59203727543354 0.32
      vertex 7.188088357448578 18.051665484905243 0.48
      vertex 7.188088357448578 18.051665484905243 0.32
    endloop
  endfacet
  facet normal -0.9694659877329297 -0.24522581150648692 0
    outer loop
      vertex 7.488824233412743 16.7051899433136 0.32
      vertex 7.488824233412743 16.7051899433136 0.48
      vertex 7.378026805818081 17.143212094902992 0.48
    endloop
  endfacet
  facet normal -0.9533181052890887 -0.30196786274042814 0
    outer loop
      vertex 7.742075502872467 15.861554704606533 0.32
      vertex 7.742075502872467 15.861554704606533 0.48
      vertex 7.610173799097538 16.27797081321478 0.48
    endloop
  endfacet
  facet normal -0.9435029578822552 -0.3313641025630802 0
    outer loop
      vertex 7.884529337286949 15.455941624939442 0.32
      vertex 7.884529337286949 15.455941624939442 0.48
      vertex 7.742075502872467 15.861554704606533 0.48
    endloop
  endfacet
  facet normal -0.961946901881688 -0.27323645064343477 0
    outer loop
      vertex 7.610173799097538 16.27797081321478 0.32
      vertex 7.610173799097538 16.27797081321478 0.48
      vertex 7.488824233412743 16.7051899433136 0.48
    endloop
  endfacet
  facet normal -0.9759533268437118 -0.21797959496863664 0
    outer loop
      vertex 7.378026805818081 17.143212094902992 0.32
      vertex 7.378026805818081 17.143212094902992 0.48
      vertex 7.277781508862972 17.59203727543354 0.48
    endloop
  endfacet
  facet normal -0.9814867392387395 -0.1915301038962455 0
    outer loop
      vertex 7.277781508862972 17.59203727543354 0.32
      vertex 7.277781508862972 17.59203727543354 0.48
      vertex 7.188088357448578 18.051665484905243 0.48
    endloop
  endfacet
  facet normal -0.9861426538238883 -0.16589956693487448 0
    outer loop
      vertex 7.188088357448578 18.051665484905243 0.32
      vertex 7.188088357448578 18.051665484905243 0.48
      vertex 7.108947336673737 18.52209670841694 0.48
    endloop
  endfacet
  facet normal -0.9899951948707076 -0.1411010777170378 0
    outer loop
      vertex 7.108947336673737 18.52209670841694 0.32
      vertex 7.108947336673737 18.52209670841694 0.48
      vertex 7.040358446538448 19.00333096086979 0.48
    endloop
  endfacet
  facet normal 0 0 1
    outer loop
      vertex 7.488824233412743 16.7051899433136 0.48
      vertex 12.873964197933674 18.226554855704308 0.48
      vertex 7.378026805818081 17.143212094902992 0.48
    endloop
  endfacet
  facet normal 0 0 1
    outer loop
      vertex 7.378026805818081 17.143212094902992 0.48
      vertex 12.818658106029034 18.51053572446108 0.48
      vertex 7.277781508862972 17.59203727543354 0.48
    endloop
  endfacet
  facet normal 0 0 1
    outer loop
      vertex 7.108947336673737 18.52209670841694 0.48
      vertex 7.188088357448578 18.051665484905243 0.48
      vertex 12.722473613917828 19.10046450048685 0.48
    endloop
  endfacet
  facet normal 0 0 1
    outer loop
      vertex 7.277781508862972 17.59203727543354 0.48
      vertex 12.768161244690418 18.80183894187212 0.48
      vertex 7.188088357448578 18.051665484905243 0.48
    endloop
  endfacet
  facet normal -0.9899951948707076 -0.1411010777170378 0
    outer loop
      vertex 7.108947336673737 18.52209670841694 0.32
      vertex 7.040358446538448 19.00333096086979 0.48
      vertex 7.040358446538448 19.00333096086979 0.32
    endloop
  endfacet
  facet normal -0.9931154259977392 -0.11713987640991098 0
    outer loop
      vertex 7.040358446538448 19.00333096086979 0.32
      vertex 6.982321701943874 19.495368242263794 0.48
      vertex 6.982321701943874 19.495368242263794 0.32
    endloop
  endfacet
  facet normal -0.9955708249892375 -0.0940145330799924 0
    outer loop
      vertex 6.982321701943874 19.495368242263794 0.32
      vertex 6.9348370879888535 19.998208545148373 0.48
      vertex 6.9348370879888535 19.998208545148373 0.32
    endloop
  endfacet
  facet normal -0.99742496259343 -0.0717178080778731 0
    outer loop
      vertex 6.9348370879888535 19.998208545148373 0.32
      vertex 6.897904612123966 20.511851869523525 0.48
      vertex 6.897904612123966 20.511851869523525 0.32
    endloop
  endfacet
  facet normal -0.998737284892163 -0.05023779221095084 0
    outer loop
      vertex 6.897904612123966 20.511851869523525 0.32
      vertex 6.871524274349213 21.036298222839832 0.48
      vertex 6.871524274349213 21.036298222839832 0.32
    endloop
  endfacet
  facet normal -0.9995630453213434 -0.029558728455771448 0
    outer loop
      vertex 6.871524274349213 21.036298222839832 0.32
      vertex 6.855696067214012 21.571547597646713 0.48
      vertex 6.855696067214012 21.571547597646713 0.32
    endloop
  endfacet
  facet normal -0.9999533241870193 -0.009661751773350062 0
    outer loop
      vertex 6.855696067214012 21.571547597646713 0.32
      vertex 6.855696067214012 21.571547597646713 0.48
      vertex 6.853971823918659 21.75 0.32
    endloop
  endfacet
  facet normal -0.9931154259977392 -0.11713987640991098 0
    outer loop
      vertex 7.040358446538448 19.00333096086979 0.32
      vertex 7.040358446538448 19.00333096086979 0.48
      vertex 6.982321701943874 19.495368242263794 0.48
    endloop
  endfacet
  facet normal -0.9955708249892375 -0.0940145330799924 0
    outer loop
      vertex 6.982321701943874 19.495368242263794 0.32
      vertex 6.982321701943874 19.495368242263794 0.48
      vertex 6.9348370879888535 19.998208545148373 0.48
    endloop
  endfacet
  facet normal -0.99742496259343 -0.0717178080778731 0
    outer loop
      vertex 6.9348370879888535 19.998208545148373 0.32
      vertex 6.9348370879888535 19.998208545148373 0.48
      vertex 6.897904612123966 20.511851869523525 0.48
    endloop
  endfacet
  facet normal -0.998737284892163 -0.05023779221095084 0
    outer loop
      vertex 6.897904612123966 20.511851869523525 0.32
      vertex 6.897904612123966 20.511851869523525 0.48
      vertex 6.871524274349213 21.036298222839832 0.48
    endloop
  endfacet
  facet normal -0.9995630453213434 -0.029558728455771448 0
    outer loop
      vertex 6.871524274349213 21.036298222839832 0.32
      vertex 6.871524274349213 21.036298222839832 0.48
      vertex 6.855696067214012 21.571547597646713 0.48
    endloop
  endfacet
  facet normal -0.9999533241870193 -0.009661751773350062 0
    outer loop
      vertex 6.855696067214012 21.571547597646713 0.48
      vertex 6.853971823918659 21.75 0.48
      vertex 6.853971823918659 21.75 0.32
    endloop
  endfacet
  facet normal 0 0 1
    outer loop
      vertex 7.108947336673737 18.52209670841694 0.48
      vertex 12.6815951988101 19.40641240030527 0.48
      vertex 7.040358446538448 19.00333096086979 0.48
    endloop
  endfacet
  facet normal 0 0 1
    outer loop
      vertex 7.040358446538448 19.00333096086979 0.48
      vertex 12.645526014268398 19.71968264877796 0.48
      vertex 6.982321701943874 19.495368242263794 0.48
    endloop
  endfacet
  facet normal 0 0 1
    outer loop
      vertex 6.982321701943874 19.495368242263794 0.48
      vertex 12.587815314531326 20.36819016933441 0.48
      vertex 6.9348370879888535 19.998208545148373 0.48
    endloop
  endfacet
  facet normal 0 0 1
    outer loop
      vertex 6.9348370879888535 19.998208545148373 0.48
      vertex 12.566173799335957 20.70342744886875 0.48
      vertex 6.897904612123966 20.511851869523525 0.48
    endloop
  endfacet
  facet normal 0 0 1
    outer loop
      vertex 6.897904612123966 20.511851869523525 0.48
      vertex 12.549341514706612 21.04598706960678 0.48
      vertex 6.871524274349213 21.036298222839832 0.48
    endloop
  endfacet
  facet normal 0 0 1
    outer loop
      vertex 6.871524274349213 21.036298222839832 0.48
      vertex 12.53731845319271 21.39586903899908 0.48
      vertex 6.855696067214012 21.571547597646713 0.48
    endloop
  endfacet
  facet normal 0 0 1
    outer loop
      vertex 6.855696067214012 21.571547597646713 0.48
      vertex 12.53731845319271 21.39586903899908 0.48
      vertex 6.853971823918659 21.75 0.48
    endloop
  endfacet
  facet normal 0 0 1
    outer loop
      vertex 8.037535309791565 15.061131566762924 0.48
      vertex 8.201093420386314 14.677124537527561 0.48
      vertex 13.222633004188538 16.91648567467928 0.48
    endloop
  endfacet
  facet normal 0 0 1
    outer loop
      vertex 8.037535309791565 15.061131566762924 0.48
      vertex 13.143280796706676 17.16385482251644 0.48
      vertex 7.884529337286949 15.455941624939442 0.48
    endloop
  endfacet
  facet normal 0 0 1
    outer loop
      vertex 7.742075502872467 15.861554704606533 0.48
      vertex 12.999004043638706 17.680560149252415 0.48
      vertex 7.610173799097538 16.27797081321478 0.48
    endloop
  endfacet
  facet normal 0 0 1
    outer loop
      vertex 7.742075502872467 15.861554704606533 0.48
      vertex 7.884529337286949 15.455941624939442 0.48
      vertex 13.068737804889679 17.418546311557293 0.48
    endloop
  endfacet
  facet normal 0 0 1
    outer loop
      vertex 7.610173799097538 16.27797081321478 0.48
      vertex 12.934079505503178 17.949896335601807 0.48
      vertex 7.488824233412743 16.7051899433136 0.48
    endloop
  endfacet
  facet normal 0 0 1
    outer loop
      vertex 8.559866048395634 13.941519543528557 0.48
      vertex 13.489544987678528 16.21831228584051 0.48
      vertex 13.395765103399754 16.443714402616024 0.48
    endloop
  endfacet
  facet normal 0 0 1
    outer loop
      vertex 8.375203669071198 14.303920529782772 0.48
      vertex 13.395765103399754 16.443714402616024 0.48
      vertex 13.306794442236423 16.676438868045807 0.48
    endloop
  endfacet
  facet normal 0 0 1
    outer loop
      vertex 8.201093420386314 14.677124537527561 0.48
      vertex 13.306794442236423 16.676438868045807 0.48
      vertex 13.222633004188538 16.91648567467928 0.48
    endloop
  endfacet
  facet normal 0 0 1
    outer loop
      vertex 8.037535309791565 15.061131566762924 0.48
      vertex 13.222633004188538 16.91648567467928 0.48
      vertex 13.143280796706676 17.16385482251644 0.48
    endloop
  endfacet
  facet normal 0 0 1
    outer loop
      vertex 7.742075502872467 15.861554704606533 0.48
      vertex 13.068737804889679 17.418546311557293 0.48
      vertex 12.999004043638706 17.680560149252415 0.48
    endloop
  endfacet
  facet normal 0 0 1
    outer loop
      vertex 7.884529337286949 15.455941624939442 0.48
      vertex 13.143280796706676 17.16385482251644 0.48
      vertex 13.068737804889679 17.418546311557293 0.48
    endloop
  endfacet
  facet normal 0 0 1
    outer loop
      vertex 7.610173799097538 16.27797081321478 0.48
      vertex 12.999004043638706 17.680560149252415 0.48
      vertex 12.934079505503178 17.949896335601807 0.48
    endloop
  endfacet
  facet normal 0 0 1
    outer loop
      vertex 7.488824233412743 16.7051899433136 0.48
      vertex 12.934079505503178 17.949896335601807 0.48
      vertex 12.873964197933674 18.226554855704308 0.48
    endloop
  endfacet
  facet normal 0 0 1
    outer loop
      vertex 7.188088357448578 18.051665484905243 0.48
      vertex 12.768161244690418 18.80183894187212 0.48
      vertex 12.722473613917828 19.10046450048685 0.48
    endloop
  endfacet
  facet normal 0 0 1
    outer loop
      vertex 7.378026805818081 17.143212094902992 0.48
      vertex 12.873964197933674 18.226554855704308 0.48
      vertex 12.818658106029034 18.51053572446108 0.48
    endloop
  endfacet
  facet normal 0 0 1
    outer loop
      vertex 7.277781508862972 17.59203727543354 0.48
      vertex 12.818658106029034 18.51053572446108 0.48
      vertex 12.768161244690418 18.80183894187212 0.48
    endloop
  endfacet
  facet normal 0 0 1
    outer loop
      vertex 7.108947336673737 18.52209670841694 0.48
      vertex 12.722473613917828 19.10046450048685 0.48
      vertex 12.6815951988101 19.40641240030527 0.48
    endloop
  endfacet
  facet normal 0 0 1
    outer loop
      vertex 7.040358446538448 19.00333096086979 0.48
      vertex 12.6815951988101 19.40641240030527 0.48
      vertex 12.645526014268398 19.71968264877796 0.48
    endloop
  endfacet
  facet normal 0 0 1
    outer loop
      vertex 6.982321701943874 19.495368242263794 0.48
      vertex 12.645526014268398 19.71968264877796 0.48
      vertex 12.61426605284214 20.040275238454342 0.48
    endloop
  endfacet
  facet normal 0 0 1
    outer loop
      vertex 6.982321701943874 19.495368242263794 0.48
      vertex 12.61426605284214 20.040275238454342 0.48
      vertex 12.587815314531326 20.36819016933441 0.48
    endloop
  endfacet
  facet normal 0 0 1
    outer loop
      vertex 6.9348370879888535 19.998208545148373 0.48
      vertex 12.587815314531326 20.36819016933441 0.48
      vertex 12.566173799335957 20.70342744886875 0.48
    endloop
  endfacet
  facet normal 0 0 1
    outer loop
      vertex 6.897904612123966 20.511851869523525 0.48
      vertex 12.566173799335957 20.70342744886875 0.48
      vertex 12.549341514706612 21.04598706960678 0.48
    endloop
  endfacet
  facet normal 0 0 1
    outer loop
      vertex 6.871524274349213 21.036298222839832 0.48
      vertex 12.549341514706612 21.04598706960678 0.48
      vertex 12.53731845319271 21.39586903899908 0.48
    endloop
  endfacet
  facet normal 0 0 1
    outer loop
      vertex 12.53731845319271 21.39586903899908 0.48
      vertex 12.530166681926882 21.75 0.48
      vertex 6.853971823918659 21.75 0.48
    endloop
  endfacet
  facet normal 0 0 -1
    outer loop
      vertex 10.957364723086357 10.941412173211575 0.32
      vertex 14.553993307054043 14.543741323053837 0.32
      vertex 11.245094634592533 10.710899129509926 0.32
    endloop
  endfacet
  facet normal 0 0 -1
    outer loop
      vertex 11.245094634592533 10.710899129509926 0.32
      vertex 14.697286613285542 14.400425255298615 0.32
      vertex 11.541007526218891 10.493558257818222 0.32
    endloop
  endfacet
  facet normal 0 0 -1
    outer loop
      vertex 11.541007526218891 10.493558257818222 0.32
      vertex 14.697286613285542 14.400425255298615 0.32
      vertex 11.845103405416012 10.289389565587044 0.32
    endloop
  endfacet
  facet normal 0 0 -1
    outer loop
      vertex 11.845103405416012 10.289389565587044 0.32
      vertex 14.845604047179222 14.26579500734806 0.32
      vertex 12.157382264733315 10.09839304536581 0.32
    endloop
  endfacet
  facet normal 0 0 -1
    outer loop
      vertex 12.47784411907196 9.920568697154522 0.32
      vertex 15.157311268150806 14.02259198576212 0.32
      vertex 12.806488960981369 9.755916520953178 0.32
    endloop
  endfacet
  facet normal 0 0 -1
    outer loop
      vertex 12.157382264733315 10.09839304536581 0.32
      vertex 14.998945593833923 14.139850586652756 0.32
      vertex 12.47784411907196 9.920568697154522 0.32
    endloop
  endfacet
  facet normal 0 0 -1
    outer loop
      vertex 12.806488960981369 9.755916520953178 0.32
      vertex 15.32070105522871 13.914019204676151 0.32
      vertex 13.14331678301096 9.60443652421236 0.32
    endloop
  endfacet
  facet normal 0 0 -1
    outer loop
      vertex 13.14331678301096 9.60443652421236 0.32
      vertex 15.489114969968796 13.814132250845432 0.32
      vertex 13.488327600061893 9.466128692030907 0.32
    endloop
  endfacet
  facet normal 0 0 -1
    outer loop
      vertex 13.488327600061893 9.466128692030907 0.32
      vertex 15.489114969968796 13.814132250845432 0.32
      vertex 13.84152139723301 9.340993046760559 0.32
    endloop
  endfacet
  facet normal 0 0 -1
    outer loop
      vertex 10.677817806601524 11.185097388923168 0.32
      vertex 14.415724121034145 14.695743210613728 0.32
      vertex 10.957364723086357 10.941412173211575 0.32
    endloop
  endfacet
  facet normal 0 0 -1
    outer loop
      vertex 9.404036939144135 12.599945858120918 0.32
      vertex 13.799740001559258 15.586039997637272 0.32
      vertex 13.912888579070568 15.390608996152878 0.32
    endloop
  endfacet
  facet normal 0 0 -1
    outer loop
      vertex 8.755080565810204 13.589921586215496 0.32
      vertex 13.489544987678528 16.21831228584051 0.32
      vertex 13.588134102523327 16.00023251771927 0.32
    endloop
  endfacet
  facet normal 0 0 -1
    outer loop
      vertex 8.960847221314907 13.24912665039301 0.32
      vertex 13.588134102523327 16.00023251771927 0.32
      vertex 13.69153244048357 15.789475083351135 0.32
    endloop
  endfacet
  facet normal 0 0 -1
    outer loop
      vertex 9.177166014909744 12.919134743511677 0.32
      vertex 13.69153244048357 15.789475083351135 0.32
      vertex 13.799740001559258 15.586039997637272 0.32
    endloop
  endfacet
  facet normal 0 0 -1
    outer loop
      vertex 9.888274975121021 11.99518609046936 0.32
      vertex 14.03106128424406 15.203863821923733 0.32
      vertex 14.154258109629154 15.025804460048676 0.32
    endloop
  endfacet
  facet normal 0 0 -1
    outer loop
      vertex 9.641460001468658 12.291560001671314 0.32
      vertex 13.912888579070568 15.390608996152878 0.32
      vertex 14.03106128424406 15.203863821923733 0.32
    endloop
  endfacet
  facet normal 0 0 -1
    outer loop
      vertex 10.406453877687454 11.441954784095287 0.32
      vertex 14.154258109629154 15.025804460048676 0.32
      vertex 14.28247905522585 14.856430925428867 0.32
    endloop
  endfacet
  facet normal 0 0 -1
    outer loop
      vertex 10.677817806601524 11.185097388923168 0.32
      vertex 14.28247905522585 14.856430925428867 0.32
      vertex 14.415724121034145 14.695743210613728 0.32
    endloop
  endfacet
  facet normal 0 0 -1
    outer loop
      vertex 10.957364723086357 10.941412173211575 0.32
      vertex 14.415724121034145 14.695743210613728 0.32
      vertex 14.553993307054043 14.543741323053837 0.32
    endloop
  endfacet
  facet normal 0 0 -1
    outer loop
      vertex 11.245094634592533 10.710899129509926 0.32
      vertex 14.553993307054043 14.543741323053837 0.32
      vertex 14.697286613285542 14.400425255298615 0.32
    endloop
  endfacet
  facet normal 0 0 -1
    outer loop
      vertex 12.157382264733315 10.09839304536581 0.32
      vertex 14.845604047179222 14.26579500734806 0.32
      vertex 14.998945593833923 14.139850586652756 0.32
    endloop
  endfacet
  facet normal 0 0 -1
    outer loop
      vertex 12.47784411907196 9.920568697154522 0.32
      vertex 14.998945593833923 14.139850586652756 0.32
      vertex 15.157311268150806 14.02259198576212 0.32
    endloop
  endfacet
  facet normal 0 0 -1
    outer loop
      vertex 11.845103405416012 10.289389565587044 0.32
      vertex 14.697286613285542 14.400425255298615 0.32
      vertex 14.845604047179222 14.26579500734806 0.32
    endloop
  endfacet
  facet normal 0 0 -1
    outer loop
      vertex 13.84152139723301 9.340993046760559 0.32
      vertex 15.662553004920483 13.722931116819382 0.32
      vertex 14.202898181974888 9.229029566049576 0.32
    endloop
  endfacet
  facet normal 0 0 -1
    outer loop
      vertex 14.202898181974888 9.229029566049576 0.32
      vertex 15.84101516008377 13.640415802598 0.32
      vertex 14.57245796173811 9.130238257348537 0.32
    endloop
  endfacet
  facet normal 0 0 -1
    outer loop
      vertex 14.57245796173811 9.130238257348537 0.32
      vertex 16.02450143545866 13.566586315631866 0.32
      vertex 14.950200721621513 9.044619128108025 0.32
    endloop
  endfacet
  facet normal 0 0 -1
    outer loop
      vertex 14.950200721621513 9.044619128108025 0.32
      vertex 16.21301183104515 13.501442648470402 0.32
      vertex 15.3361264616251 8.972172170877457 0.32
    endloop
  endfacet
  facet normal 0 0 -1
    outer loop
      vertex 15.3361264616251 8.972172170877457 0.32
      vertex 16.406546354293823 13.444984801113605 0.32
      vertex 15.730235196650028 8.912897393107414 0.32
    endloop
  endfacet
  facet normal 0 0 -1
    outer loop
      vertex 15.730235196650028 8.912897393107414 0.32
      vertex 16.605104990303516 13.397212781012058 0.32
      vertex 16.13252691924572 8.866794779896736 0.32
    endloop
  endfacet
  facet normal 0 0 -1
    outer loop
      vertex 16.13252691924572 8.866794779896736 0.32
      vertex 16.80868775397539 13.35812658071518 0.32
      vertex 16.543001629412174 8.833864346146584 0.32
    endloop
  endfacet
  facet normal 0 0 -1
    outer loop
      vertex 14.950200721621513 9.044619128108025 0.32
      vertex 16.02450143545866 13.566586315631866 0.32
      vertex 16.21301183104515 13.501442648470402 0.32
    endloop
  endfacet
  facet normal 0 0 -1
    outer loop
      vertex 15.3361264616251 8.972172170877457 0.32
      vertex 16.21301183104515 13.501442648470402 0.32
      vertex 16.406546354293823 13.444984801113605 0.32
    endloop
  endfacet
  facet normal 0 0 -1
    outer loop
      vertex 15.730235196650028 8.912897393107414 0.32
      vertex 16.406546354293823 13.444984801113605 0.32
      vertex 16.605104990303516 13.397212781012058 0.32
    endloop
  endfacet
  facet normal 0 0 -1
    outer loop
      vertex 16.13252691924572 8.866794779896736 0.32
      vertex 16.605104990303516 13.397212781012058 0.32
      vertex 16.80868775397539 13.35812658071518 0.32
    endloop
  endfacet
  facet normal 0 0 -1
    outer loop
      vertex 16.543001629412174 8.833864346146584 0.32
      vertex 16.80868775397539 13.35812658071518 0.32
      vertex 17.017294630408287 13.327726200222969 0.32
    endloop
  endfacet
  facet normal 0 0 -1
    outer loop
      vertex 12.806488960981369 9.755916520953178 0.32
      vertex 15.157311268150806 14.02259198576212 0.32
      vertex 15.32070105522871 13.914019204676151 0.32
    endloop
  endfacet
  facet normal 0 0 -1
    outer loop
      vertex 13.14331678301096 9.60443652421236 0.32
      vertex 15.32070105522871 13.914019204676151 0.32
      vertex 15.489114969968796 13.814132250845432 0.32
    endloop
  endfacet
  facet normal 0 0 -1
    outer loop
      vertex 13.84152139723301 9.340993046760559 0.32
      vertex 15.489114969968796 13.814132250845432 0.32
      vertex 15.662553004920483 13.722931116819382 0.32
    endloop
  endfacet
  facet normal 0 0 -1
    outer loop
      vertex 14.202898181974888 9.229029566049576 0.32
      vertex 15.662553004920483 13.722931116819382 0.32
      vertex 15.84101516008377 13.640415802598 0.32
    endloop
  endfacet
  facet normal 0 0 -1
    outer loop
      vertex 14.57245796173811 9.130238257348537 0.32
      vertex 15.84101516008377 13.640415802598 0.32
      vertex 16.02450143545866 13.566586315631866 0.32
    endloop
  endfacet
  facet normal -0.5217670997209984 -0.8530879753277136 0
    outer loop
      vertex 11.845103405416012 10.289389565587044 0.32
      vertex 12.157382264733315 10.09839304536581 0.32
      vertex 11.845103405416012 10.289389565587044 0.48
    endloop
  endfacet
  facet normal -0.48520498114784005 -0.874400438168534 0
    outer loop
      vertex 12.157382264733315 10.09839304536581 0.32
      vertex 12.47784411907196 9.920568697154522 0.32
      vertex 12.157382264733315 10.09839304536581 0.48
    endloop
  endfacet
  facet normal -0.44793112264980695 -0.8940680675215303 0
    outer loop
      vertex 12.47784411907196 9.920568697154522 0.32
      vertex 12.806488960981369 9.755916520953178 0.32
      vertex 12.47784411907196 9.920568697154522 0.48
    endloop
  endfacet
  facet normal -0.4101563329016156 -0.9120152315508218 0
    outer loop
      vertex 12.806488960981369 9.755916520953178 0.32
      vertex 13.14331678301096 9.60443652421236 0.32
      vertex 12.806488960981369 9.755916520953178 0.48
    endloop
  endfacet
  facet normal -0.37209447588080846 -0.9281948615560132 0
    outer loop
      vertex 13.14331678301096 9.60443652421236 0.32
      vertex 13.488327600061893 9.466128692030907 0.32
      vertex 13.14331678301096 9.60443652421236 0.48
    endloop
  endfacet
  facet normal -0.33395663644020673 -0.942588438809613 0
    outer loop
      vertex 13.488327600061893 9.466128692030907 0.32
      vertex 13.84152139723301 9.340993046760559 0.32
      vertex 13.488327600061893 9.466128692030907 0.48
    endloop
  endfacet
  facet normal -0.2959460654238457 -0.9552046515591016 0
    outer loop
      vertex 13.84152139723301 9.340993046760559 0.32
      vertex 14.202898181974888 9.229029566049576 0.32
      vertex 13.84152139723301 9.340993046760559 0.48
    endloop
  endfacet
  facet normal -0.5217670997209984 -0.8530879753277136 0
    outer loop
      vertex 12.157382264733315 10.09839304536581 0.32
      vertex 12.157382264733315 10.09839304536581 0.48
      vertex 11.845103405416012 10.289389565587044 0.48
    endloop
  endfacet
  facet normal -0.48520498114784005 -0.874400438168534 0
    outer loop
      vertex 12.47784411907196 9.920568697154522 0.32
      vertex 12.47784411907196 9.920568697154522 0.48
      vertex 12.157382264733315 10.09839304536581 0.48
    endloop
  endfacet
  facet normal -0.44793112264980695 -0.8940680675215303 0
    outer loop
      vertex 12.806488960981369 9.755916520953178 0.32
      vertex 12.806488960981369 9.755916520953178 0.48
      vertex 12.47784411907196 9.920568697154522 0.48
    endloop
  endfacet
  facet normal -0.4101563329016156 -0.9120152315508218 0
    outer loop
      vertex 13.14331678301096 9.60443652421236 0.32
      vertex 13.14331678301096 9.60443652421236 0.48
      vertex 12.806488960981369 9.755916520953178 0.48
    endloop
  endfacet
  facet normal 0 0 1
    outer loop
      vertex 10.957364723086357 10.941412173211575 0.48
      vertex 11.245094634592533 10.710899129509926 0.48
      vertex 14.553993307054043 14.543741323053837 0.48
    endloop
  endfacet
  facet normal 0 0 1
    outer loop
      vertex 11.245094634592533 10.710899129509926 0.48
      vertex 11.541007526218891 10.493558257818222 0.48
      vertex 14.697286613285542 14.400425255298615 0.48
    endloop
  endfacet
  facet normal 0 0 1
    outer loop
      vertex 11.541007526218891 10.493558257818222 0.48
      vertex 11.845103405416012 10.289389565587044 0.48
      vertex 14.697286613285542 14.400425255298615 0.48
    endloop
  endfacet
  facet normal 0 0 1
    outer loop
      vertex 11.845103405416012 10.289389565587044 0.48
      vertex 12.157382264733315 10.09839304536581 0.48
      vertex 14.845604047179222 14.26579500734806 0.48
    endloop
  endfacet
  facet normal -0.37209447588080846 -0.9281948615560132 0
    outer loop
      vertex 13.488327600061893 9.466128692030907 0.32
      vertex 13.488327600061893 9.466128692030907 0.48
      vertex 13.14331678301096 9.60443652421236 0.48
    endloop
  endfacet
  facet normal -0.33395663644020673 -0.942588438809613 0
    outer loop
      vertex 13.84152139723301 9.340993046760559 0.32
      vertex 13.84152139723301 9.340993046760559 0.48
      vertex 13.488327600061893 9.466128692030907 0.48
    endloop
  endfacet
  facet normal -0.2959460654238457 -0.9552046515591016 0
    outer loop
      vertex 14.202898181974888 9.229029566049576 0.32
      vertex 14.202898181974888 9.229029566049576 0.48
      vertex 13.84152139723301 9.340993046760559 0.48
    endloop
  endfacet
  facet normal 0 0 1
    outer loop
      vertex 12.47784411907196 9.920568697154522 0.48
      vertex 12.806488960981369 9.755916520953178 0.48
      vertex 15.157311268150806 14.02259198576212 0.48
    endloop
  endfacet
  facet normal 0 0 1
    outer loop
      vertex 12.157382264733315 10.09839304536581 0.48
      vertex 12.47784411907196 9.920568697154522 0.48
      vertex 14.998945593833923 14.139850586652756 0.48
    endloop
  endfacet
  facet normal 0 0 1
    outer loop
      vertex 12.806488960981369 9.755916520953178 0.48
      vertex 13.14331678301096 9.60443652421236 0.48
      vertex 15.32070105522871 13.914019204676151 0.48
    endloop
  endfacet
  facet normal 0 0 1
    outer loop
      vertex 13.14331678301096 9.60443652421236 0.48
      vertex 13.488327600061893 9.466128692030907 0.48
      vertex 15.489114969968796 13.814132250845432 0.48
    endloop
  endfacet
  facet normal 0 0 1
    outer loop
      vertex 13.488327600061893 9.466128692030907 0.48
      vertex 13.84152139723301 9.340993046760559 0.48
      vertex 15.489114969968796 13.814132250845432 0.48
    endloop
  endfacet
  facet normal 0.8450219972659178 0.5347315439888687 0
    outer loop
      vertex 13.912888579070568 15.390608996152878 0.32
      vertex 14.03106128424406 15.203863821923733 0.48
      vertex 14.03106128424406 15.203863821923733 0.32
    endloop
  endfacet
  facet normal 0.7973013194920734 0.6035814824331497 0
    outer loop
      vertex 14.28247905522585 14.856430925428867 0.32
      vertex 14.154258109629154 15.025804460048676 0.32
      vertex 14.28247905522585 14.856430925428867 0.48
    endloop
  endfacet
  facet normal 0.8223543526889047 0.5689756748874353 0
    outer loop
      vertex 14.154258109629154 15.025804460048676 0.32
      vertex 14.03106128424406 15.203863821923733 0.32
      vertex 14.154258109629154 15.025804460048676 0.48
    endloop
  endfacet
  facet normal 0 0 1
    outer loop
      vertex 10.677817806601524 11.185097388923168 0.48
      vertex 10.957364723086357 10.941412173211575 0.48
      vertex 14.415724121034145 14.695743210613728 0.48
    endloop
  endfacet
  facet normal 0 0 1
    outer loop
      vertex 9.404036939144135 12.599945858120918 0.48
      vertex 13.912888579070568 15.390608996152878 0.48
      vertex 13.799740001559258 15.586039997637272 0.48
    endloop
  endfacet
  facet normal 0 0 1
    outer loop
      vertex 8.755080565810204 13.589921586215496 0.48
      vertex 13.588134102523327 16.00023251771927 0.48
      vertex 13.489544987678528 16.21831228584051 0.48
    endloop
  endfacet
  facet normal 0 0 1
    outer loop
      vertex 8.960847221314907 13.24912665039301 0.48
      vertex 13.69153244048357 15.789475083351135 0.48
      vertex 13.588134102523327 16.00023251771927 0.48
    endloop
  endfacet
  facet normal 0 0 1
    outer loop
      vertex 9.177166014909744 12.919134743511677 0.48
      vertex 13.799740001559258 15.586039997637272 0.48
      vertex 13.69153244048357 15.789475083351135 0.48
    endloop
  endfacet
  facet normal 0 0 1
    outer loop
      vertex 9.888274975121021 11.99518609046936 0.48
      vertex 14.154258109629154 15.025804460048676 0.48
      vertex 14.03106128424406 15.203863821923733 0.48
    endloop
  endfacet
  facet normal 0 0 1
    outer loop
      vertex 9.641460001468658 12.291560001671314 0.48
      vertex 14.03106128424406 15.203863821923733 0.48
      vertex 13.912888579070568 15.390608996152878 0.48
    endloop
  endfacet
  facet normal 0 0 1
    outer loop
      vertex 10.406453877687454 11.441954784095287 0.48
      vertex 14.28247905522585 14.856430925428867 0.48
      vertex 14.154258109629154 15.025804460048676 0.48
    endloop
  endfacet
  facet normal 0 0 1
    outer loop
      vertex 10.677817806601524 11.185097388923168 0.48
      vertex 14.415724121034145 14.695743210613728 0.48
      vertex 14.28247905522585 14.856430925428867 0.48
    endloop
  endfacet
  facet normal 0 0 1
    outer loop
      vertex 10.957364723086357 10.941412173211575 0.48
      vertex 14.553993307054043 14.543741323053837 0.48
      vertex 14.415724121034145 14.695743210613728 0.48
    endloop
  endfacet
  facet normal 0 0 1
    outer loop
      vertex 11.245094634592533 10.710899129509926 0.48
      vertex 14.697286613285542 14.400425255298615 0.48
      vertex 14.553993307054043 14.543741323053837 0.48
    endloop
  endfacet
  facet normal 0 0 1
    outer loop
      vertex 12.157382264733315 10.09839304536581 0.48
      vertex 14.998945593833923 14.139850586652756 0.48
      vertex 14.845604047179222 14.26579500734806 0.48
    endloop
  endfacet
  facet normal 0 0 1
    outer loop
      vertex 12.47784411907196 9.920568697154522 0.48
      vertex 15.157311268150806 14.02259198576212 0.48
      vertex 14.998945593833923 14.139850586652756 0.48
    endloop
  endfacet
  facet normal 0 0 1
    outer loop
      vertex 11.845103405416012 10.289389565587044 0.48
      vertex 14.845604047179222 14.26579500734806 0.48
      vertex 14.697286613285542 14.400425255298615 0.48
    endloop
  endfacet
  facet normal 0.8450219972659178 0.5347315439888687 0
    outer loop
      vertex 13.912888579070568 15.390608996152878 0.32
      vertex 13.912888579070568 15.390608996152878 0.48
      vertex 14.03106128424406 15.203863821923733 0.48
    endloop
  endfacet
  facet normal 0.7973013194920734 0.6035814824331497 0
    outer loop
      vertex 14.154258109629154 15.025804460048676 0.32
      vertex 14.154258109629154 15.025804460048676 0.48
      vertex 14.28247905522585 14.856430925428867 0.48
    endloop
  endfacet
  facet normal 0.8223543526889047 0.5689756748874353 0
    outer loop
      vertex 14.03106128424406 15.203863821923733 0.32
      vertex 14.03106128424406 15.203863821923733 0.48
      vertex 14.154258109629154 15.025804460048676 0.48
    endloop
  endfacet
  facet normal -0.2582533054138873 -0.9660772382386418 0
    outer loop
      vertex 14.202898181974888 9.229029566049576 0.32
      vertex 14.57245796173811 9.130238257348537 0.32
      vertex 14.202898181974888 9.229029566049576 0.48
    endloop
  endfacet
  facet normal -0.22105273681043075 -0.9752618558872373 0
    outer loop
      vertex 14.57245796173811 9.130238257348537 0.32
      vertex 14.950200721621513 9.044619128108025 0.32
      vertex 14.57245796173811 9.130238257348537 0.48
    endloop
  endfacet
  facet normal -0.18449981491726336 -0.9828325484514112 0
    outer loop
      vertex 14.950200721621513 9.044619128108025 0.32
      vertex 15.3361264616251 8.972172170877457 0.32
      vertex 14.950200721621513 9.044619128108025 0.48
    endloop
  endfacet
  facet normal -0.14872931067852116 -0.9888779460302934 0
    outer loop
      vertex 15.3361264616251 8.972172170877457 0.32
      vertex 15.730235196650028 8.912897393107414 0.32
      vertex 15.3361264616251 8.972172170877457 0.48
    endloop
  endfacet
  facet normal -0.11385475769295958 -0.9934974052058101 0
    outer loop
      vertex 15.730235196650028 8.912897393107414 0.32
      vertex 16.13252691924572 8.866794779896736 0.32
      vertex 15.730235196650028 8.912897393107414 0.48
    endloop
  endfacet
  facet normal -0.079968315044248 -0.9967974059902963 0
    outer loop
      vertex 16.13252691924572 8.866794779896736 0.32
      vertex 16.543001629412174 8.833864346146584 0.32
      vertex 16.13252691924572 8.866794779896736 0.48
    endloop
  endfacet
  facet normal -0.047141841815045916 -0.9988882053314502 0
    outer loop
      vertex 16.543001629412174 8.833864346146584 0.32
      vertex 16.96165931969881 8.814106084406376 0.32
      vertex 16.543001629412174 8.833864346146584 0.48
    endloop
  endfacet
  facet normal -0.2582533054138873 -0.9660772382386418 0
    outer loop
      vertex 14.57245796173811 9.130238257348537 0.32
      vertex 14.57245796173811 9.130238257348537 0.48
      vertex 14.202898181974888 9.229029566049576 0.48
    endloop
  endfacet
  facet normal -0.22105273681043075 -0.9752618558872373 0
    outer loop
      vertex 14.950200721621513 9.044619128108025 0.32
      vertex 14.950200721621513 9.044619128108025 0.48
      vertex 14.57245796173811 9.130238257348537 0.48
    endloop
  endfacet
  facet normal -0.18449981491726336 -0.9828325484514112 0
    outer loop
      vertex 15.3361264616251 8.972172170877457 0.32
      vertex 15.3361264616251 8.972172170877457 0.48
      vertex 14.950200721621513 9.044619128108025 0.48
    endloop
  endfacet
  facet normal 0 0 1
    outer loop
      vertex 13.84152139723301 9.340993046760559 0.48
      vertex 14.202898181974888 9.229029566049576 0.48
      vertex 15.662553004920483 13.722931116819382 0.48
    endloop
  endfacet
  facet normal 0 0 1
    outer loop
      vertex 14.202898181974888 9.229029566049576 0.48
      vertex 14.57245796173811 9.130238257348537 0.48
      vertex 15.84101516008377 13.640415802598 0.48
    endloop
  endfacet
  facet normal 0 0 1
    outer loop
      vertex 14.57245796173811 9.130238257348537 0.48
      vertex 14.950200721621513 9.044619128108025 0.48
      vertex 16.02450143545866 13.566586315631866 0.48
    endloop
  endfacet
  facet normal 0 0 1
    outer loop
      vertex 14.950200721621513 9.044619128108025 0.48
      vertex 15.3361264616251 8.972172170877457 0.48
      vertex 16.21301183104515 13.501442648470402 0.48
    endloop
  endfacet
  facet normal -0.14872931067852116 -0.9888779460302934 0
    outer loop
      vertex 15.730235196650028 8.912897393107414 0.32
      vertex 15.730235196650028 8.912897393107414 0.48
      vertex 15.3361264616251 8.972172170877457 0.48
    endloop
  endfacet
  facet normal -0.11385475769295958 -0.9934974052058101 0
    outer loop
      vertex 16.13252691924572 8.866794779896736 0.32
      vertex 16.13252691924572 8.866794779896736 0.48
      vertex 15.730235196650028 8.912897393107414 0.48
    endloop
  endfacet
  facet normal -0.079968315044248 -0.9967974059902963 0
    outer loop
      vertex 16.543001629412174 8.833864346146584 0.32
      vertex 16.543001629412174 8.833864346146584 0.48
      vertex 16.13252691924572 8.866794779896736 0.48
    endloop
  endfacet
  facet normal 0 0 1
    outer loop
      vertex 15.3361264616251 8.972172170877457 0.48
      vertex 15.730235196650028 8.912897393107414 0.48
      vertex 16.406546354293823 13.444984801113605 0.48
    endloop
  endfacet
  facet normal 0 0 1
    outer loop
      vertex 15.730235196650028 8.912897393107414 0.48
      vertex 16.13252691924572 8.866794779896736 0.48
      vertex 16.605104990303516 13.397212781012058 0.48
    endloop
  endfacet
  facet normal 0 0 1
    outer loop
      vertex 16.13252691924572 8.866794779896736 0.48
      vertex 16.543001629412174 8.833864346146584 0.48
      vertex 16.80868775397539 13.35812658071518 0.48
    endloop
  endfacet
  facet normal 0 0 1
    outer loop
      vertex 14.950200721621513 9.044619128108025 0.48
      vertex 16.21301183104515 13.501442648470402 0.48
      vertex 16.02450143545866 13.566586315631866 0.48
    endloop
  endfacet
  facet normal 0 0 1
    outer loop
      vertex 15.3361264616251 8.972172170877457 0.48
      vertex 16.406546354293823 13.444984801113605 0.48
      vertex 16.21301183104515 13.501442648470402 0.48
    endloop
  endfacet
  facet normal 0 0 1
    outer loop
      vertex 15.730235196650028 8.912897393107414 0.48
      vertex 16.605104990303516 13.397212781012058 0.48
      vertex 16.406546354293823 13.444984801113605 0.48
    endloop
  endfacet
  facet normal 0 0 1
    outer loop
      vertex 16.13252691924572 8.866794779896736 0.48
      vertex 16.80868775397539 13.35812658071518 0.48
      vertex 16.605104990303516 13.397212781012058 0.48
    endloop
  endfacet
  facet normal 0 0 1
    outer loop
      vertex 16.543001629412174 8.833864346146584 0.48
      vertex 17.017294630408287 13.327726200222969 0.48
      vertex 16.80868775397539 13.35812658071518 0.48
    endloop
  endfacet
  facet normal 0.7071629349277972 0.707050622985585 0
    outer loop
      vertex 14.553993307054043 14.543741323053837 0.32
      vertex 14.697286613285542 14.400425255298615 0.48
      vertex 14.697286613285542 14.400425255298615 0.32
    endloop
  endfacet
  facet normal 0.6721155945737893 0.7404462354085688 0
    outer loop
      vertex 14.697286613285542 14.400425255298615 0.32
      vertex 14.845604047179222 14.26579500734806 0.48
      vertex 14.845604047179222 14.26579500734806 0.32
    endloop
  endfacet
  facet normal 0.769777170387223 0.6383127038925671 0
    outer loop
      vertex 14.28247905522585 14.856430925428867 0.32
      vertex 14.415724121034145 14.695743210613728 0.48
      vertex 14.415724121034145 14.695743210613728 0.32
    endloop
  endfacet
  facet normal 0.7397325645062536 0.6729009830643744 0
    outer loop
      vertex 14.553993307054043 14.543741323053837 0.32
      vertex 14.415724121034145 14.695743210613728 0.32
      vertex 14.553993307054043 14.543741323053837 0.48
    endloop
  endfacet
  facet normal 0.5950659711478263 0.8036768566917268 0
    outer loop
      vertex 14.998945593833923 14.139850586652756 0.32
      vertex 15.157311268150806 14.02259198576212 0.48
      vertex 15.157311268150806 14.02259198576212 0.32
    endloop
  endfacet
  facet normal 0.6346951676450937 0.7727626053115967 0
    outer loop
      vertex 14.845604047179222 14.26579500734806 0.32
      vertex 14.998945593833923 14.139850586652756 0.48
      vertex 14.998945593833923 14.139850586652756 0.32
    endloop
  endfacet
  facet normal 0.5534511937463592 0.8328816099186784 0
    outer loop
      vertex 15.157311268150806 14.02259198576212 0.32
      vertex 15.32070105522871 13.914019204676151 0.48
      vertex 15.32070105522871 13.914019204676151 0.32
    endloop
  endfacet
  facet normal 0.5101278476105295 0.860098586844699 0
    outer loop
      vertex 15.32070105522871 13.914019204676151 0.32
      vertex 15.489114969968796 13.814132250845432 0.48
      vertex 15.489114969968796 13.814132250845432 0.32
    endloop
  endfacet
  facet normal 0.4654185416800213 0.8850907191132683 0
    outer loop
      vertex 15.489114969968796 13.814132250845432 0.32
      vertex 15.662553004920483 13.722931116819382 0.48
      vertex 15.662553004920483 13.722931116819382 0.32
    endloop
  endfacet
  facet normal 0.41967932520683704 0.9076724431169728 0
    outer loop
      vertex 15.662553004920483 13.722931116819382 0.32
      vertex 15.84101516008377 13.640415802598 0.48
      vertex 15.84101516008377 13.640415802598 0.32
    endloop
  endfacet
  facet normal 0.37328582100835495 0.9277163876067505 0
    outer loop
      vertex 15.84101516008377 13.640415802598 0.32
      vertex 16.02450143545866 13.566586315631866 0.48
      vertex 16.02450143545866 13.566586315631866 0.32
    endloop
  endfacet
  facet normal 0.3266183207001526 0.9451563217706436 0
    outer loop
      vertex 16.02450143545866 13.566586315631866 0.32
      vertex 16.21301183104515 13.501442648470402 0.48
      vertex 16.21301183104515 13.501442648470402 0.32
    endloop
  endfacet
  facet normal 0.28004698484236423 0.9599862948400361 0
    outer loop
      vertex 16.21301183104515 13.501442648470402 0.32
      vertex 16.406546354293823 13.444984801113605 0.48
      vertex 16.406546354293823 13.444984801113605 0.32
    endloop
  endfacet
  facet normal 0.2339189991542337 0.9722560886076679 0
    outer loop
      vertex 16.406546354293823 13.444984801113605 0.32
      vertex 16.605104990303516 13.397212781012058 0.48
      vertex 16.605104990303516 13.397212781012058 0.32
    endloop
  endfacet
  facet normal 0.18854812468977056 0.9820639514186286 0
    outer loop
      vertex 16.605104990303516 13.397212781012058 0.32
      vertex 16.80868775397539 13.35812658071518 0.48
      vertex 16.80868775397539 13.35812658071518 0.32
    endloop
  endfacet
  facet normal 0 0 1
    outer loop
      vertex 12.806488960981369 9.755916520953178 0.48
      vertex 15.32070105522871 13.914019204676151 0.48
      vertex 15.157311268150806 14.02259198576212 0.48
    endloop
  endfacet
  facet normal 0 0 1
    outer loop
      vertex 13.14331678301096 9.60443652421236 0.48
      vertex 15.489114969968796 13.814132250845432 0.48
      vertex 15.32070105522871 13.914019204676151 0.48
    endloop
  endfacet
  facet normal 0 0 1
    outer loop
      vertex 13.84152139723301 9.340993046760559 0.48
      vertex 15.662553004920483 13.722931116819382 0.48
      vertex 15.489114969968796 13.814132250845432 0.48
    endloop
  endfacet
  facet normal 0 0 1
    outer loop
      vertex 14.202898181974888 9.229029566049576 0.48
      vertex 15.84101516008377 13.640415802598 0.48
      vertex 15.662553004920483 13.722931116819382 0.48
    endloop
  endfacet
  facet normal 0 0 1
    outer loop
      vertex 14.57245796173811 9.130238257348537 0.48
      vertex 16.02450143545866 13.566586315631866 0.48
      vertex 15.84101516008377 13.640415802598 0.48
    endloop
  endfacet
  facet normal 0.7071629349277972 0.707050622985585 0
    outer loop
      vertex 14.553993307054043 14.543741323053837 0.32
      vertex 14.553993307054043 14.543741323053837 0.48
      vertex 14.697286613285542 14.400425255298615 0.48
    endloop
  endfacet
  facet normal 0.6721155945737893 0.7404462354085688 0
    outer loop
      vertex 14.697286613285542 14.400425255298615 0.32
      vertex 14.697286613285542 14.400425255298615 0.48
      vertex 14.845604047179222 14.26579500734806 0.48
    endloop
  endfacet
  facet normal 0.6346951676450937 0.7727626053115967 0
    outer loop
      vertex 14.845604047179222 14.26579500734806 0.32
      vertex 14.845604047179222 14.26579500734806 0.48
      vertex 14.998945593833923 14.139850586652756 0.48
    endloop
  endfacet
  facet normal 0.7397325645062536 0.6729009830643744 0
    outer loop
      vertex 14.415724121034145 14.695743210613728 0.32
      vertex 14.415724121034145 14.695743210613728 0.48
      vertex 14.553993307054043 14.543741323053837 0.48
    endloop
  endfacet
  facet normal 0.769777170387223 0.6383127038925671 0
    outer loop
      vertex 14.28247905522585 14.856430925428867 0.32
      vertex 14.28247905522585 14.856430925428867 0.48
      vertex 14.415724121034145 14.695743210613728 0.48
    endloop
  endfacet
  facet normal 0.5950659711478263 0.8036768566917268 0
    outer loop
      vertex 14.998945593833923 14.139850586652756 0.32
      vertex 14.998945593833923 14.139850586652756 0.48
      vertex 15.157311268150806 14.02259198576212 0.48
    endloop
  endfacet
  facet normal 0.5534511937463592 0.8328816099186784 0
    outer loop
      vertex 15.157311268150806 14.02259198576212 0.32
      vertex 15.157311268150806 14.02259198576212 0.48
      vertex 15.32070105522871 13.914019204676151 0.48
    endloop
  endfacet
  facet normal 0.5101278476105295 0.860098586844699 0
    outer loop
      vertex 15.32070105522871 13.914019204676151 0.32
      vertex 15.32070105522871 13.914019204676151 0.48
      vertex 15.489114969968796 13.814132250845432 0.48
    endloop
  endfacet
  facet normal 0.4654185416800213 0.8850907191132683 0
    outer loop
      vertex 15.489114969968796 13.814132250845432 0.32
      vertex 15.489114969968796 13.814132250845432 0.48
      vertex 15.662553004920483 13.722931116819382 0.48
    endloop
  endfacet
  facet normal 0.41967932520683704 0.9076724431169728 0
    outer loop
      vertex 15.662553004920483 13.722931116819382 0.32
      vertex 15.662553004920483 13.722931116819382 0.48
      vertex 15.84101516008377 13.640415802598 0.48
    endloop
  endfacet
  facet normal 0.37328582100835495 0.9277163876067505 0
    outer loop
      vertex 15.84101516008377 13.640415802598 0.32
      vertex 15.84101516008377 13.640415802598 0.48
      vertex 16.02450143545866 13.566586315631866 0.48
    endloop
  endfacet
  facet normal 0.3266183207001526 0.9451563217706436 0
    outer loop
      vertex 16.02450143545866 13.566586315631866 0.32
      vertex 16.02450143545866 13.566586315631866 0.48
      vertex 16.21301183104515 13.501442648470402 0.48
    endloop
  endfacet
  facet normal 0.28004698484236423 0.9599862948400361 0
    outer loop
      vertex 16.21301183104515 13.501442648470402 0.32
      vertex 16.21301183104515 13.501442648470402 0.48
      vertex 16.406546354293823 13.444984801113605 0.48
    endloop
  endfacet
  facet normal 0.2339189991542337 0.9722560886076679 0
    outer loop
      vertex 16.406546354293823 13.444984801113605 0.32
      vertex 16.406546354293823 13.444984801113605 0.48
      vertex 16.605104990303516 13.397212781012058 0.48
    endloop
  endfacet
  facet normal 0.18854812468977056 0.9820639514186286 0
    outer loop
      vertex 16.605104990303516 13.397212781012058 0.32
      vertex 16.605104990303516 13.397212781012058 0.48
      vertex 16.80868775397539 13.35812658071518 0.48
    endloop
  endfacet
  facet normal 0.9663602504751693 0.25719227496479785 0
    outer loop
      vertex 13.068737804889679 17.418546311557293 0.32
      vertex 12.999004043638706 17.680560149252415 0.32
      vertex 13.068737804889679 17.418546311557293 0.48
    endloop
  endfacet
  facet normal 0.9721543186301749 0.2343415899252636 0
    outer loop
      vertex 12.999004043638706 17.680560149252415 0.32
      vertex 12.934079505503178 17.949896335601807 0.32
      vertex 12.999004043638706 17.680560149252415 0.48
    endloop
  endfacet
  facet normal 0.977196778445782 0.2123357157785411 0
    outer loop
      vertex 12.873964197933674 18.226554855704308 0.32
      vertex 12.934079505503178 17.949896335601807 0.48
      vertex 12.934079505503178 17.949896335601807 0.32
    endloop
  endfacet
  facet normal 0.9815586234531083 0.19116136828564217 0
    outer loop
      vertex 12.873964197933674 18.226554855704308 0.32
      vertex 12.818658106029034 18.51053572446108 0.32
      vertex 12.873964197933674 18.226554855704308 0.48
    endloop
  endfacet
  facet normal 0.9853055707323615 0.1708008556295181 0
    outer loop
      vertex 12.818658106029034 18.51053572446108 0.32
      vertex 12.768161244690418 18.80183894187212 0.32
      vertex 12.818658106029034 18.51053572446108 0.48
    endloop
  endfacet
  facet normal 0.8977761059872071 0.4404521126279758 0
    outer loop
      vertex 13.588134102523327 16.00023251771927 0.32
      vertex 13.69153244048357 15.789475083351135 0.48
      vertex 13.69153244048357 15.789475083351135 0.32
    endloop
  endfacet
  facet normal 0.9112114827790757 0.4119388712558673 0
    outer loop
      vertex 13.489544987678528 16.21831228584051 0.32
      vertex 13.588134102523327 16.00023251771927 0.48
      vertex 13.588134102523327 16.00023251771927 0.32
    endloop
  endfacet
  facet normal 0.934068198617202 0.35709466578488 0
    outer loop
      vertex 13.306794442236423 16.676438868045807 0.32
      vertex 13.395765103399754 16.443714402616024 0.48
      vertex 13.395765103399754 16.443714402616024 0.32
    endloop
  endfacet
  facet normal 0.9522070469236014 0.3054533348795432 0
    outer loop
      vertex 13.222633004188538 16.91648567467928 0.32
      vertex 13.143280796706676 17.16385482251644 0.32
      vertex 13.222633004188538 16.91648567467928 0.48
    endloop
  endfacet
  facet normal 0.943680413990682 0.3308583930481059 0
    outer loop
      vertex 13.222633004188538 16.91648567467928 0.32
      vertex 13.306794442236423 16.676438868045807 0.48
      vertex 13.306794442236423 16.676438868045807 0.32
    endloop
  endfacet
  facet normal 0.9232769962193685 0.38413485685646903 0
    outer loop
      vertex 13.489544987678528 16.21831228584051 0.32
      vertex 13.395765103399754 16.443714402616024 0.32
      vertex 13.489544987678528 16.21831228584051 0.48
    endloop
  endfacet
  facet normal 0.882877051056335 0.46960420858215246 0
    outer loop
      vertex 13.799740001559258 15.586039997637272 0.32
      vertex 13.69153244048357 15.789475083351135 0.32
      vertex 13.799740001559258 15.586039997637272 0.48
    endloop
  endfacet
  facet normal 0.8654180028729428 0.5010505765922308 0
    outer loop
      vertex 13.912888579070568 15.390608996152878 0.32
      vertex 13.799740001559258 15.586039997637272 0.32
      vertex 13.912888579070568 15.390608996152878 0.48
    endloop
  endfacet
  facet normal 0.9597382792691358 0.28089577302892693 0
    outer loop
      vertex 13.068737804889679 17.418546311557293 0.32
      vertex 13.143280796706676 17.16385482251644 0.48
      vertex 13.143280796706676 17.16385482251644 0.32
    endloop
  endfacet
  facet normal 0.9663602504751693 0.25719227496479785 0
    outer loop
      vertex 12.999004043638706 17.680560149252415 0.32
      vertex 12.999004043638706 17.680560149252415 0.48
      vertex 13.068737804889679 17.418546311557293 0.48
    endloop
  endfacet
  facet normal 0.9721543186301749 0.2343415899252636 0
    outer loop
      vertex 12.934079505503178 17.949896335601807 0.32
      vertex 12.934079505503178 17.949896335601807 0.48
      vertex 12.999004043638706 17.680560149252415 0.48
    endloop
  endfacet
  facet normal 0.977196778445782 0.2123357157785411 0
    outer loop
      vertex 12.873964197933674 18.226554855704308 0.32
      vertex 12.873964197933674 18.226554855704308 0.48
      vertex 12.934079505503178 17.949896335601807 0.48
    endloop
  endfacet
  facet normal 0.9815586234531083 0.19116136828564217 0
    outer loop
      vertex 12.818658106029034 18.51053572446108 0.32
      vertex 12.818658106029034 18.51053572446108 0.48
      vertex 12.873964197933674 18.226554855704308 0.48
    endloop
  endfacet
  facet normal 0.9112114827790757 0.4119388712558673 0
    outer loop
      vertex 13.489544987678528 16.21831228584051 0.32
      vertex 13.489544987678528 16.21831228584051 0.48
      vertex 13.588134102523327 16.00023251771927 0.48
    endloop
  endfacet
  facet normal 0.8977761059872071 0.4404521126279758 0
    outer loop
      vertex 13.588134102523327 16.00023251771927 0.32
      vertex 13.588134102523327 16.00023251771927 0.48
      vertex 13.69153244048357 15.789475083351135 0.48
    endloop
  endfacet
  facet normal 0.934068198617202 0.35709466578488 0
    outer loop
      vertex 13.306794442236423 16.676438868045807 0.32
      vertex 13.306794442236423 16.676438868045807 0.48
      vertex 13.395765103399754 16.443714402616024 0.48
    endloop
  endfacet
  facet normal 0.943680413990682 0.3308583930481059 0
    outer loop
      vertex 13.222633004188538 16.91648567467928 0.32
      vertex 13.222633004188538 16.91648567467928 0.48
      vertex 13.306794442236423 16.676438868045807 0.48
    endloop
  endfacet
  facet normal 0.9232769962193685 0.38413485685646903 0
    outer loop
      vertex 13.395765103399754 16.443714402616024 0.32
      vertex 13.395765103399754 16.443714402616024 0.48
      vertex 13.489544987678528 16.21831228584051 0.48
    endloop
  endfacet
  facet normal 0.8654180028729428 0.5010505765922308 0
    outer loop
      vertex 13.799740001559258 15.586039997637272 0.32
      vertex 13.799740001559258 15.586039997637272 0.48
      vertex 13.912888579070568 15.390608996152878 0.48
    endloop
  endfacet
  facet normal 0.882877051056335 0.46960420858215246 0
    outer loop
      vertex 13.69153244048357 15.789475083351135 0.32
      vertex 13.69153244048357 15.789475083351135 0.48
      vertex 13.799740001559258 15.586039997637272 0.48
    endloop
  endfacet
  facet normal 0.9522070469236014 0.3054533348795432 0
    outer loop
      vertex 13.143280796706676 17.16385482251644 0.32
      vertex 13.143280796706676 17.16385482251644 0.48
      vertex 13.222633004188538 16.91648567467928 0.48
    endloop
  endfacet
  facet normal 0.9597382792691358 0.28089577302892693 0
    outer loop
      vertex 13.068737804889679 17.418546311557293 0.32
      vertex 13.068737804889679 17.418546311557293 0.48
      vertex 13.143280796706676 17.16385482251644 0.48
    endloop
  endfacet
  facet normal 0.9884980938971287 0.15123332424351255 0
    outer loop
      vertex 12.722473613917828 19.10046450048685 0.32
      vertex 12.768161244690418 18.80183894187212 0.48
      vertex 12.768161244690418 18.80183894187212 0.32
    endloop
  endfacet
  facet normal 0.9911916341787282 0.1324354345864507 0
    outer loop
      vertex 12.722473613917828 19.10046450048685 0.32
      vertex 12.6815951988101 19.40641240030527 0.32
      vertex 12.722473613917828 19.10046450048685 0.48
    endloop
  endfacet
  facet normal 0.9934368490557669 0.11438193449207602 0
    outer loop
      vertex 12.6815951988101 19.40641240030527 0.32
      vertex 12.645526014268398 19.71968264877796 0.32
      vertex 12.6815951988101 19.40641240030527 0.48
    endloop
  endfacet
  facet normal 0.995279842201445 0.09704656463505787 0
    outer loop
      vertex 12.645526014268398 19.71968264877796 0.32
      vertex 12.61426605284214 20.040275238454342 0.32
      vertex 12.645526014268398 19.71968264877796 0.48
    endloop
  endfacet
  facet normal 0.9967624969834524 0.08040226742644238 0
    outer loop
      vertex 12.61426605284214 20.040275238454342 0.32
      vertex 12.587815314531326 20.36819016933441 0.32
      vertex 12.61426605284214 20.040275238454342 0.48
    endloop
  endfacet
  facet normal 0.9979227638290311 0.064421715529997 0
    outer loop
      vertex 12.587815314531326 20.36819016933441 0.32
      vertex 12.566173799335957 20.70342744886875 0.32
      vertex 12.587815314531326 20.36819016933441 0.48
    endloop
  endfacet
  facet normal 0.9987949689459463 0.04907759171216736 0
    outer loop
      vertex 12.566173799335957 20.70342744886875 0.32
      vertex 12.549341514706612 21.04598706960678 0.32
      vertex 12.566173799335957 20.70342744886875 0.48
    endloop
  endfacet
  facet normal 0.9994101078658798 0.03434292205841835 0
    outer loop
      vertex 12.549341514706612 21.04598706960678 0.32
      vertex 12.53731845319271 21.39586903899908 0.32
      vertex 12.549341514706612 21.04598706960678 0.48
    endloop
  endfacet
  facet normal 0.999796137840504 0.02019115546995454 0
    outer loop
      vertex 12.53731845319271 21.39586903899908 0.32
      vertex 12.530166681926882 21.75 0.32
      vertex 12.530166681926882 21.75 0.48
    endloop
  endfacet
  facet normal 0.9884980938971287 0.15123332424351255 0
    outer loop
      vertex 12.722473613917828 19.10046450048685 0.32
      vertex 12.722473613917828 19.10046450048685 0.48
      vertex 12.768161244690418 18.80183894187212 0.48
    endloop
  endfacet
  facet normal 0.9911916341787282 0.1324354345864507 0
    outer loop
      vertex 12.6815951988101 19.40641240030527 0.32
      vertex 12.6815951988101 19.40641240030527 0.48
      vertex 12.722473613917828 19.10046450048685 0.48
    endloop
  endfacet
  facet normal 0.9853055707323615 0.1708008556295181 0
    outer loop
      vertex 12.768161244690418 18.80183894187212 0.32
      vertex 12.768161244690418 18.80183894187212 0.48
      vertex 12.818658106029034 18.51053572446108 0.48
    endloop
  endfacet
  facet normal 0.9934368490557669 0.11438193449207602 0
    outer loop
      vertex 12.645526014268398 19.71968264877796 0.32
      vertex 12.645526014268398 19.71968264877796 0.48
      vertex 12.6815951988101 19.40641240030527 0.48
    endloop
  endfacet
  facet normal 0.995279842201445 0.09704656463505787 0
    outer loop
      vertex 12.61426605284214 20.040275238454342 0.32
      vertex 12.61426605284214 20.040275238454342 0.48
      vertex 12.645526014268398 19.71968264877796 0.48
    endloop
  endfacet
  facet normal 0.9967624969834524 0.08040226742644238 0
    outer loop
      vertex 12.587815314531326 20.36819016933441 0.32
      vertex 12.587815314531326 20.36819016933441 0.48
      vertex 12.61426605284214 20.040275238454342 0.48
    endloop
  endfacet
  facet normal 0.9979227638290311 0.064421715529997 0
    outer loop
      vertex 12.566173799335957 20.70342744886875 0.32
      vertex 12.566173799335957 20.70342744886875 0.48
      vertex 12.587815314531326 20.36819016933441 0.48
    endloop
  endfacet
  facet normal 0.9987949689459463 0.04907759171216736 0
    outer loop
      vertex 12.549341514706612 21.04598706960678 0.32
      vertex 12.549341514706612 21.04598706960678 0.48
      vertex 12.566173799335957 20.70342744886875 0.48
    endloop
  endfacet
  facet normal 0.9994101078658798 0.03434292205841835 0
    outer loop
      vertex 12.53731845319271 21.39586903899908 0.32
      vertex 12.53731845319271 21.39586903899908 0.48
      vertex 12.549341514706612 21.04598706960678 0.48
    endloop
  endfacet
  facet normal 0.999796137840504 0.02019115546995454 0
    outer loop
      vertex 12.53731845319271 21.39586903899908 0.32
      vertex 12.530166681926882 21.75 0.48
      vertex 12.53731845319271 21.39586903899908 0.48
    endloop
  endfacet
  facet normal -1 0 0
    outer loop
      vertex 16.42025999724865 19.155759997665882 0.32
      vertex 16.42025999724865 19.155759997665882 0.48
      vertex 16.42025999724865 21.75 0.32
    endloop
  endfacet
  facet normal -1 0 0
    outer loop
      vertex 16.42025999724865 19.155759997665882 0.48
      vertex 16.42025999724865 21.75 0.48
      vertex 16.42025999724865 21.75 0.32
    endloop
  endfacet
  facet normal 0 0 -1
    outer loop
      vertex 6.87044820189476 23.230472967028618 0.32
      vertex 12.53681667149067 22.894337996840477 0.32
      vertex 6.852802780595377 22.25 0.32
    endloop
  endfacet
  facet normal 0 0 -1
    outer loop
      vertex 6.87044820189476 23.230472967028618 0.32
      vertex 6.930532813072205 24.29388491809368 0.32
      vertex 12.564166694879532 23.63288589566946 0.32
    endloop
  endfacet
  facet normal 0 0 -1
    outer loop
      vertex 6.930532813072205 24.29388491809368 0.32
      vertex 7.030673839151859 25.307835839688778 0.32
      vertex 12.639379240572453 24.66910132020712 0.32
    endloop
  endfacet
  facet normal 0 0 -1
    outer loop
      vertex 7.030673839151859 25.307835839688778 0.32
      vertex 7.170871265232563 26.27232574671507 0.32
      vertex 12.712312631309032 25.31217398494482 0.32
    endloop
  endfacet
  facet normal 0 0 -1
    outer loop
      vertex 7.170871265232563 26.27232574671507 0.32
      vertex 7.351125106215477 27.187354631721973 0.32
      vertex 12.803479358553886 25.917056560516357 0.32
    endloop
  endfacet
  facet normal 0 0 -1
    outer loop
      vertex 7.351125106215477 27.187354631721973 0.32
      vertex 7.57143534719944 28.05292249470949 0.32
      vertex 12.912879429757595 26.48374903947115 0.32
    endloop
  endfacet
  facet normal 0 0 -1
    outer loop
      vertex 12.529979169368744 22.510742761194706 0.32
      vertex 12.52846756314667 22.25 0.32
      vertex 6.852802780595377 22.25 0.32
    endloop
  endfacet
  facet normal 0 0 -1
    outer loop
      vertex 12.529979169368744 22.510742761194706 0.32
      vertex 6.852802780595377 22.25 0.32
      vertex 12.53681667149067 22.894337996840477 0.32
    endloop
  endfacet
  facet normal 0 0 -1
    outer loop
      vertex 6.87044820189476 23.230472967028618 0.32
      vertex 12.548212513327599 23.26838570833206 0.32
      vertex 12.53681667149067 22.894337996840477 0.32
    endloop
  endfacet
  facet normal 0 0 -1
    outer loop
      vertex 6.87044820189476 23.230472967028618 0.32
      vertex 12.564166694879532 23.63288589566946 0.32
      vertex 12.548212513327599 23.26838570833206 0.32
    endloop
  endfacet
  facet normal 0 0 -1
    outer loop
      vertex 6.930532813072205 24.29388491809368 0.32
      vertex 12.584679208695889 23.987838566303253 0.32
      vertex 12.564166694879532 23.63288589566946 0.32
    endloop
  endfacet
  facet normal 0 0 -1
    outer loop
      vertex 6.930532813072205 24.29388491809368 0.32
      vertex 12.609750054776669 24.33324370533228 0.32
      vertex 12.584679208695889 23.987838566303253 0.32
    endloop
  endfacet
  facet normal 0 0 -1
    outer loop
      vertex 6.930532813072205 24.29388491809368 0.32
      vertex 12.639379240572453 24.66910132020712 0.32
      vertex 12.609750054776669 24.33324370533228 0.32
    endloop
  endfacet
  facet normal 0 0 -1
    outer loop
      vertex 7.030673839151859 25.307835839688778 0.32
      vertex 12.67356676608324 24.995411418378353 0.32
      vertex 12.639379240572453 24.66910132020712 0.32
    endloop
  endfacet
  facet normal 0 0 -1
    outer loop
      vertex 7.030673839151859 25.307835839688778 0.32
      vertex 12.712312631309032 25.31217398494482 0.32
      vertex 12.67356676608324 24.995411418378353 0.32
    endloop
  endfacet
  facet normal 0 0 -1
    outer loop
      vertex 7.57143534719944 28.05292249470949 0.32
      vertex 7.831802003085613 28.869029335677624 0.32
      vertex 13.111167073249817 27.26218132674694 0.32
    endloop
  endfacet
  facet normal 0 0 -1
    outer loop
      vertex 7.170871265232563 26.27232574671507 0.32
      vertex 12.755616821348667 25.619389034807682 0.32
      vertex 12.712312631309032 25.31217398494482 0.32
    endloop
  endfacet
  facet normal 0 0 -1
    outer loop
      vertex 7.170871265232563 26.27232574671507 0.32
      vertex 12.803479358553886 25.917056560516357 0.32
      vertex 12.755616821348667 25.619389034807682 0.32
    endloop
  endfacet
  facet normal 0 0 -1
    outer loop
      vertex 7.351125106215477 27.187354631721973 0.32
      vertex 12.855900228023529 26.205176562070847 0.32
      vertex 12.803479358553886 25.917056560516357 0.32
    endloop
  endfacet
  facet normal 0 0 -1
    outer loop
      vertex 7.351125106215477 27.187354631721973 0.32
      vertex 12.912879429757595 26.48374903947115 0.32
      vertex 12.855900228023529 26.205176562070847 0.32
    endloop
  endfacet
  facet normal 0 0 -1
    outer loop
      vertex 7.57143534719944 28.05292249470949 0.32
      vertex 12.974416978657246 26.752773985266685 0.32
      vertex 12.912879429757595 26.48374903947115 0.32
    endloop
  endfacet
  facet normal 0 0 -1
    outer loop
      vertex 7.57143534719944 28.05292249470949 0.32
      vertex 13.040512852370739 27.012251414358616 0.32
      vertex 12.974416978657246 26.752773985266685 0.32
    endloop
  endfacet
  facet normal 0 0 -1
    outer loop
      vertex 7.57143534719944 28.05292249470949 0.32
      vertex 13.111167073249817 27.26218132674694 0.32
      vertex 13.040512852370739 27.012251414358616 0.32
    endloop
  endfacet
  facet normal 0 0 -1
    outer loop
      vertex 7.831802003085613 28.869029335677624 0.32
      vertex 13.186379618942738 27.5025637075305 0.32
      vertex 13.111167073249817 27.26218132674694 0.32
    endloop
  endfacet
  facet normal 0 0 -1
    outer loop
      vertex 7.831802003085613 28.869029335677624 0.32
      vertex 13.266150511801243 27.73339856415987 0.32
      vertex 13.186379618942738 27.5025637075305 0.32
    endloop
  endfacet
  facet normal 0 0 -1
    outer loop
      vertex 8.132225066423416 29.63567516207695 0.32
      vertex 13.350479736924171 27.954685896635056 0.32
      vertex 13.266150511801243 27.73339856415987 0.32
    endloop
  endfacet
  facet normal -0.9998380960892391 0.017993932550873178 0
    outer loop
      vertex 6.87044820189476 23.230472967028618 0.32
      vertex 6.852802780595377 22.25 0.32
      vertex 6.852802780595377 22.25 0.48
    endloop
  endfacet
  facet normal -0.9984075892036081 0.056411752504592766 0
    outer loop
      vertex 6.87044820189476 23.230472967028618 0.32
      vertex 6.930532813072205 24.29388491809368 0.48
      vertex 6.930532813072205 24.29388491809368 0.32
    endloop
  endfacet
  facet normal -0.9951583076476777 0.0982850076044677 0
    outer loop
      vertex 6.930532813072205 24.29388491809368 0.32
      vertex 7.030673839151859 25.307835839688778 0.48
      vertex 7.030673839151859 25.307835839688778 0.32
    endloop
  endfacet
  facet normal -0.9998380960892391 0.017993932550873178 0
    outer loop
      vertex 6.87044820189476 23.230472967028618 0.32
      vertex 6.852802780595377 22.25 0.48
      vertex 6.87044820189476 23.230472967028618 0.48
    endloop
  endfacet
  facet normal -0.9984075892036081 0.056411752504592766 0
    outer loop
      vertex 6.87044820189476 23.230472967028618 0.32
      vertex 6.87044820189476 23.230472967028618 0.48
      vertex 6.930532813072205 24.29388491809368 0.48
    endloop
  endfacet
  facet normal -0.9951583076476777 0.0982850076044677 0
    outer loop
      vertex 6.930532813072205 24.29388491809368 0.32
      vertex 6.930532813072205 24.29388491809368 0.48
      vertex 7.030673839151859 25.307835839688778 0.48
    endloop
  endfacet
  facet normal 0 0 1
    outer loop
      vertex 6.87044820189476 23.230472967028618 0.48
      vertex 6.852802780595377 22.25 0.48
      vertex 12.53681667149067 22.894337996840477 0.48
    endloop
  endfacet
  facet normal 0 0 1
    outer loop
      vertex 6.87044820189476 23.230472967028618 0.48
      vertex 12.564166694879532 23.63288589566946 0.48
      vertex 6.930532813072205 24.29388491809368 0.48
    endloop
  endfacet
  facet normal 0 0 1
    outer loop
      vertex 6.930532813072205 24.29388491809368 0.48
      vertex 12.639379240572453 24.66910132020712 0.48
      vertex 7.030673839151859 25.307835839688778 0.48
    endloop
  endfacet
  facet normal -0.9895998828841585 0.14384739064598942 0
    outer loop
      vertex 7.030673839151859 25.307835839688778 0.32
      vertex 7.170871265232563 26.27232574671507 0.48
      vertex 7.170871265232563 26.27232574671507 0.32
    endloop
  endfacet
  facet normal -0.9811440278664161 0.1932780292274972 0
    outer loop
      vertex 7.170871265232563 26.27232574671507 0.32
      vertex 7.351125106215477 27.187354631721973 0.48
      vertex 7.351125106215477 27.187354631721973 0.32
    endloop
  endfacet
  facet normal -0.9691014894095876 0.24666232631700943 0
    outer loop
      vertex 7.351125106215477 27.187354631721973 0.32
      vertex 7.57143534719944 28.05292249470949 0.48
      vertex 7.57143534719944 28.05292249470949 0.32
    endloop
  endfacet
  facet normal -0.9526906427518439 0.303941670741408 0
    outer loop
      vertex 7.57143534719944 28.05292249470949 0.32
      vertex 7.831802003085613 28.869029335677624 0.48
      vertex 7.831802003085613 28.869029335677624 0.32
    endloop
  endfacet
  facet normal -0.9895998828841585 0.14384739064598942 0
    outer loop
      vertex 7.030673839151859 25.307835839688778 0.32
      vertex 7.030673839151859 25.307835839688778 0.48
      vertex 7.170871265232563 26.27232574671507 0.48
    endloop
  endfacet
  facet normal -0.9811440278664161 0.1932780292274972 0
    outer loop
      vertex 7.170871265232563 26.27232574671507 0.32
      vertex 7.170871265232563 26.27232574671507 0.48
      vertex 7.351125106215477 27.187354631721973 0.48
    endloop
  endfacet
  facet normal -0.9691014894095876 0.24666232631700943 0
    outer loop
      vertex 7.351125106215477 27.187354631721973 0.32
      vertex 7.351125106215477 27.187354631721973 0.48
      vertex 7.57143534719944 28.05292249470949 0.48
    endloop
  endfacet
  facet normal -0.9526906427518439 0.303941670741408 0
    outer loop
      vertex 7.57143534719944 28.05292249470949 0.32
      vertex 7.57143534719944 28.05292249470949 0.48
      vertex 7.831802003085613 28.869029335677624 0.48
    endloop
  endfacet
  facet normal 0 0 1
    outer loop
      vertex 7.030673839151859 25.307835839688778 0.48
      vertex 12.712312631309032 25.31217398494482 0.48
      vertex 7.170871265232563 26.27232574671507 0.48
    endloop
  endfacet
  facet normal 0 0 1
    outer loop
      vertex 7.170871265232563 26.27232574671507 0.48
      vertex 12.803479358553886 25.917056560516357 0.48
      vertex 7.351125106215477 27.187354631721973 0.48
    endloop
  endfacet
  facet normal 0 0 1
    outer loop
      vertex 7.351125106215477 27.187354631721973 0.48
      vertex 12.912879429757595 26.48374903947115 0.48
      vertex 7.57143534719944 28.05292249470949 0.48
    endloop
  endfacet
  facet normal 0 0 1
    outer loop
      vertex 12.529979169368744 22.510742761194706 0.48
      vertex 6.852802780595377 22.25 0.48
      vertex 12.52846756314667 22.25 0.48
    endloop
  endfacet
  facet normal 0 0 1
    outer loop
      vertex 12.529979169368744 22.510742761194706 0.48
      vertex 12.53681667149067 22.894337996840477 0.48
      vertex 6.852802780595377 22.25 0.48
    endloop
  endfacet
  facet normal 0 0 1
    outer loop
      vertex 6.87044820189476 23.230472967028618 0.48
      vertex 12.53681667149067 22.894337996840477 0.48
      vertex 12.548212513327599 23.26838570833206 0.48
    endloop
  endfacet
  facet normal 0 0 1
    outer loop
      vertex 6.87044820189476 23.230472967028618 0.48
      vertex 12.548212513327599 23.26838570833206 0.48
      vertex 12.564166694879532 23.63288589566946 0.48
    endloop
  endfacet
  facet normal 0 0 1
    outer loop
      vertex 6.930532813072205 24.29388491809368 0.48
      vertex 12.564166694879532 23.63288589566946 0.48
      vertex 12.584679208695889 23.987838566303253 0.48
    endloop
  endfacet
  facet normal 0 0 1
    outer loop
      vertex 6.930532813072205 24.29388491809368 0.48
      vertex 12.584679208695889 23.987838566303253 0.48
      vertex 12.609750054776669 24.33324370533228 0.48
    endloop
  endfacet
  facet normal 0 0 1
    outer loop
      vertex 6.930532813072205 24.29388491809368 0.48
      vertex 12.609750054776669 24.33324370533228 0.48
      vertex 12.639379240572453 24.66910132020712 0.48
    endloop
  endfacet
  facet normal 0 0 1
    outer loop
      vertex 7.030673839151859 25.307835839688778 0.48
      vertex 12.639379240572453 24.66910132020712 0.48
      vertex 12.67356676608324 24.995411418378353 0.48
    endloop
  endfacet
  facet normal 0 0 1
    outer loop
      vertex 7.030673839151859 25.307835839688778 0.48
      vertex 12.67356676608324 24.995411418378353 0.48
      vertex 12.712312631309032 25.31217398494482 0.48
    endloop
  endfacet
  facet normal 0 0 1
    outer loop
      vertex 7.57143534719944 28.05292249470949 0.48
      vertex 13.111167073249817 27.26218132674694 0.48
      vertex 7.831802003085613 28.869029335677624 0.48
    endloop
  endfacet
  facet normal 0 0 1
    outer loop
      vertex 7.170871265232563 26.27232574671507 0.48
      vertex 12.712312631309032 25.31217398494482 0.48
      vertex 12.755616821348667 25.619389034807682 0.48
    endloop
  endfacet
  facet normal 0 0 1
    outer loop
      vertex 7.170871265232563 26.27232574671507 0.48
      vertex 12.755616821348667 25.619389034807682 0.48
      vertex 12.803479358553886 25.917056560516357 0.48
    endloop
  endfacet
  facet normal 0 0 1
    outer loop
      vertex 7.351125106215477 27.187354631721973 0.48
      vertex 12.803479358553886 25.917056560516357 0.48
      vertex 12.855900228023529 26.205176562070847 0.48
    endloop
  endfacet
  facet normal 0 0 1
    outer loop
      vertex 7.351125106215477 27.187354631721973 0.48
      vertex 12.855900228023529 26.205176562070847 0.48
      vertex 12.912879429757595 26.48374903947115 0.48
    endloop
  endfacet
  facet normal 0 0 1
    outer loop
      vertex 7.57143534719944 28.05292249470949 0.48
      vertex 12.912879429757595 26.48374903947115 0.48
      vertex 12.974416978657246 26.752773985266685 0.48
    endloop
  endfacet
  facet normal 0 0 1
    outer loop
      vertex 7.57143534719944 28.05292249470949 0.48
      vertex 12.974416978657246 26.752773985266685 0.48
      vertex 13.040512852370739 27.012251414358616 0.48
    endloop
  endfacet
  facet normal 0 0 1
    outer loop
      vertex 7.57143534719944 28.05292249470949 0.48
      vertex 13.040512852370739 27.012251414358616 0.48
      vertex 13.111167073249817 27.26218132674694 0.48
    endloop
  endfacet
  facet normal 0 0 1
    outer loop
      vertex 7.831802003085613 28.869029335677624 0.48
      vertex 13.111167073249817 27.26218132674694 0.48
      vertex 13.186379618942738 27.5025637075305 0.48
    endloop
  endfacet
  facet normal 0 0 1
    outer loop
      vertex 7.831802003085613 28.869029335677624 0.48
      vertex 13.186379618942738 27.5025637075305 0.48
      vertex 13.266150511801243 27.73339856415987 0.48
    endloop
  endfacet
  facet normal 0 0 1
    outer loop
      vertex 8.132225066423416 29.63567516207695 0.48
      vertex 13.266150511801243 27.73339856415987 0.48
      vertex 13.350479736924171 27.954685896635056 0.48
    endloop
  endfacet
  facet normal 0 0 -1
    outer loop
      vertex 7.831802003085613 28.869029335677624 0.32
      vertex 8.132225066423416 29.63567516207695 0.32
      vertex 13.266150511801243 27.73339856415987 0.32
    endloop
  endfacet
  facet normal 0 0 -1
    outer loop
      vertex 8.132225066423416 29.63567516207695 0.32
      vertex 8.472704537212849 30.35285995900631 0.32
      vertex 13.350479736924171 27.954685896635056 0.32
    endloop
  endfacet
  facet normal 0 0 -1
    outer loop
      vertex 8.472704537212849 30.35285995900631 0.32
      vertex 8.85324041545391 31.020583741366863 0.32
      vertex 13.53281319141388 28.368617996573448 0.32
    endloop
  endfacet
  facet normal 0 0 -1
    outer loop
      vertex 8.472704537212849 30.35285995900631 0.32
      vertex 13.439367294311523 28.166425712406635 0.32
      vertex 13.350479736924171 27.954685896635056 0.32
    endloop
  endfacet
  facet normal 0 0 -1
    outer loop
      vertex 8.472704537212849 30.35285995900631 0.32
      vertex 13.53281319141388 28.368617996573448 0.32
      vertex 13.439367294311523 28.166425712406635 0.32
    endloop
  endfacet
  facet normal 0 0 -1
    outer loop
      vertex 8.85324041545391 31.020583741366863 0.32
      vertex 9.273832701146603 31.63884650170803 0.32
      vertex 13.733379997313023 28.744359999895096 0.32
    endloop
  endfacet
  facet normal 0 0 -1
    outer loop
      vertex 9.273832701146603 31.63884650170803 0.32
      vertex 9.734481401741505 32.20764824002981 0.32
      vertex 13.840788319706917 28.91880688071251 0.32
    endloop
  endfacet
  facet normal 0 0 -1
    outer loop
      vertex 9.734481401741505 32.20764824002981 0.32
      vertex 10.235186502337456 32.72698896378279 0.32
      vertex 14.071004420518875 29.24444106221199 0.32
    endloop
  endfacet
  facet normal 0 0 -1
    outer loop
      vertex 10.235186502337456 32.72698896378279 0.32
      vertex 10.775948017835617 33.196868658065796 0.32
      vertex 14.321753159165382 29.539062455296516 0.32
    endloop
  endfacet
  facet normal -0.9310649544779939 0.3648534644797705 0
    outer loop
      vertex 7.831802003085613 28.869029335677624 0.32
      vertex 8.132225066423416 29.63567516207695 0.48
      vertex 8.132225066423416 29.63567516207695 0.32
    endloop
  endfacet
  facet normal -0.9033669696511927 0.4288684158844306 0
    outer loop
      vertex 8.132225066423416 29.63567516207695 0.32
      vertex 8.472704537212849 30.35285995900631 0.48
      vertex 8.472704537212849 30.35285995900631 0.32
    endloop
  endfacet
  facet normal -0.8688145929689888 0.4951375597186404 0
    outer loop
      vertex 8.472704537212849 30.35285995900631 0.32
      vertex 8.85324041545391 31.020583741366863 0.48
      vertex 8.85324041545391 31.020583741366863 0.32
    endloop
  endfacet
  facet normal -0.8268185297235401 0.5624687714938524 0
    outer loop
      vertex 8.85324041545391 31.020583741366863 0.32
      vertex 9.273832701146603 31.63884650170803 0.48
      vertex 9.273832701146603 31.63884650170803 0.32
    endloop
  endfacet
  facet normal -0.9310649544779939 0.3648534644797705 0
    outer loop
      vertex 7.831802003085613 28.869029335677624 0.32
      vertex 7.831802003085613 28.869029335677624 0.48
      vertex 8.132225066423416 29.63567516207695 0.48
    endloop
  endfacet
  facet normal -0.9033669696511927 0.4288684158844306 0
    outer loop
      vertex 8.132225066423416 29.63567516207695 0.32
      vertex 8.132225066423416 29.63567516207695 0.48
      vertex 8.472704537212849 30.35285995900631 0.48
    endloop
  endfacet
  facet normal -0.8688145929689888 0.4951375597186404 0
    outer loop
      vertex 8.472704537212849 30.35285995900631 0.32
      vertex 8.472704537212849 30.35285995900631 0.48
      vertex 8.85324041545391 31.020583741366863 0.48
    endloop
  endfacet
  facet normal -0.8268185297235401 0.5624687714938524 0
    outer loop
      vertex 8.85324041545391 31.020583741366863 0.32
      vertex 8.85324041545391 31.020583741366863 0.48
      vertex 9.273832701146603 31.63884650170803 0.48
    endloop
  endfacet
  facet normal 0 0 1
    outer loop
      vertex 7.831802003085613 28.869029335677624 0.48
      vertex 13.266150511801243 27.73339856415987 0.48
      vertex 8.132225066423416 29.63567516207695 0.48
    endloop
  endfacet
  facet normal 0 0 1
    outer loop
      vertex 8.132225066423416 29.63567516207695 0.48
      vertex 13.350479736924171 27.954685896635056 0.48
      vertex 8.472704537212849 30.35285995900631 0.48
    endloop
  endfacet
  facet normal 0 0 1
    outer loop
      vertex 8.472704537212849 30.35285995900631 0.48
      vertex 13.53281319141388 28.368617996573448 0.48
      vertex 8.85324041545391 31.020583741366863 0.48
    endloop
  endfacet
  facet normal -0.7771178065708358 0.6293551578485178 0
    outer loop
      vertex 9.273832701146603 31.63884650170803 0.32
      vertex 9.273832701146603 31.63884650170803 0.48
      vertex 9.734481401741505 32.20764824002981 0.48
    endloop
  endfacet
  facet normal 0 0 1
    outer loop
      vertex 8.472704537212849 30.35285995900631 0.48
      vertex 13.350479736924171 27.954685896635056 0.48
      vertex 13.439367294311523 28.166425712406635 0.48
    endloop
  endfacet
  facet normal 0 0 1
    outer loop
      vertex 8.472704537212849 30.35285995900631 0.48
      vertex 13.439367294311523 28.166425712406635 0.48
      vertex 13.53281319141388 28.368617996573448 0.48
    endloop
  endfacet
  facet normal 0 0 1
    outer loop
      vertex 8.85324041545391 31.020583741366863 0.48
      vertex 13.733379997313023 28.744359999895096 0.48
      vertex 9.273832701146603 31.63884650170803 0.48
    endloop
  endfacet
  facet normal 0 0 1
    outer loop
      vertex 9.273832701146603 31.63884650170803 0.48
      vertex 13.840788319706917 28.91880688071251 0.48
      vertex 9.734481401741505 32.20764824002981 0.48
    endloop
  endfacet
  facet normal 0 0 1
    outer loop
      vertex 9.734481401741505 32.20764824002981 0.48
      vertex 14.071004420518875 29.24444106221199 0.48
      vertex 10.235186502337456 32.72698896378279 0.48
    endloop
  endfacet
  facet normal 0 0 1
    outer loop
      vertex 10.235186502337456 32.72698896378279 0.48
      vertex 14.321753159165382 29.539062455296516 0.48
      vertex 10.775948017835617 33.196868658065796 0.48
    endloop
  endfacet
  facet normal -0.7771178065708358 0.6293551578485178 0
    outer loop
      vertex 9.273832701146603 31.63884650170803 0.32
      vertex 9.734481401741505 32.20764824002981 0.48
      vertex 9.734481401741505 32.20764824002981 0.32
    endloop
  endfacet
  facet normal -0.7199050647513088 0.6940725450163073 0
    outer loop
      vertex 9.734481401741505 32.20764824002981 0.32
      vertex 10.235186502337456 32.72698896378279 0.48
      vertex 10.235186502337456 32.72698896378279 0.32
    endloop
  endfacet
  facet normal -0.6559022886106065 0.7548458039860648 0
    outer loop
      vertex 10.235186502337456 32.72698896378279 0.32
      vertex 10.775948017835617 33.196868658065796 0.48
      vertex 10.775948017835617 33.196868658065796 0.32
    endloop
  endfacet
  facet normal -0.5863509669931134 0.8100571236068731 0
    outer loop
      vertex 10.775948017835617 33.196868658065796 0.32
      vertex 11.356765933334827 33.61728733778 0.48
      vertex 11.356765933334827 33.61728733778 0.32
    endloop
  endfacet
  facet normal -0.5129018315616826 0.8584472675596746 0
    outer loop
      vertex 11.356765933334827 33.61728733778 0.32
      vertex 11.977640263736248 33.988244988024235 0.48
      vertex 11.977640263736248 33.988244988024235 0.32
    endloop
  endfacet
  facet normal -0.7199050647513088 0.6940725450163073 0
    outer loop
      vertex 9.734481401741505 32.20764824002981 0.32
      vertex 9.734481401741505 32.20764824002981 0.48
      vertex 10.235186502337456 32.72698896378279 0.48
    endloop
  endfacet
  facet normal -0.6559022886106065 0.7548458039860648 0
    outer loop
      vertex 10.235186502337456 32.72698896378279 0.32
      vertex 10.235186502337456 32.72698896378279 0.48
      vertex 10.775948017835617 33.196868658065796 0.48
    endloop
  endfacet
  facet normal -0.5863509669931134 0.8100571236068731 0
    outer loop
      vertex 10.775948017835617 33.196868658065796 0.32
      vertex 10.775948017835617 33.196868658065796 0.48
      vertex 11.356765933334827 33.61728733778 0.48
    endloop
  endfacet
  facet normal -0.5129018315616826 0.8584472675596746 0
    outer loop
      vertex 11.356765933334827 33.61728733778 0.32
      vertex 11.356765933334827 33.61728733778 0.48
      vertex 11.977640263736248 33.988244988024235 0.48
    endloop
  endfacet
  facet normal 0.99998319603073 -0.005797211067964721 0
    outer loop
      vertex 12.529979169368744 22.510742761194706 0.32
      vertex 12.529979169368744 22.510742761194706 0.48
      vertex 12.52846756314667 22.25 0.32
    endloop
  endfacet
  facet normal 0.999841176387603 -0.017821952750872092 0
    outer loop
      vertex 12.529979169368744 22.510742761194706 0.32
      vertex 12.53681667149067 22.894337996840477 0.32
      vertex 12.529979169368744 22.510742761194706 0.48
    endloop
  endfacet
  facet normal 0.999536225759586 -0.030452149255546998 0
    outer loop
      vertex 12.53681667149067 22.894337996840477 0.32
      vertex 12.548212513327599 23.26838570833206 0.32
      vertex 12.53681667149067 22.894337996840477 0.48
    endloop
  endfacet
  facet normal 0.9990434667333539 -0.0437281554310504 0
    outer loop
      vertex 12.548212513327599 23.26838570833206 0.32
      vertex 12.564166694879532 23.63288589566946 0.32
      vertex 12.548212513327599 23.26838570833206 0.48
    endloop
  endfacet
  facet normal 0.9983343614669236 -0.057693177364656394 0
    outer loop
      vertex 12.564166694879532 23.63288589566946 0.32
      vertex 12.584679208695889 23.987838566303253 0.32
      vertex 12.564166694879532 23.63288589566946 0.48
    endloop
  endfacet
  facet normal 0.9973761530950069 -0.07239343366221347 0
    outer loop
      vertex 12.584679208695889 23.987838566303253 0.32
      vertex 12.609750054776669 24.33324370533228 0.32
      vertex 12.584679208695889 23.987838566303253 0.48
    endloop
  endfacet
  facet normal 0.9961312286994555 -0.08787818392361782 0
    outer loop
      vertex 12.609750054776669 24.33324370533228 0.32
      vertex 12.639379240572453 24.66910132020712 0.32
      vertex 12.609750054776669 24.33324370533228 0.48
    endloop
  endfacet
  facet normal 0.9945563923692352 -0.10419972359604367 0
    outer loop
      vertex 12.639379240572453 24.66910132020712 0.32
      vertex 12.67356676608324 24.995411418378353 0.32
      vertex 12.639379240572453 24.66910132020712 0.48
    endloop
  endfacet
  facet normal 0.9926020265562197 -0.12141341308309297 0
    outer loop
      vertex 12.67356676608324 24.995411418378353 0.32
      vertex 12.712312631309032 25.31217398494482 0.32
      vertex 12.67356676608324 24.995411418378353 0.48
    endloop
  endfacet
  facet normal 0.99998319603073 -0.005797211067964721 0
    outer loop
      vertex 12.529979169368744 22.510742761194706 0.48
      vertex 12.52846756314667 22.25 0.48
      vertex 12.52846756314667 22.25 0.32
    endloop
  endfacet
  facet normal 0.999841176387603 -0.017821952750872092 0
    outer loop
      vertex 12.53681667149067 22.894337996840477 0.32
      vertex 12.53681667149067 22.894337996840477 0.48
      vertex 12.529979169368744 22.510742761194706 0.48
    endloop
  endfacet
  facet normal 0.999536225759586 -0.030452149255546998 0
    outer loop
      vertex 12.548212513327599 23.26838570833206 0.32
      vertex 12.548212513327599 23.26838570833206 0.48
      vertex 12.53681667149067 22.894337996840477 0.48
    endloop
  endfacet
  facet normal 0.9990434667333539 -0.0437281554310504 0
    outer loop
      vertex 12.564166694879532 23.63288589566946 0.32
      vertex 12.564166694879532 23.63288589566946 0.48
      vertex 12.548212513327599 23.26838570833206 0.48
    endloop
  endfacet
  facet normal 0.9983343614669236 -0.057693177364656394 0
    outer loop
      vertex 12.584679208695889 23.987838566303253 0.32
      vertex 12.584679208695889 23.987838566303253 0.48
      vertex 12.564166694879532 23.63288589566946 0.48
    endloop
  endfacet
  facet normal 0.9973761530950069 -0.07239343366221347 0
    outer loop
      vertex 12.609750054776669 24.33324370533228 0.32
      vertex 12.609750054776669 24.33324370533228 0.48
      vertex 12.584679208695889 23.987838566303253 0.48
    endloop
  endfacet
  facet normal 0.9961312286994555 -0.08787818392361782 0
    outer loop
      vertex 12.639379240572453 24.66910132020712 0.32
      vertex 12.639379240572453 24.66910132020712 0.48
      vertex 12.609750054776669 24.33324370533228 0.48
    endloop
  endfacet
  facet normal 0.9945563923692352 -0.10419972359604367 0
    outer loop
      vertex 12.67356676608324 24.995411418378353 0.32
      vertex 12.67356676608324 24.995411418378353 0.48
      vertex 12.639379240572453 24.66910132020712 0.48
    endloop
  endfacet
  facet normal 0.9926020265562197 -0.12141341308309297 0
    outer loop
      vertex 12.712312631309032 25.31217398494482 0.32
      vertex 12.712312631309032 25.31217398494482 0.48
      vertex 12.67356676608324 24.995411418378353 0.48
    endloop
  endfacet
  facet normal 0.9902111575146806 -0.1395774463637892 0
    outer loop
      vertex 12.712312631309032 25.31217398494482 0.32
      vertex 12.755616821348667 25.619389034807682 0.32
      vertex 12.712312631309032 25.31217398494482 0.48
    endloop
  endfacet
  facet normal 0.98731835771178 -0.1587528284009881 0
    outer loop
      vertex 12.755616821348667 25.619389034807682 0.32
      vertex 12.803479358553886 25.917056560516357 0.32
      vertex 12.755616821348667 25.619389034807682 0.48
    endloop
  endfacet
  facet normal 0.9838486192760716 -0.17900249816292396 0
    outer loop
      vertex 12.803479358553886 25.917056560516357 0.32
      vertex 12.855900228023529 26.205176562070847 0.32
      vertex 12.803479358553886 25.917056560516357 0.48
    endloop
  endfacet
  facet normal 0.9797159902777757 -0.20039106365813197 0
    outer loop
      vertex 12.855900228023529 26.205176562070847 0.32
      vertex 12.912879429757595 26.48374903947115 0.32
      vertex 12.855900228023529 26.205176562070847 0.48
    endloop
  endfacet
  facet normal 0.9748221818921532 -0.2229836623858836 0
    outer loop
      vertex 12.912879429757595 26.48374903947115 0.32
      vertex 12.974416978657246 26.752773985266685 0.32
      vertex 12.912879429757595 26.48374903947115 0.48
    endloop
  endfacet
  facet normal 0.9690551330763881 -0.2468443822700931 0
    outer loop
      vertex 12.974416978657246 26.752773985266685 0.32
      vertex 13.040512852370739 27.012251414358616 0.32
      vertex 12.974416978657246 26.752773985266685 0.48
    endloop
  endfacet
  facet normal 0.9622873788468728 -0.27203492516957306 0
    outer loop
      vertex 13.040512852370739 27.012251414358616 0.32
      vertex 13.111167073249817 27.26218132674694 0.32
      vertex 13.040512852370739 27.012251414358616 0.48
    endloop
  endfacet
  facet normal 0.9543747408480323 -0.2986115437005929 0
    outer loop
      vertex 13.111167073249817 27.26218132674694 0.32
      vertex 13.186379618942738 27.5025637075305 0.32
      vertex 13.111167073249817 27.26218132674694 0.48
    endloop
  endfacet
  facet normal 0.9451548902087604 -0.32662246327291405 0
    outer loop
      vertex 13.186379618942738 27.5025637075305 0.32
      vertex 13.266150511801243 27.73339856415987 0.32
      vertex 13.186379618942738 27.5025637075305 0.48
    endloop
  endfacet
  facet normal 0.9344465834556172 -0.3561033314476635 0
    outer loop
      vertex 13.266150511801243 27.73339856415987 0.32
      vertex 13.350479736924171 27.954685896635056 0.32
      vertex 13.266150511801243 27.73339856415987 0.48
    endloop
  endfacet
  facet normal 0.9220492006380537 -0.3870726955014086 0
    outer loop
      vertex 13.350479736924171 27.954685896635056 0.32
      vertex 13.439367294311523 28.166425712406635 0.32
      vertex 13.350479736924171 27.954685896635056 0.48
    endloop
  endfacet
  facet normal 0.9077433791563239 -0.41952587238197675 0
    outer loop
      vertex 13.439367294311523 28.166425712406635 0.32
      vertex 13.53281319141388 28.368617996573448 0.32
      vertex 13.439367294311523 28.166425712406635 0.48
    endloop
  endfacet
  facet normal 0.8912930070571236 -0.4534278063496661 0
    outer loop
      vertex 13.53281319141388 28.368617996573448 0.32
      vertex 13.63081742823124 28.561262756586075 0.32
      vertex 13.53281319141388 28.368617996573448 0.48
    endloop
  endfacet
  facet normal 0.9902111575146806 -0.1395774463637892 0
    outer loop
      vertex 12.755616821348667 25.619389034807682 0.32
      vertex 12.755616821348667 25.619389034807682 0.48
      vertex 12.712312631309032 25.31217398494482 0.48
    endloop
  endfacet
  facet normal 0.98731835771178 -0.1587528284009881 0
    outer loop
      vertex 12.803479358553886 25.917056560516357 0.32
      vertex 12.803479358553886 25.917056560516357 0.48
      vertex 12.755616821348667 25.619389034807682 0.48
    endloop
  endfacet
  facet normal 0.9838486192760716 -0.17900249816292396 0
    outer loop
      vertex 12.855900228023529 26.205176562070847 0.32
      vertex 12.855900228023529 26.205176562070847 0.48
      vertex 12.803479358553886 25.917056560516357 0.48
    endloop
  endfacet
  facet normal 0.9797159902777757 -0.20039106365813197 0
    outer loop
      vertex 12.912879429757595 26.48374903947115 0.32
      vertex 12.912879429757595 26.48374903947115 0.48
      vertex 12.855900228023529 26.205176562070847 0.48
    endloop
  endfacet
  facet normal 0.9748221818921532 -0.2229836623858836 0
    outer loop
      vertex 12.974416978657246 26.752773985266685 0.32
      vertex 12.974416978657246 26.752773985266685 0.48
      vertex 12.912879429757595 26.48374903947115 0.48
    endloop
  endfacet
  facet normal 0.9690551330763881 -0.2468443822700931 0
    outer loop
      vertex 13.040512852370739 27.012251414358616 0.32
      vertex 13.040512852370739 27.012251414358616 0.48
      vertex 12.974416978657246 26.752773985266685 0.48
    endloop
  endfacet
  facet normal 0.9622873788468728 -0.27203492516957306 0
    outer loop
      vertex 13.111167073249817 27.26218132674694 0.32
      vertex 13.111167073249817 27.26218132674694 0.48
      vertex 13.040512852370739 27.012251414358616 0.48
    endloop
  endfacet
  facet normal 0.9543747408480323 -0.2986115437005929 0
    outer loop
      vertex 13.186379618942738 27.5025637075305 0.32
      vertex 13.186379618942738 27.5025637075305 0.48
      vertex 13.111167073249817 27.26218132674694 0.48
    endloop
  endfacet
  facet normal 0.9451548902087604 -0.32662246327291405 0
    outer loop
      vertex 13.266150511801243 27.73339856415987 0.32
      vertex 13.266150511801243 27.73339856415987 0.48
      vertex 13.186379618942738 27.5025637075305 0.48
    endloop
  endfacet
  facet normal 0.9344465834556172 -0.3561033314476635 0
    outer loop
      vertex 13.350479736924171 27.954685896635056 0.32
      vertex 13.350479736924171 27.954685896635056 0.48
      vertex 13.266150511801243 27.73339856415987 0.48
    endloop
  endfacet
  facet normal 0.9220492006380537 -0.3870726955014086 0
    outer loop
      vertex 13.439367294311523 28.166425712406635 0.32
      vertex 13.439367294311523 28.166425712406635 0.48
      vertex 13.350479736924171 27.954685896635056 0.48
    endloop
  endfacet
  facet normal 0.9077433791563239 -0.41952587238197675 0
    outer loop
      vertex 13.53281319141388 28.368617996573448 0.32
      vertex 13.53281319141388 28.368617996573448 0.48
      vertex 13.439367294311523 28.166425712406635 0.48
    endloop
  endfacet
  facet normal 0.8912930070571236 -0.4534278063496661 0
    outer loop
      vertex 13.63081742823124 28.561262756586075 0.32
      vertex 13.63081742823124 28.561262756586075 0.48
      vertex 13.53281319141388 28.368617996573448 0.48
    endloop
  endfacet
  facet normal -1 0 0
    outer loop
      vertex 16.42025999724865 23.29500000178814 0.32
      vertex 16.42025999724865 22.25 0.32
      vertex 16.42025999724865 22.25 0.48
    endloop
  endfacet
  facet normal -1 0 0
    outer loop
      vertex 16.42025999724865 23.29500000178814 0.32
      vertex 16.42025999724865 22.25 0.48
      vertex 16.42025999724865 23.29500000178814 0.48
    endloop
  endfacet
  facet normal 0 0 -1
    outer loop
      vertex 8.85324041545391 31.020583741366863 0.32
      vertex 13.63081742823124 28.561262756586075 0.32
      vertex 13.53281319141388 28.368617996573448 0.32
    endloop
  endfacet
  facet normal 0 0 -1
    outer loop
      vertex 8.85324041545391 31.020583741366863 0.32
      vertex 13.733379997313023 28.744359999895096 0.32
      vertex 13.63081742823124 28.561262756586075 0.32
    endloop
  endfacet
  facet normal 0 0 -1
    outer loop
      vertex 9.273832701146603 31.63884650170803 0.32
      vertex 13.840788319706917 28.91880688071251 0.32
      vertex 13.733379997313023 28.744359999895096 0.32
    endloop
  endfacet
  facet normal 0 0 -1
    outer loop
      vertex 9.734481401741505 32.20764824002981 0.32
      vertex 13.953329794108868 29.085500568151474 0.32
      vertex 13.840788319706917 28.91880688071251 0.32
    endloop
  endfacet
  facet normal 0 0 -1
    outer loop
      vertex 9.734481401741505 32.20764824002981 0.32
      vertex 14.071004420518875 29.24444106221199 0.32
      vertex 13.953329794108868 29.085500568151474 0.32
    endloop
  endfacet
  facet normal 0 0 -1
    outer loop
      vertex 10.235186502337456 32.72698896378279 0.32
      vertex 14.1938122138381 29.395628355443478 0.32
      vertex 14.071004420518875 29.24444106221199 0.32
    endloop
  endfacet
  facet normal 0 0 -1
    outer loop
      vertex 10.235186502337456 32.72698896378279 0.32
      vertex 14.321753159165382 29.539062455296516 0.32
      vertex 14.1938122138381 29.395628355443478 0.32
    endloop
  endfacet
  facet normal 0 0 -1
    outer loop
      vertex 10.775948017835617 33.196868658065796 0.32
      vertex 14.454827256500721 29.674743361771107 0.32
      vertex 14.321753159165382 29.539062455296516 0.32
    endloop
  endfacet
  facet normal 0 0 -1
    outer loop
      vertex 11.356765933334827 33.61728733778 0.32
      vertex 14.593034520745277 29.80267107486725 0.32
      vertex 14.454827256500721 29.674743361771107 0.32
    endloop
  endfacet
  facet normal 0 0 -1
    outer loop
      vertex 11.356765933334827 33.61728733778 0.32
      vertex 14.73637493699789 29.922845594584942 0.32
      vertex 14.593034520745277 29.80267107486725 0.32
    endloop
  endfacet
  facet normal 0 0 -1
    outer loop
      vertex 11.977640263736248 33.988244988024235 0.32
      vertex 14.88484850525856 30.035266920924187 0.32
      vertex 14.73637493699789 29.922845594584942 0.32
    endloop
  endfacet
  facet normal 0 0 -1
    outer loop
      vertex 11.977640263736248 33.988244988024235 0.32
      vertex 15.038455232977867 30.139935046434402 0.32
      vertex 14.88484850525856 30.035266920924187 0.32
    endloop
  endfacet
  facet normal 0 0 -1
    outer loop
      vertex 12.638571001589298 34.309741623699665 0.32
      vertex 15.197195120155811 30.23684997856617 0.32
      vertex 15.038455232977867 30.139935046434402 0.32
    endloop
  endfacet
  facet normal 0 0 -1
    outer loop
      vertex 10.775948017835617 33.196868658065796 0.32
      vertex 11.356765933334827 33.61728733778 0.32
      vertex 14.454827256500721 29.674743361771107 0.32
    endloop
  endfacet
  facet normal 0 0 -1
    outer loop
      vertex 11.356765933334827 33.61728733778 0.32
      vertex 11.977640263736248 33.988244988024235 0.32
      vertex 14.73637493699789 29.922845594584942 0.32
    endloop
  endfacet
  facet normal 0 0 -1
    outer loop
      vertex 11.977640263736248 33.988244988024235 0.32
      vertex 12.638571001589298 34.309741623699665 0.32
      vertex 15.038455232977867 30.139935046434402 0.32
    endloop
  endfacet
  facet normal 0 0 -1
    outer loop
      vertex 12.638571001589298 34.309741623699665 0.32
      vertex 13.339558146893978 34.58177723735571 0.32
      vertex 15.197195120155811 30.23684997856617 0.32
    endloop
  endfacet
  facet normal 0 0 -1
    outer loop
      vertex 13.339558146893978 34.58177723735571 0.32
      vertex 15.361068166792393 30.32601171731949 0.32
      vertex 15.197195120155811 30.23684997856617 0.32
    endloop
  endfacet
  facet normal 0 0 -1
    outer loop
      vertex 13.339558146893978 34.58177723735571 0.32
      vertex 15.53007436543703 30.40742026269436 0.32
      vertex 15.361068166792393 30.32601171731949 0.32
    endloop
  endfacet
  facet normal 0 0 -1
    outer loop
      vertex 14.080601699650288 34.80435183644295 0.32
      vertex 15.704213723540306 30.48107561469078 0.32
      vertex 15.53007436543703 30.40742026269436 0.32
    endloop
  endfacet
  facet normal 0 0 -1
    outer loop
      vertex 13.339558146893978 34.58177723735571 0.32
      vertex 14.080601699650288 34.80435183644295 0.32
      vertex 15.53007436543703 30.40742026269436 0.32
    endloop
  endfacet
  facet normal 0 0 -1
    outer loop
      vertex 14.080601699650288 34.80435183644295 0.32
      vertex 15.883486241102219 30.546977765858173 0.32
      vertex 15.704213723540306 30.48107561469078 0.32
    endloop
  endfacet
  facet normal 0 0 -1
    outer loop
      vertex 14.080601699650288 34.80435183644295 0.32
      vertex 14.861701659858227 34.97746540606022 0.32
      vertex 15.883486241102219 30.546977765858173 0.32
    endloop
  endfacet
  facet normal 0 0 -1
    outer loop
      vertex 15.883486241102219 30.546977765858173 0.32
      vertex 14.861701659858227 34.97746540606022 0.32
      vertex 16.067891910672188 30.605126731097698 0.32
    endloop
  endfacet
  facet normal 0 0 -1
    outer loop
      vertex 16.067891910672188 30.605126731097698 0.32
      vertex 14.861701659858227 34.97746540606022 0.32
      vertex 16.257430739700794 30.655522495508194 0.32
    endloop
  endfacet
  facet normal 0 0 -1
    outer loop
      vertex 16.257430739700794 30.655522495508194 0.32
      vertex 14.861701659858227 34.97746540606022 0.32
      vertex 16.452102720737457 30.69816506654024 0.32
    endloop
  endfacet
  facet normal 0 0 -1
    outer loop
      vertex 16.452102720737457 30.69816506654024 0.32
      vertex 15.682858034968376 35.101117961108685 0.32
      vertex 16.651907861232758 30.73305444419384 0.32
    endloop
  endfacet
  facet normal 0 0 -1
    outer loop
      vertex 16.651907861232758 30.73305444419384 0.32
      vertex 15.682858034968376 35.101117961108685 0.32
      vertex 16.856846161186695 30.76019062101841 0.32
    endloop
  endfacet
  facet normal 0 0 -1
    outer loop
      vertex 16.452102720737457 30.69816506654024 0.32
      vertex 14.861701659858227 34.97746540606022 0.32
      vertex 15.682858034968376 35.101117961108685 0.32
    endloop
  endfacet
  facet normal 0 0 -1
    outer loop
      vertex 15.682858034968376 35.101117961108685 0.32
      vertex 16.544070810079575 35.17530948668718 0.32
      vertex 16.856846161186695 30.76019062101841 0.32
    endloop
  endfacet
  facet normal 0.8724489032160655 -0.4887053419772332 0
    outer loop
      vertex 13.63081742823124 28.561262756586075 0.32
      vertex 13.733379997313023 28.744359999895096 0.32
      vertex 13.63081742823124 28.561262756586075 0.48
    endloop
  endfacet
  facet normal 0.851535418390717 -0.524297082984587 0
    outer loop
      vertex 13.733379997313023 28.744359999895096 0.32
      vertex 13.840788319706917 28.91880688071251 0.32
      vertex 13.733379997313023 28.744359999895096 0.48
    endloop
  endfacet
  facet normal 0.8287950989890456 -0.5595522173057114 0
    outer loop
      vertex 13.840788319706917 28.91880688071251 0.32
      vertex 13.953329794108868 29.085500568151474 0.32
      vertex 13.840788319706917 28.91880688071251 0.48
    endloop
  endfacet
  facet normal 0.803700042319774 -0.5950346561127289 0
    outer loop
      vertex 13.953329794108868 29.085500568151474 0.32
      vertex 14.071004420518875 29.24444106221199 0.32
      vertex 13.953329794108868 29.085500568151474 0.48
    endloop
  endfacet
  facet normal 0.7761941027751708 -0.6304940244102616 0
    outer loop
      vertex 14.071004420518875 29.24444106221199 0.32
      vertex 14.1938122138381 29.395628355443478 0.32
      vertex 14.071004420518875 29.24444106221199 0.48
    endloop
  endfacet
  facet normal 0.7462612288739899 -0.6656531967019181 0
    outer loop
      vertex 14.1938122138381 29.395628355443478 0.32
      vertex 14.321753159165382 29.539062455296516 0.32
      vertex 14.1938122138381 29.395628355443478 0.48
    endloop
  endfacet
  facet normal 0 0 1
    outer loop
      vertex 8.85324041545391 31.020583741366863 0.48
      vertex 13.53281319141388 28.368617996573448 0.48
      vertex 13.63081742823124 28.561262756586075 0.48
    endloop
  endfacet
  facet normal 0 0 1
    outer loop
      vertex 8.85324041545391 31.020583741366863 0.48
      vertex 13.63081742823124 28.561262756586075 0.48
      vertex 13.733379997313023 28.744359999895096 0.48
    endloop
  endfacet
  facet normal 0 0 1
    outer loop
      vertex 9.273832701146603 31.63884650170803 0.48
      vertex 13.733379997313023 28.744359999895096 0.48
      vertex 13.840788319706917 28.91880688071251 0.48
    endloop
  endfacet
  facet normal 0 0 1
    outer loop
      vertex 9.734481401741505 32.20764824002981 0.48
      vertex 13.840788319706917 28.91880688071251 0.48
      vertex 13.953329794108868 29.085500568151474 0.48
    endloop
  endfacet
  facet normal 0 0 1
    outer loop
      vertex 9.734481401741505 32.20764824002981 0.48
      vertex 13.953329794108868 29.085500568151474 0.48
      vertex 14.071004420518875 29.24444106221199 0.48
    endloop
  endfacet
  facet normal 0 0 1
    outer loop
      vertex 10.235186502337456 32.72698896378279 0.48
      vertex 14.071004420518875 29.24444106221199 0.48
      vertex 14.1938122138381 29.395628355443478 0.48
    endloop
  endfacet
  facet normal 0 0 1
    outer loop
      vertex 10.235186502337456 32.72698896378279 0.48
      vertex 14.1938122138381 29.395628355443478 0.48
      vertex 14.321753159165382 29.539062455296516 0.48
    endloop
  endfacet
  facet normal 0.8724489032160655 -0.4887053419772332 0
    outer loop
      vertex 13.733379997313023 28.744359999895096 0.32
      vertex 13.733379997313023 28.744359999895096 0.48
      vertex 13.63081742823124 28.561262756586075 0.48
    endloop
  endfacet
  facet normal 0.851535418390717 -0.524297082984587 0
    outer loop
      vertex 13.840788319706917 28.91880688071251 0.32
      vertex 13.840788319706917 28.91880688071251 0.48
      vertex 13.733379997313023 28.744359999895096 0.48
    endloop
  endfacet
  facet normal 0.8287950989890456 -0.5595522173057114 0
    outer loop
      vertex 13.953329794108868 29.085500568151474 0.32
      vertex 13.953329794108868 29.085500568151474 0.48
      vertex 13.840788319706917 28.91880688071251 0.48
    endloop
  endfacet
  facet normal 0.803700042319774 -0.5950346561127289 0
    outer loop
      vertex 14.071004420518875 29.24444106221199 0.32
      vertex 14.071004420518875 29.24444106221199 0.48
      vertex 13.953329794108868 29.085500568151474 0.48
    endloop
  endfacet
  facet normal 0.7761941027751708 -0.6304940244102616 0
    outer loop
      vertex 14.1938122138381 29.395628355443478 0.32
      vertex 14.1938122138381 29.395628355443478 0.48
      vertex 14.071004420518875 29.24444106221199 0.48
    endloop
  endfacet
  facet normal 0.7462612288739899 -0.6656531967019181 0
    outer loop
      vertex 14.321753159165382 29.539062455296516 0.32
      vertex 14.321753159165382 29.539062455296516 0.48
      vertex 14.1938122138381 29.395628355443478 0.48
    endloop
  endfacet
  facet normal 0 0 1
    outer loop
      vertex 10.775948017835617 33.196868658065796 0.48
      vertex 14.321753159165382 29.539062455296516 0.48
      vertex 14.454827256500721 29.674743361771107 0.48
    endloop
  endfacet
  facet normal 0 0 1
    outer loop
      vertex 11.356765933334827 33.61728733778 0.48
      vertex 14.454827256500721 29.674743361771107 0.48
      vertex 14.593034520745277 29.80267107486725 0.48
    endloop
  endfacet
  facet normal 0 0 1
    outer loop
      vertex 11.356765933334827 33.61728733778 0.48
      vertex 14.593034520745277 29.80267107486725 0.48
      vertex 14.73637493699789 29.922845594584942 0.48
    endloop
  endfacet
  facet normal 0 0 1
    outer loop
      vertex 11.977640263736248 33.988244988024235 0.48
      vertex 14.73637493699789 29.922845594584942 0.48
      vertex 14.88484850525856 30.035266920924187 0.48
    endloop
  endfacet
  facet normal 0 0 1
    outer loop
      vertex 11.977640263736248 33.988244988024235 0.48
      vertex 14.88484850525856 30.035266920924187 0.48
      vertex 15.038455232977867 30.139935046434402 0.48
    endloop
  endfacet
  facet normal 0 0 1
    outer loop
      vertex 12.638571001589298 34.309741623699665 0.48
      vertex 15.038455232977867 30.139935046434402 0.48
      vertex 15.197195120155811 30.23684997856617 0.48
    endloop
  endfacet
  facet normal -0.4374247503080474 0.8992550182333944 0
    outer loop
      vertex 11.977640263736248 33.988244988024235 0.32
      vertex 12.638571001589298 34.309741623699665 0.48
      vertex 12.638571001589298 34.309741623699665 0.32
    endloop
  endfacet
  facet normal -0.36178712116044964 0.9322607355039866 0
    outer loop
      vertex 12.638571001589298 34.309741623699665 0.32
      vertex 13.339558146893978 34.58177723735571 0.48
      vertex 13.339558146893978 34.58177723735571 0.32
    endloop
  endfacet
  facet normal -0.28765797013241196 0.9577332051355955 0
    outer loop
      vertex 13.339558146893978 34.58177723735571 0.32
      vertex 14.080601699650288 34.80435183644295 0.48
      vertex 14.080601699650288 34.80435183644295 0.32
    endloop
  endfacet
  facet normal 0 0 1
    outer loop
      vertex 10.775948017835617 33.196868658065796 0.48
      vertex 14.454827256500721 29.674743361771107 0.48
      vertex 11.356765933334827 33.61728733778 0.48
    endloop
  endfacet
  facet normal 0 0 1
    outer loop
      vertex 11.356765933334827 33.61728733778 0.48
      vertex 14.73637493699789 29.922845594584942 0.48
      vertex 11.977640263736248 33.988244988024235 0.48
    endloop
  endfacet
  facet normal -0.4374247503080474 0.8992550182333944 0
    outer loop
      vertex 11.977640263736248 33.988244988024235 0.32
      vertex 11.977640263736248 33.988244988024235 0.48
      vertex 12.638571001589298 34.309741623699665 0.48
    endloop
  endfacet
  facet normal -0.36178712116044964 0.9322607355039866 0
    outer loop
      vertex 12.638571001589298 34.309741623699665 0.32
      vertex 12.638571001589298 34.309741623699665 0.48
      vertex 13.339558146893978 34.58177723735571 0.48
    endloop
  endfacet
  facet normal 0 0 1
    outer loop
      vertex 11.977640263736248 33.988244988024235 0.48
      vertex 15.038455232977867 30.139935046434402 0.48
      vertex 12.638571001589298 34.309741623699665 0.48
    endloop
  endfacet
  facet normal 0 0 1
    outer loop
      vertex 12.638571001589298 34.309741623699665 0.48
      vertex 15.197195120155811 30.23684997856617 0.48
      vertex 13.339558146893978 34.58177723735571 0.48
    endloop
  endfacet
  facet normal -0.28765797013241196 0.9577332051355955 0
    outer loop
      vertex 13.339558146893978 34.58177723735571 0.32
      vertex 13.339558146893978 34.58177723735571 0.48
      vertex 14.080601699650288 34.80435183644295 0.48
    endloop
  endfacet
  facet normal 0.713931832792907 -0.7002152084359212 0
    outer loop
      vertex 14.321753159165382 29.539062455296516 0.32
      vertex 14.454827256500721 29.674743361771107 0.32
      vertex 14.321753159165382 29.539062455296516 0.48
    endloop
  endfacet
  facet normal 0.6792880173871004 -0.7338717799686144 0
    outer loop
      vertex 14.454827256500721 29.674743361771107 0.32
      vertex 14.593034520745277 29.80267107486725 0.32
      vertex 14.454827256500721 29.674743361771107 0.48
    endloop
  endfacet
  facet normal 0.642466393088713 -0.7663138611245259 0
    outer loop
      vertex 14.593034520745277 29.80267107486725 0.32
      vertex 14.73637493699789 29.922845594584942 0.32
      vertex 14.593034520745277 29.80267107486725 0.48
    endloop
  endfacet
  facet normal 0.6036575795215742 -0.7972437059558102 0
    outer loop
      vertex 14.73637493699789 29.922845594584942 0.32
      vertex 14.88484850525856 30.035266920924187 0.32
      vertex 14.73637493699789 29.922845594584942 0.48
    endloop
  endfacet
  facet normal 0.5631027321598202 -0.8263869027484316 0
    outer loop
      vertex 14.88484850525856 30.035266920924187 0.32
      vertex 15.038455232977867 30.139935046434402 0.32
      vertex 14.88484850525856 30.035266920924187 0.48
    endloop
  endfacet
  facet normal 0.5210867643720822 -0.8535037105931257 0
    outer loop
      vertex 15.038455232977867 30.139935046434402 0.32
      vertex 15.197195120155811 30.23684997856617 0.32
      vertex 15.038455232977867 30.139935046434402 0.48
    endloop
  endfacet
  facet normal 0.47792831040208267 -0.8783988445553709 0
    outer loop
      vertex 15.197195120155811 30.23684997856617 0.32
      vertex 15.361068166792393 30.32601171731949 0.32
      vertex 15.197195120155811 30.23684997856617 0.48
    endloop
  endfacet
  facet normal 0.43396789994898216 -0.9009283333394894 0
    outer loop
      vertex 15.361068166792393 30.32601171731949 0.32
      vertex 15.53007436543703 30.40742026269436 0.32
      vertex 15.361068166792393 30.32601171731949 0.48
    endloop
  endfacet
  facet normal 0.3895547931855542 -0.9210032915826958 0
    outer loop
      vertex 15.53007436543703 30.40742026269436 0.32
      vertex 15.704213723540306 30.48107561469078 0.32
      vertex 15.53007436543703 30.40742026269436 0.48
    endloop
  endfacet
  facet normal 0.34503399289092984 -0.9385901894595648 0
    outer loop
      vertex 15.704213723540306 30.48107561469078 0.32
      vertex 15.883486241102219 30.546977765858173 0.32
      vertex 15.704213723540306 30.48107561469078 0.48
    endloop
  endfacet
  facet normal 0.3007344050568963 -0.9537079309804835 0
    outer loop
      vertex 15.883486241102219 30.546977765858173 0.32
      vertex 16.067891910672188 30.605126731097698 0.32
      vertex 15.883486241102219 30.546977765858173 0.48
    endloop
  endfacet
  facet normal 0.25695842275175707 -0.9664224588537508 0
    outer loop
      vertex 16.067891910672188 30.605126731097698 0.32
      vertex 16.257430739700794 30.655522495508194 0.32
      vertex 16.067891910672188 30.605126731097698 0.48
    endloop
  endfacet
  facet normal 0.21397497617660347 -0.9768391421161532 0
    outer loop
      vertex 16.257430739700794 30.655522495508194 0.32
      vertex 16.452102720737457 30.69816506654024 0.32
      vertex 16.257430739700794 30.655522495508194 0.48
    endloop
  endfacet
  facet normal 0.17201425630567166 -0.9850944602562774 0
    outer loop
      vertex 16.452102720737457 30.69816506654024 0.32
      vertex 16.651907861232758 30.73305444419384 0.32
      vertex 16.452102720737457 30.69816506654024 0.48
    endloop
  endfacet
  facet normal 0.13126571980580765 -0.9913472201019495 0
    outer loop
      vertex 16.651907861232758 30.73305444419384 0.32
      vertex 16.856846161186695 30.76019062101841 0.32
      vertex 16.651907861232758 30.73305444419384 0.48
    endloop
  endfacet
  facet normal 0.713931832792907 -0.7002152084359212 0
    outer loop
      vertex 14.454827256500721 29.674743361771107 0.32
      vertex 14.454827256500721 29.674743361771107 0.48
      vertex 14.321753159165382 29.539062455296516 0.48
    endloop
  endfacet
  facet normal 0.6792880173871004 -0.7338717799686144 0
    outer loop
      vertex 14.593034520745277 29.80267107486725 0.32
      vertex 14.593034520745277 29.80267107486725 0.48
      vertex 14.454827256500721 29.674743361771107 0.48
    endloop
  endfacet
  facet normal 0.642466393088713 -0.7663138611245259 0
    outer loop
      vertex 14.73637493699789 29.922845594584942 0.32
      vertex 14.73637493699789 29.922845594584942 0.48
      vertex 14.593034520745277 29.80267107486725 0.48
    endloop
  endfacet
  facet normal 0.6036575795215742 -0.7972437059558102 0
    outer loop
      vertex 14.88484850525856 30.035266920924187 0.32
      vertex 14.88484850525856 30.035266920924187 0.48
      vertex 14.73637493699789 29.922845594584942 0.48
    endloop
  endfacet
  facet normal 0.5631027321598202 -0.8263869027484316 0
    outer loop
      vertex 15.038455232977867 30.139935046434402 0.32
      vertex 15.038455232977867 30.139935046434402 0.48
      vertex 14.88484850525856 30.035266920924187 0.48
    endloop
  endfacet
  facet normal 0.5210867643720822 -0.8535037105931257 0
    outer loop
      vertex 15.197195120155811 30.23684997856617 0.32
      vertex 15.197195120155811 30.23684997856617 0.48
      vertex 15.038455232977867 30.139935046434402 0.48
    endloop
  endfacet
  facet normal 0.47792831040208267 -0.8783988445553709 0
    outer loop
      vertex 15.361068166792393 30.32601171731949 0.32
      vertex 15.361068166792393 30.32601171731949 0.48
      vertex 15.197195120155811 30.23684997856617 0.48
    endloop
  endfacet
  facet normal 0.43396789994898216 -0.9009283333394894 0
    outer loop
      vertex 15.53007436543703 30.40742026269436 0.32
      vertex 15.53007436543703 30.40742026269436 0.48
      vertex 15.361068166792393 30.32601171731949 0.48
    endloop
  endfacet
  facet normal 0 0 1
    outer loop
      vertex 13.339558146893978 34.58177723735571 0.48
      vertex 15.197195120155811 30.23684997856617 0.48
      vertex 15.361068166792393 30.32601171731949 0.48
    endloop
  endfacet
  facet normal 0 0 1
    outer loop
      vertex 13.339558146893978 34.58177723735571 0.48
      vertex 15.361068166792393 30.32601171731949 0.48
      vertex 15.53007436543703 30.40742026269436 0.48
    endloop
  endfacet
  facet normal 0 0 1
    outer loop
      vertex 14.080601699650288 34.80435183644295 0.48
      vertex 15.53007436543703 30.40742026269436 0.48
      vertex 15.704213723540306 30.48107561469078 0.48
    endloop
  endfacet
  facet normal 0.3895547931855542 -0.9210032915826958 0
    outer loop
      vertex 15.704213723540306 30.48107561469078 0.32
      vertex 15.704213723540306 30.48107561469078 0.48
      vertex 15.53007436543703 30.40742026269436 0.48
    endloop
  endfacet
  facet normal 0.34503399289092984 -0.9385901894595648 0
    outer loop
      vertex 15.883486241102219 30.546977765858173 0.32
      vertex 15.883486241102219 30.546977765858173 0.48
      vertex 15.704213723540306 30.48107561469078 0.48
    endloop
  endfacet
  facet normal 0.3007344050568963 -0.9537079309804835 0
    outer loop
      vertex 16.067891910672188 30.605126731097698 0.32
      vertex 16.067891910672188 30.605126731097698 0.48
      vertex 15.883486241102219 30.546977765858173 0.48
    endloop
  endfacet
  facet normal 0.25695842275175707 -0.9664224588537508 0
    outer loop
      vertex 16.257430739700794 30.655522495508194 0.32
      vertex 16.257430739700794 30.655522495508194 0.48
      vertex 16.067891910672188 30.605126731097698 0.48
    endloop
  endfacet
  facet normal 0.21397497617660347 -0.9768391421161532 0
    outer loop
      vertex 16.452102720737457 30.69816506654024 0.32
      vertex 16.452102720737457 30.69816506654024 0.48
      vertex 16.257430739700794 30.655522495508194 0.48
    endloop
  endfacet
  facet normal 0.17201425630567166 -0.9850944602562774 0
    outer loop
      vertex 16.651907861232758 30.73305444419384 0.32
      vertex 16.651907861232758 30.73305444419384 0.48
      vertex 16.452102720737457 30.69816506654024 0.48
    endloop
  endfacet
  facet normal 0.13126571980580765 -0.9913472201019495 0
    outer loop
      vertex 16.651907861232758 30.73305444419384 0.48
      vertex 16.856846161186695 30.76019062101841 0.32
      vertex 16.856846161186695 30.76019062101841 0.48
    endloop
  endfacet
  facet normal -0.21637751662983262 0.97630977168986 0
    outer loop
      vertex 14.080601699650288 34.80435183644295 0.32
      vertex 14.861701659858227 34.97746540606022 0.48
      vertex 14.861701659858227 34.97746540606022 0.32
    endloop
  endfacet
  facet normal -0.14890467282742018 0.9888515552954139 0
    outer loop
      vertex 14.861701659858227 34.97746540606022 0.32
      vertex 15.682858034968376 35.101117961108685 0.48
      vertex 15.682858034968376 35.101117961108685 0.32
    endloop
  endfacet
  facet normal -0.08582982858761369 0.9963098115167895 0
    outer loop
      vertex 15.682858034968376 35.101117961108685 0.32
      vertex 16.544070810079575 35.17530948668718 0.48
      vertex 16.544070810079575 35.17530948668718 0.32
    endloop
  endfacet
  facet normal 0 0 1
    outer loop
      vertex 13.339558146893978 34.58177723735571 0.48
      vertex 15.53007436543703 30.40742026269436 0.48
      vertex 14.080601699650288 34.80435183644295 0.48
    endloop
  endfacet
  facet normal 0 0 1
    outer loop
      vertex 14.080601699650288 34.80435183644295 0.48
      vertex 15.704213723540306 30.48107561469078 0.48
      vertex 15.883486241102219 30.546977765858173 0.48
    endloop
  endfacet
  facet normal 0 0 1
    outer loop
      vertex 14.080601699650288 34.80435183644295 0.48
      vertex 15.883486241102219 30.546977765858173 0.48
      vertex 14.861701659858227 34.97746540606022 0.48
    endloop
  endfacet
  facet normal -0.21637751662983262 0.97630977168986 0
    outer loop
      vertex 14.080601699650288 34.80435183644295 0.32
      vertex 14.080601699650288 34.80435183644295 0.48
      vertex 14.861701659858227 34.97746540606022 0.48
    endloop
  endfacet
  facet normal -0.14890467282742018 0.9888515552954139 0
    outer loop
      vertex 14.861701659858227 34.97746540606022 0.32
      vertex 14.861701659858227 34.97746540606022 0.48
      vertex 15.682858034968376 35.101117961108685 0.48
    endloop
  endfacet
  facet normal 0 0 1
    outer loop
      vertex 15.883486241102219 30.546977765858173 0.48
      vertex 16.067891910672188 30.605126731097698 0.48
      vertex 14.861701659858227 34.97746540606022 0.48
    endloop
  endfacet
  facet normal 0 0 1
    outer loop
      vertex 16.067891910672188 30.605126731097698 0.48
      vertex 16.257430739700794 30.655522495508194 0.48
      vertex 14.861701659858227 34.97746540606022 0.48
    endloop
  endfacet
  facet normal 0 0 1
    outer loop
      vertex 16.257430739700794 30.655522495508194 0.48
      vertex 16.452102720737457 30.69816506654024 0.48
      vertex 14.861701659858227 34.97746540606022 0.48
    endloop
  endfacet
  facet normal 0 0 1
    outer loop
      vertex 16.452102720737457 30.69816506654024 0.48
      vertex 16.651907861232758 30.73305444419384 0.48
      vertex 15.682858034968376 35.101117961108685 0.48
    endloop
  endfacet
  facet normal 0 0 1
    outer loop
      vertex 16.651907861232758 30.73305444419384 0.48
      vertex 16.856846161186695 30.76019062101841 0.48
      vertex 15.682858034968376 35.101117961108685 0.48
    endloop
  endfacet
  facet normal -0.08582982858761369 0.9963098115167895 0
    outer loop
      vertex 15.682858034968376 35.101117961108685 0.32
      vertex 15.682858034968376 35.101117961108685 0.48
      vertex 16.544070810079575 35.17530948668718 0.48
    endloop
  endfacet
  facet normal 0 0 1
    outer loop
      vertex 16.452102720737457 30.69816506654024 0.48
      vertex 15.682858034968376 35.101117961108685 0.48
      vertex 14.861701659858227 34.97746540606022 0.48
    endloop
  endfacet
  facet normal 0 0 1
    outer loop
      vertex 15.682858034968376 35.101117961108685 0.48
      vertex 16.856846161186695 30.76019062101841 0.48
      vertex 16.544070810079575 35.17530948668718 0.48
    endloop
  endfacet
  facet normal 0 0 -1
    outer loop
      vertex 16.543001629412174 8.833864346146584 0.32
      vertex 17.230925634503365 13.306011646986008 0.32
      vertex 16.96165931969881 8.814106084406376 0.32
    endloop
  endfacet
  facet normal 0 0 -1
    outer loop
      vertex 16.96165931969881 8.814106084406376 0.32
      vertex 17.449580758810043 13.292982913553715 0.32
      vertex 17.38849999755621 8.807520002126694 0.32
    endloop
  endfacet
  facet normal 0 0 -1
    outer loop
      vertex 17.38849999755621 8.807520002126694 0.32
      vertex 17.673260003328323 13.28863999992609 0.32
      vertex 17.801017805933952 8.814877808094025 0.32
    endloop
  endfacet
  facet normal 0 0 -1
    outer loop
      vertex 17.801017805933952 8.814877808094025 0.32
      vertex 17.760891534388065 13.289357729256153 0.32
      vertex 18.213033840060234 8.836951225996017 0.32
    endloop
  endfacet
  facet normal 0 0 -1
    outer loop
      vertex 16.543001629412174 8.833864346146584 0.32
      vertex 17.017294630408287 13.327726200222969 0.32
      vertex 17.230925634503365 13.306011646986008 0.32
    endloop
  endfacet
  facet normal 0 0 -1
    outer loop
      vertex 16.96165931969881 8.814106084406376 0.32
      vertex 17.230925634503365 13.306011646986008 0.32
      vertex 17.449580758810043 13.292982913553715 0.32
    endloop
  endfacet
  facet normal 0 0 -1
    outer loop
      vertex 17.38849999755621 8.807520002126694 0.32
      vertex 17.449580758810043 13.292982913553715 0.32
      vertex 17.673260003328323 13.28863999992609 0.32
    endloop
  endfacet
  facet normal 0 0 -1
    outer loop
      vertex 17.801017805933952 8.814877808094025 0.32
      vertex 17.673260003328323 13.28863999992609 0.32
      vertex 17.760891534388065 13.289357729256153 0.32
    endloop
  endfacet
  facet normal 0 0 -1
    outer loop
      vertex 18.213033840060234 8.836951225996017 0.32
      vertex 17.760891534388065 13.289357729256153 0.32
      vertex 17.848773948848248 13.291510924696922 0.32
    endloop
  endfacet
  facet normal 0 0 -1
    outer loop
      vertex 18.213033840060234 8.836951225996017 0.32
      vertex 17.848773948848248 13.291510924696922 0.32
      vertex 17.93690726161003 13.295099586248398 0.32
    endloop
  endfacet
  facet normal 0 0 -1
    outer loop
      vertex 18.213033840060234 8.836951225996017 0.32
      vertex 18.025291457772255 13.300123706459999 0.32
      vertex 18.624548092484474 8.873740263283253 0.32
    endloop
  endfacet
  facet normal 0 0 -1
    outer loop
      vertex 18.624548092484474 8.873740263283253 0.32
      vertex 18.202812515199184 13.31447833776474 0.32
      vertex 19.035560570657253 8.92524491250515 0.32
    endloop
  endfacet
  facet normal 0 0 -1
    outer loop
      vertex 19.035560570657253 8.92524491250515 0.32
      vertex 18.470975764095783 13.346776254475117 0.32
      vertex 19.44607126712799 8.99146518111229 0.32
    endloop
  endfacet
  facet normal 0 0 -1
    outer loop
      vertex 18.213033840060234 8.836951225996017 0.32
      vertex 17.93690726161003 13.295099586248398 0.32
      vertex 18.025291457772255 13.300123706459999 0.32
    endloop
  endfacet
  facet normal 0 0 -1
    outer loop
      vertex 18.624548092484474 8.873740263283253 0.32
      vertex 18.025291457772255 13.300123706459999 0.32
      vertex 18.11392653733492 13.306583292782307 0.32
    endloop
  endfacet
  facet normal 0 0 -1
    outer loop
      vertex 18.624548092484474 8.873740263283253 0.32
      vertex 18.11392653733492 13.306583292782307 0.32
      vertex 18.202812515199184 13.31447833776474 0.32
    endloop
  endfacet
  facet normal 0 0 -1
    outer loop
      vertex 19.035560570657253 8.92524491250515 0.32
      vertex 18.202812515199184 13.31447833776474 0.32
      vertex 18.29194937646389 13.32380884885788 0.32
    endloop
  endfacet
  facet normal 0 0 -1
    outer loop
      vertex 19.035560570657253 8.92524491250515 0.32
      vertex 18.29194937646389 13.32380884885788 0.32
      vertex 18.381337128579617 13.334574818611145 0.32
    endloop
  endfacet
  facet normal 0 0 -1
    outer loop
      vertex 19.035560570657253 8.92524491250515 0.32
      vertex 18.381337128579617 13.334574818611145 0.32
      vertex 18.470975764095783 13.346776254475117 0.32
    endloop
  endfacet
  facet normal 0 0 -1
    outer loop
      vertex 18.470975764095783 13.346776254475117 0.32
      vertex 18.56086529046297 13.360413156449795 0.32
      vertex 19.44607126712799 8.99146518111229 0.32
    endloop
  endfacet
  facet normal 0 0 -1
    outer loop
      vertex 18.56086529046297 13.360413156449795 0.32
      vertex 18.65100570768118 13.375485517084599 0.32
      vertex 19.44607126712799 8.99146518111229 0.32
    endloop
  endfacet
  facet normal 0 0 -1
    outer loop
      vertex 18.65100570768118 13.375485517084599 0.32
      vertex 18.741397015750408 13.391993343830109 0.32
      vertex 19.44607126712799 8.99146518111229 0.32
    endloop
  endfacet
  facet normal 0 0 -1
    outer loop
      vertex 18.741397015750408 13.391993343830109 0.32
      vertex 18.832039207220078 13.409936636686325 0.32
      vertex 19.856080189347267 9.07240106165409 0.32
    endloop
  endfacet
  facet normal 0 0 -1
    outer loop
      vertex 18.832039207220078 13.409936636686325 0.32
      vertex 18.922932289540768 13.429315388202667 0.32
      vertex 19.856080189347267 9.07240106165409 0.32
    endloop
  endfacet
  facet normal 0 0 -1
    outer loop
      vertex 18.741397015750408 13.391993343830109 0.32
      vertex 19.856080189347267 9.07240106165409 0.32
      vertex 19.44607126712799 8.99146518111229 0.32
    endloop
  endfacet
  facet normal 0 0 -1
    outer loop
      vertex 18.922932289540768 13.429315388202667 0.32
      vertex 20.265587337315083 9.168052554130554 0.32
      vertex 19.856080189347267 9.07240106165409 0.32
    endloop
  endfacet
  facet normal 0 0 -1
    outer loop
      vertex 18.922932289540768 13.429315388202667 0.32
      vertex 19.014076255261898 13.450129605829716 0.32
      vertex 20.265587337315083 9.168052554130554 0.32
    endloop
  endfacet
  facet normal 0 0 -1
    outer loop
      vertex 19.014076255261898 13.450129605829716 0.32
      vertex 19.10547111183405 13.47237928211689 0.32
      vertex 20.265587337315083 9.168052554130554 0.32
    endloop
  endfacet
  facet normal 0 0 -1
    outer loop
      vertex 19.10547111183405 13.47237928211689 0.32
      vertex 19.19711685925722 13.49606442451477 0.32
      vertex 20.265587337315083 9.168052554130554 0.32
    endloop
  endfacet
  facet normal 0 0 -1
    outer loop
      vertex 19.19711685925722 13.49606442451477 0.32
      vertex 19.289013497531414 13.521185025572777 0.32
      vertex 20.674592703580856 9.27841965854168 0.32
    endloop
  endfacet
  facet normal 0 0 -1
    outer loop
      vertex 19.19711685925722 13.49606442451477 0.32
      vertex 20.674592703580856 9.27841965854168 0.32
      vertex 20.265587337315083 9.168052554130554 0.32
    endloop
  endfacet
  facet normal 0 0 -1
    outer loop
      vertex 20.674592703580856 9.27841965854168 0.32
      vertex 19.4735594317317 13.575732626020908 0.32
      vertex 21.08309629559517 9.403502382338047 0.32
    endloop
  endfacet
  facet normal 0 0 -1
    outer loop
      vertex 21.08309629559517 9.403502382338047 0.32
      vertex 19.65910892188549 13.636022076010704 0.32
      vertex 21.49109811335802 9.543300718069077 0.32
    endloop
  endfacet
  facet normal 0 0 -1
    outer loop
      vertex 21.49109811335802 9.543300718069077 0.32
      vertex 19.936778411269188 13.736362643539906 0.32
      vertex 21.89859814941883 9.697814665734768 0.32
    endloop
  endfacet
  facet normal 0 0 -1
    outer loop
      vertex 20.205743551254272 13.845969147980213 0.32
      vertex 22.30559641122818 9.867044232785702 0.32
      vertex 21.89859814941883 9.697814665734768 0.32
    endloop
  endfacet
  facet normal 0 0 -1
    outer loop
      vertex 20.674592703580856 9.27841965854168 0.32
      vertex 19.289013497531414 13.521185025572777 0.32
      vertex 19.381161019206047 13.54774109274149 0.32
    endloop
  endfacet
  facet normal 0 0 -1
    outer loop
      vertex 20.674592703580856 9.27841965854168 0.32
      vertex 19.381161019206047 13.54774109274149 0.32
      vertex 19.4735594317317 13.575732626020908 0.32
    endloop
  endfacet
  facet normal 0 0 -1
    outer loop
      vertex 21.08309629559517 9.403502382338047 0.32
      vertex 19.4735594317317 13.575732626020908 0.32
      vertex 19.566208735108376 13.605159625411034 0.32
    endloop
  endfacet
  facet normal 0 0 -1
    outer loop
      vertex 21.08309629559517 9.403502382338047 0.32
      vertex 19.566208735108376 13.605159625411034 0.32
      vertex 19.65910892188549 13.636022076010704 0.32
    endloop
  endfacet
  facet normal 0 0 -1
    outer loop
      vertex 21.49109811335802 9.543300718069077 0.32
      vertex 19.65910892188549 13.636022076010704 0.32
      vertex 19.752259999513626 13.668320000171661 0.32
    endloop
  endfacet
  facet normal 0 0 -1
    outer loop
      vertex 21.49109811335802 9.543300718069077 0.32
      vertex 19.752259999513626 13.668320000171661 0.32
      vertex 19.845040038228035 13.701838485896587 0.32
    endloop
  endfacet
  facet normal 0 0 -1
    outer loop
      vertex 21.49109811335802 9.543300718069077 0.32
      vertex 19.845040038228035 13.701838485896587 0.32
      vertex 19.936778411269188 13.736362643539906 0.32
    endloop
  endfacet
  facet normal 0 0 -1
    outer loop
      vertex 19.936778411269188 13.736362643539906 0.32
      vertex 20.027475126087666 13.771892473101616 0.32
      vertex 21.89859814941883 9.697814665734768 0.32
    endloop
  endfacet
  facet normal 0 0 -1
    outer loop
      vertex 20.027475126087666 13.771892473101616 0.32
      vertex 20.117130167782307 13.808427974581718 0.32
      vertex 21.89859814941883 9.697814665734768 0.32
    endloop
  endfacet
  facet normal 0 0 -1
    outer loop
      vertex 20.117130167782307 13.808427974581718 0.32
      vertex 20.205743551254272 13.845969147980213 0.32
      vertex 21.89859814941883 9.697814665734768 0.32
    endloop
  endfacet
  facet normal 0 0 -1
    outer loop
      vertex 20.205743551254272 13.845969147980213 0.32
      vertex 20.293315276503563 13.8845159932971 0.32
      vertex 22.30559641122818 9.867044232785702 0.32
    endloop
  endfacet
  facet normal 0 0 -1
    outer loop
      vertex 20.293315276503563 13.8845159932971 0.32
      vertex 20.379845328629017 13.924068503081799 0.32
      vertex 22.30559641122818 9.867044232785702 0.32
    endloop
  endfacet
  facet normal 0 0 -1
    outer loop
      vertex 20.379845328629017 13.924068503081799 0.32
      vertex 20.465333722531796 13.96462669223547 0.32
      vertex 22.30559641122818 9.867044232785702 0.32
    endloop
  endfacet
  facet normal 0 0 -1
    outer loop
      vertex 20.465333722531796 13.96462669223547 0.32
      vertex 20.549780450761318 14.006190545856953 0.32
      vertex 22.712092891335487 10.050989411771297 0.32
    endloop
  endfacet
  facet normal 0 0 -1
    outer loop
      vertex 20.549780450761318 14.006190545856953 0.32
      vertex 20.633185520768166 14.048760078847408 0.32
      vertex 22.712092891335487 10.050989411771297 0.32
    endloop
  endfacet
  facet normal 0 0 -1
    outer loop
      vertex 20.633185520768166 14.048760078847408 0.32
      vertex 20.715548925101757 14.092335276305676 0.32
      vertex 22.712092891335487 10.050989411771297 0.32
    endloop
  endfacet
  facet normal 0 0 -1
    outer loop
      vertex 20.715548925101757 14.092335276305676 0.32
      vertex 20.796870663762093 14.136916145682335 0.32
      vertex 23.118087597191334 10.249650210142136 0.32
    endloop
  endfacet
  facet normal 0 0 -1
    outer loop
      vertex 20.796870663762093 14.136916145682335 0.32
      vertex 20.877150736749172 14.182502686977386 0.32
      vertex 23.118087597191334 10.249650210142136 0.32
    endloop
  endfacet
  facet normal 0 0 -1
    outer loop
      vertex 20.877150736749172 14.182502686977386 0.32
      vertex 20.956389151513577 14.22909489274025 0.32
      vertex 23.118087597191334 10.249650210142136 0.32
    endloop
  endfacet
  facet normal -0.01542800101867083 -0.9998809813095596 0
    outer loop
      vertex 16.96165931969881 8.814106084406376 0.32
      vertex 17.38849999755621 8.807520002126694 0.32
      vertex 16.96165931969881 8.814106084406376 0.48
    endloop
  endfacet
  facet normal 0.017833498844964966 -0.9998409705142848 0
    outer loop
      vertex 17.38849999755621 8.807520002126694 0.32
      vertex 17.801017805933952 8.814877808094025 0.32
      vertex 17.38849999755621 8.807520002126694 0.48
    endloop
  endfacet
  facet normal 0.053497453087239605 -0.998567985924433 0
    outer loop
      vertex 17.801017805933952 8.814877808094025 0.32
      vertex 18.213033840060234 8.836951225996017 0.32
      vertex 17.801017805933952 8.814877808094025 0.48
    endloop
  endfacet
  facet normal 0.08904405993099256 -0.9960276880644462 0
    outer loop
      vertex 18.213033840060234 8.836951225996017 0.32
      vertex 18.624548092484474 8.873740263283253 0.32
      vertex 18.213033840060234 8.836951225996017 0.48
    endloop
  endfacet
  facet normal 0.12433919671413456 -0.992239771507111 0
    outer loop
      vertex 18.624548092484474 8.873740263283253 0.32
      vertex 19.035560570657253 8.92524491250515 0.32
      vertex 18.624548092484474 8.873740263283253 0.48
    endloop
  endfacet
  facet normal 0.15925321991470978 -0.9872377686995151 0
    outer loop
      vertex 19.035560570657253 8.92524491250515 0.32
      vertex 19.44607126712799 8.99146518111229 0.32
      vertex 19.035560570657253 8.92524491250515 0.48
    endloop
  endfacet
  facet normal -0.047141841815045916 -0.9988882053314502 0
    outer loop
      vertex 16.543001629412174 8.833864346146584 0.48
      vertex 16.96165931969881 8.814106084406376 0.32
      vertex 16.96165931969881 8.814106084406376 0.48
    endloop
  endfacet
  facet normal -0.01542800101867083 -0.9998809813095596 0
    outer loop
      vertex 17.38849999755621 8.807520002126694 0.32
      vertex 17.38849999755621 8.807520002126694 0.48
      vertex 16.96165931969881 8.814106084406376 0.48
    endloop
  endfacet
  facet normal 0.017833498844964966 -0.9998409705142848 0
    outer loop
      vertex 17.801017805933952 8.814877808094025 0.32
      vertex 17.801017805933952 8.814877808094025 0.48
      vertex 17.38849999755621 8.807520002126694 0.48
    endloop
  endfacet
  facet normal 0 0 1
    outer loop
      vertex 16.543001629412174 8.833864346146584 0.48
      vertex 16.96165931969881 8.814106084406376 0.48
      vertex 17.230925634503365 13.306011646986008 0.48
    endloop
  endfacet
  facet normal 0 0 1
    outer loop
      vertex 16.96165931969881 8.814106084406376 0.48
      vertex 17.38849999755621 8.807520002126694 0.48
      vertex 17.449580758810043 13.292982913553715 0.48
    endloop
  endfacet
  facet normal 0 0 1
    outer loop
      vertex 17.38849999755621 8.807520002126694 0.48
      vertex 17.801017805933952 8.814877808094025 0.48
      vertex 17.673260003328323 13.28863999992609 0.48
    endloop
  endfacet
  facet normal 0 0 1
    outer loop
      vertex 17.801017805933952 8.814877808094025 0.48
      vertex 18.213033840060234 8.836951225996017 0.48
      vertex 17.760891534388065 13.289357729256153 0.48
    endloop
  endfacet
  facet normal 0 0 1
    outer loop
      vertex 16.543001629412174 8.833864346146584 0.48
      vertex 17.230925634503365 13.306011646986008 0.48
      vertex 17.017294630408287 13.327726200222969 0.48
    endloop
  endfacet
  facet normal 0 0 1
    outer loop
      vertex 16.96165931969881 8.814106084406376 0.48
      vertex 17.449580758810043 13.292982913553715 0.48
      vertex 17.230925634503365 13.306011646986008 0.48
    endloop
  endfacet
  facet normal 0 0 1
    outer loop
      vertex 17.38849999755621 8.807520002126694 0.48
      vertex 17.673260003328323 13.28863999992609 0.48
      vertex 17.449580758810043 13.292982913553715 0.48
    endloop
  endfacet
  facet normal 0 0 1
    outer loop
      vertex 17.801017805933952 8.814877808094025 0.48
      vertex 17.760891534388065 13.289357729256153 0.48
      vertex 17.673260003328323 13.28863999992609 0.48
    endloop
  endfacet
  facet normal 0 0 1
    outer loop
      vertex 18.213033840060234 8.836951225996017 0.48
      vertex 17.848773948848248 13.291510924696922 0.48
      vertex 17.760891534388065 13.289357729256153 0.48
    endloop
  endfacet
  facet normal 0 0 1
    outer loop
      vertex 18.213033840060234 8.836951225996017 0.48
      vertex 17.93690726161003 13.295099586248398 0.48
      vertex 17.848773948848248 13.291510924696922 0.48
    endloop
  endfacet
  facet normal 0.053497453087239605 -0.998567985924433 0
    outer loop
      vertex 18.213033840060234 8.836951225996017 0.32
      vertex 18.213033840060234 8.836951225996017 0.48
      vertex 17.801017805933952 8.814877808094025 0.48
    endloop
  endfacet
  facet normal 0.08904405993099256 -0.9960276880644462 0
    outer loop
      vertex 18.624548092484474 8.873740263283253 0.32
      vertex 18.624548092484474 8.873740263283253 0.48
      vertex 18.213033840060234 8.836951225996017 0.48
    endloop
  endfacet
  facet normal 0.12433919671413456 -0.992239771507111 0
    outer loop
      vertex 19.035560570657253 8.92524491250515 0.32
      vertex 19.035560570657253 8.92524491250515 0.48
      vertex 18.624548092484474 8.873740263283253 0.48
    endloop
  endfacet
  facet normal 0 0 1
    outer loop
      vertex 18.213033840060234 8.836951225996017 0.48
      vertex 18.624548092484474 8.873740263283253 0.48
      vertex 18.025291457772255 13.300123706459999 0.48
    endloop
  endfacet
  facet normal 0 0 1
    outer loop
      vertex 18.624548092484474 8.873740263283253 0.48
      vertex 19.035560570657253 8.92524491250515 0.48
      vertex 18.202812515199184 13.31447833776474 0.48
    endloop
  endfacet
  facet normal 0 0 1
    outer loop
      vertex 19.035560570657253 8.92524491250515 0.48
      vertex 19.44607126712799 8.99146518111229 0.48
      vertex 18.470975764095783 13.346776254475117 0.48
    endloop
  endfacet
  facet normal 0 0 1
    outer loop
      vertex 18.213033840060234 8.836951225996017 0.48
      vertex 18.025291457772255 13.300123706459999 0.48
      vertex 17.93690726161003 13.295099586248398 0.48
    endloop
  endfacet
  facet normal 0 0 1
    outer loop
      vertex 18.624548092484474 8.873740263283253 0.48
      vertex 18.11392653733492 13.306583292782307 0.48
      vertex 18.025291457772255 13.300123706459999 0.48
    endloop
  endfacet
  facet normal 0 0 1
    outer loop
      vertex 18.624548092484474 8.873740263283253 0.48
      vertex 18.202812515199184 13.31447833776474 0.48
      vertex 18.11392653733492 13.306583292782307 0.48
    endloop
  endfacet
  facet normal 0 0 1
    outer loop
      vertex 19.035560570657253 8.92524491250515 0.48
      vertex 18.29194937646389 13.32380884885788 0.48
      vertex 18.202812515199184 13.31447833776474 0.48
    endloop
  endfacet
  facet normal 0 0 1
    outer loop
      vertex 19.035560570657253 8.92524491250515 0.48
      vertex 18.381337128579617 13.334574818611145 0.48
      vertex 18.29194937646389 13.32380884885788 0.48
    endloop
  endfacet
  facet normal 0 0 1
    outer loop
      vertex 19.035560570657253 8.92524491250515 0.48
      vertex 18.470975764095783 13.346776254475117 0.48
      vertex 18.381337128579617 13.334574818611145 0.48
    endloop
  endfacet
  facet normal 0 0 1
    outer loop
      vertex 18.470975764095783 13.346776254475117 0.48
      vertex 19.44607126712799 8.99146518111229 0.48
      vertex 18.56086529046297 13.360413156449795 0.48
    endloop
  endfacet
  facet normal 0 0 1
    outer loop
      vertex 18.56086529046297 13.360413156449795 0.48
      vertex 19.44607126712799 8.99146518111229 0.48
      vertex 18.65100570768118 13.375485517084599 0.48
    endloop
  endfacet
  facet normal 0 0 1
    outer loop
      vertex 18.65100570768118 13.375485517084599 0.48
      vertex 19.44607126712799 8.99146518111229 0.48
      vertex 18.741397015750408 13.391993343830109 0.48
    endloop
  endfacet
  facet normal 0 0 1
    outer loop
      vertex 18.741397015750408 13.391993343830109 0.48
      vertex 19.856080189347267 9.07240106165409 0.48
      vertex 18.832039207220078 13.409936636686325 0.48
    endloop
  endfacet
  facet normal 0 0 1
    outer loop
      vertex 18.832039207220078 13.409936636686325 0.48
      vertex 19.856080189347267 9.07240106165409 0.48
      vertex 18.922932289540768 13.429315388202667 0.48
    endloop
  endfacet
  facet normal 0.14420723475928277 0.9895475094421092 0
    outer loop
      vertex 17.017294630408287 13.327726200222969 0.32
      vertex 16.80868775397539 13.35812658071518 0.32
      vertex 17.017294630408287 13.327726200222969 0.48
    endloop
  endfacet
  facet normal 0.10112408838393024 0.9948738205162097 0
    outer loop
      vertex 17.017294630408287 13.327726200222969 0.32
      vertex 17.230925634503365 13.306011646986008 0.48
      vertex 17.230925634503365 13.306011646986008 0.32
    endloop
  endfacet
  facet normal 0.059480269938068875 0.9982294813759482 0
    outer loop
      vertex 17.230925634503365 13.306011646986008 0.32
      vertex 17.449580758810043 13.292982913553715 0.48
      vertex 17.449580758810043 13.292982913553715 0.32
    endloop
  endfacet
  facet normal 0.019412151030424506 0.9998115664425832 0
    outer loop
      vertex 17.449580758810043 13.292982913553715 0.32
      vertex 17.673260003328323 13.28863999992609 0.48
      vertex 17.673260003328323 13.28863999992609 0.32
    endloop
  endfacet
  facet normal -0.008190034449189846 0.9999664611054317 0
    outer loop
      vertex 17.673260003328323 13.28863999992609 0.32
      vertex 17.760891534388065 13.289357729256153 0.48
      vertex 17.760891534388065 13.289357729256153 0.32
    endloop
  endfacet
  facet normal -0.02449351751696394 0.9996999887964618 0
    outer loop
      vertex 17.760891534388065 13.289357729256153 0.32
      vertex 17.848773948848248 13.291510924696922 0.48
      vertex 17.848773948848248 13.291510924696922 0.32
    endloop
  endfacet
  facet normal -0.040684845843519765 0.9991720288912661 0
    outer loop
      vertex 17.848773948848248 13.291510924696922 0.32
      vertex 17.93690726161003 13.295099586248398 0.48
      vertex 17.93690726161003 13.295099586248398 0.32
    endloop
  endfacet
  facet normal -0.05675248459532094 0.9983882789237151 0
    outer loop
      vertex 17.93690726161003 13.295099586248398 0.32
      vertex 18.025291457772255 13.300123706459999 0.48
      vertex 18.025291457772255 13.300123706459999 0.32
    endloop
  endfacet
  facet normal -0.07268566906539778 0.9973548984752195 0
    outer loop
      vertex 18.025291457772255 13.300123706459999 0.32
      vertex 18.11392653733492 13.306583292782307 0.48
      vertex 18.11392653733492 13.306583292782307 0.32
    endloop
  endfacet
  facet normal -0.08847384876874212 0.9960784999607439 0
    outer loop
      vertex 18.11392653733492 13.306583292782307 0.32
      vertex 18.202812515199184 13.31447833776474 0.48
      vertex 18.202812515199184 13.31447833776474 0.32
    endloop
  endfacet
  facet normal -0.10410743098962255 0.9945660575410469 0
    outer loop
      vertex 18.202812515199184 13.31447833776474 0.32
      vertex 18.29194937646389 13.32380884885788 0.48
      vertex 18.29194937646389 13.32380884885788 0.32
    endloop
  endfacet
  facet normal -0.11957704332494506 0.9928249245006212 0
    outer loop
      vertex 18.29194937646389 13.32380884885788 0.32
      vertex 18.381337128579617 13.334574818611145 0.48
      vertex 18.381337128579617 13.334574818611145 0.32
    endloop
  endfacet
  facet normal -0.134874296371448 0.9908627171199382 0
    outer loop
      vertex 18.381337128579617 13.334574818611145 0.32
      vertex 18.470975764095783 13.346776254475117 0.48
      vertex 18.470975764095783 13.346776254475117 0.32
    endloop
  endfacet
  facet normal -0.14999113800623756 0.9886873411344932 0
    outer loop
      vertex 18.470975764095783 13.346776254475117 0.32
      vertex 18.56086529046297 13.360413156449795 0.48
      vertex 18.56086529046297 13.360413156449795 0.32
    endloop
  endfacet
  facet normal -0.16492017691867714 0.9863069173665528 0
    outer loop
      vertex 18.56086529046297 13.360413156449795 0.32
      vertex 18.65100570768118 13.375485517084599 0.48
      vertex 18.65100570768118 13.375485517084599 0.32
    endloop
  endfacet
  facet normal -0.17965487849893433 0.9837297010010083 0
    outer loop
      vertex 18.65100570768118 13.375485517084599 0.32
      vertex 18.741397015750408 13.391993343830109 0.48
      vertex 18.741397015750408 13.391993343830109 0.32
    endloop
  endfacet
  facet normal -0.19418910849157728 0.9809641125664315 0
    outer loop
      vertex 18.741397015750408 13.391993343830109 0.32
      vertex 18.832039207220078 13.409936636686325 0.48
      vertex 18.832039207220078 13.409936636686325 0.32
    endloop
  endfacet
  facet normal -0.2085173087961672 0.9780186766787248 0
    outer loop
      vertex 18.832039207220078 13.409936636686325 0.32
      vertex 18.922932289540768 13.429315388202667 0.48
      vertex 18.922932289540768 13.429315388202667 0.32
    endloop
  endfacet
  facet normal -0.22263482153566255 0.9749019110863326 0
    outer loop
      vertex 18.922932289540768 13.429315388202667 0.32
      vertex 19.014076255261898 13.450129605829716 0.48
      vertex 19.014076255261898 13.450129605829716 0.32
    endloop
  endfacet
  facet normal -0.23653721185528287 0.9716224304778729 0
    outer loop
      vertex 19.014076255261898 13.450129605829716 0.32
      vertex 19.10547111183405 13.47237928211689 0.48
      vertex 19.10547111183405 13.47237928211689 0.32
    endloop
  endfacet
  facet normal -0.25022097740706467 0.9681887535317962 0
    outer loop
      vertex 19.10547111183405 13.47237928211689 0.32
      vertex 19.19711685925722 13.49606442451477 0.48
      vertex 19.19711685925722 13.49606442451477 0.32
    endloop
  endfacet
  facet normal -0.26368286225686044 0.9646094277748013 0
    outer loop
      vertex 19.19711685925722 13.49606442451477 0.32
      vertex 19.289013497531414 13.521185025572777 0.48
      vertex 19.289013497531414 13.521185025572777 0.32
    endloop
  endfacet
  facet normal 0.10112408838393024 0.9948738205162097 0
    outer loop
      vertex 17.017294630408287 13.327726200222969 0.32
      vertex 17.017294630408287 13.327726200222969 0.48
      vertex 17.230925634503365 13.306011646986008 0.48
    endloop
  endfacet
  facet normal 0.14420723475928277 0.9895475094421092 0
    outer loop
      vertex 16.80868775397539 13.35812658071518 0.32
      vertex 16.80868775397539 13.35812658071518 0.48
      vertex 17.017294630408287 13.327726200222969 0.48
    endloop
  endfacet
  facet normal 0.059480269938068875 0.9982294813759482 0
    outer loop
      vertex 17.230925634503365 13.306011646986008 0.32
      vertex 17.230925634503365 13.306011646986008 0.48
      vertex 17.449580758810043 13.292982913553715 0.48
    endloop
  endfacet
  facet normal 0.019412151030424506 0.9998115664425832 0
    outer loop
      vertex 17.449580758810043 13.292982913553715 0.32
      vertex 17.449580758810043 13.292982913553715 0.48
      vertex 17.673260003328323 13.28863999992609 0.48
    endloop
  endfacet
  facet normal -0.008190034449189846 0.9999664611054317 0
    outer loop
      vertex 17.673260003328323 13.28863999992609 0.32
      vertex 17.673260003328323 13.28863999992609 0.48
      vertex 17.760891534388065 13.289357729256153 0.48
    endloop
  endfacet
  facet normal -0.02449351751696394 0.9996999887964618 0
    outer loop
      vertex 17.760891534388065 13.289357729256153 0.32
      vertex 17.760891534388065 13.289357729256153 0.48
      vertex 17.848773948848248 13.291510924696922 0.48
    endloop
  endfacet
  facet normal -0.040684845843519765 0.9991720288912661 0
    outer loop
      vertex 17.848773948848248 13.291510924696922 0.32
      vertex 17.848773948848248 13.291510924696922 0.48
      vertex 17.93690726161003 13.295099586248398 0.48
    endloop
  endfacet
  facet normal -0.05675248459532094 0.9983882789237151 0
    outer loop
      vertex 17.93690726161003 13.295099586248398 0.32
      vertex 17.93690726161003 13.295099586248398 0.48
      vertex 18.025291457772255 13.300123706459999 0.48
    endloop
  endfacet
  facet normal -0.07268566906539778 0.9973548984752195 0
    outer loop
      vertex 18.025291457772255 13.300123706459999 0.32
      vertex 18.025291457772255 13.300123706459999 0.48
      vertex 18.11392653733492 13.306583292782307 0.48
    endloop
  endfacet
  facet normal -0.08847384876874212 0.9960784999607439 0
    outer loop
      vertex 18.11392653733492 13.306583292782307 0.32
      vertex 18.11392653733492 13.306583292782307 0.48
      vertex 18.202812515199184 13.31447833776474 0.48
    endloop
  endfacet
  facet normal -0.10410743098962255 0.9945660575410469 0
    outer loop
      vertex 18.202812515199184 13.31447833776474 0.32
      vertex 18.202812515199184 13.31447833776474 0.48
      vertex 18.29194937646389 13.32380884885788 0.48
    endloop
  endfacet
  facet normal -0.11957704332494506 0.9928249245006212 0
    outer loop
      vertex 18.29194937646389 13.32380884885788 0.32
      vertex 18.29194937646389 13.32380884885788 0.48
      vertex 18.381337128579617 13.334574818611145 0.48
    endloop
  endfacet
  facet normal -0.134874296371448 0.9908627171199382 0
    outer loop
      vertex 18.381337128579617 13.334574818611145 0.32
      vertex 18.381337128579617 13.334574818611145 0.48
      vertex 18.470975764095783 13.346776254475117 0.48
    endloop
  endfacet
  facet normal -0.14999113800623756 0.9886873411344932 0
    outer loop
      vertex 18.470975764095783 13.346776254475117 0.32
      vertex 18.470975764095783 13.346776254475117 0.48
      vertex 18.56086529046297 13.360413156449795 0.48
    endloop
  endfacet
  facet normal -0.16492017691867714 0.9863069173665528 0
    outer loop
      vertex 18.56086529046297 13.360413156449795 0.32
      vertex 18.56086529046297 13.360413156449795 0.48
      vertex 18.65100570768118 13.375485517084599 0.48
    endloop
  endfacet
  facet normal -0.17965487849893433 0.9837297010010083 0
    outer loop
      vertex 18.65100570768118 13.375485517084599 0.32
      vertex 18.65100570768118 13.375485517084599 0.48
      vertex 18.741397015750408 13.391993343830109 0.48
    endloop
  endfacet
  facet normal -0.19418910849157728 0.9809641125664315 0
    outer loop
      vertex 18.741397015750408 13.391993343830109 0.32
      vertex 18.741397015750408 13.391993343830109 0.48
      vertex 18.832039207220078 13.409936636686325 0.48
    endloop
  endfacet
  facet normal -0.2085173087961672 0.9780186766787248 0
    outer loop
      vertex 18.832039207220078 13.409936636686325 0.32
      vertex 18.832039207220078 13.409936636686325 0.48
      vertex 18.922932289540768 13.429315388202667 0.48
    endloop
  endfacet
  facet normal -0.22263482153566255 0.9749019110863326 0
    outer loop
      vertex 18.922932289540768 13.429315388202667 0.32
      vertex 18.922932289540768 13.429315388202667 0.48
      vertex 19.014076255261898 13.450129605829716 0.48
    endloop
  endfacet
  facet normal -0.23653721185528287 0.9716224304778729 0
    outer loop
      vertex 19.014076255261898 13.450129605829716 0.32
      vertex 19.014076255261898 13.450129605829716 0.48
      vertex 19.10547111183405 13.47237928211689 0.48
    endloop
  endfacet
  facet normal -0.25022097740706467 0.9681887535317962 0
    outer loop
      vertex 19.10547111183405 13.47237928211689 0.32
      vertex 19.10547111183405 13.47237928211689 0.48
      vertex 19.19711685925722 13.49606442451477 0.48
    endloop
  endfacet
  facet normal -0.26368286225686044 0.9646094277748013 0
    outer loop
      vertex 19.19711685925722 13.49606442451477 0.32
      vertex 19.19711685925722 13.49606442451477 0.48
      vertex 19.289013497531414 13.521185025572777 0.48
    endloop
  endfacet
  facet normal 0.19366312605334088 -0.9810680881606779 0
    outer loop
      vertex 19.44607126712799 8.99146518111229 0.32
      vertex 19.856080189347267 9.07240106165409 0.32
      vertex 19.44607126712799 8.99146518111229 0.48
    endloop
  endfacet
  facet normal 0.22745473113916004 -0.9737886553469455 0
    outer loop
      vertex 19.856080189347267 9.07240106165409 0.32
      vertex 20.265587337315083 9.168052554130554 0.32
      vertex 19.856080189347267 9.07240106165409 0.48
    endloop
  endfacet
  facet normal 0.26052428294916263 -0.9654672951445971 0
    outer loop
      vertex 20.265587337315083 9.168052554130554 0.32
      vertex 20.674592703580856 9.27841965854168 0.32
      vertex 20.265587337315083 9.168052554130554 0.48
    endloop
  endfacet
  facet normal 0.2927797676539052 -0.9561799033929363 0
    outer loop
      vertex 20.674592703580856 9.27841965854168 0.32
      vertex 21.08309629559517 9.403502382338047 0.32
      vertex 20.674592703580856 9.27841965854168 0.48
    endloop
  endfacet
  facet normal 0.3241417366494618 -0.9460085277426791 0
    outer loop
      vertex 21.08309629559517 9.403502382338047 0.32
      vertex 21.49109811335802 9.543300718069077 0.32
      vertex 21.08309629559517 9.403502382338047 0.48
    endloop
  endfacet
  facet normal 0.35454384036955844 -0.9350393923552125 0
    outer loop
      vertex 21.49109811335802 9.543300718069077 0.32
      vertex 21.89859814941883 9.697814665734768 0.32
      vertex 21.49109811335802 9.543300718069077 0.48
    endloop
  endfacet
  facet normal 0.15925321991470978 -0.9872377686995151 0
    outer loop
      vertex 19.44607126712799 8.99146518111229 0.32
      vertex 19.44607126712799 8.99146518111229 0.48
      vertex 19.035560570657253 8.92524491250515 0.48
    endloop
  endfacet
  facet normal 0.19366312605334088 -0.9810680881606779 0
    outer loop
      vertex 19.856080189347267 9.07240106165409 0.32
      vertex 19.856080189347267 9.07240106165409 0.48
      vertex 19.44607126712799 8.99146518111229 0.48
    endloop
  endfacet
  facet normal 0.22745473113916004 -0.9737886553469455 0
    outer loop
      vertex 20.265587337315083 9.168052554130554 0.32
      vertex 20.265587337315083 9.168052554130554 0.48
      vertex 19.856080189347267 9.07240106165409 0.48
    endloop
  endfacet
  facet normal 0 0 1
    outer loop
      vertex 18.741397015750408 13.391993343830109 0.48
      vertex 19.44607126712799 8.99146518111229 0.48
      vertex 19.856080189347267 9.07240106165409 0.48
    endloop
  endfacet
  facet normal 0 0 1
    outer loop
      vertex 18.922932289540768 13.429315388202667 0.48
      vertex 19.856080189347267 9.07240106165409 0.48
      vertex 20.265587337315083 9.168052554130554 0.48
    endloop
  endfacet
  facet normal 0 0 1
    outer loop
      vertex 18.922932289540768 13.429315388202667 0.48
      vertex 20.265587337315083 9.168052554130554 0.48
      vertex 19.014076255261898 13.450129605829716 0.48
    endloop
  endfacet
  facet normal 0 0 1
    outer loop
      vertex 19.014076255261898 13.450129605829716 0.48
      vertex 20.265587337315083 9.168052554130554 0.48
      vertex 19.10547111183405 13.47237928211689 0.48
    endloop
  endfacet
  facet normal 0 0 1
    outer loop
      vertex 19.10547111183405 13.47237928211689 0.48
      vertex 20.265587337315083 9.168052554130554 0.48
      vertex 19.19711685925722 13.49606442451477 0.48
    endloop
  endfacet
  facet normal 0 0 1
    outer loop
      vertex 19.19711685925722 13.49606442451477 0.48
      vertex 20.674592703580856 9.27841965854168 0.48
      vertex 19.289013497531414 13.521185025572777 0.48
    endloop
  endfacet
  facet normal 0 0 1
    outer loop
      vertex 19.19711685925722 13.49606442451477 0.48
      vertex 20.265587337315083 9.168052554130554 0.48
      vertex 20.674592703580856 9.27841965854168 0.48
    endloop
  endfacet
  facet normal 0 0 1
    outer loop
      vertex 20.674592703580856 9.27841965854168 0.48
      vertex 21.08309629559517 9.403502382338047 0.48
      vertex 19.4735594317317 13.575732626020908 0.48
    endloop
  endfacet
  facet normal 0.26052428294916263 -0.9654672951445971 0
    outer loop
      vertex 20.674592703580856 9.27841965854168 0.32
      vertex 20.674592703580856 9.27841965854168 0.48
      vertex 20.265587337315083 9.168052554130554 0.48
    endloop
  endfacet
  facet normal 0.2927797676539052 -0.9561799033929363 0
    outer loop
      vertex 21.08309629559517 9.403502382338047 0.32
      vertex 21.08309629559517 9.403502382338047 0.48
      vertex 20.674592703580856 9.27841965854168 0.48
    endloop
  endfacet
  facet normal 0.3241417366494618 -0.9460085277426791 0
    outer loop
      vertex 21.49109811335802 9.543300718069077 0.32
      vertex 21.49109811335802 9.543300718069077 0.48
      vertex 21.08309629559517 9.403502382338047 0.48
    endloop
  endfacet
  facet normal 0.35454384036955844 -0.9350393923552125 0
    outer loop
      vertex 21.89859814941883 9.697814665734768 0.32
      vertex 21.89859814941883 9.697814665734768 0.48
      vertex 21.49109811335802 9.543300718069077 0.48
    endloop
  endfacet
  facet normal 0 0 1
    outer loop
      vertex 21.08309629559517 9.403502382338047 0.48
      vertex 21.49109811335802 9.543300718069077 0.48
      vertex 19.65910892188549 13.636022076010704 0.48
    endloop
  endfacet
  facet normal 0 0 1
    outer loop
      vertex 21.49109811335802 9.543300718069077 0.48
      vertex 21.89859814941883 9.697814665734768 0.48
      vertex 19.936778411269188 13.736362643539906 0.48
    endloop
  endfacet
  facet normal 0 0 1
    outer loop
      vertex 20.205743551254272 13.845969147980213 0.48
      vertex 21.89859814941883 9.697814665734768 0.48
      vertex 22.30559641122818 9.867044232785702 0.48
    endloop
  endfacet
  facet normal -0.27692046835211154 0.9608928422085613 0
    outer loop
      vertex 19.289013497531414 13.521185025572777 0.32
      vertex 19.381161019206047 13.54774109274149 0.48
      vertex 19.381161019206047 13.54774109274149 0.32
    endloop
  endfacet
  facet normal -0.2899316367788801 0.957047358282086 0
    outer loop
      vertex 19.381161019206047 13.54774109274149 0.32
      vertex 19.4735594317317 13.575732626020908 0.48
      vertex 19.4735594317317 13.575732626020908 0.32
    endloop
  endfacet
  facet normal -0.30271484098074875 0.9530811744284954 0
    outer loop
      vertex 19.4735594317317 13.575732626020908 0.32
      vertex 19.566208735108376 13.605159625411034 0.48
      vertex 19.566208735108376 13.605159625411034 0.32
    endloop
  endfacet
  facet normal -0.31526889450094653 0.9490023836430291 0
    outer loop
      vertex 19.566208735108376 13.605159625411034 0.32
      vertex 19.65910892188549 13.636022076010704 0.48
      vertex 19.65910892188549 13.636022076010704 0.32
    endloop
  endfacet
  facet normal -0.32759347383699056 0.9448187741040146 0
    outer loop
      vertex 19.65910892188549 13.636022076010704 0.32
      vertex 19.752259999513626 13.668320000171661 0.48
      vertex 19.752259999513626 13.668320000171661 0.32
    endloop
  endfacet
  facet normal -0.33977523325420766 0.9405066671039863 0
    outer loop
      vertex 19.752259999513626 13.668320000171661 0.32
      vertex 19.845040038228035 13.701838485896587 0.48
      vertex 19.845040038228035 13.701838485896587 0.32
    endloop
  endfacet
  facet normal -0.3522167958391774 0.9359184412804264 0
    outer loop
      vertex 19.845040038228035 13.701838485896587 0.32
      vertex 19.936778411269188 13.736362643539906 0.48
      vertex 19.936778411269188 13.736362643539906 0.32
    endloop
  endfacet
  facet normal -0.3647537538500919 0.9311040216067519 0
    outer loop
      vertex 19.936778411269188 13.736362643539906 0.32
      vertex 20.027475126087666 13.771892473101616 0.48
      vertex 20.027475126087666 13.771892473101616 0.32
    endloop
  endfacet
  facet normal -0.3773799222232478 0.9260585263917045 0
    outer loop
      vertex 20.027475126087666 13.771892473101616 0.32
      vertex 20.117130167782307 13.808427974581718 0.48
      vertex 20.117130167782307 13.808427974581718 0.32
    endloop
  endfacet
  facet normal -0.3900885096655013 0.9207773643106938 0
    outer loop
      vertex 20.117130167782307 13.808427974581718 0.32
      vertex 20.205743551254272 13.845969147980213 0.48
      vertex 20.205743551254272 13.845969147980213 0.32
    endloop
  endfacet
  facet normal -0.40287246035929725 0.9152561284602505 0
    outer loop
      vertex 20.205743551254272 13.845969147980213 0.32
      vertex 20.293315276503563 13.8845159932971 0.48
      vertex 20.293315276503563 13.8845159932971 0.32
    endloop
  endfacet
  facet normal -0.4157242414487571 0.9094907119217083 0
    outer loop
      vertex 20.293315276503563 13.8845159932971 0.32
      vertex 20.379845328629017 13.924068503081799 0.48
      vertex 20.379845328629017 13.924068503081799 0.32
    endloop
  endfacet
  facet normal -0.42863598902770483 0.9034772763662854 0
    outer loop
      vertex 20.379845328629017 13.924068503081799 0.32
      vertex 20.465333722531796 13.96462669223547 0.48
      vertex 20.465333722531796 13.96462669223547 0.32
    endloop
  endfacet
  facet normal -0.44159918594662073 0.8972124380386631 0
    outer loop
      vertex 20.465333722531796 13.96462669223547 0.32
      vertex 20.549780450761318 14.006190545856953 0.48
      vertex 20.549780450761318 14.006190545856953 0.32
    endloop
  endfacet
  facet normal -0.45460528286820884 0.8906930092845209 0
    outer loop
      vertex 20.549780450761318 14.006190545856953 0.32
      vertex 20.633185520768166 14.048760078847408 0.48
      vertex 20.633185520768166 14.048760078847408 0.32
    endloop
  endfacet
  facet normal -0.4676449645086314 0.8839163915041517 0
    outer loop
      vertex 20.633185520768166 14.048760078847408 0.32
      vertex 20.715548925101757 14.092335276305676 0.48
      vertex 20.715548925101757 14.092335276305676 0.32
    endloop
  endfacet
  facet normal -0.48070889862048455 0.8768802397061304 0
    outer loop
      vertex 20.715548925101757 14.092335276305676 0.32
      vertex 20.796870663762093 14.136916145682335 0.48
      vertex 20.796870663762093 14.136916145682335 0.32
    endloop
  endfacet
  facet normal -0.4937871866966402 0.8695827817144365 0
    outer loop
      vertex 20.796870663762093 14.136916145682335 0.32
      vertex 20.877150736749172 14.182502686977386 0.48
      vertex 20.877150736749172 14.182502686977386 0.32
    endloop
  endfacet
  facet normal -0.506869575568848 0.8620227568705225 0
    outer loop
      vertex 20.877150736749172 14.182502686977386 0.32
      vertex 20.956389151513577 14.22909489274025 0.48
      vertex 20.956389151513577 14.22909489274025 0.32
    endloop
  endfacet
  facet normal -0.5199458624698622 0.8541992156988153 0
    outer loop
      vertex 20.956389151513577 14.22909489274025 0.32
      vertex 21.034585900604725 14.276692777872086 0.48
      vertex 21.034585900604725 14.276692777872086 0.32
    endloop
  endfacet
  facet normal -0.5330051116472674 0.8461120203364824 0
    outer loop
      vertex 21.034585900604725 14.276692777872086 0.32
      vertex 21.111740984022617 14.325296334922314 0.48
      vertex 21.111740984022617 14.325296334922314 0.32
    endloop
  endfacet
  facet normal -0.5460363706524971 0.8377614707807042 0
    outer loop
      vertex 21.111740984022617 14.325296334922314 0.32
      vertex 21.187854401767254 14.374905556440353 0.48
      vertex 21.187854401767254 14.374905556440353 0.32
    endloop
  endfacet
  facet normal -0.5590286191661616 0.8291483600376802 0
    outer loop
      vertex 21.187854401767254 14.374905556440353 0.32
      vertex 21.262926161289215 14.425520457327366 0.48
      vertex 21.262926161289215 14.425520457327366 0.32
    endloop
  endfacet
  facet normal -0.5719703877622772 0.8202742684755326 0
    outer loop
      vertex 21.262926161289215 14.425520457327366 0.32
      vertex 21.33695625513792 14.47714102268219 0.48
      vertex 21.33695625513792 14.47714102268219 0.32
    endloop
  endfacet
  facet normal -0.5848503305069236 0.8111412274727144 0
    outer loop
      vertex 21.33695625513792 14.47714102268219 0.32
      vertex 21.40994469076395 14.529767259955406 0.48
      vertex 21.40994469076395 14.529767259955406 0.32
    endloop
  endfacet
  facet normal -0.5976569901566707 0.8017519080843334 0
    outer loop
      vertex 21.40994469076395 14.529767259955406 0.32
      vertex 21.481891453266144 14.583399169147015 0.48
      vertex 21.481891453266144 14.583399169147015 0.32
    endloop
  endfacet
  facet normal -0.6103786546576159 0.7921097764441233 0
    outer loop
      vertex 21.481891453266144 14.583399169147015 0.32
      vertex 21.552796557545662 14.638036750257015 0.48
      vertex 21.552796557545662 14.638036750257015 0.32
    endloop
  endfacet
  facet normal -0.6230038590237988 0.7822187620106377 0
    outer loop
      vertex 21.552796557545662 14.638036750257015 0.32
      vertex 21.622660003602505 14.693680003285408 0.48
      vertex 21.622660003602505 14.693680003285408 0.32
    endloop
  endfacet
  facet normal -0.27692046835211154 0.9608928422085613 0
    outer loop
      vertex 19.289013497531414 13.521185025572777 0.32
      vertex 19.289013497531414 13.521185025572777 0.48
      vertex 19.381161019206047 13.54774109274149 0.48
    endloop
  endfacet
  facet normal -0.2899316367788801 0.957047358282086 0
    outer loop
      vertex 19.381161019206047 13.54774109274149 0.32
      vertex 19.381161019206047 13.54774109274149 0.48
      vertex 19.4735594317317 13.575732626020908 0.48
    endloop
  endfacet
  facet normal -0.30271484098074875 0.9530811744284954 0
    outer loop
      vertex 19.4735594317317 13.575732626020908 0.32
      vertex 19.4735594317317 13.575732626020908 0.48
      vertex 19.566208735108376 13.605159625411034 0.48
    endloop
  endfacet
  facet normal -0.31526889450094653 0.9490023836430291 0
    outer loop
      vertex 19.566208735108376 13.605159625411034 0.32
      vertex 19.566208735108376 13.605159625411034 0.48
      vertex 19.65910892188549 13.636022076010704 0.48
    endloop
  endfacet
  facet normal -0.32759347383699056 0.9448187741040146 0
    outer loop
      vertex 19.65910892188549 13.636022076010704 0.32
      vertex 19.65910892188549 13.636022076010704 0.48
      vertex 19.752259999513626 13.668320000171661 0.48
    endloop
  endfacet
  facet normal -0.33977523325420766 0.9405066671039863 0
    outer loop
      vertex 19.752259999513626 13.668320000171661 0.32
      vertex 19.752259999513626 13.668320000171661 0.48
      vertex 19.845040038228035 13.701838485896587 0.48
    endloop
  endfacet
  facet normal -0.3522167958391774 0.9359184412804264 0
    outer loop
      vertex 19.845040038228035 13.701838485896587 0.32
      vertex 19.845040038228035 13.701838485896587 0.48
      vertex 19.936778411269188 13.736362643539906 0.48
    endloop
  endfacet
  facet normal -0.3647537538500919 0.9311040216067519 0
    outer loop
      vertex 19.936778411269188 13.736362643539906 0.32
      vertex 19.936778411269188 13.736362643539906 0.48
      vertex 20.027475126087666 13.771892473101616 0.48
    endloop
  endfacet
  facet normal 0 0 1
    outer loop
      vertex 20.674592703580856 9.27841965854168 0.48
      vertex 19.381161019206047 13.54774109274149 0.48
      vertex 19.289013497531414 13.521185025572777 0.48
    endloop
  endfacet
  facet normal 0 0 1
    outer loop
      vertex 20.674592703580856 9.27841965854168 0.48
      vertex 19.4735594317317 13.575732626020908 0.48
      vertex 19.381161019206047 13.54774109274149 0.48
    endloop
  endfacet
  facet normal 0 0 1
    outer loop
      vertex 21.08309629559517 9.403502382338047 0.48
      vertex 19.566208735108376 13.605159625411034 0.48
      vertex 19.4735594317317 13.575732626020908 0.48
    endloop
  endfacet
  facet normal 0 0 1
    outer loop
      vertex 21.08309629559517 9.403502382338047 0.48
      vertex 19.65910892188549 13.636022076010704 0.48
      vertex 19.566208735108376 13.605159625411034 0.48
    endloop
  endfacet
  facet normal 0 0 1
    outer loop
      vertex 21.49109811335802 9.543300718069077 0.48
      vertex 19.752259999513626 13.668320000171661 0.48
      vertex 19.65910892188549 13.636022076010704 0.48
    endloop
  endfacet
  facet normal 0 0 1
    outer loop
      vertex 21.49109811335802 9.543300718069077 0.48
      vertex 19.845040038228035 13.701838485896587 0.48
      vertex 19.752259999513626 13.668320000171661 0.48
    endloop
  endfacet
  facet normal 0 0 1
    outer loop
      vertex 21.49109811335802 9.543300718069077 0.48
      vertex 19.936778411269188 13.736362643539906 0.48
      vertex 19.845040038228035 13.701838485896587 0.48
    endloop
  endfacet
  facet normal -0.3773799222232478 0.9260585263917045 0
    outer loop
      vertex 20.027475126087666 13.771892473101616 0.32
      vertex 20.027475126087666 13.771892473101616 0.48
      vertex 20.117130167782307 13.808427974581718 0.48
    endloop
  endfacet
  facet normal -0.3900885096655013 0.9207773643106938 0
    outer loop
      vertex 20.117130167782307 13.808427974581718 0.32
      vertex 20.117130167782307 13.808427974581718 0.48
      vertex 20.205743551254272 13.845969147980213 0.48
    endloop
  endfacet
  facet normal -0.40287246035929725 0.9152561284602505 0
    outer loop
      vertex 20.205743551254272 13.845969147980213 0.32
      vertex 20.205743551254272 13.845969147980213 0.48
      vertex 20.293315276503563 13.8845159932971 0.48
    endloop
  endfacet
  facet normal -0.4157242414487571 0.9094907119217083 0
    outer loop
      vertex 20.293315276503563 13.8845159932971 0.32
      vertex 20.293315276503563 13.8845159932971 0.48
      vertex 20.379845328629017 13.924068503081799 0.48
    endloop
  endfacet
  facet normal -0.42863598902770483 0.9034772763662854 0
    outer loop
      vertex 20.379845328629017 13.924068503081799 0.32
      vertex 20.379845328629017 13.924068503081799 0.48
      vertex 20.465333722531796 13.96462669223547 0.48
    endloop
  endfacet
  facet normal -0.44159918594662073 0.8972124380386631 0
    outer loop
      vertex 20.465333722531796 13.96462669223547 0.32
      vertex 20.465333722531796 13.96462669223547 0.48
      vertex 20.549780450761318 14.006190545856953 0.48
    endloop
  endfacet
  facet normal 0 0 1
    outer loop
      vertex 19.936778411269188 13.736362643539906 0.48
      vertex 21.89859814941883 9.697814665734768 0.48
      vertex 20.027475126087666 13.771892473101616 0.48
    endloop
  endfacet
  facet normal 0 0 1
    outer loop
      vertex 20.027475126087666 13.771892473101616 0.48
      vertex 21.89859814941883 9.697814665734768 0.48
      vertex 20.117130167782307 13.808427974581718 0.48
    endloop
  endfacet
  facet normal 0 0 1
    outer loop
      vertex 20.117130167782307 13.808427974581718 0.48
      vertex 21.89859814941883 9.697814665734768 0.48
      vertex 20.205743551254272 13.845969147980213 0.48
    endloop
  endfacet
  facet normal 0 0 1
    outer loop
      vertex 20.205743551254272 13.845969147980213 0.48
      vertex 22.30559641122818 9.867044232785702 0.48
      vertex 20.293315276503563 13.8845159932971 0.48
    endloop
  endfacet
  facet normal 0 0 1
    outer loop
      vertex 20.293315276503563 13.8845159932971 0.48
      vertex 22.30559641122818 9.867044232785702 0.48
      vertex 20.379845328629017 13.924068503081799 0.48
    endloop
  endfacet
  facet normal 0 0 1
    outer loop
      vertex 20.379845328629017 13.924068503081799 0.48
      vertex 22.30559641122818 9.867044232785702 0.48
      vertex 20.465333722531796 13.96462669223547 0.48
    endloop
  endfacet
  facet normal 0 0 1
    outer loop
      vertex 20.465333722531796 13.96462669223547 0.48
      vertex 22.712092891335487 10.050989411771297 0.48
      vertex 20.549780450761318 14.006190545856953 0.48
    endloop
  endfacet
  facet normal 0 0 1
    outer loop
      vertex 20.549780450761318 14.006190545856953 0.48
      vertex 22.712092891335487 10.050989411771297 0.48
      vertex 20.633185520768166 14.048760078847408 0.48
    endloop
  endfacet
  facet normal 0 0 1
    outer loop
      vertex 20.633185520768166 14.048760078847408 0.48
      vertex 22.712092891335487 10.050989411771297 0.48
      vertex 20.715548925101757 14.092335276305676 0.48
    endloop
  endfacet
  facet normal 0 0 1
    outer loop
      vertex 20.715548925101757 14.092335276305676 0.48
      vertex 23.118087597191334 10.249650210142136 0.48
      vertex 20.796870663762093 14.136916145682335 0.48
    endloop
  endfacet
  facet normal 0 0 1
    outer loop
      vertex 20.796870663762093 14.136916145682335 0.48
      vertex 23.118087597191334 10.249650210142136 0.48
      vertex 20.877150736749172 14.182502686977386 0.48
    endloop
  endfacet
  facet normal 0 0 1
    outer loop
      vertex 20.877150736749172 14.182502686977386 0.48
      vertex 23.118087597191334 10.249650210142136 0.48
      vertex 20.956389151513577 14.22909489274025 0.48
    endloop
  endfacet
  facet normal -0.45460528286820884 0.8906930092845209 0
    outer loop
      vertex 20.549780450761318 14.006190545856953 0.32
      vertex 20.549780450761318 14.006190545856953 0.48
      vertex 20.633185520768166 14.048760078847408 0.48
    endloop
  endfacet
  facet normal -0.4676449645086314 0.8839163915041517 0
    outer loop
      vertex 20.633185520768166 14.048760078847408 0.32
      vertex 20.633185520768166 14.048760078847408 0.48
      vertex 20.715548925101757 14.092335276305676 0.48
    endloop
  endfacet
  facet normal -0.48070889862048455 0.8768802397061304 0
    outer loop
      vertex 20.715548925101757 14.092335276305676 0.32
      vertex 20.715548925101757 14.092335276305676 0.48
      vertex 20.796870663762093 14.136916145682335 0.48
    endloop
  endfacet
  facet normal -0.4937871866966402 0.8695827817144365 0
    outer loop
      vertex 20.796870663762093 14.136916145682335 0.32
      vertex 20.796870663762093 14.136916145682335 0.48
      vertex 20.877150736749172 14.182502686977386 0.48
    endloop
  endfacet
  facet normal -0.506869575568848 0.8620227568705225 0
    outer loop
      vertex 20.877150736749172 14.182502686977386 0.32
      vertex 20.877150736749172 14.182502686977386 0.48
      vertex 20.956389151513577 14.22909489274025 0.48
    endloop
  endfacet
  facet normal -0.5199458624698622 0.8541992156988153 0
    outer loop
      vertex 20.956389151513577 14.22909489274025 0.32
      vertex 20.956389151513577 14.22909489274025 0.48
      vertex 21.034585900604725 14.276692777872086 0.48
    endloop
  endfacet
  facet normal -0.5330051116472674 0.8461120203364824 0
    outer loop
      vertex 21.034585900604725 14.276692777872086 0.32
      vertex 21.034585900604725 14.276692777872086 0.48
      vertex 21.111740984022617 14.325296334922314 0.48
    endloop
  endfacet
  facet normal -0.5460363706524971 0.8377614707807042 0
    outer loop
      vertex 21.111740984022617 14.325296334922314 0.32
      vertex 21.111740984022617 14.325296334922314 0.48
      vertex 21.187854401767254 14.374905556440353 0.48
    endloop
  endfacet
  facet normal -0.5590286191661616 0.8291483600376802 0
    outer loop
      vertex 21.187854401767254 14.374905556440353 0.32
      vertex 21.187854401767254 14.374905556440353 0.48
      vertex 21.262926161289215 14.425520457327366 0.48
    endloop
  endfacet
  facet normal -0.5719703877622772 0.8202742684755326 0
    outer loop
      vertex 21.262926161289215 14.425520457327366 0.32
      vertex 21.262926161289215 14.425520457327366 0.48
      vertex 21.33695625513792 14.47714102268219 0.48
    endloop
  endfacet
  facet normal -0.5848503305069236 0.8111412274727144 0
    outer loop
      vertex 21.33695625513792 14.47714102268219 0.32
      vertex 21.33695625513792 14.47714102268219 0.48
      vertex 21.40994469076395 14.529767259955406 0.48
    endloop
  endfacet
  facet normal -0.5976569901566707 0.8017519080843334 0
    outer loop
      vertex 21.40994469076395 14.529767259955406 0.32
      vertex 21.40994469076395 14.529767259955406 0.48
      vertex 21.481891453266144 14.583399169147015 0.48
    endloop
  endfacet
  facet normal -0.6103786546576159 0.7921097764441233 0
    outer loop
      vertex 21.481891453266144 14.583399169147015 0.32
      vertex 21.481891453266144 14.583399169147015 0.48
      vertex 21.552796557545662 14.638036750257015 0.48
    endloop
  endfacet
  facet normal -0.6230038590237988 0.7822187620106377 0
    outer loop
      vertex 21.552796557545662 14.638036750257015 0.32
      vertex 21.552796557545662 14.638036750257015 0.48
      vertex 21.622660003602505 14.693680003285408 0.48
    endloop
  endfacet
  facet normal 0 0 -1
    outer loop
      vertex 16.42025999724865 19.155759997665882 0.32
      vertex 16.42025999724865 21.75 0.32
      vertex 26.749459996819496 21.75 0.32
    endloop
  endfacet
  facet normal 0 0 -1
    outer loop
      vertex 16.42025999724865 19.155759997665882 0.32
      vertex 26.749459996819496 21.75 0.32
      vertex 21.622660003602505 19.155759997665882 0.32
    endloop
  endfacet
  facet normal 0 -1 0
    outer loop
      vertex 16.42025999724865 19.155759997665882 0.32
      vertex 21.622660003602505 19.155759997665882 0.32
      vertex 16.42025999724865 19.155759997665882 0.48
    endloop
  endfacet
  facet normal 0 0 1
    outer loop
      vertex 16.42025999724865 19.155759997665882 0.48
      vertex 21.622660003602505 19.155759997665882 0.48
      vertex 16.42025999724865 21.75 0.48
    endloop
  endfacet
  facet normal -1 0 0
    outer loop
      vertex 21.622660003602505 14.693680003285408 0.32
      vertex 21.622660003602505 19.155759997665882 0.48
      vertex 21.622660003602505 19.155759997665882 0.32
    endloop
  endfacet
  facet normal -1 0 0
    outer loop
      vertex 21.622660003602505 14.693680003285408 0.32
      vertex 21.622660003602505 14.693680003285408 0.48
      vertex 21.622660003602505 19.155759997665882 0.48
    endloop
  endfacet
  facet normal 0 -1 0
    outer loop
      vertex 16.42025999724865 19.155759997665882 0.48
      vertex 21.622660003602505 19.155759997665882 0.32
      vertex 21.622660003602505 19.155759997665882 0.48
    endloop
  endfacet
  facet normal 0 0 1
    outer loop
      vertex 21.622660003602505 19.155759997665882 0.48
      vertex 26.749459996819496 21.75 0.48
      vertex 16.42025999724865 21.75 0.48
    endloop
  endfacet
  facet normal 0 0 -1
    outer loop
      vertex 20.465333722531796 13.96462669223547 0.32
      vertex 22.712092891335487 10.050989411771297 0.32
      vertex 22.30559641122818 9.867044232785702 0.32
    endloop
  endfacet
  facet normal 0 0 -1
    outer loop
      vertex 20.715548925101757 14.092335276305676 0.32
      vertex 23.118087597191334 10.249650210142136 0.32
      vertex 22.712092891335487 10.050989411771297 0.32
    endloop
  endfacet
  facet normal 0 0 -1
    outer loop
      vertex 20.956389151513577 14.22909489274025 0.32
      vertex 23.52358052879572 10.463026612997055 0.32
      vertex 23.118087597191334 10.249650210142136 0.32
    endloop
  endfacet
  facet normal 0 0 -1
    outer loop
      vertex 21.187854401767254 14.374905556440353 0.32
      vertex 23.928571678698063 10.691118635237217 0.32
      vertex 23.52358052879572 10.463026612997055 0.32
    endloop
  endfacet
  facet normal 0 0 -1
    outer loop
      vertex 21.40994469076395 14.529767259955406 0.32
      vertex 24.333061061799526 10.933926276862621 0.32
      vertex 23.928571678698063 10.691118635237217 0.32
    endloop
  endfacet
  facet normal 0 0 -1
    outer loop
      vertex 20.956389151513577 14.22909489274025 0.32
      vertex 21.034585900604725 14.276692777872086 0.32
      vertex 23.52358052879572 10.463026612997055 0.32
    endloop
  endfacet
  facet normal 0 0 -1
    outer loop
      vertex 21.034585900604725 14.276692777872086 0.32
      vertex 21.111740984022617 14.325296334922314 0.32
      vertex 23.52358052879572 10.463026612997055 0.32
    endloop
  endfacet
  facet normal 0 0 -1
    outer loop
      vertex 21.111740984022617 14.325296334922314 0.32
      vertex 21.187854401767254 14.374905556440353 0.32
      vertex 23.52358052879572 10.463026612997055 0.32
    endloop
  endfacet
  facet normal 0 0 -1
    outer loop
      vertex 21.187854401767254 14.374905556440353 0.32
      vertex 21.262926161289215 14.425520457327366 0.32
      vertex 23.928571678698063 10.691118635237217 0.32
    endloop
  endfacet
  facet normal 0 0 -1
    outer loop
      vertex 21.262926161289215 14.425520457327366 0.32
      vertex 21.33695625513792 14.47714102268219 0.32
      vertex 23.928571678698063 10.691118635237217 0.32
    endloop
  endfacet
  facet normal 0 0 -1
    outer loop
      vertex 21.33695625513792 14.47714102268219 0.32
      vertex 21.40994469076395 14.529767259955406 0.32
      vertex 23.928571678698063 10.691118635237217 0.32
    endloop
  endfacet
  facet normal 0 0 -1
    outer loop
      vertex 21.40994469076395 14.529767259955406 0.32
      vertex 21.481891453266144 14.583399169147015 0.32
      vertex 24.333061061799526 10.933926276862621 0.32
    endloop
  endfacet
  facet normal 0 0 -1
    outer loop
      vertex 21.481891453266144 14.583399169147015 0.32
      vertex 21.552796557545662 14.638036750257015 0.32
      vertex 24.333061061799526 10.933926276862621 0.32
    endloop
  endfacet
  facet normal 0 0 -1
    outer loop
      vertex 21.552796557545662 14.638036750257015 0.32
      vertex 21.622660003602505 14.693680003285408 0.32
      vertex 24.333061061799526 10.933926276862621 0.32
    endloop
  endfacet
  facet normal 0 0 -1
    outer loop
      vertex 21.622660003602505 14.693680003285408 0.32
      vertex 24.737048655748367 11.191449530422688 0.32
      vertex 24.333061061799526 10.933926276862621 0.32
    endloop
  endfacet
  facet normal 0 0 -1
    outer loop
      vertex 21.622660003602505 14.693680003285408 0.32
      vertex 25.140534482896328 11.463688395917416 0.32
      vertex 24.737048655748367 11.191449530422688 0.32
    endloop
  endfacet
  facet normal 0 0 -1
    outer loop
      vertex 21.622660003602505 14.693680003285408 0.32
      vertex 25.543518528342247 11.750642873346806 0.32
      vertex 25.140534482896328 11.463688395917416 0.32
    endloop
  endfacet
  facet normal 0 0 -1
    outer loop
      vertex 21.622660003602505 14.693680003285408 0.32
      vertex 25.946000792086124 12.052312970161438 0.32
      vertex 25.543518528342247 11.750642873346806 0.32
    endloop
  endfacet
  facet normal 0 0 -1
    outer loop
      vertex 21.622660003602505 14.693680003285408 0.32
      vertex 26.34798128902912 12.368698678910732 0.32
      vertex 25.946000792086124 12.052312970161438 0.32
    endloop
  endfacet
  facet normal 0 0 -1
    outer loop
      vertex 21.622660003602505 14.693680003285408 0.32
      vertex 26.749459996819496 12.699799999594688 0.32
      vertex 26.34798128902912 12.368698678910732 0.32
    endloop
  endfacet
  facet normal 0.3839328132214185 -0.923361031737796 0
    outer loop
      vertex 21.89859814941883 9.697814665734768 0.32
      vertex 22.30559641122818 9.867044232785702 0.32
      vertex 21.89859814941883 9.697814665734768 0.48
    endloop
  endfacet
  facet normal 0.41226817499752155 -0.911062540051018 0
    outer loop
      vertex 22.30559641122818 9.867044232785702 0.32
      vertex 22.712092891335487 10.050989411771297 0.32
      vertex 22.30559641122818 9.867044232785702 0.48
    endloop
  endfacet
  facet normal 0.4395216947108244 -0.898231974424494 0
    outer loop
      vertex 22.712092891335487 10.050989411771297 0.32
      vertex 23.118087597191334 10.249650210142136 0.32
      vertex 22.712092891335487 10.050989411771297 0.48
    endloop
  endfacet
  facet normal 0.4656764824020301 -0.8849550348676885 0
    outer loop
      vertex 23.118087597191334 10.249650210142136 0.32
      vertex 23.52358052879572 10.463026612997055 0.32
      vertex 23.118087597191334 10.249650210142136 0.48
    endloop
  endfacet
  facet normal 0.49072613680393945 -0.871313869198397 0
    outer loop
      vertex 23.52358052879572 10.463026612997055 0.32
      vertex 23.928571678698063 10.691118635237217 0.32
      vertex 23.52358052879572 10.463026612997055 0.48
    endloop
  endfacet
  facet normal 0.5146734414091196 -0.8573862890833358 0
    outer loop
      vertex 23.928571678698063 10.691118635237217 0.32
      vertex 24.333061061799526 10.933926276862621 0.32
      vertex 23.928571678698063 10.691118635237217 0.48
    endloop
  endfacet
  facet normal 0.3839328132214185 -0.923361031737796 0
    outer loop
      vertex 22.30559641122818 9.867044232785702 0.32
      vertex 22.30559641122818 9.867044232785702 0.48
      vertex 21.89859814941883 9.697814665734768 0.48
    endloop
  endfacet
  facet normal 0.41226817499752155 -0.911062540051018 0
    outer loop
      vertex 22.712092891335487 10.050989411771297 0.32
      vertex 22.712092891335487 10.050989411771297 0.48
      vertex 22.30559641122818 9.867044232785702 0.48
    endloop
  endfacet
  facet normal 0.4395216947108244 -0.898231974424494 0
    outer loop
      vertex 23.118087597191334 10.249650210142136 0.32
      vertex 23.118087597191334 10.249650210142136 0.48
      vertex 22.712092891335487 10.050989411771297 0.48
    endloop
  endfacet
  facet normal 0 0 1
    outer loop
      vertex 20.465333722531796 13.96462669223547 0.48
      vertex 22.30559641122818 9.867044232785702 0.48
      vertex 22.712092891335487 10.050989411771297 0.48
    endloop
  endfacet
  facet normal 0 0 1
    outer loop
      vertex 20.715548925101757 14.092335276305676 0.48
      vertex 22.712092891335487 10.050989411771297 0.48
      vertex 23.118087597191334 10.249650210142136 0.48
    endloop
  endfacet
  facet normal 0 0 1
    outer loop
      vertex 20.956389151513577 14.22909489274025 0.48
      vertex 23.118087597191334 10.249650210142136 0.48
      vertex 23.52358052879572 10.463026612997055 0.48
    endloop
  endfacet
  facet normal 0 0 1
    outer loop
      vertex 21.187854401767254 14.374905556440353 0.48
      vertex 23.52358052879572 10.463026612997055 0.48
      vertex 23.928571678698063 10.691118635237217 0.48
    endloop
  endfacet
  facet normal 0.4656764824020301 -0.8849550348676885 0
    outer loop
      vertex 23.52358052879572 10.463026612997055 0.32
      vertex 23.52358052879572 10.463026612997055 0.48
      vertex 23.118087597191334 10.249650210142136 0.48
    endloop
  endfacet
  facet normal 0.49072613680393945 -0.871313869198397 0
    outer loop
      vertex 23.928571678698063 10.691118635237217 0.32
      vertex 23.928571678698063 10.691118635237217 0.48
      vertex 23.52358052879572 10.463026612997055 0.48
    endloop
  endfacet
  facet normal 0.5146734414091196 -0.8573862890833358 0
    outer loop
      vertex 24.333061061799526 10.933926276862621 0.32
      vertex 24.333061061799526 10.933926276862621 0.48
      vertex 23.928571678698063 10.691118635237217 0.48
    endloop
  endfacet
  facet normal 0 0 1
    outer loop
      vertex 21.40994469076395 14.529767259955406 0.48
      vertex 23.928571678698063 10.691118635237217 0.48
      vertex 24.333061061799526 10.933926276862621 0.48
    endloop
  endfacet
  facet normal 0 0 1
    outer loop
      vertex 20.956389151513577 14.22909489274025 0.48
      vertex 23.52358052879572 10.463026612997055 0.48
      vertex 21.034585900604725 14.276692777872086 0.48
    endloop
  endfacet
  facet normal 0 0 1
    outer loop
      vertex 21.034585900604725 14.276692777872086 0.48
      vertex 23.52358052879572 10.463026612997055 0.48
      vertex 21.111740984022617 14.325296334922314 0.48
    endloop
  endfacet
  facet normal 0 0 1
    outer loop
      vertex 21.111740984022617 14.325296334922314 0.48
      vertex 23.52358052879572 10.463026612997055 0.48
      vertex 21.187854401767254 14.374905556440353 0.48
    endloop
  endfacet
  facet normal 0 0 1
    outer loop
      vertex 21.187854401767254 14.374905556440353 0.48
      vertex 23.928571678698063 10.691118635237217 0.48
      vertex 21.262926161289215 14.425520457327366 0.48
    endloop
  endfacet
  facet normal 0 0 1
    outer loop
      vertex 21.262926161289215 14.425520457327366 0.48
      vertex 23.928571678698063 10.691118635237217 0.48
      vertex 21.33695625513792 14.47714102268219 0.48
    endloop
  endfacet
  facet normal 0 0 1
    outer loop
      vertex 21.33695625513792 14.47714102268219 0.48
      vertex 23.928571678698063 10.691118635237217 0.48
      vertex 21.40994469076395 14.529767259955406 0.48
    endloop
  endfacet
  facet normal 0 0 1
    outer loop
      vertex 21.40994469076395 14.529767259955406 0.48
      vertex 24.333061061799526 10.933926276862621 0.48
      vertex 21.481891453266144 14.583399169147015 0.48
    endloop
  endfacet
  facet normal 0 0 1
    outer loop
      vertex 21.481891453266144 14.583399169147015 0.48
      vertex 24.333061061799526 10.933926276862621 0.48
      vertex 21.552796557545662 14.638036750257015 0.48
    endloop
  endfacet
  facet normal 0 0 1
    outer loop
      vertex 21.552796557545662 14.638036750257015 0.48
      vertex 24.333061061799526 10.933926276862621 0.48
      vertex 21.622660003602505 14.693680003285408 0.48
    endloop
  endfacet
  facet normal 0 0 1
    outer loop
      vertex 21.622660003602505 14.693680003285408 0.48
      vertex 24.333061061799526 10.933926276862621 0.48
      vertex 24.737048655748367 11.191449530422688 0.48
    endloop
  endfacet
  facet normal 0 0 1
    outer loop
      vertex 21.622660003602505 14.693680003285408 0.48
      vertex 24.737048655748367 11.191449530422688 0.48
      vertex 25.140534482896328 11.463688395917416 0.48
    endloop
  endfacet
  facet normal 0 0 1
    outer loop
      vertex 21.622660003602505 14.693680003285408 0.48
      vertex 25.140534482896328 11.463688395917416 0.48
      vertex 25.543518528342247 11.750642873346806 0.48
    endloop
  endfacet
  facet normal 0.5375293808502916 -0.8432450205739149 0
    outer loop
      vertex 24.333061061799526 10.933926276862621 0.32
      vertex 24.737048655748367 11.191449530422688 0.32
      vertex 24.333061061799526 10.933926276862621 0.48
    endloop
  endfacet
  facet normal 0.5593118475269498 -0.8289573313602998 0
    outer loop
      vertex 24.737048655748367 11.191449530422688 0.32
      vertex 25.140534482896328 11.463688395917416 0.32
      vertex 24.737048655748367 11.191449530422688 0.48
    endloop
  endfacet
  facet normal 0.5800446205654579 -0.8145847028720058 0
    outer loop
      vertex 25.140534482896328 11.463688395917416 0.32
      vertex 25.543518528342247 11.750642873346806 0.32
      vertex 25.140534482896328 11.463688395917416 0.48
    endloop
  endfacet
  facet normal 0.5997561797196291 -0.8001828071685344 0
    outer loop
      vertex 25.543518528342247 11.750642873346806 0.32
      vertex 25.946000792086124 12.052312970161438 0.32
      vertex 25.543518528342247 11.750642873346806 0.48
    endloop
  endfacet
  facet normal 0.5375293808502916 -0.8432450205739149 0
    outer loop
      vertex 24.737048655748367 11.191449530422688 0.32
      vertex 24.737048655748367 11.191449530422688 0.48
      vertex 24.333061061799526 10.933926276862621 0.48
    endloop
  endfacet
  facet normal 0.5593118475269498 -0.8289573313602998 0
    outer loop
      vertex 25.140534482896328 11.463688395917416 0.32
      vertex 25.140534482896328 11.463688395917416 0.48
      vertex 24.737048655748367 11.191449530422688 0.48
    endloop
  endfacet
  facet normal 0.5800446205654579 -0.8145847028720058 0
    outer loop
      vertex 25.543518528342247 11.750642873346806 0.32
      vertex 25.543518528342247 11.750642873346806 0.48
      vertex 25.140534482896328 11.463688395917416 0.48
    endloop
  endfacet
  facet normal 0.5997561797196291 -0.8001828071685344 0
    outer loop
      vertex 25.946000792086124 12.052312970161438 0.32
      vertex 25.946000792086124 12.052312970161438 0.48
      vertex 25.543518528342247 11.750642873346806 0.48
    endloop
  endfacet
  facet normal 0.6184787146231521 -0.785801552275187 0
    outer loop
      vertex 25.946000792086124 12.052312970161438 0.32
      vertex 26.34798128902912 12.368698678910732 0.32
      vertex 25.946000792086124 12.052312970161438 0.48
    endloop
  endfacet
  facet normal 0.6362473238115939 -0.7714851540649273 0
    outer loop
      vertex 26.34798128902912 12.368698678910732 0.32
      vertex 26.749459996819496 12.699799999594688 0.32
      vertex 26.34798128902912 12.368698678910732 0.48
    endloop
  endfacet
  facet normal 0 0 1
    outer loop
      vertex 21.622660003602505 14.693680003285408 0.48
      vertex 25.543518528342247 11.750642873346806 0.48
      vertex 25.946000792086124 12.052312970161438 0.48
    endloop
  endfacet
  facet normal 0 0 1
    outer loop
      vertex 21.622660003602505 14.693680003285408 0.48
      vertex 25.946000792086124 12.052312970161438 0.48
      vertex 26.34798128902912 12.368698678910732 0.48
    endloop
  endfacet
  facet normal 0 0 1
    outer loop
      vertex 21.622660003602505 14.693680003285408 0.48
      vertex 26.34798128902912 12.368698678910732 0.48
      vertex 26.749459996819496 12.699799999594688 0.48
    endloop
  endfacet
  facet normal 0.6184787146231521 -0.785801552275187 0
    outer loop
      vertex 26.34798128902912 12.368698678910732 0.32
      vertex 26.34798128902912 12.368698678910732 0.48
      vertex 25.946000792086124 12.052312970161438 0.48
    endloop
  endfacet
  facet normal 0.6362473238115939 -0.7714851540649273 0
    outer loop
      vertex 26.749459996819496 12.699799999594688 0.32
      vertex 26.749459996819496 12.699799999594688 0.48
      vertex 26.34798128902912 12.368698678910732 0.48
    endloop
  endfacet
  facet normal 0 0 -1
    outer loop
      vertex 21.622660003602505 14.693680003285408 0.32
      vertex 21.622660003602505 19.155759997665882 0.32
      vertex 26.749459996819496 12.699799999594688 0.32
    endloop
  endfacet
  facet normal 0 0 -1
    outer loop
      vertex 21.622660003602505 19.155759997665882 0.32
      vertex 26.749459996819496 21.75 0.32
      vertex 26.749459996819496 12.699799999594688 0.32
    endloop
  endfacet
  facet normal 0 0 1
    outer loop
      vertex 21.622660003602505 14.693680003285408 0.48
      vertex 26.749459996819496 12.699799999594688 0.48
      vertex 21.622660003602505 19.155759997665882 0.48
    endloop
  endfacet
  facet normal 0 0 1
    outer loop
      vertex 21.622660003602505 19.155759997665882 0.48
      vertex 26.749459996819496 12.699799999594688 0.48
      vertex 26.749459996819496 21.75 0.48
    endloop
  endfacet
  facet normal 1 0 0
    outer loop
      vertex 26.749459996819496 12.699799999594688 0.32
      vertex 26.749459996819496 21.75 0.48
      vertex 26.749459996819496 12.699799999594688 0.48
    endloop
  endfacet
  facet normal 1 0 0
    outer loop
      vertex 26.749459996819496 12.699799999594688 0.32
      vertex 26.749459996819496 21.75 0.32
      vertex 26.749459996819496 21.75 0.48
    endloop
  endfacet
  facet normal 0 0 -1
    outer loop
      vertex 16.42025999724865 23.29500000178814 0.32
      vertex 26.749459996819496 23.29500000178814 0.32
      vertex 16.42025999724865 22.25 0.32
    endloop
  endfacet
  facet normal 0 1 0
    outer loop
      vertex 16.42025999724865 23.29500000178814 0.32
      vertex 16.42025999724865 23.29500000178814 0.48
      vertex 26.749459996819496 23.29500000178814 0.48
    endloop
  endfacet
  facet normal 0 0 1
    outer loop
      vertex 16.42025999724865 23.29500000178814 0.48
      vertex 16.42025999724865 22.25 0.48
      vertex 26.749459996819496 22.25 0.48
    endloop
  endfacet
  facet normal -0.9619781122150901 -0.2731265487262117 0
    outer loop
      vertex 21.015060000121593 27.054559998214245 0.32
      vertex 20.92471844702959 27.37275168299675 0.48
      vertex 20.92471844702959 27.37275168299675 0.32
    endloop
  endfacet
  facet normal -0.9535856026349401 -0.3011220656932303 0
    outer loop
      vertex 20.828705973923206 27.6768015101552 0.32
      vertex 20.92471844702959 27.37275168299675 0.32
      vertex 20.828705973923206 27.6768015101552 0.48
    endloop
  endfacet
  facet normal -0.9318768269582516 -0.3627748328897976 0
    outer loop
      vertex 20.72702257335186 27.96670948714018 0.32
      vertex 20.61966824531555 28.242475613951683 0.48
      vertex 20.61966824531555 28.242475613951683 0.32
    endloop
  endfacet
  facet normal -0.9436393259312819 -0.33097556187119925 0
    outer loop
      vertex 20.828705973923206 27.6768015101552 0.32
      vertex 20.72702257335186 27.96670948714018 0.48
      vertex 20.72702257335186 27.96670948714018 0.32
    endloop
  endfacet
  facet normal -0.9179970335905823 -0.3965872493145631 0
    outer loop
      vertex 20.50664298981428 28.504099883139133 0.32
      vertex 20.61966824531555 28.242475613951683 0.32
      vertex 20.50664298981428 28.504099883139133 0.48
    endloop
  endfacet
  facet normal -0.9016585814477514 -0.4324486125560223 0
    outer loop
      vertex 20.50664298981428 28.504099883139133 0.32
      vertex 20.50664298981428 28.504099883139133 0.48
      vertex 20.38794680684805 28.75158230960369 0.48
    endloop
  endfacet
  facet normal -0.9436393259312819 -0.33097556187119925 0
    outer loop
      vertex 20.828705973923206 27.6768015101552 0.32
      vertex 20.828705973923206 27.6768015101552 0.48
      vertex 20.72702257335186 27.96670948714018 0.48
    endloop
  endfacet
  facet normal -0.9619781122150901 -0.2731265487262117 0
    outer loop
      vertex 21.015060000121593 27.054559998214245 0.32
      vertex 21.015060000121593 27.054559998214245 0.48
      vertex 20.92471844702959 27.37275168299675 0.48
    endloop
  endfacet
  facet normal -0.9535856026349401 -0.3011220656932303 0
    outer loop
      vertex 20.92471844702959 27.37275168299675 0.32
      vertex 20.92471844702959 27.37275168299675 0.48
      vertex 20.828705973923206 27.6768015101552 0.48
    endloop
  endfacet
  facet normal -0.9318768269582516 -0.3627748328897976 0
    outer loop
      vertex 20.72702257335186 27.96670948714018 0.32
      vertex 20.72702257335186 27.96670948714018 0.48
      vertex 20.61966824531555 28.242475613951683 0.48
    endloop
  endfacet
  facet normal -0.9179970335905823 -0.3965872493145631 0
    outer loop
      vertex 20.61966824531555 28.242475613951683 0.32
      vertex 20.61966824531555 28.242475613951683 0.48
      vertex 20.50664298981428 28.504099883139133 0.48
    endloop
  endfacet
  facet normal 0 0 -1
    outer loop
      vertex 16.544070810079575 35.17530948668718 0.32
      vertex 17.06691762059927 30.77957361191511 0.32
      vertex 16.856846161186695 30.76019062101841 0.32
    endloop
  endfacet
  facet normal 0 0 -1
    outer loop
      vertex 16.544070810079575 35.17530948668718 0.32
      vertex 17.2821222320199 30.791203401982784 0.32
      vertex 17.06691762059927 30.77957361191511 0.32
    endloop
  endfacet
  facet normal 0 0 -1
    outer loop
      vertex 17.2821222320199 30.791203401982784 0.32
      vertex 17.445340000092983 35.20003999769688 0.32
      vertex 17.50246000289917 30.79507999867201 0.32
    endloop
  endfacet
  facet normal 0 0 -1
    outer loop
      vertex 17.50246000289917 30.79507999867201 0.32
      vertex 17.740184232592583 35.1967016980052 0.32
      vertex 17.717561930418015 30.788009077310562 0.32
    endloop
  endfacet
  facet normal 0 0 -1
    outer loop
      vertex 17.717561930418015 30.788009077310562 0.32
      vertex 18.3156546279788 35.169995315372944 0.32
      vertex 17.926992930471897 30.766796298325062 0.32
    endloop
  endfacet
  facet normal 0 0 -1
    outer loop
      vertex 16.544070810079575 35.17530948668718 0.32
      vertex 17.445340000092983 35.20003999769688 0.32
      vertex 17.2821222320199 30.791203401982784 0.32
    endloop
  endfacet
  facet normal 0 0 -1
    outer loop
      vertex 17.50246000289917 30.79507999867201 0.32
      vertex 17.445340000092983 35.20003999769688 0.32
      vertex 17.740184232592583 35.1967016980052 0.32
    endloop
  endfacet
  facet normal 0 0 -1
    outer loop
      vertex 17.717561930418015 30.788009077310562 0.32
      vertex 17.740184232592583 35.1967016980052 0.32
      vertex 18.030289113521576 35.18668680638075 0.32
    endloop
  endfacet
  facet normal 0 0 -1
    outer loop
      vertex 17.717561930418015 30.788009077310562 0.32
      vertex 18.030289113521576 35.18668680638075 0.32
      vertex 18.3156546279788 35.169995315372944 0.32
    endloop
  endfacet
  facet normal 0 0 -1
    outer loop
      vertex 17.926992930471897 30.766796298325062 0.32
      vertex 18.59628079086542 35.146627217531204 0.32
      vertex 18.130753003060818 30.731441661715508 0.32
    endloop
  endfacet
  facet normal 0 0 -1
    outer loop
      vertex 18.130753003060818 30.731441661715508 0.32
      vertex 19.14331504702568 35.079861246049404 0.32
      vertex 18.328842155635357 30.68194518238306 0.32
    endloop
  endfacet
  facet normal 0 0 -1
    outer loop
      vertex 18.328842155635357 30.68194518238306 0.32
      vertex 19.671391874551773 34.98638888448477 0.32
      vertex 18.521260380744934 30.61830684542656 0.32
    endloop
  endfacet
  facet normal 0 0 -1
    outer loop
      vertex 18.521260380744934 30.61830684542656 0.32
      vertex 19.92832124978304 34.92963780462742 0.32
      vertex 18.70800767838955 30.540526650846004 0.32
    endloop
  endfacet
  facet normal 0 0 -1
    outer loop
      vertex 17.926992930471897 30.766796298325062 0.32
      vertex 18.3156546279788 35.169995315372944 0.32
      vertex 18.59628079086542 35.146627217531204 0.32
    endloop
  endfacet
  facet normal 0 0 -1
    outer loop
      vertex 18.130753003060818 30.731441661715508 0.32
      vertex 18.59628079086542 35.146627217531204 0.32
      vertex 18.872167602181435 35.11658253520727 0.32
    endloop
  endfacet
  facet normal 0 0 -1
    outer loop
      vertex 18.130753003060818 30.731441661715508 0.32
      vertex 18.872167602181435 35.11658253520727 0.32
      vertex 19.14331504702568 35.079861246049404 0.32
    endloop
  endfacet
  facet normal 0 0 -1
    outer loop
      vertex 18.328842155635357 30.68194518238306 0.32
      vertex 19.14331504702568 35.079861246049404 0.32
      vertex 19.40972314029932 35.03646336495876 0.32
    endloop
  endfacet
  facet normal 0 0 -1
    outer loop
      vertex 18.328842155635357 30.68194518238306 0.32
      vertex 19.40972314029932 35.03646336495876 0.32
      vertex 19.671391874551773 34.98638888448477 0.32
    endloop
  endfacet
  facet normal 0 0 -1
    outer loop
      vertex 18.889084048569202 30.448604613542557 0.32
      vertex 20.908645182847977 34.6358675211668 0.32
      vertex 19.064489491283894 30.342540718615055 0.32
    endloop
  endfacet
  facet normal 0 0 -1
    outer loop
      vertex 19.234224006533623 30.22233497351408 0.32
      vertex 22.027414552867413 34.118431225419044 0.32
      vertex 19.39828760176897 30.08798737078905 0.32
    endloop
  endfacet
  facet normal 0 0 -1
    outer loop
      vertex 19.234224006533623 30.22233497351408 0.32
      vertex 19.064489491283894 30.342540718615055 0.32
      vertex 21.594124875962734 34.34543553739786 0.32
    endloop
  endfacet
  facet normal 0 0 -1
    outer loop
      vertex 19.39828760176897 30.08798737078905 0.32
      vertex 22.441746808588505 33.86472053080797 0.32
      vertex 19.556680262088776 29.93949791789055 0.32
    endloop
  endfacet
  facet normal 0 0 -1
    outer loop
      vertex 20.13354166597128 29.204121589660645 0.32
      vertex 24.39572601020336 31.985219202935696 0.32
      vertex 20.263579696416855 28.984922870993614 0.32
    endloop
  endfacet
  facet normal 0 0 -1
    outer loop
      vertex 19.556680262088776 29.93949791789055 0.32
      vertex 23.027699999511242 33.4340799972415 0.32
      vertex 19.7094020023942 29.776866614818573 0.32
    endloop
  endfacet
  facet normal 0 0 -1
    outer loop
      vertex 19.7094020023942 29.776866614818573 0.32
      vertex 23.395551189780235 33.11322011053562 0.32
      vertex 19.85645281523466 29.600093461573124 0.32
    endloop
  endfacet
  facet normal 0 0 -1
    outer loop
      vertex 19.85645281523466 29.600093461573124 0.32
      vertex 23.746172592043877 32.76479002088308 0.32
      vertex 19.99783270061016 29.40917845070362 0.32
    endloop
  endfacet
  facet normal 0 0 -1
    outer loop
      vertex 19.99783270061016 29.40917845070362 0.32
      vertex 24.079564198851585 32.38878971338272 0.32
      vertex 20.13354166597128 29.204121589660645 0.32
    endloop
  endfacet
  facet normal 0 0 -1
    outer loop
      vertex 18.70800767838955 30.540526650846004 0.32
      vertex 20.42796193063259 34.79610586166382 0.32
      vertex 18.889084048569202 30.448604613542557 0.32
    endloop
  endfacet
  facet normal 0 0 -1
    outer loop
      vertex 18.521260380744934 30.61830684542656 0.32
      vertex 19.671391874551773 34.98638888448477 0.32
      vertex 19.92832124978304 34.92963780462742 0.32
    endloop
  endfacet
  facet normal 0 0 -1
    outer loop
      vertex 18.70800767838955 30.540526650846004 0.32
      vertex 19.92832124978304 34.92963780462742 0.32
      vertex 20.18051126599312 34.866210132837296 0.32
    endloop
  endfacet
  facet normal 0 0 -1
    outer loop
      vertex 18.70800767838955 30.540526650846004 0.32
      vertex 20.18051126599312 34.866210132837296 0.32
      vertex 20.42796193063259 34.79610586166382 0.32
    endloop
  endfacet
  facet normal 0 0 -1
    outer loop
      vertex 18.889084048569202 30.448604613542557 0.32
      vertex 20.42796193063259 34.79610586166382 0.32
      vertex 20.670673228800297 34.71932499110699 0.32
    endloop
  endfacet
  facet normal 0 0 -1
    outer loop
      vertex 18.889084048569202 30.448604613542557 0.32
      vertex 20.670673228800297 34.71932499110699 0.32
      vertex 20.908645182847977 34.6358675211668 0.32
    endloop
  endfacet
  facet normal 0 0 -1
    outer loop
      vertex 19.064489491283894 30.342540718615055 0.32
      vertex 21.14187777042389 34.54573345929384 0.32
      vertex 21.370370998978615 34.44892279803753 0.32
    endloop
  endfacet
  facet normal 0 0 -1
    outer loop
      vertex 19.064489491283894 30.342540718615055 0.32
      vertex 20.908645182847977 34.6358675211668 0.32
      vertex 21.14187777042389 34.54573345929384 0.32
    endloop
  endfacet
  facet normal 0 0 -1
    outer loop
      vertex 19.064489491283894 30.342540718615055 0.32
      vertex 21.370370998978615 34.44892279803753 0.32
      vertex 21.594124875962734 34.34543553739786 0.32
    endloop
  endfacet
  facet normal 0 0 -1
    outer loop
      vertex 19.234224006533623 30.22233497351408 0.32
      vertex 21.594124875962734 34.34543553739786 0.32
      vertex 21.813139393925667 34.23527168482542 0.32
    endloop
  endfacet
  facet normal 0 0 -1
    outer loop
      vertex 19.234224006533623 30.22233497351408 0.32
      vertex 21.813139393925667 34.23527168482542 0.32
      vertex 22.027414552867413 34.118431225419044 0.32
    endloop
  endfacet
  facet normal 0 0 -1
    outer loop
      vertex 19.39828760176897 30.08798737078905 0.32
      vertex 22.236950360238552 33.994914174079895 0.32
      vertex 22.441746808588505 33.86472053080797 0.32
    endloop
  endfacet
  facet normal 0 0 -1
    outer loop
      vertex 19.556680262088776 29.93949791789055 0.32
      vertex 22.441746808588505 33.86472053080797 0.32
      vertex 22.64180389046669 33.727850280702114 0.32
    endloop
  endfacet
  facet normal 0 0 -1
    outer loop
      vertex 19.556680262088776 29.93949791789055 0.32
      vertex 22.64180389046669 33.727850280702114 0.32
      vertex 22.83712162822485 33.58430343866348 0.32
    endloop
  endfacet
  facet normal 0 0 -1
    outer loop
      vertex 19.39828760176897 30.08798737078905 0.32
      vertex 22.027414552867413 34.118431225419044 0.32
      vertex 22.236950360238552 33.994914174079895 0.32
    endloop
  endfacet
  facet normal 0.09187828582587568 -0.9957702448826731 0
    outer loop
      vertex 16.856846161186695 30.76019062101841 0.32
      vertex 17.06691762059927 30.77957361191511 0.32
      vertex 16.856846161186695 30.76019062101841 0.48
    endloop
  endfacet
  facet normal 0.053961880017890464 -0.9985429963226095 0
    outer loop
      vertex 17.06691762059927 30.77957361191511 0.32
      vertex 17.2821222320199 30.791203401982784 0.32
      vertex 17.06691762059927 30.77957361191511 0.48
    endloop
  endfacet
  facet normal 0.01759115935085259 -0.9998452635846673 0
    outer loop
      vertex 17.2821222320199 30.791203401982784 0.32
      vertex 17.50246000289917 30.79507999867201 0.32
      vertex 17.2821222320199 30.791203401982784 0.48
    endloop
  endfacet
  facet normal -0.03285467560083115 -0.9994601394208597 0
    outer loop
      vertex 17.50246000289917 30.79507999867201 0.32
      vertex 17.717561930418015 30.788009077310562 0.32
      vertex 17.50246000289917 30.79507999867201 0.48
    endloop
  endfacet
  facet normal -0.10077207356525651 -0.9949095381939799 0
    outer loop
      vertex 17.717561930418015 30.788009077310562 0.32
      vertex 17.926992930471897 30.766796298325062 0.32
      vertex 17.717561930418015 30.788009077310562 0.48
    endloop
  endfacet
  facet normal -0.1709567725847892 -0.9852785301159225 0
    outer loop
      vertex 17.926992930471897 30.766796298325062 0.32
      vertex 18.130753003060818 30.731441661715508 0.32
      vertex 17.926992930471897 30.766796298325062 0.48
    endloop
  endfacet
  facet normal -0.2424166560212788 -0.9701722346488076 0
    outer loop
      vertex 18.130753003060818 30.731441661715508 0.32
      vertex 18.328842155635357 30.68194518238306 0.32
      vertex 18.130753003060818 30.731441661715508 0.48
    endloop
  endfacet
  facet normal -0.3140017660968664 -0.9494223985603294 0
    outer loop
      vertex 18.328842155635357 30.68194518238306 0.32
      vertex 18.521260380744934 30.61830684542656 0.32
      vertex 18.328842155635357 30.68194518238306 0.48
    endloop
  endfacet
  facet normal -0.38448405391802304 -0.9231316332369737 0
    outer loop
      vertex 18.521260380744934 30.61830684542656 0.32
      vertex 18.70800767838955 30.540526650846004 0.32
      vertex 18.521260380744934 30.61830684542656 0.48
    endloop
  endfacet
  facet normal -0.45265695443285886 -0.8916847433950909 0
    outer loop
      vertex 18.70800767838955 30.540526650846004 0.32
      vertex 18.889084048569202 30.448604613542557 0.32
      vertex 18.70800767838955 30.540526650846004 0.48
    endloop
  endfacet
  facet normal -0.5174364509027047 -0.8557216365601683 0
    outer loop
      vertex 18.889084048569202 30.448604613542557 0.32
      vertex 19.064489491283894 30.342540718615055 0.32
      vertex 18.889084048569202 30.448604613542557 0.48
    endloop
  endfacet
  facet normal -0.5779441182975574 -0.8160763420938382 0
    outer loop
      vertex 19.234224006533623 30.22233497351408 0.32
      vertex 19.064489491283894 30.342540718615055 0.48
      vertex 19.064489491283894 30.342540718615055 0.32
    endloop
  endfacet
  facet normal 0.09187828582587568 -0.9957702448826731 0
    outer loop
      vertex 17.06691762059927 30.77957361191511 0.32
      vertex 17.06691762059927 30.77957361191511 0.48
      vertex 16.856846161186695 30.76019062101841 0.48
    endloop
  endfacet
  facet normal 0.053961880017890464 -0.9985429963226095 0
    outer loop
      vertex 17.2821222320199 30.791203401982784 0.32
      vertex 17.2821222320199 30.791203401982784 0.48
      vertex 17.06691762059927 30.77957361191511 0.48
    endloop
  endfacet
  facet normal 0.01759115935085259 -0.9998452635846673 0
    outer loop
      vertex 17.50246000289917 30.79507999867201 0.32
      vertex 17.50246000289917 30.79507999867201 0.48
      vertex 17.2821222320199 30.791203401982784 0.48
    endloop
  endfacet
  facet normal -0.03285467560083115 -0.9994601394208597 0
    outer loop
      vertex 17.717561930418015 30.788009077310562 0.32
      vertex 17.717561930418015 30.788009077310562 0.48
      vertex 17.50246000289917 30.79507999867201 0.48
    endloop
  endfacet
  facet normal -0.10077207356525651 -0.9949095381939799 0
    outer loop
      vertex 17.926992930471897 30.766796298325062 0.32
      vertex 17.926992930471897 30.766796298325062 0.48
      vertex 17.717561930418015 30.788009077310562 0.48
    endloop
  endfacet
  facet normal -0.1709567725847892 -0.9852785301159225 0
    outer loop
      vertex 18.130753003060818 30.731441661715508 0.32
      vertex 18.130753003060818 30.731441661715508 0.48
      vertex 17.926992930471897 30.766796298325062 0.48
    endloop
  endfacet
  facet normal -0.2424166560212788 -0.9701722346488076 0
    outer loop
      vertex 18.328842155635357 30.68194518238306 0.32
      vertex 18.328842155635357 30.68194518238306 0.48
      vertex 18.130753003060818 30.731441661715508 0.48
    endloop
  endfacet
  facet normal -0.3140017660968664 -0.9494223985603294 0
    outer loop
      vertex 18.521260380744934 30.61830684542656 0.32
      vertex 18.521260380744934 30.61830684542656 0.48
      vertex 18.328842155635357 30.68194518238306 0.48
    endloop
  endfacet
  facet normal -0.38448405391802304 -0.9231316332369737 0
    outer loop
      vertex 18.70800767838955 30.540526650846004 0.32
      vertex 18.70800767838955 30.540526650846004 0.48
      vertex 18.521260380744934 30.61830684542656 0.48
    endloop
  endfacet
  facet normal -0.45265695443285886 -0.8916847433950909 0
    outer loop
      vertex 18.889084048569202 30.448604613542557 0.32
      vertex 18.889084048569202 30.448604613542557 0.48
      vertex 18.70800767838955 30.540526650846004 0.48
    endloop
  endfacet
  facet normal -0.5174364509027047 -0.8557216365601683 0
    outer loop
      vertex 19.064489491283894 30.342540718615055 0.32
      vertex 19.064489491283894 30.342540718615055 0.48
      vertex 18.889084048569202 30.448604613542557 0.48
    endloop
  endfacet
  facet normal -0.5779441182975574 -0.8160763420938382 0
    outer loop
      vertex 19.234224006533623 30.22233497351408 0.32
      vertex 19.234224006533623 30.22233497351408 0.48
      vertex 19.064489491283894 30.342540718615055 0.48
    endloop
  endfacet
  facet normal -0.027429325568617456 0.9996237452656128 0
    outer loop
      vertex 16.544070810079575 35.17530948668718 0.32
      vertex 17.445340000092983 35.20003999769688 0.48
      vertex 17.445340000092983 35.20003999769688 0.32
    endloop
  endfacet
  facet normal 0.011321522927885668 0.9999359095055009 0
    outer loop
      vertex 17.445340000092983 35.20003999769688 0.32
      vertex 17.740184232592583 35.1967016980052 0.48
      vertex 17.740184232592583 35.1967016980052 0.32
    endloop
  endfacet
  facet normal 0.034501071939441456 0.999404660803135 0
    outer loop
      vertex 17.740184232592583 35.1967016980052 0.32
      vertex 18.030289113521576 35.18668680638075 0.48
      vertex 18.030289113521576 35.18668680638075 0.32
    endloop
  endfacet
  facet normal 0.058391817428554545 0.9982937421708054 0
    outer loop
      vertex 18.030289113521576 35.18668680638075 0.32
      vertex 18.3156546279788 35.169995315372944 0.48
      vertex 18.3156546279788 35.169995315372944 0.32
    endloop
  endfacet
  facet normal 0.08298406001690428 0.9965508746587456 0
    outer loop
      vertex 18.3156546279788 35.169995315372944 0.32
      vertex 18.59628079086542 35.146627217531204 0.48
      vertex 18.59628079086542 35.146627217531204 0.32
    endloop
  endfacet
  facet normal 0.10826212046646264 0.9941223834478856 0
    outer loop
      vertex 18.59628079086542 35.146627217531204 0.32
      vertex 18.872167602181435 35.11658253520727 0.48
      vertex 18.872167602181435 35.11658253520727 0.32
    endloop
  endfacet
  facet normal 0.13420409638493389 0.9909537125988798 0
    outer loop
      vertex 18.872167602181435 35.11658253520727 0.32
      vertex 19.14331504702568 35.079861246049404 0.48
      vertex 19.14331504702568 35.079861246049404 0.32
    endloop
  endfacet
  facet normal 0 0 1
    outer loop
      vertex 16.544070810079575 35.17530948668718 0.48
      vertex 16.856846161186695 30.76019062101841 0.48
      vertex 17.06691762059927 30.77957361191511 0.48
    endloop
  endfacet
  facet normal 0 0 1
    outer loop
      vertex 16.544070810079575 35.17530948668718 0.48
      vertex 17.06691762059927 30.77957361191511 0.48
      vertex 17.2821222320199 30.791203401982784 0.48
    endloop
  endfacet
  facet normal 0 0 1
    outer loop
      vertex 17.2821222320199 30.791203401982784 0.48
      vertex 17.50246000289917 30.79507999867201 0.48
      vertex 17.445340000092983 35.20003999769688 0.48
    endloop
  endfacet
  facet normal 0 0 1
    outer loop
      vertex 17.50246000289917 30.79507999867201 0.48
      vertex 17.717561930418015 30.788009077310562 0.48
      vertex 17.740184232592583 35.1967016980052 0.48
    endloop
  endfacet
  facet normal 0 0 1
    outer loop
      vertex 17.717561930418015 30.788009077310562 0.48
      vertex 17.926992930471897 30.766796298325062 0.48
      vertex 18.3156546279788 35.169995315372944 0.48
    endloop
  endfacet
  facet normal -0.027429325568617456 0.9996237452656128 0
    outer loop
      vertex 16.544070810079575 35.17530948668718 0.32
      vertex 16.544070810079575 35.17530948668718 0.48
      vertex 17.445340000092983 35.20003999769688 0.48
    endloop
  endfacet
  facet normal 0.011321522927885668 0.9999359095055009 0
    outer loop
      vertex 17.445340000092983 35.20003999769688 0.32
      vertex 17.445340000092983 35.20003999769688 0.48
      vertex 17.740184232592583 35.1967016980052 0.48
    endloop
  endfacet
  facet normal 0.034501071939441456 0.999404660803135 0
    outer loop
      vertex 17.740184232592583 35.1967016980052 0.32
      vertex 17.740184232592583 35.1967016980052 0.48
      vertex 18.030289113521576 35.18668680638075 0.48
    endloop
  endfacet
  facet normal 0 0 1
    outer loop
      vertex 16.544070810079575 35.17530948668718 0.48
      vertex 17.2821222320199 30.791203401982784 0.48
      vertex 17.445340000092983 35.20003999769688 0.48
    endloop
  endfacet
  facet normal 0 0 1
    outer loop
      vertex 17.50246000289917 30.79507999867201 0.48
      vertex 17.740184232592583 35.1967016980052 0.48
      vertex 17.445340000092983 35.20003999769688 0.48
    endloop
  endfacet
  facet normal 0 0 1
    outer loop
      vertex 17.717561930418015 30.788009077310562 0.48
      vertex 18.030289113521576 35.18668680638075 0.48
      vertex 17.740184232592583 35.1967016980052 0.48
    endloop
  endfacet
  facet normal 0 0 1
    outer loop
      vertex 17.717561930418015 30.788009077310562 0.48
      vertex 18.3156546279788 35.169995315372944 0.48
      vertex 18.030289113521576 35.18668680638075 0.48
    endloop
  endfacet
  facet normal 0 0 1
    outer loop
      vertex 17.926992930471897 30.766796298325062 0.48
      vertex 18.130753003060818 30.731441661715508 0.48
      vertex 18.59628079086542 35.146627217531204 0.48
    endloop
  endfacet
  facet normal 0 0 1
    outer loop
      vertex 18.130753003060818 30.731441661715508 0.48
      vertex 18.328842155635357 30.68194518238306 0.48
      vertex 19.14331504702568 35.079861246049404 0.48
    endloop
  endfacet
  facet normal 0 0 1
    outer loop
      vertex 18.328842155635357 30.68194518238306 0.48
      vertex 18.521260380744934 30.61830684542656 0.48
      vertex 19.671391874551773 34.98638888448477 0.48
    endloop
  endfacet
  facet normal 0 0 1
    outer loop
      vertex 18.521260380744934 30.61830684542656 0.48
      vertex 18.70800767838955 30.540526650846004 0.48
      vertex 19.92832124978304 34.92963780462742 0.48
    endloop
  endfacet
  facet normal 0.058391817428554545 0.9982937421708054 0
    outer loop
      vertex 18.030289113521576 35.18668680638075 0.32
      vertex 18.030289113521576 35.18668680638075 0.48
      vertex 18.3156546279788 35.169995315372944 0.48
    endloop
  endfacet
  facet normal 0.08298406001690428 0.9965508746587456 0
    outer loop
      vertex 18.3156546279788 35.169995315372944 0.32
      vertex 18.3156546279788 35.169995315372944 0.48
      vertex 18.59628079086542 35.146627217531204 0.48
    endloop
  endfacet
  facet normal 0.10826212046646264 0.9941223834478856 0
    outer loop
      vertex 18.59628079086542 35.146627217531204 0.32
      vertex 18.59628079086542 35.146627217531204 0.48
      vertex 18.872167602181435 35.11658253520727 0.48
    endloop
  endfacet
  facet normal 0.13420409638493389 0.9909537125988798 0
    outer loop
      vertex 18.872167602181435 35.11658253520727 0.32
      vertex 18.872167602181435 35.11658253520727 0.48
      vertex 19.14331504702568 35.079861246049404 0.48
    endloop
  endfacet
  facet normal 0.160780706113146 0.9869901542273652 0
    outer loop
      vertex 19.14331504702568 35.079861246049404 0.32
      vertex 19.14331504702568 35.079861246049404 0.48
      vertex 19.40972314029932 35.03646336495876 0.48
    endloop
  endfacet
  facet normal 0 0 1
    outer loop
      vertex 17.926992930471897 30.766796298325062 0.48
      vertex 18.59628079086542 35.146627217531204 0.48
      vertex 18.3156546279788 35.169995315372944 0.48
    endloop
  endfacet
  facet normal 0 0 1
    outer loop
      vertex 18.130753003060818 30.731441661715508 0.48
      vertex 18.872167602181435 35.11658253520727 0.48
      vertex 18.59628079086542 35.146627217531204 0.48
    endloop
  endfacet
  facet normal 0 0 1
    outer loop
      vertex 18.130753003060818 30.731441661715508 0.48
      vertex 19.14331504702568 35.079861246049404 0.48
      vertex 18.872167602181435 35.11658253520727 0.48
    endloop
  endfacet
  facet normal 0 0 1
    outer loop
      vertex 18.328842155635357 30.68194518238306 0.48
      vertex 19.40972314029932 35.03646336495876 0.48
      vertex 19.14331504702568 35.079861246049404 0.48
    endloop
  endfacet
  facet normal 0 0 1
    outer loop
      vertex 18.328842155635357 30.68194518238306 0.48
      vertex 19.671391874551773 34.98638888448477 0.48
      vertex 19.40972314029932 35.03646336495876 0.48
    endloop
  endfacet
  facet normal -0.6335590651286561 -0.7736943265872535 0
    outer loop
      vertex 19.234224006533623 30.22233497351408 0.32
      vertex 19.39828760176897 30.08798737078905 0.32
      vertex 19.234224006533623 30.22233497351408 0.48
    endloop
  endfacet
  facet normal -0.6839321416651257 -0.7295456295512669 0
    outer loop
      vertex 19.39828760176897 30.08798737078905 0.32
      vertex 19.556680262088776 29.93949791789055 0.32
      vertex 19.39828760176897 30.08798737078905 0.48
    endloop
  endfacet
  facet normal -0.8036349846040398 -0.5951225180754505 0
    outer loop
      vertex 19.85645281523466 29.600093461573124 0.32
      vertex 19.99783270061016 29.40917845070362 0.32
      vertex 19.85645281523466 29.600093461573124 0.48
    endloop
  endfacet
  facet normal -0.7687774015036984 -0.6395164633824694 0
    outer loop
      vertex 19.7094020023942 29.776866614818573 0.32
      vertex 19.85645281523466 29.600093461573124 0.32
      vertex 19.7094020023942 29.776866614818573 0.48
    endloop
  endfacet
  facet normal -0.728966879811846 -0.6845489669390946 0
    outer loop
      vertex 19.556680262088776 29.93949791789055 0.32
      vertex 19.7094020023942 29.776866614818573 0.32
      vertex 19.556680262088776 29.93949791789055 0.48
    endloop
  endfacet
  facet normal -0.8339142903216041 -0.5518939720611334 0
    outer loop
      vertex 19.99783270061016 29.40917845070362 0.32
      vertex 20.13354166597128 29.204121589660645 0.32
      vertex 19.99783270061016 29.40917845070362 0.48
    endloop
  endfacet
  facet normal -0.8600462308718877 -0.5102161118222942 0
    outer loop
      vertex 20.13354166597128 29.204121589660645 0.32
      vertex 20.263579696416855 28.984922870993614 0.32
      vertex 20.13354166597128 29.204121589660645 0.48
    endloop
  endfacet
  facet normal -0.882480404424422 -0.47034916371447777 0
    outer loop
      vertex 20.263579696416855 28.984922870993614 0.32
      vertex 20.38794680684805 28.75158230960369 0.32
      vertex 20.263579696416855 28.984922870993614 0.48
    endloop
  endfacet
  facet normal -0.9016585814477514 -0.4324486125560223 0
    outer loop
      vertex 20.50664298981428 28.504099883139133 0.32
      vertex 20.38794680684805 28.75158230960369 0.48
      vertex 20.38794680684805 28.75158230960369 0.32
    endloop
  endfacet
  facet normal -0.6335590651286561 -0.7736943265872535 0
    outer loop
      vertex 19.39828760176897 30.08798737078905 0.32
      vertex 19.39828760176897 30.08798737078905 0.48
      vertex 19.234224006533623 30.22233497351408 0.48
    endloop
  endfacet
  facet normal -0.6839321416651257 -0.7295456295512669 0
    outer loop
      vertex 19.556680262088776 29.93949791789055 0.32
      vertex 19.556680262088776 29.93949791789055 0.48
      vertex 19.39828760176897 30.08798737078905 0.48
    endloop
  endfacet
  facet normal -0.728966879811846 -0.6845489669390946 0
    outer loop
      vertex 19.7094020023942 29.776866614818573 0.32
      vertex 19.7094020023942 29.776866614818573 0.48
      vertex 19.556680262088776 29.93949791789055 0.48
    endloop
  endfacet
  facet normal -0.7687774015036984 -0.6395164633824694 0
    outer loop
      vertex 19.85645281523466 29.600093461573124 0.32
      vertex 19.85645281523466 29.600093461573124 0.48
      vertex 19.7094020023942 29.776866614818573 0.48
    endloop
  endfacet
  facet normal -0.8600462308718877 -0.5102161118222942 0
    outer loop
      vertex 20.263579696416855 28.984922870993614 0.32
      vertex 20.263579696416855 28.984922870993614 0.48
      vertex 20.13354166597128 29.204121589660645 0.48
    endloop
  endfacet
  facet normal -0.8339142903216041 -0.5518939720611334 0
    outer loop
      vertex 20.13354166597128 29.204121589660645 0.32
      vertex 20.13354166597128 29.204121589660645 0.48
      vertex 19.99783270061016 29.40917845070362 0.48
    endloop
  endfacet
  facet normal -0.882480404424422 -0.47034916371447777 0
    outer loop
      vertex 20.38794680684805 28.75158230960369 0.32
      vertex 20.38794680684805 28.75158230960369 0.48
      vertex 20.263579696416855 28.984922870993614 0.48
    endloop
  endfacet
  facet normal -0.8036349846040398 -0.5951225180754505 0
    outer loop
      vertex 19.99783270061016 29.40917845070362 0.32
      vertex 19.99783270061016 29.40917845070362 0.48
      vertex 19.85645281523466 29.600093461573124 0.48
    endloop
  endfacet
  facet normal 0 0 1
    outer loop
      vertex 18.889084048569202 30.448604613542557 0.48
      vertex 19.064489491283894 30.342540718615055 0.48
      vertex 20.908645182847977 34.6358675211668 0.48
    endloop
  endfacet
  facet normal 0 0 1
    outer loop
      vertex 19.234224006533623 30.22233497351408 0.48
      vertex 19.39828760176897 30.08798737078905 0.48
      vertex 22.027414552867413 34.118431225419044 0.48
    endloop
  endfacet
  facet normal 0 0 1
    outer loop
      vertex 19.234224006533623 30.22233497351408 0.48
      vertex 21.594124875962734 34.34543553739786 0.48
      vertex 19.064489491283894 30.342540718615055 0.48
    endloop
  endfacet
  facet normal 0 0 1
    outer loop
      vertex 19.39828760176897 30.08798737078905 0.48
      vertex 19.556680262088776 29.93949791789055 0.48
      vertex 22.441746808588505 33.86472053080797 0.48
    endloop
  endfacet
  facet normal 0 0 1
    outer loop
      vertex 20.13354166597128 29.204121589660645 0.48
      vertex 20.263579696416855 28.984922870993614 0.48
      vertex 24.39572601020336 31.985219202935696 0.48
    endloop
  endfacet
  facet normal 0 0 1
    outer loop
      vertex 19.556680262088776 29.93949791789055 0.48
      vertex 19.7094020023942 29.776866614818573 0.48
      vertex 23.027699999511242 33.4340799972415 0.48
    endloop
  endfacet
  facet normal 0 0 1
    outer loop
      vertex 19.7094020023942 29.776866614818573 0.48
      vertex 19.85645281523466 29.600093461573124 0.48
      vertex 23.395551189780235 33.11322011053562 0.48
    endloop
  endfacet
  facet normal 0 0 1
    outer loop
      vertex 19.85645281523466 29.600093461573124 0.48
      vertex 19.99783270061016 29.40917845070362 0.48
      vertex 23.746172592043877 32.76479002088308 0.48
    endloop
  endfacet
  facet normal 0 0 1
    outer loop
      vertex 19.99783270061016 29.40917845070362 0.48
      vertex 20.13354166597128 29.204121589660645 0.48
      vertex 24.079564198851585 32.38878971338272 0.48
    endloop
  endfacet
  facet normal 0.160780706113146 0.9869901542273652 0
    outer loop
      vertex 19.14331504702568 35.079861246049404 0.32
      vertex 19.40972314029932 35.03646336495876 0.48
      vertex 19.40972314029932 35.03646336495876 0.32
    endloop
  endfacet
  facet normal 0.1879553249641788 0.9821775785557365 0
    outer loop
      vertex 19.40972314029932 35.03646336495876 0.32
      vertex 19.671391874551773 34.98638888448477 0.48
      vertex 19.671391874551773 34.98638888448477 0.32
    endloop
  endfacet
  facet normal 0.2156832079850748 0.9764633909129758 0
    outer loop
      vertex 19.671391874551773 34.98638888448477 0.32
      vertex 19.92832124978304 34.92963780462742 0.48
      vertex 19.92832124978304 34.92963780462742 0.32
    endloop
  endfacet
  facet normal 0.24391132113850558 0.9697975393969964 0
    outer loop
      vertex 19.92832124978304 34.92963780462742 0.32
      vertex 20.18051126599312 34.866210132837296 0.48
      vertex 20.18051126599312 34.866210132837296 0.32
    endloop
  endfacet
  facet normal 0.2725782757630577 0.9621336100469823 0
    outer loop
      vertex 20.18051126599312 34.866210132837296 0.32
      vertex 20.42796193063259 34.79610586166382 0.48
      vertex 20.42796193063259 34.79610586166382 0.32
    endloop
  endfacet
  facet normal 0.30161425915563245 0.953430038688733 0
    outer loop
      vertex 20.42796193063259 34.79610586166382 0.32
      vertex 20.670673228800297 34.71932499110699 0.48
      vertex 20.670673228800297 34.71932499110699 0.32
    endloop
  endfacet
  facet normal 0.33094132134283444 0.9436513348837371 0
    outer loop
      vertex 20.670673228800297 34.71932499110699 0.32
      vertex 20.908645182847977 34.6358675211668 0.48
      vertex 20.908645182847977 34.6358675211668 0.32
    endloop
  endfacet
  facet normal 0.3604739946334852 0.932769263640788 0
    outer loop
      vertex 20.908645182847977 34.6358675211668 0.32
      vertex 21.14187777042389 34.54573345929384 0.48
      vertex 21.14187777042389 34.54573345929384 0.32
    endloop
  endfacet
  facet normal 0.44935489206915114 0.8933533348980803 0
    outer loop
      vertex 21.594124875962734 34.34543553739786 0.32
      vertex 21.813139393925667 34.23527168482542 0.48
      vertex 21.813139393925667 34.23527168482542 0.32
    endloop
  endfacet
  facet normal 0.39011998360055145 0.920764029703325 0
    outer loop
      vertex 21.14187777042389 34.54573345929384 0.32
      vertex 21.370370998978615 34.44892279803753 0.48
      vertex 21.370370998978615 34.44892279803753 0.32
    endloop
  endfacet
  facet normal 0.41978115714043335 0.907625352284652 0
    outer loop
      vertex 21.594124875962734 34.34543553739786 0.32
      vertex 21.370370998978615 34.44892279803753 0.32
      vertex 21.594124875962734 34.34543553739786 0.48
    endloop
  endfacet
  facet normal 0 0 1
    outer loop
      vertex 18.70800767838955 30.540526650846004 0.48
      vertex 18.889084048569202 30.448604613542557 0.48
      vertex 20.42796193063259 34.79610586166382 0.48
    endloop
  endfacet
  facet normal 0 0 1
    outer loop
      vertex 18.521260380744934 30.61830684542656 0.48
      vertex 19.92832124978304 34.92963780462742 0.48
      vertex 19.671391874551773 34.98638888448477 0.48
    endloop
  endfacet
  facet normal 0 0 1
    outer loop
      vertex 18.70800767838955 30.540526650846004 0.48
      vertex 20.18051126599312 34.866210132837296 0.48
      vertex 19.92832124978304 34.92963780462742 0.48
    endloop
  endfacet
  facet normal 0 0 1
    outer loop
      vertex 18.70800767838955 30.540526650846004 0.48
      vertex 20.42796193063259 34.79610586166382 0.48
      vertex 20.18051126599312 34.866210132837296 0.48
    endloop
  endfacet
  facet normal 0 0 1
    outer loop
      vertex 18.889084048569202 30.448604613542557 0.48
      vertex 20.670673228800297 34.71932499110699 0.48
      vertex 20.42796193063259 34.79610586166382 0.48
    endloop
  endfacet
  facet normal 0 0 1
    outer loop
      vertex 18.889084048569202 30.448604613542557 0.48
      vertex 20.908645182847977 34.6358675211668 0.48
      vertex 20.670673228800297 34.71932499110699 0.48
    endloop
  endfacet
  facet normal 0 0 1
    outer loop
      vertex 19.064489491283894 30.342540718615055 0.48
      vertex 21.370370998978615 34.44892279803753 0.48
      vertex 21.14187777042389 34.54573345929384 0.48
    endloop
  endfacet
  facet normal 0 0 1
    outer loop
      vertex 19.064489491283894 30.342540718615055 0.48
      vertex 21.14187777042389 34.54573345929384 0.48
      vertex 20.908645182847977 34.6358675211668 0.48
    endloop
  endfacet
  facet normal 0.1879553249641788 0.9821775785557365 0
    outer loop
      vertex 19.40972314029932 35.03646336495876 0.32
      vertex 19.40972314029932 35.03646336495876 0.48
      vertex 19.671391874551773 34.98638888448477 0.48
    endloop
  endfacet
  facet normal 0.2156832079850748 0.9764633909129758 0
    outer loop
      vertex 19.671391874551773 34.98638888448477 0.32
      vertex 19.671391874551773 34.98638888448477 0.48
      vertex 19.92832124978304 34.92963780462742 0.48
    endloop
  endfacet
  facet normal 0.24391132113850558 0.9697975393969964 0
    outer loop
      vertex 19.92832124978304 34.92963780462742 0.32
      vertex 19.92832124978304 34.92963780462742 0.48
      vertex 20.18051126599312 34.866210132837296 0.48
    endloop
  endfacet
  facet normal 0.30161425915563245 0.953430038688733 0
    outer loop
      vertex 20.42796193063259 34.79610586166382 0.32
      vertex 20.42796193063259 34.79610586166382 0.48
      vertex 20.670673228800297 34.71932499110699 0.48
    endloop
  endfacet
  facet normal 0.2725782757630577 0.9621336100469823 0
    outer loop
      vertex 20.18051126599312 34.866210132837296 0.32
      vertex 20.18051126599312 34.866210132837296 0.48
      vertex 20.42796193063259 34.79610586166382 0.48
    endloop
  endfacet
  facet normal 0 0 1
    outer loop
      vertex 19.064489491283894 30.342540718615055 0.48
      vertex 21.594124875962734 34.34543553739786 0.48
      vertex 21.370370998978615 34.44892279803753 0.48
    endloop
  endfacet
  facet normal 0 0 1
    outer loop
      vertex 19.234224006533623 30.22233497351408 0.48
      vertex 21.813139393925667 34.23527168482542 0.48
      vertex 21.594124875962734 34.34543553739786 0.48
    endloop
  endfacet
  facet normal 0 0 1
    outer loop
      vertex 19.234224006533623 30.22233497351408 0.48
      vertex 22.027414552867413 34.118431225419044 0.48
      vertex 21.813139393925667 34.23527168482542 0.48
    endloop
  endfacet
  facet normal 0 0 1
    outer loop
      vertex 19.39828760176897 30.08798737078905 0.48
      vertex 22.441746808588505 33.86472053080797 0.48
      vertex 22.236950360238552 33.994914174079895 0.48
    endloop
  endfacet
  facet normal 0 0 1
    outer loop
      vertex 19.556680262088776 29.93949791789055 0.48
      vertex 22.64180389046669 33.727850280702114 0.48
      vertex 22.441746808588505 33.86472053080797 0.48
    endloop
  endfacet
  facet normal 0 0 1
    outer loop
      vertex 19.556680262088776 29.93949791789055 0.48
      vertex 22.83712162822485 33.58430343866348 0.48
      vertex 22.64180389046669 33.727850280702114 0.48
    endloop
  endfacet
  facet normal 0 0 1
    outer loop
      vertex 19.39828760176897 30.08798737078905 0.48
      vertex 22.236950360238552 33.994914174079895 0.48
      vertex 22.027414552867413 34.118431225419044 0.48
    endloop
  endfacet
  facet normal 0.33094132134283444 0.9436513348837371 0
    outer loop
      vertex 20.670673228800297 34.71932499110699 0.32
      vertex 20.670673228800297 34.71932499110699 0.48
      vertex 20.908645182847977 34.6358675211668 0.48
    endloop
  endfacet
  facet normal 0.3604739946334852 0.932769263640788 0
    outer loop
      vertex 20.908645182847977 34.6358675211668 0.32
      vertex 20.908645182847977 34.6358675211668 0.48
      vertex 21.14187777042389 34.54573345929384 0.48
    endloop
  endfacet
  facet normal 0.44935489206915114 0.8933533348980803 0
    outer loop
      vertex 21.594124875962734 34.34543553739786 0.32
      vertex 21.594124875962734 34.34543553739786 0.48
      vertex 21.813139393925667 34.23527168482542 0.48
    endloop
  endfacet
  facet normal 0.39011998360055145 0.920764029703325 0
    outer loop
      vertex 21.14187777042389 34.54573345929384 0.32
      vertex 21.14187777042389 34.54573345929384 0.48
      vertex 21.370370998978615 34.44892279803753 0.48
    endloop
  endfacet
  facet normal 0.41978115714043335 0.907625352284652 0
    outer loop
      vertex 21.370370998978615 34.44892279803753 0.32
      vertex 21.370370998978615 34.44892279803753 0.48
      vertex 21.594124875962734 34.34543553739786 0.48
    endloop
  endfacet
  facet normal 0 0 -1
    outer loop
      vertex 26.749459996819496 23.29500000178814 0.32
      vertex 26.749459996819496 22.25 0.32
      vertex 16.42025999724865 22.25 0.32
    endloop
  endfacet
  facet normal 0 0 -1
    outer loop
      vertex 21.015060000121593 27.054559998214245 0.32
      vertex 20.92471844702959 27.37275168299675 0.32
      vertex 26.030801624059677 28.68998707085848 0.32
    endloop
  endfacet
  facet normal 0 0 -1
    outer loop
      vertex 20.828705973923206 27.6768015101552 0.32
      vertex 25.82663346081972 29.272763930261135 0.32
      vertex 20.92471844702959 27.37275168299675 0.32
    endloop
  endfacet
  facet normal 0 0 -1
    outer loop
      vertex 20.828705973923206 27.6768015101552 0.32
      vertex 20.72702257335186 27.96670948714018 0.32
      vertex 25.71808820217848 29.55381353199482 0.32
    endloop
  endfacet
  facet normal 0 0 -1
    outer loop
      vertex 20.92471844702959 27.37275168299675 0.32
      vertex 25.82663346081972 29.272763930261135 0.32
      vertex 25.9308712631464 28.984821774065495 0.32
    endloop
  endfacet
  facet normal 0 0 -1
    outer loop
      vertex 21.015060000121593 27.054559998214245 0.32
      vertex 26.030801624059677 28.68998707085848 0.32
      vertex 26.12642453610897 28.388259813189507 0.32
    endloop
  endfacet
  facet normal 0 0 -1
    outer loop
      vertex 21.015060000121593 27.054559998214245 0.32
      vertex 26.12642453610897 28.388259813189507 0.32
      vertex 26.21773999929428 28.07964000105858 0.32
    endloop
  endfacet
  facet normal 0 0 -1
    outer loop
      vertex 20.92471844702959 27.37275168299675 0.32
      vertex 25.9308712631464 28.984821774065495 0.32
      vertex 26.030801624059677 28.68998707085848 0.32
    endloop
  endfacet
  facet normal 0 1 0
    outer loop
      vertex 16.42025999724865 23.29500000178814 0.32
      vertex 26.749459996819496 23.29500000178814 0.48
      vertex 26.749459996819496 23.29500000178814 0.32
    endloop
  endfacet
  facet normal 0 0 1
    outer loop
      vertex 16.42025999724865 23.29500000178814 0.48
      vertex 26.749459996819496 22.25 0.48
      vertex 26.749459996819496 23.29500000178814 0.48
    endloop
  endfacet
  facet normal 0.19331270058680644 -0.9811371972317815 0
    outer loop
      vertex 21.015060000121593 27.054559998214245 0.32
      vertex 26.21773999929428 28.07964000105858 0.32
      vertex 21.015060000121593 27.054559998214245 0.48
    endloop
  endfacet
  facet normal 0 0 1
    outer loop
      vertex 21.015060000121593 27.054559998214245 0.48
      vertex 26.030801624059677 28.68998707085848 0.48
      vertex 20.92471844702959 27.37275168299675 0.48
    endloop
  endfacet
  facet normal 0 0 1
    outer loop
      vertex 20.828705973923206 27.6768015101552 0.48
      vertex 20.92471844702959 27.37275168299675 0.48
      vertex 25.82663346081972 29.272763930261135 0.48
    endloop
  endfacet
  facet normal 0 0 1
    outer loop
      vertex 20.828705973923206 27.6768015101552 0.48
      vertex 25.71808820217848 29.55381353199482 0.48
      vertex 20.72702257335186 27.96670948714018 0.48
    endloop
  endfacet
  facet normal 0 0 1
    outer loop
      vertex 20.92471844702959 27.37275168299675 0.48
      vertex 25.9308712631464 28.984821774065495 0.48
      vertex 25.82663346081972 29.272763930261135 0.48
    endloop
  endfacet
  facet normal 1 0 0
    outer loop
      vertex 26.749459996819496 23.29500000178814 0.32
      vertex 26.749459996819496 23.29500000178814 0.48
      vertex 26.749459996819496 22.25 0.32
    endloop
  endfacet
  facet normal 1 0 0
    outer loop
      vertex 26.749459996819496 23.29500000178814 0.48
      vertex 26.749459996819496 22.25 0.48
      vertex 26.749459996819496 22.25 0.32
    endloop
  endfacet
  facet normal 0.9532731423859876 0.30210977476001105 0
    outer loop
      vertex 26.12642453610897 28.388259813189507 0.32
      vertex 26.030801624059677 28.68998707085848 0.32
      vertex 26.12642453610897 28.388259813189507 0.48
    endloop
  endfacet
  facet normal 0.9589059016473327 0.28372428832568397 0
    outer loop
      vertex 26.12642453610897 28.388259813189507 0.32
      vertex 26.21773999929428 28.07964000105858 0.48
      vertex 26.21773999929428 28.07964000105858 0.32
    endloop
  endfacet
  facet normal 0.19331270058680644 -0.9811371972317815 0
    outer loop
      vertex 26.21773999929428 28.07964000105858 0.32
      vertex 26.21773999929428 28.07964000105858 0.48
      vertex 21.015060000121593 27.054559998214245 0.48
    endloop
  endfacet
  facet normal 0 0 1
    outer loop
      vertex 21.015060000121593 27.054559998214245 0.48
      vertex 26.12642453610897 28.388259813189507 0.48
      vertex 26.030801624059677 28.68998707085848 0.48
    endloop
  endfacet
  facet normal 0 0 1
    outer loop
      vertex 21.015060000121593 27.054559998214245 0.48
      vertex 26.21773999929428 28.07964000105858 0.48
      vertex 26.12642453610897 28.388259813189507 0.48
    endloop
  endfacet
  facet normal 0 0 1
    outer loop
      vertex 20.92471844702959 27.37275168299675 0.48
      vertex 26.030801624059677 28.68998707085848 0.48
      vertex 25.9308712631464 28.984821774065495 0.48
    endloop
  endfacet
  facet normal 0.9532731423859876 0.30210977476001105 0
    outer loop
      vertex 26.030801624059677 28.68998707085848 0.32
      vertex 26.030801624059677 28.68998707085848 0.48
      vertex 26.12642453610897 28.388259813189507 0.48
    endloop
  endfacet
  facet normal 0.9589059016473327 0.28372428832568397 0
    outer loop
      vertex 26.12642453610897 28.388259813189507 0.32
      vertex 26.12642453610897 28.388259813189507 0.48
      vertex 26.21773999929428 28.07964000105858 0.48
    endloop
  endfacet
  facet normal 0 0 -1
    outer loop
      vertex 20.72702257335186 27.96670948714018 0.32
      vertex 20.61966824531555 28.242475613951683 0.32
      vertex 25.488075353205204 30.095235086977482 0.32
    endloop
  endfacet
  facet normal 0 0 -1
    outer loop
      vertex 20.50664298981428 28.504099883139133 0.32
      vertex 25.240832701325417 30.60908642411232 0.32
      vertex 20.61966824531555 28.242475613951683 0.32
    endloop
  endfacet
  facet normal 0 0 -1
    outer loop
      vertex 20.263579696416855 28.984922870993614 0.32
      vertex 24.694658033549786 31.554078489542007 0.32
      vertex 20.38794680684805 28.75158230960369 0.32
    endloop
  endfacet
  facet normal 0 0 -1
    outer loop
      vertex 20.50664298981428 28.504099883139133 0.32
      vertex 20.38794680684805 28.75158230960369 0.32
      vertex 24.976360261440277 31.095367558300495 0.32
    endloop
  endfacet
  facet normal 0 0 -1
    outer loop
      vertex 19.85645281523466 29.600093461573124 0.32
      vertex 23.395551189780235 33.11322011053562 0.32
      vertex 23.573015615344048 32.94245134294033 0.32
    endloop
  endfacet
  facet normal 0 0 -1
    outer loop
      vertex 19.85645281523466 29.600093461573124 0.32
      vertex 23.573015615344048 32.94245134294033 0.32
      vertex 23.746172592043877 32.76479002088308 0.32
    endloop
  endfacet
  facet normal 0 0 -1
    outer loop
      vertex 19.99783270061016 29.40917845070362 0.32
      vertex 23.915022119879723 32.58023614436388 0.32
      vertex 24.079564198851585 32.38878971338272 0.32
    endloop
  endfacet
  facet normal 0 0 -1
    outer loop
      vertex 19.99783270061016 29.40917845070362 0.32
      vertex 23.746172592043877 32.76479002088308 0.32
      vertex 23.915022119879723 32.58023614436388 0.32
    endloop
  endfacet
  facet normal 0 0 -1
    outer loop
      vertex 20.13354166597128 29.204121589660645 0.32
      vertex 24.079564198851585 32.38878971338272 0.32
      vertex 24.239798828959465 32.190450735390186 0.32
    endloop
  endfacet
  facet normal 0 0 -1
    outer loop
      vertex 20.13354166597128 29.204121589660645 0.32
      vertex 24.239798828959465 32.190450735390186 0.32
      vertex 24.39572601020336 31.985219202935696 0.32
    endloop
  endfacet
  facet normal 0 0 -1
    outer loop
      vertex 20.50664298981428 28.504099883139133 0.32
      vertex 25.11075020581484 30.855673268437386 0.32
      vertex 25.240832701325417 30.60908642411232 0.32
    endloop
  endfacet
  facet normal 0 0 -1
    outer loop
      vertex 20.50664298981428 28.504099883139133 0.32
      vertex 24.976360261440277 31.095367558300495 0.32
      vertex 25.11075020581484 30.855673268437386 0.32
    endloop
  endfacet
  facet normal 0 0 -1
    outer loop
      vertex 20.72702257335186 27.96670948714018 0.32
      vertex 25.488075353205204 30.095235086977482 0.32
      vertex 25.605235502123833 29.82797058671713 0.32
    endloop
  endfacet
  facet normal 0 0 -1
    outer loop
      vertex 20.828705973923206 27.6768015101552 0.32
      vertex 25.71808820217848 29.55381353199482 0.32
      vertex 25.82663346081972 29.272763930261135 0.32
    endloop
  endfacet
  facet normal 0 0 -1
    outer loop
      vertex 20.72702257335186 27.96670948714018 0.32
      vertex 25.605235502123833 29.82797058671713 0.32
      vertex 25.71808820217848 29.55381353199482 0.32
    endloop
  endfacet
  facet normal 0 0 -1
    outer loop
      vertex 20.61966824531555 28.242475613951683 0.32
      vertex 25.240832701325417 30.60908642411232 0.32
      vertex 25.36660774797201 30.35560703277588 0.32
    endloop
  endfacet
  facet normal 0 0 -1
    outer loop
      vertex 20.61966824531555 28.242475613951683 0.32
      vertex 25.36660774797201 30.35560703277588 0.32
      vertex 25.488075353205204 30.095235086977482 0.32
    endloop
  endfacet
  facet normal 0 0 -1
    outer loop
      vertex 20.38794680684805 28.75158230960369 0.32
      vertex 24.694658033549786 31.554078489542007 0.32
      vertex 24.837662875652313 31.32816930115223 0.32
    endloop
  endfacet
  facet normal 0 0 -1
    outer loop
      vertex 20.263579696416855 28.984922870993614 0.32
      vertex 24.547345750033855 31.77309512346983 0.32
      vertex 24.694658033549786 31.554078489542007 0.32
    endloop
  endfacet
  facet normal 0 0 -1
    outer loop
      vertex 20.263579696416855 28.984922870993614 0.32
      vertex 24.39572601020336 31.985219202935696 0.32
      vertex 24.547345750033855 31.77309512346983 0.32
    endloop
  endfacet
  facet normal 0 0 -1
    outer loop
      vertex 20.38794680684805 28.75158230960369 0.32
      vertex 24.837662875652313 31.32816930115223 0.32
      vertex 24.976360261440277 31.095367558300495 0.32
    endloop
  endfacet
  facet normal 0 0 -1
    outer loop
      vertex 19.7094020023942 29.776866614818573 0.32
      vertex 23.027699999511242 33.4340799972415 0.32
      vertex 23.21377932280302 33.27709633111954 0.32
    endloop
  endfacet
  facet normal 0 0 -1
    outer loop
      vertex 19.556680262088776 29.93949791789055 0.32
      vertex 22.83712162822485 33.58430343866348 0.32
      vertex 23.027699999511242 33.4340799972415 0.32
    endloop
  endfacet
  facet normal 0 0 -1
    outer loop
      vertex 19.7094020023942 29.776866614818573 0.32
      vertex 23.21377932280302 33.27709633111954 0.32
      vertex 23.395551189780235 33.11322011053562 0.32
    endloop
  endfacet
  facet normal 0 0 1
    outer loop
      vertex 20.72702257335186 27.96670948714018 0.48
      vertex 25.488075353205204 30.095235086977482 0.48
      vertex 20.61966824531555 28.242475613951683 0.48
    endloop
  endfacet
  facet normal 0 0 1
    outer loop
      vertex 20.50664298981428 28.504099883139133 0.48
      vertex 20.61966824531555 28.242475613951683 0.48
      vertex 25.240832701325417 30.60908642411232 0.48
    endloop
  endfacet
  facet normal 0 0 1
    outer loop
      vertex 20.263579696416855 28.984922870993614 0.48
      vertex 20.38794680684805 28.75158230960369 0.48
      vertex 24.694658033549786 31.554078489542007 0.48
    endloop
  endfacet
  facet normal 0 0 1
    outer loop
      vertex 20.50664298981428 28.504099883139133 0.48
      vertex 24.976360261440277 31.095367558300495 0.48
      vertex 20.38794680684805 28.75158230960369 0.48
    endloop
  endfacet
  facet normal 0 0 1
    outer loop
      vertex 19.85645281523466 29.600093461573124 0.48
      vertex 23.573015615344048 32.94245134294033 0.48
      vertex 23.395551189780235 33.11322011053562 0.48
    endloop
  endfacet
  facet normal 0 0 1
    outer loop
      vertex 19.85645281523466 29.600093461573124 0.48
      vertex 23.746172592043877 32.76479002088308 0.48
      vertex 23.573015615344048 32.94245134294033 0.48
    endloop
  endfacet
  facet normal 0 0 1
    outer loop
      vertex 19.99783270061016 29.40917845070362 0.48
      vertex 24.079564198851585 32.38878971338272 0.48
      vertex 23.915022119879723 32.58023614436388 0.48
    endloop
  endfacet
  facet normal 0 0 1
    outer loop
      vertex 19.99783270061016 29.40917845070362 0.48
      vertex 23.915022119879723 32.58023614436388 0.48
      vertex 23.746172592043877 32.76479002088308 0.48
    endloop
  endfacet
  facet normal 0 0 1
    outer loop
      vertex 20.13354166597128 29.204121589660645 0.48
      vertex 24.239798828959465 32.190450735390186 0.48
      vertex 24.079564198851585 32.38878971338272 0.48
    endloop
  endfacet
  facet normal 0 0 1
    outer loop
      vertex 20.13354166597128 29.204121589660645 0.48
      vertex 24.39572601020336 31.985219202935696 0.48
      vertex 24.239798828959465 32.190450735390186 0.48
    endloop
  endfacet
  facet normal 0 0 1
    outer loop
      vertex 20.50664298981428 28.504099883139133 0.48
      vertex 25.240832701325417 30.60908642411232 0.48
      vertex 25.11075020581484 30.855673268437386 0.48
    endloop
  endfacet
  facet normal 0 0 1
    outer loop
      vertex 20.50664298981428 28.504099883139133 0.48
      vertex 25.11075020581484 30.855673268437386 0.48
      vertex 24.976360261440277 31.095367558300495 0.48
    endloop
  endfacet
  facet normal 0 0 1
    outer loop
      vertex 20.72702257335186 27.96670948714018 0.48
      vertex 25.605235502123833 29.82797058671713 0.48
      vertex 25.488075353205204 30.095235086977482 0.48
    endloop
  endfacet
  facet normal 0 0 1
    outer loop
      vertex 20.828705973923206 27.6768015101552 0.48
      vertex 25.82663346081972 29.272763930261135 0.48
      vertex 25.71808820217848 29.55381353199482 0.48
    endloop
  endfacet
  facet normal 0 0 1
    outer loop
      vertex 20.72702257335186 27.96670948714018 0.48
      vertex 25.71808820217848 29.55381353199482 0.48
      vertex 25.605235502123833 29.82797058671713 0.48
    endloop
  endfacet
  facet normal 0 0 1
    outer loop
      vertex 20.61966824531555 28.242475613951683 0.48
      vertex 25.36660774797201 30.35560703277588 0.48
      vertex 25.240832701325417 30.60908642411232 0.48
    endloop
  endfacet
  facet normal 0 0 1
    outer loop
      vertex 20.61966824531555 28.242475613951683 0.48
      vertex 25.488075353205204 30.095235086977482 0.48
      vertex 25.36660774797201 30.35560703277588 0.48
    endloop
  endfacet
  facet normal 0 0 1
    outer loop
      vertex 20.38794680684805 28.75158230960369 0.48
      vertex 24.837662875652313 31.32816930115223 0.48
      vertex 24.694658033549786 31.554078489542007 0.48
    endloop
  endfacet
  facet normal 0 0 1
    outer loop
      vertex 20.263579696416855 28.984922870993614 0.48
      vertex 24.694658033549786 31.554078489542007 0.48
      vertex 24.547345750033855 31.77309512346983 0.48
    endloop
  endfacet
  facet normal 0 0 1
    outer loop
      vertex 20.263579696416855 28.984922870993614 0.48
      vertex 24.547345750033855 31.77309512346983 0.48
      vertex 24.39572601020336 31.985219202935696 0.48
    endloop
  endfacet
  facet normal 0 0 1
    outer loop
      vertex 20.38794680684805 28.75158230960369 0.48
      vertex 24.976360261440277 31.095367558300495 0.48
      vertex 24.837662875652313 31.32816930115223 0.48
    endloop
  endfacet
  facet normal 0.619052186749238 0.7853498520283726 0
    outer loop
      vertex 22.83712162822485 33.58430343866348 0.32
      vertex 23.027699999511242 33.4340799972415 0.48
      vertex 23.027699999511242 33.4340799972415 0.32
    endloop
  endfacet
  facet normal 0.47873560263343085 0.8779591236334445 0
    outer loop
      vertex 21.813139393925667 34.23527168482542 0.32
      vertex 22.027414552867413 34.118431225419044 0.48
      vertex 22.027414552867413 34.118431225419044 0.32
    endloop
  endfacet
  facet normal 0.5364901332466552 0.8439065925379337 0
    outer loop
      vertex 22.236950360238552 33.994914174079895 0.32
      vertex 22.441746808588505 33.86472053080797 0.48
      vertex 22.441746808588505 33.86472053080797 0.32
    endloop
  endfacet
  facet normal 0.5078161777225174 0.8614654547010534 0
    outer loop
      vertex 22.027414552867413 34.118431225419044 0.32
      vertex 22.236950360238552 33.994914174079895 0.48
      vertex 22.236950360238552 33.994914174079895 0.32
    endloop
  endfacet
  facet normal 0.5646532549449201 0.8253282387511693 0
    outer loop
      vertex 22.441746808588505 33.86472053080797 0.32
      vertex 22.64180389046669 33.727850280702114 0.48
      vertex 22.64180389046669 33.727850280702114 0.32
    endloop
  endfacet
  facet normal 0.5922052898195972 0.8057871274162222 0
    outer loop
      vertex 22.64180389046669 33.727850280702114 0.32
      vertex 22.83712162822485 33.58430343866348 0.48
      vertex 22.83712162822485 33.58430343866348 0.32
    endloop
  endfacet
  facet normal 0.6448211193046934 0.764333516273258 0
    outer loop
      vertex 23.027699999511242 33.4340799972415 0.32
      vertex 23.21377932280302 33.27709633111954 0.48
      vertex 23.21377932280302 33.27709633111954 0.32
    endloop
  endfacet
  facet normal 0.6933827179378869 0.7205695014813412 0
    outer loop
      vertex 23.395551189780235 33.11322011053562 0.32
      vertex 23.573015615344048 32.94245134294033 0.48
      vertex 23.573015615344048 32.94245134294033 0.32
    endloop
  endfacet
  facet normal 0.669600054364245 0.7427218639540647 0
    outer loop
      vertex 23.21377932280302 33.27709633111954 0.32
      vertex 23.395551189780235 33.11322011053562 0.48
      vertex 23.395551189780235 33.11322011053562 0.32
    endloop
  endfacet
  facet normal 0.7378007048793479 0.6750186070617146 0
    outer loop
      vertex 23.915022119879723 32.58023614436388 0.32
      vertex 23.746172592043877 32.76479002088308 0.32
      vertex 23.915022119879723 32.58023614436388 0.48
    endloop
  endfacet
  facet normal 0.7778687802509993 0.6284267345608577 0
    outer loop
      vertex 24.239798828959465 32.190450735390186 0.32
      vertex 24.079564198851585 32.38878971338272 0.32
      vertex 24.239798828959465 32.190450735390186 0.48
    endloop
  endfacet
  facet normal 0.7583846225107311 0.6518073061413594 0
    outer loop
      vertex 23.915022119879723 32.58023614436388 0.32
      vertex 24.079564198851585 32.38878971338272 0.48
      vertex 24.079564198851585 32.38878971338272 0.32
    endloop
  endfacet
  facet normal 0.7161266808805573 0.6979703266837325 0
    outer loop
      vertex 23.573015615344048 32.94245134294033 0.32
      vertex 23.746172592043877 32.76479002088308 0.48
      vertex 23.746172592043877 32.76479002088308 0.32
    endloop
  endfacet
  facet normal 0.619052186749238 0.7853498520283726 0
    outer loop
      vertex 22.83712162822485 33.58430343866348 0.32
      vertex 22.83712162822485 33.58430343866348 0.48
      vertex 23.027699999511242 33.4340799972415 0.48
    endloop
  endfacet
  facet normal 0 0 1
    outer loop
      vertex 19.7094020023942 29.776866614818573 0.48
      vertex 23.21377932280302 33.27709633111954 0.48
      vertex 23.027699999511242 33.4340799972415 0.48
    endloop
  endfacet
  facet normal 0 0 1
    outer loop
      vertex 19.556680262088776 29.93949791789055 0.48
      vertex 23.027699999511242 33.4340799972415 0.48
      vertex 22.83712162822485 33.58430343866348 0.48
    endloop
  endfacet
  facet normal 0 0 1
    outer loop
      vertex 19.7094020023942 29.776866614818573 0.48
      vertex 23.395551189780235 33.11322011053562 0.48
      vertex 23.21377932280302 33.27709633111954 0.48
    endloop
  endfacet
  facet normal 0.47873560263343085 0.8779591236334445 0
    outer loop
      vertex 21.813139393925667 34.23527168482542 0.32
      vertex 21.813139393925667 34.23527168482542 0.48
      vertex 22.027414552867413 34.118431225419044 0.48
    endloop
  endfacet
  facet normal 0.5364901332466552 0.8439065925379337 0
    outer loop
      vertex 22.236950360238552 33.994914174079895 0.32
      vertex 22.236950360238552 33.994914174079895 0.48
      vertex 22.441746808588505 33.86472053080797 0.48
    endloop
  endfacet
  facet normal 0.5078161777225174 0.8614654547010534 0
    outer loop
      vertex 22.027414552867413 34.118431225419044 0.32
      vertex 22.027414552867413 34.118431225419044 0.48
      vertex 22.236950360238552 33.994914174079895 0.48
    endloop
  endfacet
  facet normal 0.5646532549449201 0.8253282387511693 0
    outer loop
      vertex 22.441746808588505 33.86472053080797 0.32
      vertex 22.441746808588505 33.86472053080797 0.48
      vertex 22.64180389046669 33.727850280702114 0.48
    endloop
  endfacet
  facet normal 0.5922052898195972 0.8057871274162222 0
    outer loop
      vertex 22.64180389046669 33.727850280702114 0.32
      vertex 22.64180389046669 33.727850280702114 0.48
      vertex 22.83712162822485 33.58430343866348 0.48
    endloop
  endfacet
  facet normal 0.6448211193046934 0.764333516273258 0
    outer loop
      vertex 23.027699999511242 33.4340799972415 0.32
      vertex 23.027699999511242 33.4340799972415 0.48
      vertex 23.21377932280302 33.27709633111954 0.48
    endloop
  endfacet
  facet normal 0.669600054364245 0.7427218639540647 0
    outer loop
      vertex 23.21377932280302 33.27709633111954 0.32
      vertex 23.21377932280302 33.27709633111954 0.48
      vertex 23.395551189780235 33.11322011053562 0.48
    endloop
  endfacet
  facet normal 0.6933827179378869 0.7205695014813412 0
    outer loop
      vertex 23.395551189780235 33.11322011053562 0.32
      vertex 23.395551189780235 33.11322011053562 0.48
      vertex 23.573015615344048 32.94245134294033 0.48
    endloop
  endfacet
  facet normal 0.7161266808805573 0.6979703266837325 0
    outer loop
      vertex 23.573015615344048 32.94245134294033 0.32
      vertex 23.573015615344048 32.94245134294033 0.48
      vertex 23.746172592043877 32.76479002088308 0.48
    endloop
  endfacet
  facet normal 0.7378007048793479 0.6750186070617146 0
    outer loop
      vertex 23.746172592043877 32.76479002088308 0.32
      vertex 23.746172592043877 32.76479002088308 0.48
      vertex 23.915022119879723 32.58023614436388 0.48
    endloop
  endfacet
  facet normal 0.7583846225107311 0.6518073061413594 0
    outer loop
      vertex 23.915022119879723 32.58023614436388 0.32
      vertex 23.915022119879723 32.58023614436388 0.48
      vertex 24.079564198851585 32.38878971338272 0.48
    endloop
  endfacet
  facet normal 0.7778687802509993 0.6284267345608577 0
    outer loop
      vertex 24.079564198851585 32.38878971338272 0.32
      vertex 24.079564198851585 32.38878971338272 0.48
      vertex 24.239798828959465 32.190450735390186 0.48
    endloop
  endfacet
  facet normal 0.9062355545037869 0.4227731303586046 0
    outer loop
      vertex 25.488075353205204 30.095235086977482 0.32
      vertex 25.36660774797201 30.35560703277588 0.32
      vertex 25.488075353205204 30.095235086977482 0.48
    endloop
  endfacet
  facet normal 0.8135474250447348 0.5814985702502472 0
    outer loop
      vertex 24.547345750033855 31.77309512346983 0.32
      vertex 24.39572601020336 31.985219202935696 0.32
      vertex 24.547345750033855 31.77309512346983 0.48
    endloop
  endfacet
  facet normal 0.8449390512521812 0.5348625988691523 0
    outer loop
      vertex 24.837662875652313 31.32816930115223 0.32
      vertex 24.694658033549786 31.554078489542007 0.32
      vertex 24.837662875652313 31.32816930115223 0.48
    endloop
  endfacet
  facet normal 0.8297680422223741 0.5581084089193142 0
    outer loop
      vertex 24.547345750033855 31.77309512346983 0.32
      vertex 24.694658033549786 31.554078489542007 0.48
      vertex 24.694658033549786 31.554078489542007 0.32
    endloop
  endfacet
  facet normal 0.8722559132623245 0.48904971299338085 0
    outer loop
      vertex 25.11075020581484 30.855673268437386 0.32
      vertex 24.976360261440277 31.095367558300495 0.32
      vertex 25.11075020581484 30.855673268437386 0.48
    endloop
  endfacet
  facet normal 0.8957866465142519 0.4444842898537032 0
    outer loop
      vertex 25.240832701325417 30.60908642411232 0.32
      vertex 25.36660774797201 30.35560703277588 0.48
      vertex 25.36660774797201 30.35560703277588 0.32
    endloop
  endfacet
  facet normal 0.8844744057800926 0.466588711307884 0
    outer loop
      vertex 25.11075020581484 30.855673268437386 0.32
      vertex 25.240832701325417 30.60908642411232 0.48
      vertex 25.240832701325417 30.60908642411232 0.32
    endloop
  endfacet
  facet normal 0.8590902088079501 0.5118242013917599 0
    outer loop
      vertex 24.837662875652313 31.32816930115223 0.32
      vertex 24.976360261440277 31.095367558300495 0.48
      vertex 24.976360261440277 31.095367558300495 0.32
    endloop
  endfacet
  facet normal 0.9328450889737813 0.36027772617454173 0
    outer loop
      vertex 25.82663346081972 29.272763930261135 0.32
      vertex 25.71808820217848 29.55381353199482 0.32
      vertex 25.82663346081972 29.272763930261135 0.48
    endloop
  endfacet
  facet normal 0.9470791673905123 0.32100007896399946 0
    outer loop
      vertex 25.9308712631464 28.984821774065495 0.32
      vertex 26.030801624059677 28.68998707085848 0.48
      vertex 26.030801624059677 28.68998707085848 0.32
    endloop
  endfacet
  facet normal 0.940283740542249 0.34039166745365024 0
    outer loop
      vertex 25.9308712631464 28.984821774065495 0.32
      vertex 25.82663346081972 29.272763930261135 0.32
      vertex 25.9308712631464 28.984821774065495 0.48
    endloop
  endfacet
  facet normal 0.9247202485449036 0.3806474247004062 0
    outer loop
      vertex 25.605235502123833 29.82797058671713 0.32
      vertex 25.71808820217848 29.55381353199482 0.48
      vertex 25.71808820217848 29.55381353199482 0.32
    endloop
  endfacet
  facet normal 0.915865238123955 0.40148582240989666 0
    outer loop
      vertex 25.488075353205204 30.095235086977482 0.32
      vertex 25.605235502123833 29.82797058671713 0.48
      vertex 25.605235502123833 29.82797058671713 0.32
    endloop
  endfacet
  facet normal 0.8590902088079501 0.5118242013917599 0
    outer loop
      vertex 24.837662875652313 31.32816930115223 0.32
      vertex 24.837662875652313 31.32816930115223 0.48
      vertex 24.976360261440277 31.095367558300495 0.48
    endloop
  endfacet
  facet normal 0.8449390512521812 0.5348625988691523 0
    outer loop
      vertex 24.694658033549786 31.554078489542007 0.32
      vertex 24.694658033549786 31.554078489542007 0.48
      vertex 24.837662875652313 31.32816930115223 0.48
    endloop
  endfacet
  facet normal 0.8297680422223741 0.5581084089193142 0
    outer loop
      vertex 24.547345750033855 31.77309512346983 0.32
      vertex 24.547345750033855 31.77309512346983 0.48
      vertex 24.694658033549786 31.554078489542007 0.48
    endloop
  endfacet
  facet normal 0.8722559132623245 0.48904971299338085 0
    outer loop
      vertex 24.976360261440277 31.095367558300495 0.32
      vertex 24.976360261440277 31.095367558300495 0.48
      vertex 25.11075020581484 30.855673268437386 0.48
    endloop
  endfacet
  facet normal 0.8844744057800926 0.466588711307884 0
    outer loop
      vertex 25.11075020581484 30.855673268437386 0.32
      vertex 25.11075020581484 30.855673268437386 0.48
      vertex 25.240832701325417 30.60908642411232 0.48
    endloop
  endfacet
  facet normal 0.8957866465142519 0.4444842898537032 0
    outer loop
      vertex 25.240832701325417 30.60908642411232 0.32
      vertex 25.240832701325417 30.60908642411232 0.48
      vertex 25.36660774797201 30.35560703277588 0.48
    endloop
  endfacet
  facet normal 0.9062355545037869 0.4227731303586046 0
    outer loop
      vertex 25.36660774797201 30.35560703277588 0.32
      vertex 25.36660774797201 30.35560703277588 0.48
      vertex 25.488075353205204 30.095235086977482 0.48
    endloop
  endfacet
  facet normal 0.9470791673905123 0.32100007896399946 0
    outer loop
      vertex 25.9308712631464 28.984821774065495 0.32
      vertex 25.9308712631464 28.984821774065495 0.48
      vertex 26.030801624059677 28.68998707085848 0.48
    endloop
  endfacet
  facet normal 0.940283740542249 0.34039166745365024 0
    outer loop
      vertex 25.82663346081972 29.272763930261135 0.32
      vertex 25.82663346081972 29.272763930261135 0.48
      vertex 25.9308712631464 28.984821774065495 0.48
    endloop
  endfacet
  facet normal 0.9247202485449036 0.3806474247004062 0
    outer loop
      vertex 25.605235502123833 29.82797058671713 0.32
      vertex 25.605235502123833 29.82797058671713 0.48
      vertex 25.71808820217848 29.55381353199482 0.48
    endloop
  endfacet
  facet normal 0.9328450889737813 0.36027772617454173 0
    outer loop
      vertex 25.71808820217848 29.55381353199482 0.32
      vertex 25.71808820217848 29.55381353199482 0.48
      vertex 25.82663346081972 29.272763930261135 0.48
    endloop
  endfacet
  facet normal 0.915865238123955 0.40148582240989666 0
    outer loop
      vertex 25.488075353205204 30.095235086977482 0.32
      vertex 25.488075353205204 30.095235086977482 0.48
      vertex 25.605235502123833 29.82797058671713 0.48
    endloop
  endfacet
  facet normal 0.7962533643608171 0.6049632879308297 0
    outer loop
      vertex 24.239798828959465 32.190450735390186 0.32
      vertex 24.39572601020336 31.985219202935696 0.48
      vertex 24.39572601020336 31.985219202935696 0.32
    endloop
  endfacet
  facet normal 0.7962533643608171 0.6049632879308297 0
    outer loop
      vertex 24.239798828959465 32.190450735390186 0.32
      vertex 24.239798828959465 32.190450735390186 0.48
      vertex 24.39572601020336 31.985219202935696 0.48
    endloop
  endfacet
  facet normal 0.8135474250447348 0.5814985702502472 0
    outer loop
      vertex 24.39572601020336 31.985219202935696 0.32
      vertex 24.39572601020336 31.985219202935696 0.48
      vertex 24.547345750033855 31.77309512346983 0.48
    endloop
  endfacet
  facet normal 0 1 0
    outer loop
      vertex 6.853971823918659 21.75 0.48
      vertex 12.530166681926882 21.75 0.48
      vertex 6.853971823918659 21.75 0.32
    endloop
  endfacet
  facet normal 0 1 0
    outer loop
      vertex 12.530166681926882 21.75 0.32
      vertex 6.853971823918659 21.75 0.32
      vertex 12.530166681926882 21.75 0.48
    endloop
  endfacet
  facet normal 0 -1 0
    outer loop
      vertex 6.852802780595377 22.25 0.32
      vertex 12.52846756314667 22.25 0.32
      vertex 6.852802780595377 22.25 0.48
    endloop
  endfacet
  facet normal 0 -1 0
    outer loop
      vertex 12.52846756314667 22.25 0.48
      vertex 6.852802780595377 22.25 0.48
      vertex 12.52846756314667 22.25 0.32
    endloop
  endfacet
  facet normal 0 1 0
    outer loop
      vertex 16.42025999724865 21.75 0.48
      vertex 26.749459996819496 21.75 0.48
      vertex 16.42025999724865 21.75 0.32
    endloop
  endfacet
  facet normal 0 1 0
    outer loop
      vertex 26.749459996819496 21.75 0.32
      vertex 16.42025999724865 21.75 0.32
      vertex 26.749459996819496 21.75 0.48
    endloop
  endfacet
  facet normal 0 -1 0
    outer loop
      vertex 16.42025999724865 22.25 0.32
      vertex 26.749459996819496 22.25 0.32
      vertex 16.42025999724865 22.25 0.48
    endloop
  endfacet
  facet normal 0 -1 0
    outer loop
      vertex 26.749459996819496 22.25 0.48
      vertex 16.42025999724865 22.25 0.48
      vertex 26.749459996819496 22.25 0.32
    endloop
  endfacet
  facet normal -1 0 0
    outer loop
      vertex 7.9516599997878075 34.812799997627735 0
      vertex 7.9516599997878075 22.25 0
      vertex 7.9516599997878075 22.25 0.16
    endloop
  endfacet
  facet normal 0 0 -1
    outer loop
      vertex 7.9516599997878075 34.812799997627735 0
      vertex 13.553060002624989 23.914080001413822 0
      vertex 7.9516599997878075 22.25 0
    endloop
  endfacet
  facet normal 0 0 1
    outer loop
      vertex 7.9516599997878075 34.812799997627735 0.16
      vertex 7.9516599997878075 22.25 0.16
      vertex 13.553060002624989 23.914080001413822 0.16
    endloop
  endfacet
  facet normal -1 0 0
    outer loop
      vertex 7.9516599997878075 34.812799997627735 0
      vertex 7.9516599997878075 22.25 0.16
      vertex 7.9516599997878075 34.812799997627735 0.16
    endloop
  endfacet
  facet normal 0 0 -1
    outer loop
      vertex 7.9516599997878075 34.812799997627735 0
      vertex 13.553060002624989 34.812799997627735 0
      vertex 13.553060002624989 23.914080001413822 0
    endloop
  endfacet
  facet normal 0 1 0
    outer loop
      vertex 7.9516599997878075 34.812799997627735 0
      vertex 13.553060002624989 34.812799997627735 0.16
      vertex 13.553060002624989 34.812799997627735 0
    endloop
  endfacet
  facet normal 0 1 0
    outer loop
      vertex 7.9516599997878075 34.812799997627735 0
      vertex 7.9516599997878075 34.812799997627735 0.16
      vertex 13.553060002624989 34.812799997627735 0.16
    endloop
  endfacet
  facet normal 0 0 1
    outer loop
      vertex 7.9516599997878075 34.812799997627735 0.16
      vertex 13.553060002624989 23.914080001413822 0.16
      vertex 13.553060002624989 34.812799997627735 0.16
    endloop
  endfacet
  facet normal 0 0 -1
    outer loop
      vertex 13.553060002624989 23.914080001413822 0
      vertex 20.445540003478527 23.914080001413822 0
      vertex 7.9516599997878075 22.25 0
    endloop
  endfacet
  facet normal 1 0 0
    outer loop
      vertex 13.553060002624989 23.914080001413822 0
      vertex 13.553060002624989 34.812799997627735 0
      vertex 13.553060002624989 23.914080001413822 0.16
    endloop
  endfacet
  facet normal 0 1 0
    outer loop
      vertex 13.553060002624989 23.914080001413822 0
      vertex 13.553060002624989 23.914080001413822 0.16
      vertex 20.445540003478527 23.914080001413822 0.16
    endloop
  endfacet
  facet normal 0 0 1
    outer loop
      vertex 13.553060002624989 23.914080001413822 0.16
      vertex 7.9516599997878075 22.25 0.16
      vertex 26.046659998595715 22.25 0.16
    endloop
  endfacet
  facet normal 1 0 0
    outer loop
      vertex 13.553060002624989 34.812799997627735 0
      vertex 13.553060002624989 34.812799997627735 0.16
      vertex 13.553060002624989 23.914080001413822 0.16
    endloop
  endfacet
  facet normal 0 0 -1
    outer loop
      vertex 20.445540003478527 23.914080001413822 0
      vertex 26.046659998595715 22.25 0
      vertex 7.9516599997878075 22.25 0
    endloop
  endfacet
  facet normal 0 1 0
    outer loop
      vertex 13.553060002624989 23.914080001413822 0
      vertex 20.445540003478527 23.914080001413822 0.16
      vertex 20.445540003478527 23.914080001413822 0
    endloop
  endfacet
  facet normal -1 0 0
    outer loop
      vertex 20.445540003478527 23.914080001413822 0
      vertex 20.445540003478527 23.914080001413822 0.16
      vertex 20.445540003478527 34.812799997627735 0.16
    endloop
  endfacet
  facet normal 0 0 1
    outer loop
      vertex 13.553060002624989 23.914080001413822 0.16
      vertex 26.046659998595715 22.25 0.16
      vertex 20.445540003478527 23.914080001413822 0.16
    endloop
  endfacet
  facet normal -1 0 0
    outer loop
      vertex 20.445540003478527 23.914080001413822 0
      vertex 20.445540003478527 34.812799997627735 0.16
      vertex 20.445540003478527 34.812799997627735 0
    endloop
  endfacet
  facet normal 0 0 -1
    outer loop
      vertex 20.445540003478527 23.914080001413822 0
      vertex 26.046659998595715 34.812799997627735 0
      vertex 26.046659998595715 22.25 0
    endloop
  endfacet
  facet normal 1 0 0
    outer loop
      vertex 26.046659998595715 34.812799997627735 0.16
      vertex 26.046659998595715 22.25 0.16
      vertex 26.046659998595715 22.25 0
    endloop
  endfacet
  facet normal 0 0 1
    outer loop
      vertex 20.445540003478527 23.914080001413822 0.16
      vertex 26.046659998595715 22.25 0.16
      vertex 26.046659998595715 34.812799997627735 0.16
    endloop
  endfacet
  facet normal 0 0 -1
    outer loop
      vertex 20.445540003478527 23.914080001413822 0
      vertex 20.445540003478527 34.812799997627735 0
      vertex 26.046659998595715 34.812799997627735 0
    endloop
  endfacet
  facet normal 0 1 0
    outer loop
      vertex 20.445540003478527 34.812799997627735 0
      vertex 26.046659998595715 34.812799997627735 0.16
      vertex 26.046659998595715 34.812799997627735 0
    endloop
  endfacet
  facet normal 0 1 0
    outer loop
      vertex 20.445540003478527 34.812799997627735 0
      vertex 20.445540003478527 34.812799997627735 0.16
      vertex 26.046659998595715 34.812799997627735 0.16
    endloop
  endfacet
  facet normal 1 0 0
    outer loop
      vertex 26.046659998595715 34.812799997627735 0
      vertex 26.046659998595715 34.812799997627735 0.16
      vertex 26.046659998595715 22.25 0
    endloop
  endfacet
  facet normal 0 0 1
    outer loop
      vertex 20.445540003478527 23.914080001413822 0.16
      vertex 26.046659998595715 34.812799997627735 0.16
      vertex 20.445540003478527 34.812799997627735 0.16
    endloop
  endfacet
  facet normal 0 -1 0
    outer loop
      vertex 26.046659998595715 22.25 0
      vertex 7.9516599997878075 22.25 0.16
      vertex 7.9516599997878075 22.25 0
    endloop
  endfacet
  facet normal 0 -1 0
    outer loop
      vertex 7.9516599997878075 22.25 0.16
      vertex 26.046659998595715 22.25 0
      vertex 26.046659998595715 22.25 0.16
    endloop
  endfacet
endsolid OpenSCAD_Model
