solid OpenSCAD_Model
  facet normal 0 0 -1
    outer loop
      vertex 5.331419996917248 9.187200002372265 0.32
      vertex 12.679459996521473 15.45303999632597 0.32
      vertex 10.932819999754429 9.187200002372265 0.32
    endloop
  endfacet
  facet normal 0 0 -1
    outer loop
      vertex 5.331419996917248 9.187200002372265 0.32
      vertex 13.856859996914864 19.668439999222755 0.32
      vertex 12.679459996521473 15.45303999632597 0.32
    endloop
  endfacet
  facet normal 0 -1 0
    outer loop
      vertex 5.331419996917248 9.187200002372265 0.32
      vertex 10.932819999754429 9.187200002372265 0.32
      vertex 5.331419996917248 9.187200002372265 0.48
    endloop
  endfacet
  facet normal -0.9500822040275153 0.3119996884457079 0
    outer loop
      vertex 5.331419996917248 9.187200002372265 0.32
      vertex 5.331419996917248 9.187200002372265 0.48
      vertex 9.456946892011135 21.75 0.32
    endloop
  endfacet
  facet normal 0 -1 0
    outer loop
      vertex 10.932819999754429 9.187200002372265 0.32
      vertex 10.932819999754429 9.187200002372265 0.48
      vertex 5.331419996917248 9.187200002372265 0.48
    endloop
  endfacet
  facet normal 0 0 1
    outer loop
      vertex 5.331419996917248 9.187200002372265 0.48
      vertex 10.932819999754429 9.187200002372265 0.48
      vertex 12.679459996521473 15.45303999632597 0.48
    endloop
  endfacet
  facet normal 0 0 1
    outer loop
      vertex 5.331419996917248 9.187200002372265 0.48
      vertex 12.679459996521473 15.45303999632597 0.48
      vertex 13.856859996914864 19.668439999222755 0.48
    endloop
  endfacet
  facet normal 0 0 -1
    outer loop
      vertex 5.331419996917248 9.187200002372265 0.32
      vertex 9.456946892011135 21.75 0.32
      vertex 14.043368585407734 20.327184729278088 0.32
    endloop
  endfacet
  facet normal 0 0 -1
    outer loop
      vertex 5.331419996917248 9.187200002372265 0.32
      vertex 14.043368585407734 20.327184729278088 0.32
      vertex 13.856859996914864 19.668439999222755 0.32
    endloop
  endfacet
  facet normal -0.9500822040275153 0.3119996884457079 0
    outer loop
      vertex 5.331419996917248 9.187200002372265 0.48
      vertex 9.456946892011135 21.75 0.48
      vertex 9.456946892011135 21.75 0.32
    endloop
  endfacet
  facet normal 0 0 1
    outer loop
      vertex 5.331419996917248 9.187200002372265 0.48
      vertex 14.043368585407734 20.327184729278088 0.48
      vertex 9.456946892011135 21.75 0.48
    endloop
  endfacet
  facet normal 0 0 1
    outer loop
      vertex 5.331419996917248 9.187200002372265 0.48
      vertex 13.856859996914864 19.668439999222755 0.48
      vertex 14.043368585407734 20.327184729278088 0.48
    endloop
  endfacet
  facet normal 0.9632745331473505 -0.26851847941948825 0
    outer loop
      vertex 10.932819999754429 9.187200002372265 0.32
      vertex 12.679459996521473 15.45303999632597 0.32
      vertex 10.932819999754429 9.187200002372265 0.48
    endloop
  endfacet
  facet normal 0.9632745331473505 -0.26851847941948825 0
    outer loop
      vertex 12.679459996521473 15.45303999632597 0.32
      vertex 12.679459996521473 15.45303999632597 0.48
      vertex 10.932819999754429 9.187200002372265 0.48
    endloop
  endfacet
  facet normal 0 -1 0
    outer loop
      vertex 12.679459996521473 15.45303999632597 0.32
      vertex 21.33789999783039 15.45303999632597 0.32
      vertex 12.679459996521473 15.45303999632597 0.48
    endloop
  endfacet
  facet normal 0 0 -1
    outer loop
      vertex 14.043368585407734 20.327184729278088 0.32
      vertex 9.456946892011135 21.75 0.32
      vertex 14.445595738705464 21.75 0.32
    endloop
  endfacet
  facet normal 0 0 -1
    outer loop
      vertex 12.679459996521473 15.45303999632597 0.32
      vertex 13.856859996914864 19.668439999222755 0.32
      vertex 21.33789999783039 15.45303999632597 0.32
    endloop
  endfacet
  facet normal 0 0 -1
    outer loop
      vertex 14.043368585407734 20.327184729278088 0.32
      vertex 14.445595738705464 21.75 0.32
      vertex 14.22316563129425 20.96277890354395 0.32
    endloop
  endfacet
  facet normal 0 0 -1
    outer loop
      vertex 14.22316563129425 20.96277890354395 0.32
      vertex 14.445595738705464 21.75 0.32
      vertex 14.396251149475574 21.57522252947092 0.32
    endloop
  endfacet
  facet normal 0.9621787139226746 -0.2724190200300043 0
    outer loop
      vertex 13.856859996914864 19.668439999222755 0.32
      vertex 14.043368585407734 20.327184729278088 0.32
      vertex 14.043368585407734 20.327184729278088 0.48
    endloop
  endfacet
  facet normal 0 0 1
    outer loop
      vertex 14.043368585407734 20.327184729278088 0.48
      vertex 14.22316563129425 20.96277890354395 0.48
      vertex 9.456946892011135 21.75 0.48
    endloop
  endfacet
  facet normal 0.9621787139226746 -0.2724190200300043 0
    outer loop
      vertex 13.856859996914864 19.668439999222755 0.32
      vertex 14.043368585407734 20.327184729278088 0.48
      vertex 13.856859996914864 19.668439999222755 0.48
    endloop
  endfacet
  facet normal 0 0 1
    outer loop
      vertex 14.22316563129425 20.96277890354395 0.48
      vertex 14.396251149475574 21.57522252947092 0.48
      vertex 9.456946892011135 21.75 0.48
    endloop
  endfacet
  facet normal 0 0 1
    outer loop
      vertex 14.396251149475574 21.57522252947092 0.48
      vertex 14.445595738705464 21.75 0.48
      vertex 9.456946892011135 21.75 0.48
    endloop
  endfacet
  facet normal 0 0 1
    outer loop
      vertex 12.679459996521473 15.45303999632597 0.48
      vertex 21.33789999783039 15.45303999632597 0.48
      vertex 13.856859996914864 19.668439999222755 0.48
    endloop
  endfacet
  facet normal 0.9622409857482136 -0.27219898116324026 0
    outer loop
      vertex 14.043368585407734 20.327184729278088 0.32
      vertex 14.22316563129425 20.96277890354395 0.32
      vertex 14.22316563129425 20.96277890354395 0.48
    endloop
  endfacet
  facet normal 0.9623079129123879 -0.27196227816777063 0
    outer loop
      vertex 14.22316563129425 20.96277890354395 0.32
      vertex 14.396251149475574 21.57522252947092 0.32
      vertex 14.396251149475574 21.57522252947092 0.48
    endloop
  endfacet
  facet normal 0.9623800446292462 -0.271706918755136 0
    outer loop
      vertex 14.396251149475574 21.57522252947092 0.32
      vertex 14.445595738705464 21.75 0.32
      vertex 14.445595738705464 21.75 0.48
    endloop
  endfacet
  facet normal 0 1 0
    outer loop
      vertex 13.856859996914864 19.668439999222755 0.32
      vertex 13.856859996914864 19.668439999222755 0.48
      vertex 20.160779997706413 19.668439999222755 0.32
    endloop
  endfacet
  facet normal 0.9622409857482136 -0.27219898116324026 0
    outer loop
      vertex 14.043368585407734 20.327184729278088 0.32
      vertex 14.22316563129425 20.96277890354395 0.48
      vertex 14.043368585407734 20.327184729278088 0.48
    endloop
  endfacet
  facet normal 0.9623079129123879 -0.27196227816777063 0
    outer loop
      vertex 14.22316563129425 20.96277890354395 0.32
      vertex 14.396251149475574 21.57522252947092 0.48
      vertex 14.22316563129425 20.96277890354395 0.48
    endloop
  endfacet
  facet normal 0.9623800446292462 -0.271706918755136 0
    outer loop
      vertex 14.396251149475574 21.57522252947092 0.32
      vertex 14.445595738705464 21.75 0.48
      vertex 14.396251149475574 21.57522252947092 0.48
    endloop
  endfacet
  facet normal -0.9500822040275154 0.31199968844570786 0
    outer loop
      vertex 13.742899999022484 34.801320001482964 0.32
      vertex 9.62114304636657 22.25 0.32
      vertex 9.62114304636657 22.25 0.48
    endloop
  endfacet
  facet normal 0 0 -1
    outer loop
      vertex 14.722287602722645 22.730658143758774 0.32
      vertex 14.586733287301033 22.25 0.32
      vertex 9.62114304636657 22.25 0.32
    endloop
  endfacet
  facet normal 0 0 -1
    outer loop
      vertex 14.722287602722645 22.730658143758774 0.32
      vertex 9.62114304636657 22.25 0.32
      vertex 13.742899999022484 34.801320001482964 0.32
    endloop
  endfacet
  facet normal 0 0 -1
    outer loop
      vertex 14.722287602722645 22.730658143758774 0.32
      vertex 13.742899999022484 34.801320001482964 0.32
      vertex 14.87523852288723 23.273650132119656 0.32
    endloop
  endfacet
  facet normal 0 0 -1
    outer loop
      vertex 14.87523852288723 23.273650132119656 0.32
      vertex 13.742899999022484 34.801320001482964 0.32
      vertex 15.021477922797203 23.793491572141647 0.32
    endloop
  endfacet
  facet normal 0 0 -1
    outer loop
      vertex 15.021477922797203 23.793491572141647 0.32
      vertex 13.742899999022484 34.801320001482964 0.32
      vertex 15.161005787551403 24.29018245637417 0.32
    endloop
  endfacet
  facet normal 0 0 -1
    outer loop
      vertex 15.161005787551403 24.29018245637417 0.32
      vertex 13.742899999022484 34.801320001482964 0.32
      vertex 15.29382211714983 24.76372279971838 0.32
    endloop
  endfacet
  facet normal 0 0 -1
    outer loop
      vertex 15.29382211714983 24.76372279971838 0.32
      vertex 13.742899999022484 34.801320001482964 0.32
      vertex 15.419926919043064 25.21411258727312 0.32
    endloop
  endfacet
  facet normal 0 0 1
    outer loop
      vertex 13.742899999022484 34.801320001482964 0.48
      vertex 9.62114304636657 22.25 0.48
      vertex 14.586733287301033 22.25 0.48
    endloop
  endfacet
  facet normal 0.9624580095103514 -0.27143061715541983 0
    outer loop
      vertex 14.722287602722645 22.730658143758774 0.32
      vertex 14.722287602722645 22.730658143758774 0.48
      vertex 14.586733287301033 22.25 0.32
    endloop
  endfacet
  facet normal 0.9625425558216291 -0.27113064790312075 0
    outer loop
      vertex 14.722287602722645 22.730658143758774 0.32
      vertex 14.87523852288723 23.273650132119656 0.32
      vertex 14.87523852288723 23.273650132119656 0.48
    endloop
  endfacet
  facet normal 0.9626345311827645 -0.27080391314480506 0
    outer loop
      vertex 14.87523852288723 23.273650132119656 0.32
      vertex 15.021477922797203 23.793491572141647 0.32
      vertex 15.021477922797203 23.793491572141647 0.48
    endloop
  endfacet
  facet normal 0.9627349800331332 -0.27044659032903834 0
    outer loop
      vertex 15.021477922797203 23.793491572141647 0.32
      vertex 15.161005787551403 24.29018245637417 0.32
      vertex 15.161005787551403 24.29018245637417 0.48
    endloop
  endfacet
  facet normal 0.9628451239790651 -0.2700541931348938 0
    outer loop
      vertex 15.161005787551403 24.29018245637417 0.32
      vertex 15.29382211714983 24.76372279971838 0.32
      vertex 15.29382211714983 24.76372279971838 0.48
    endloop
  endfacet
  facet normal 0.9629664282086885 -0.26962132360590596 0
    outer loop
      vertex 15.29382211714983 24.76372279971838 0.32
      vertex 15.419926919043064 25.21411258727312 0.32
      vertex 15.419926919043064 25.21411258727312 0.48
    endloop
  endfacet
  facet normal 0.9624580095103514 -0.27143061715541983 0
    outer loop
      vertex 14.722287602722645 22.730658143758774 0.48
      vertex 14.586733287301033 22.25 0.48
      vertex 14.586733287301033 22.25 0.32
    endloop
  endfacet
  facet normal 0.9625425558216291 -0.27113064790312075 0
    outer loop
      vertex 14.722287602722645 22.730658143758774 0.32
      vertex 14.87523852288723 23.273650132119656 0.48
      vertex 14.722287602722645 22.730658143758774 0.48
    endloop
  endfacet
  facet normal 0.9626345311827645 -0.27080391314480506 0
    outer loop
      vertex 14.87523852288723 23.273650132119656 0.32
      vertex 15.021477922797203 23.793491572141647 0.48
      vertex 14.87523852288723 23.273650132119656 0.48
    endloop
  endfacet
  facet normal 0.9627349800331332 -0.27044659032903834 0
    outer loop
      vertex 15.021477922797203 23.793491572141647 0.32
      vertex 15.161005787551403 24.29018245637417 0.48
      vertex 15.021477922797203 23.793491572141647 0.48
    endloop
  endfacet
  facet normal 0.9628451239790651 -0.2700541931348938 0
    outer loop
      vertex 15.161005787551403 24.29018245637417 0.32
      vertex 15.29382211714983 24.76372279971838 0.48
      vertex 15.161005787551403 24.29018245637417 0.48
    endloop
  endfacet
  facet normal 0.9629664282086885 -0.26962132360590596 0
    outer loop
      vertex 15.29382211714983 24.76372279971838 0.32
      vertex 15.419926919043064 25.21411258727312 0.48
      vertex 15.29382211714983 24.76372279971838 0.48
    endloop
  endfacet
  facet normal 0.9631006935138561 -0.2691413274715154 0
    outer loop
      vertex 15.419926919043064 25.21411258727312 0.32
      vertex 15.539320185780525 25.641351833939552 0.32
      vertex 15.539320185780525 25.641351833939552 0.48
    endloop
  endfacet
  facet normal 0.9632500992686234 -0.26860611731490236 0
    outer loop
      vertex 15.539320185780525 25.641351833939552 0.32
      vertex 15.652001924812794 26.045440532267094 0.32
      vertex 15.652001924812794 26.045440532267094 0.48
    endloop
  endfacet
  facet normal 0.9634173642514463 -0.26800556385790936 0
    outer loop
      vertex 15.652001924812794 26.045440532267094 0.32
      vertex 15.75797213613987 26.426378674805164 0.32
      vertex 15.75797213613987 26.426378674805164 0.48
    endloop
  endfacet
  facet normal 0.9636059022309548 -0.2673268882579298 0
    outer loop
      vertex 15.75797213613987 26.426378674805164 0.32
      vertex 15.857230812311172 26.784166276454926 0.32
      vertex 15.857230812311172 26.784166276454926 0.48
    endloop
  endfacet
  facet normal 0.9638200271215778 -0.26655385069317816 0
    outer loop
      vertex 15.857230812311172 26.784166276454926 0.32
      vertex 15.949777960777283 27.118803329765797 0.32
      vertex 15.949777960777283 27.118803329765797 0.48
    endloop
  endfacet
  facet normal 0.9640653364348062 -0.26566525381548095 0
    outer loop
      vertex 15.949777960777283 27.118803329765797 0.32
      vertex 16.03561357408762 27.430289827287197 0.32
      vertex 16.03561357408762 27.430289827287197 0.48
    endloop
  endfacet
  facet normal 0.9643491694103828 -0.26463310348009145 0
    outer loop
      vertex 16.03561357408762 27.430289827287197 0.32
      vertex 16.114737652242184 27.718625783920288 0.32
      vertex 16.114737652242184 27.718625783920288 0.48
    endloop
  endfacet
  facet normal 0.9646813440015798 -0.2634196358195529 0
    outer loop
      vertex 16.114737652242184 27.718625783920288 0.32
      vertex 16.187150210142136 27.98381119221449 0.32
      vertex 16.187150210142136 27.98381119221449 0.48
    endloop
  endfacet
  facet normal 0.9650753885317204 -0.2619723161907549 0
    outer loop
      vertex 16.187150210142136 27.98381119221449 0.32
      vertex 16.252851225435734 28.2258460521698 0.32
      vertex 16.252851225435734 28.2258460521698 0.48
    endloop
  endfacet
  facet normal 0.9655502761737449 -0.26021657168751816 0
    outer loop
      vertex 16.252851225435734 28.2258460521698 0.32
      vertex 16.31184072047472 28.44473035633564 0.32
      vertex 16.31184072047472 28.44473035633564 0.48
    endloop
  endfacet
  facet normal 0.9631006935138561 -0.2691413274715154 0
    outer loop
      vertex 15.419926919043064 25.21411258727312 0.32
      vertex 15.539320185780525 25.641351833939552 0.48
      vertex 15.419926919043064 25.21411258727312 0.48
    endloop
  endfacet
  facet normal 0 0 1
    outer loop
      vertex 14.722287602722645 22.730658143758774 0.48
      vertex 13.742899999022484 34.801320001482964 0.48
      vertex 14.586733287301033 22.25 0.48
    endloop
  endfacet
  facet normal 0 0 1
    outer loop
      vertex 14.722287602722645 22.730658143758774 0.48
      vertex 14.87523852288723 23.273650132119656 0.48
      vertex 13.742899999022484 34.801320001482964 0.48
    endloop
  endfacet
  facet normal 0 0 1
    outer loop
      vertex 14.87523852288723 23.273650132119656 0.48
      vertex 15.021477922797203 23.793491572141647 0.48
      vertex 13.742899999022484 34.801320001482964 0.48
    endloop
  endfacet
  facet normal 0 0 1
    outer loop
      vertex 15.021477922797203 23.793491572141647 0.48
      vertex 15.161005787551403 24.29018245637417 0.48
      vertex 13.742899999022484 34.801320001482964 0.48
    endloop
  endfacet
  facet normal 0 0 1
    outer loop
      vertex 15.161005787551403 24.29018245637417 0.48
      vertex 15.29382211714983 24.76372279971838 0.48
      vertex 13.742899999022484 34.801320001482964 0.48
    endloop
  endfacet
  facet normal 0 0 1
    outer loop
      vertex 15.29382211714983 24.76372279971838 0.48
      vertex 15.419926919043064 25.21411258727312 0.48
      vertex 13.742899999022484 34.801320001482964 0.48
    endloop
  endfacet
  facet normal 0.9632500992686234 -0.26860611731490236 0
    outer loop
      vertex 15.539320185780525 25.641351833939552 0.32
      vertex 15.652001924812794 26.045440532267094 0.48
      vertex 15.539320185780525 25.641351833939552 0.48
    endloop
  endfacet
  facet normal 0.9634173642514463 -0.26800556385790936 0
    outer loop
      vertex 15.652001924812794 26.045440532267094 0.32
      vertex 15.75797213613987 26.426378674805164 0.48
      vertex 15.652001924812794 26.045440532267094 0.48
    endloop
  endfacet
  facet normal 0.9636059022309548 -0.2673268882579298 0
    outer loop
      vertex 15.75797213613987 26.426378674805164 0.32
      vertex 15.857230812311172 26.784166276454926 0.48
      vertex 15.75797213613987 26.426378674805164 0.48
    endloop
  endfacet
  facet normal 0.9638200271215778 -0.26655385069317816 0
    outer loop
      vertex 15.857230812311172 26.784166276454926 0.32
      vertex 15.949777960777283 27.118803329765797 0.48
      vertex 15.857230812311172 26.784166276454926 0.48
    endloop
  endfacet
  facet normal 0.9640653364348062 -0.26566525381548095 0
    outer loop
      vertex 15.949777960777283 27.118803329765797 0.32
      vertex 16.03561357408762 27.430289827287197 0.48
      vertex 15.949777960777283 27.118803329765797 0.48
    endloop
  endfacet
  facet normal 0.9643491694103828 -0.26463310348009145 0
    outer loop
      vertex 16.03561357408762 27.430289827287197 0.32
      vertex 16.114737652242184 27.718625783920288 0.48
      vertex 16.03561357408762 27.430289827287197 0.48
    endloop
  endfacet
  facet normal 0.9646813440015798 -0.2634196358195529 0
    outer loop
      vertex 16.114737652242184 27.718625783920288 0.32
      vertex 16.187150210142136 27.98381119221449 0.48
      vertex 16.114737652242184 27.718625783920288 0.48
    endloop
  endfacet
  facet normal 0.9650753885317204 -0.2619723161907549 0
    outer loop
      vertex 16.187150210142136 27.98381119221449 0.32
      vertex 16.252851225435734 28.2258460521698 0.48
      vertex 16.187150210142136 27.98381119221449 0.48
    endloop
  endfacet
  facet normal 0.9655502761737449 -0.26021657168751816 0
    outer loop
      vertex 16.252851225435734 28.2258460521698 0.32
      vertex 16.31184072047472 28.44473035633564 0.48
      vertex 16.252851225435734 28.2258460521698 0.48
    endloop
  endfacet
  facet normal 0 0 -1
    outer loop
      vertex 15.419926919043064 25.21411258727312 0.32
      vertex 13.742899999022484 34.801320001482964 0.32
      vertex 15.539320185780525 25.641351833939552 0.32
    endloop
  endfacet
  facet normal 0 0 -1
    outer loop
      vertex 15.539320185780525 25.641351833939552 0.32
      vertex 13.742899999022484 34.801320001482964 0.32
      vertex 15.652001924812794 26.045440532267094 0.32
    endloop
  endfacet
  facet normal 0 0 -1
    outer loop
      vertex 15.652001924812794 26.045440532267094 0.32
      vertex 13.742899999022484 34.801320001482964 0.32
      vertex 15.75797213613987 26.426378674805164 0.32
    endloop
  endfacet
  facet normal 0 0 -1
    outer loop
      vertex 15.75797213613987 26.426378674805164 0.32
      vertex 13.742899999022484 34.801320001482964 0.32
      vertex 15.857230812311172 26.784166276454926 0.32
    endloop
  endfacet
  facet normal 0 0 -1
    outer loop
      vertex 15.857230812311172 26.784166276454926 0.32
      vertex 13.742899999022484 34.801320001482964 0.32
      vertex 15.949777960777283 27.118803329765797 0.32
    endloop
  endfacet
  facet normal 0 0 -1
    outer loop
      vertex 15.949777960777283 27.118803329765797 0.32
      vertex 13.742899999022484 34.801320001482964 0.32
      vertex 16.03561357408762 27.430289827287197 0.32
    endloop
  endfacet
  facet normal 0 0 -1
    outer loop
      vertex 16.03561357408762 27.430289827287197 0.32
      vertex 13.742899999022484 34.801320001482964 0.32
      vertex 16.114737652242184 27.718625783920288 0.32
    endloop
  endfacet
  facet normal 0 0 -1
    outer loop
      vertex 16.114737652242184 27.718625783920288 0.32
      vertex 13.742899999022484 34.801320001482964 0.32
      vertex 16.187150210142136 27.98381119221449 0.32
    endloop
  endfacet
  facet normal 0 0 -1
    outer loop
      vertex 16.187150210142136 27.98381119221449 0.32
      vertex 13.742899999022484 34.801320001482964 0.32
      vertex 16.252851225435734 28.2258460521698 0.32
    endloop
  endfacet
  facet normal 0 0 -1
    outer loop
      vertex 16.252851225435734 28.2258460521698 0.32
      vertex 13.742899999022484 34.801320001482964 0.32
      vertex 16.31184072047472 28.44473035633564 0.32
    endloop
  endfacet
  facet normal 0 0 -1
    outer loop
      vertex 13.742899999022484 34.801320001482964 0.32
      vertex 16.364118680357933 28.64046411961317 0.32
      vertex 16.31184072047472 28.44473035633564 0.32
    endloop
  endfacet
  facet normal 0 0 -1
    outer loop
      vertex 13.742899999022484 34.801320001482964 0.32
      vertex 16.409685105085373 28.81304733455181 0.32
      vertex 16.364118680357933 28.64046411961317 0.32
    endloop
  endfacet
  facet normal 0 0 -1
    outer loop
      vertex 13.742899999022484 34.801320001482964 0.32
      vertex 16.44854000210762 28.96248000115156 0.32
      vertex 16.409685105085373 28.81304733455181 0.32
    endloop
  endfacet
  facet normal 0 0 -1
    outer loop
      vertex 13.742899999022484 34.801320001482964 0.32
      vertex 16.48355481773615 29.098871760070324 0.32
      vertex 16.44854000210762 28.96248000115156 0.32
    endloop
  endfacet
  facet normal 0 0 -1
    outer loop
      vertex 13.742899999022484 34.801320001482964 0.32
      vertex 16.517601020634174 29.232283554971218 0.32
      vertex 16.48355481773615 29.098871760070324 0.32
    endloop
  endfacet
  facet normal 0 0 -1
    outer loop
      vertex 13.742899999022484 34.801320001482964 0.32
      vertex 16.550678603351116 29.362715385854244 0.32
      vertex 16.517601020634174 29.232283554971218 0.32
    endloop
  endfacet
  facet normal 0 0 -1
    outer loop
      vertex 13.742899999022484 34.801320001482964 0.32
      vertex 16.582787558436394 29.490167260169983 0.32
      vertex 16.550678603351116 29.362715385854244 0.32
    endloop
  endfacet
  facet normal 0 0 -1
    outer loop
      vertex 13.742899999022484 34.801320001482964 0.32
      vertex 16.613927900791168 29.614639170467854 0.32
      vertex 16.582787558436394 29.490167260169983 0.32
    endloop
  endfacet
  facet normal 0 0 -1
    outer loop
      vertex 13.742899999022484 34.801320001482964 0.32
      vertex 16.64409962296486 29.736131116747856 0.32
      vertex 16.613927900791168 29.614639170467854 0.32
    endloop
  endfacet
  facet normal 0 0 -1
    outer loop
      vertex 13.742899999022484 34.801320001482964 0.32
      vertex 16.673302724957466 29.85464309900999 0.32
      vertex 16.64409962296486 29.736131116747856 0.32
    endloop
  endfacet
  facet normal 0 0 -1
    outer loop
      vertex 13.742899999022484 34.801320001482964 0.32
      vertex 16.70153719931841 29.970175124704838 0.32
      vertex 16.673302724957466 29.85464309900999 0.32
    endloop
  endfacet
  facet normal 0 0 -1
    outer loop
      vertex 13.742899999022484 34.801320001482964 0.32
      vertex 16.72880306094885 30.082727186381817 0.32
      vertex 16.70153719931841 29.970175124704838 0.32
    endloop
  endfacet
  facet normal 0 0 -1
    outer loop
      vertex 13.742899999022484 34.801320001482964 0.32
      vertex 16.755100302398205 30.192299284040928 0.32
      vertex 16.72880306094885 30.082727186381817 0.32
    endloop
  endfacet
  facet normal 0 0 -1
    outer loop
      vertex 13.742899999022484 34.801320001482964 0.32
      vertex 16.780428923666477 30.29889141768217 0.32
      vertex 16.755100302398205 30.192299284040928 0.32
    endloop
  endfacet
  facet normal 0 0 -1
    outer loop
      vertex 13.742899999022484 34.801320001482964 0.32
      vertex 16.804788924753666 30.402503594756126 0.32
      vertex 16.780428923666477 30.29889141768217 0.32
    endloop
  endfacet
  facet normal 0 0 -1
    outer loop
      vertex 13.742899999022484 34.801320001482964 0.32
      vertex 16.82818030565977 30.503135800361633 0.32
      vertex 16.804788924753666 30.402503594756126 0.32
    endloop
  endfacet
  facet normal 0 0 -1
    outer loop
      vertex 13.742899999022484 34.801320001482964 0.32
      vertex 16.85060305893421 30.600788049399853 0.32
      vertex 16.82818030565977 30.503135800361633 0.32
    endloop
  endfacet
  facet normal 0 0 -1
    outer loop
      vertex 13.742899999022484 34.801320001482964 0.32
      vertex 16.87205719947815 30.695460341870785 0.32
      vertex 16.85060305893421 30.600788049399853 0.32
    endloop
  endfacet
  facet normal 0 0 -1
    outer loop
      vertex 13.742899999022484 34.801320001482964 0.32
      vertex 16.892542719841003 30.787152662873268 0.32
      vertex 16.87205719947815 30.695460341870785 0.32
    endloop
  endfacet
  facet normal 0 0 -1
    outer loop
      vertex 13.742899999022484 34.801320001482964 0.32
      vertex 16.912059620022774 30.875865027308464 0.32
      vertex 16.892542719841003 30.787152662873268 0.32
    endloop
  endfacet
  facet normal 0 0 -1
    outer loop
      vertex 13.742899999022484 34.801320001482964 0.32
      vertex 16.93060790002346 30.961597427725792 0.32
      vertex 16.912059620022774 30.875865027308464 0.32
    endloop
  endfacet
  facet normal 0 0 -1
    outer loop
      vertex 13.742899999022484 34.801320001482964 0.32
      vertex 16.948187559843063 31.04434986412525 0.32
      vertex 16.93060790002346 30.961597427725792 0.32
    endloop
  endfacet
  facet normal 0 0 -1
    outer loop
      vertex 13.742899999022484 34.801320001482964 0.32
      vertex 16.964798599481583 31.124122343957424 0.32
      vertex 16.948187559843063 31.04434986412525 0.32
    endloop
  endfacet
  facet normal 0 0 -1
    outer loop
      vertex 13.742899999022484 34.801320001482964 0.32
      vertex 16.98044101893902 31.20091485977173 0.32
      vertex 16.964798599481583 31.124122343957424 0.32
    endloop
  endfacet
  facet normal 0 0 -1
    outer loop
      vertex 13.742899999022484 34.801320001482964 0.32
      vertex 16.99511481821537 31.274727411568165 0.32
      vertex 16.98044101893902 31.20091485977173 0.32
    endloop
  endfacet
  facet normal 0 0 -1
    outer loop
      vertex 13.742899999022484 34.801320001482964 0.32
      vertex 17.00881999731064 31.345559999346733 0.32
      vertex 16.99511481821537 31.274727411568165 0.32
    endloop
  endfacet
  facet normal -0.9500822040275154 0.31199968844570786 0
    outer loop
      vertex 13.742899999022484 34.801320001482964 0.32
      vertex 9.62114304636657 22.25 0.48
      vertex 13.742899999022484 34.801320001482964 0.48
    endloop
  endfacet
  facet normal 0.966133741927376 -0.2580418429429742 0
    outer loop
      vertex 16.31184072047472 28.44473035633564 0.32
      vertex 16.364118680357933 28.64046411961317 0.32
      vertex 16.364118680357933 28.64046411961317 0.48
    endloop
  endfacet
  facet normal 0.9668676877621435 -0.255278033448799 0
    outer loop
      vertex 16.364118680357933 28.64046411961317 0.32
      vertex 16.409685105085373 28.81304733455181 0.32
      vertex 16.409685105085373 28.81304733455181 0.48
    endloop
  endfacet
  facet normal 0.9678187153216251 -0.25164843387789887 0
    outer loop
      vertex 16.409685105085373 28.81304733455181 0.32
      vertex 16.44854000210762 28.96248000115156 0.32
      vertex 16.44854000210762 28.96248000115156 0.48
    endloop
  endfacet
  facet normal 0.9685910909161801 -0.24865900063702479 0
    outer loop
      vertex 16.44854000210762 28.96248000115156 0.32
      vertex 16.48355481773615 29.098871760070324 0.32
      vertex 16.48355481773615 29.098871760070324 0.48
    endloop
  endfacet
  facet normal 0.9689462246738139 -0.247271538375048 0
    outer loop
      vertex 16.48355481773615 29.098871760070324 0.32
      vertex 16.517601020634174 29.232283554971218 0.32
      vertex 16.517601020634174 29.232283554971218 0.48
    endloop
  endfacet
  facet normal 0.9693157486957078 -0.24581899709029675 0
    outer loop
      vertex 16.517601020634174 29.232283554971218 0.32
      vertex 16.550678603351116 29.362715385854244 0.32
      vertex 16.550678603351116 29.362715385854244 0.48
    endloop
  endfacet
  facet normal 0.9697005350382264 -0.24429668918464167 0
    outer loop
      vertex 16.550678603351116 29.362715385854244 0.32
      vertex 16.582787558436394 29.490167260169983 0.32
      vertex 16.582787558436394 29.490167260169983 0.48
    endloop
  endfacet
  facet normal 0.9701014732767723 -0.2426996735602168 0
    outer loop
      vertex 16.582787558436394 29.490167260169983 0.32
      vertex 16.613927900791168 29.614639170467854 0.32
      vertex 16.613927900791168 29.614639170467854 0.48
    endloop
  endfacet
  facet normal 0.9705196187348749 -0.24102213518827115 0
    outer loop
      vertex 16.613927900791168 29.614639170467854 0.32
      vertex 16.64409962296486 29.736131116747856 0.32
      vertex 16.64409962296486 29.736131116747856 0.48
    endloop
  endfacet
  facet normal 0.9709560519441026 -0.2392579051841779 0
    outer loop
      vertex 16.64409962296486 29.736131116747856 0.32
      vertex 16.673302724957466 29.85464309900999 0.32
      vertex 16.673302724957466 29.85464309900999 0.48
    endloop
  endfacet
  facet normal 0.9714119750112372 -0.2374000311810591 0
    outer loop
      vertex 16.673302724957466 29.85464309900999 0.32
      vertex 16.70153719931841 29.970175124704838 0.32
      vertex 16.70153719931841 29.970175124704838 0.48
    endloop
  endfacet
  facet normal 0.9718886205600409 -0.23544109502357627 0
    outer loop
      vertex 16.70153719931841 29.970175124704838 0.32
      vertex 16.72880306094885 30.082727186381817 0.32
      vertex 16.72880306094885 30.082727186381817 0.48
    endloop
  endfacet
  facet normal 0.9723874268171708 -0.23337243232198857 0
    outer loop
      vertex 16.72880306094885 30.082727186381817 0.32
      vertex 16.755100302398205 30.192299284040928 0.32
      vertex 16.755100302398205 30.192299284040928 0.48
    endloop
  endfacet
  facet normal 0.972909889564857 -0.23118465949733313 0
    outer loop
      vertex 16.755100302398205 30.192299284040928 0.32
      vertex 16.780428923666477 30.29889141768217 0.32
      vertex 16.780428923666477 30.29889141768217 0.48
    endloop
  endfacet
  facet normal 0.9734576528954745 -0.22886720608080596 0
    outer loop
      vertex 16.780428923666477 30.29889141768217 0.32
      vertex 16.804788924753666 30.402503594756126 0.32
      vertex 16.804788924753666 30.402503594756126 0.48
    endloop
  endfacet
  facet normal 0.9740324887096617 -0.22640828372226743 0
    outer loop
      vertex 16.804788924753666 30.402503594756126 0.32
      vertex 16.82818030565977 30.503135800361633 0.32
      vertex 16.82818030565977 30.503135800361633 0.48
    endloop
  endfacet
  facet normal 0.9746363664672727 -0.22379444398704823 0
    outer loop
      vertex 16.82818030565977 30.503135800361633 0.32
      vertex 16.85060305893421 30.600788049399853 0.32
      vertex 16.85060305893421 30.600788049399853 0.48
    endloop
  endfacet
  facet normal 0.9752713381648238 -0.22101089781771838 0
    outer loop
      vertex 16.85060305893421 30.600788049399853 0.32
      vertex 16.87205719947815 30.695460341870785 0.32
      vertex 16.87205719947815 30.695460341870785 0.48
    endloop
  endfacet
  facet normal 0.9759397367128527 -0.21804043272945448 0
    outer loop
      vertex 16.87205719947815 30.695460341870785 0.32
      vertex 16.892542719841003 30.787152662873268 0.32
      vertex 16.892542719841003 30.787152662873268 0.48
    endloop
  endfacet
  facet normal 0.9766440508550187 -0.2148636728939996 0
    outer loop
      vertex 16.892542719841003 30.787152662873268 0.32
      vertex 16.912059620022774 30.875865027308464 0.32
      vertex 16.912059620022774 30.875865027308464 0.48
    endloop
  endfacet
  facet normal 0.9773869708981107 -0.21145852812931382 0
    outer loop
      vertex 16.912059620022774 30.875865027308464 0.32
      vertex 16.93060790002346 30.961597427725792 0.32
      vertex 16.93060790002346 30.961597427725792 0.48
    endloop
  endfacet
  facet normal 0.9781714255059307 -0.2077995724819845 0
    outer loop
      vertex 16.93060790002346 30.961597427725792 0.32
      vertex 16.948187559843063 31.04434986412525 0.32
      vertex 16.948187559843063 31.04434986412525 0.48
    endloop
  endfacet
  facet normal 0.9790005743629057 -0.20385748795936004 0
    outer loop
      vertex 16.948187559843063 31.04434986412525 0.32
      vertex 16.964798599481583 31.124122343957424 0.32
      vertex 16.964798599481583 31.124122343957424 0.48
    endloop
  endfacet
  facet normal 0.9798777976202443 -0.19959835102249557 0
    outer loop
      vertex 16.964798599481583 31.124122343957424 0.32
      vertex 16.98044101893902 31.20091485977173 0.32
      vertex 16.98044101893902 31.20091485977173 0.48
    endloop
  endfacet
  facet normal 0.9808067082189195 -0.19498256617648538 0
    outer loop
      vertex 16.98044101893902 31.20091485977173 0.32
      vertex 16.99511481821537 31.274727411568165 0.32
      vertex 16.99511481821537 31.274727411568165 0.48
    endloop
  endfacet
  facet normal 0 0 1
    outer loop
      vertex 15.419926919043064 25.21411258727312 0.48
      vertex 15.539320185780525 25.641351833939552 0.48
      vertex 13.742899999022484 34.801320001482964 0.48
    endloop
  endfacet
  facet normal 0 0 1
    outer loop
      vertex 15.539320185780525 25.641351833939552 0.48
      vertex 15.652001924812794 26.045440532267094 0.48
      vertex 13.742899999022484 34.801320001482964 0.48
    endloop
  endfacet
  facet normal 0 0 1
    outer loop
      vertex 15.652001924812794 26.045440532267094 0.48
      vertex 15.75797213613987 26.426378674805164 0.48
      vertex 13.742899999022484 34.801320001482964 0.48
    endloop
  endfacet
  facet normal 0 0 1
    outer loop
      vertex 15.75797213613987 26.426378674805164 0.48
      vertex 15.857230812311172 26.784166276454926 0.48
      vertex 13.742899999022484 34.801320001482964 0.48
    endloop
  endfacet
  facet normal 0 0 1
    outer loop
      vertex 15.857230812311172 26.784166276454926 0.48
      vertex 15.949777960777283 27.118803329765797 0.48
      vertex 13.742899999022484 34.801320001482964 0.48
    endloop
  endfacet
  facet normal 0 0 1
    outer loop
      vertex 15.949777960777283 27.118803329765797 0.48
      vertex 16.03561357408762 27.430289827287197 0.48
      vertex 13.742899999022484 34.801320001482964 0.48
    endloop
  endfacet
  facet normal 0 0 1
    outer loop
      vertex 16.03561357408762 27.430289827287197 0.48
      vertex 16.114737652242184 27.718625783920288 0.48
      vertex 13.742899999022484 34.801320001482964 0.48
    endloop
  endfacet
  facet normal 0 0 1
    outer loop
      vertex 16.114737652242184 27.718625783920288 0.48
      vertex 16.187150210142136 27.98381119221449 0.48
      vertex 13.742899999022484 34.801320001482964 0.48
    endloop
  endfacet
  facet normal 0 0 1
    outer loop
      vertex 16.187150210142136 27.98381119221449 0.48
      vertex 16.252851225435734 28.2258460521698 0.48
      vertex 13.742899999022484 34.801320001482964 0.48
    endloop
  endfacet
  facet normal 0 0 1
    outer loop
      vertex 16.252851225435734 28.2258460521698 0.48
      vertex 16.31184072047472 28.44473035633564 0.48
      vertex 13.742899999022484 34.801320001482964 0.48
    endloop
  endfacet
  facet normal 0 0 1
    outer loop
      vertex 13.742899999022484 34.801320001482964 0.48
      vertex 16.31184072047472 28.44473035633564 0.48
      vertex 16.364118680357933 28.64046411961317 0.48
    endloop
  endfacet
  facet normal 0 0 1
    outer loop
      vertex 13.742899999022484 34.801320001482964 0.48
      vertex 16.364118680357933 28.64046411961317 0.48
      vertex 16.409685105085373 28.81304733455181 0.48
    endloop
  endfacet
  facet normal 0 0 1
    outer loop
      vertex 13.742899999022484 34.801320001482964 0.48
      vertex 16.409685105085373 28.81304733455181 0.48
      vertex 16.44854000210762 28.96248000115156 0.48
    endloop
  endfacet
  facet normal 0.966133741927376 -0.2580418429429742 0
    outer loop
      vertex 16.31184072047472 28.44473035633564 0.32
      vertex 16.364118680357933 28.64046411961317 0.48
      vertex 16.31184072047472 28.44473035633564 0.48
    endloop
  endfacet
  facet normal 0.9668676877621435 -0.255278033448799 0
    outer loop
      vertex 16.364118680357933 28.64046411961317 0.32
      vertex 16.409685105085373 28.81304733455181 0.48
      vertex 16.364118680357933 28.64046411961317 0.48
    endloop
  endfacet
  facet normal 0.9678187153216251 -0.25164843387789887 0
    outer loop
      vertex 16.409685105085373 28.81304733455181 0.32
      vertex 16.44854000210762 28.96248000115156 0.48
      vertex 16.409685105085373 28.81304733455181 0.48
    endloop
  endfacet
  facet normal 0.9685910909161801 -0.24865900063702479 0
    outer loop
      vertex 16.44854000210762 28.96248000115156 0.32
      vertex 16.48355481773615 29.098871760070324 0.48
      vertex 16.44854000210762 28.96248000115156 0.48
    endloop
  endfacet
  facet normal 0.9689462246738139 -0.247271538375048 0
    outer loop
      vertex 16.48355481773615 29.098871760070324 0.32
      vertex 16.517601020634174 29.232283554971218 0.48
      vertex 16.48355481773615 29.098871760070324 0.48
    endloop
  endfacet
  facet normal 0.9693157486957078 -0.24581899709029675 0
    outer loop
      vertex 16.517601020634174 29.232283554971218 0.32
      vertex 16.550678603351116 29.362715385854244 0.48
      vertex 16.517601020634174 29.232283554971218 0.48
    endloop
  endfacet
  facet normal 0.9697005350382264 -0.24429668918464167 0
    outer loop
      vertex 16.550678603351116 29.362715385854244 0.32
      vertex 16.582787558436394 29.490167260169983 0.48
      vertex 16.550678603351116 29.362715385854244 0.48
    endloop
  endfacet
  facet normal 0.9701014732767723 -0.2426996735602168 0
    outer loop
      vertex 16.582787558436394 29.490167260169983 0.32
      vertex 16.613927900791168 29.614639170467854 0.48
      vertex 16.582787558436394 29.490167260169983 0.48
    endloop
  endfacet
  facet normal 0.9705196187348749 -0.24102213518827115 0
    outer loop
      vertex 16.613927900791168 29.614639170467854 0.32
      vertex 16.64409962296486 29.736131116747856 0.48
      vertex 16.613927900791168 29.614639170467854 0.48
    endloop
  endfacet
  facet normal 0.9709560519441026 -0.2392579051841779 0
    outer loop
      vertex 16.64409962296486 29.736131116747856 0.32
      vertex 16.673302724957466 29.85464309900999 0.48
      vertex 16.64409962296486 29.736131116747856 0.48
    endloop
  endfacet
  facet normal 0.9714119750112372 -0.2374000311810591 0
    outer loop
      vertex 16.673302724957466 29.85464309900999 0.32
      vertex 16.70153719931841 29.970175124704838 0.48
      vertex 16.673302724957466 29.85464309900999 0.48
    endloop
  endfacet
  facet normal 0.9718886205600409 -0.23544109502357627 0
    outer loop
      vertex 16.70153719931841 29.970175124704838 0.32
      vertex 16.72880306094885 30.082727186381817 0.48
      vertex 16.70153719931841 29.970175124704838 0.48
    endloop
  endfacet
  facet normal 0.9723874268171708 -0.23337243232198857 0
    outer loop
      vertex 16.72880306094885 30.082727186381817 0.32
      vertex 16.755100302398205 30.192299284040928 0.48
      vertex 16.72880306094885 30.082727186381817 0.48
    endloop
  endfacet
  facet normal 0.972909889564857 -0.23118465949733313 0
    outer loop
      vertex 16.755100302398205 30.192299284040928 0.32
      vertex 16.780428923666477 30.29889141768217 0.48
      vertex 16.755100302398205 30.192299284040928 0.48
    endloop
  endfacet
  facet normal 0.9734576528954745 -0.22886720608080596 0
    outer loop
      vertex 16.780428923666477 30.29889141768217 0.32
      vertex 16.804788924753666 30.402503594756126 0.48
      vertex 16.780428923666477 30.29889141768217 0.48
    endloop
  endfacet
  facet normal 0.9740324887096617 -0.22640828372226743 0
    outer loop
      vertex 16.804788924753666 30.402503594756126 0.32
      vertex 16.82818030565977 30.503135800361633 0.48
      vertex 16.804788924753666 30.402503594756126 0.48
    endloop
  endfacet
  facet normal 0.9746363664672727 -0.22379444398704823 0
    outer loop
      vertex 16.82818030565977 30.503135800361633 0.32
      vertex 16.85060305893421 30.600788049399853 0.48
      vertex 16.82818030565977 30.503135800361633 0.48
    endloop
  endfacet
  facet normal 0.9752713381648238 -0.22101089781771838 0
    outer loop
      vertex 16.85060305893421 30.600788049399853 0.32
      vertex 16.87205719947815 30.695460341870785 0.48
      vertex 16.85060305893421 30.600788049399853 0.48
    endloop
  endfacet
  facet normal 0.9759397367128527 -0.21804043272945448 0
    outer loop
      vertex 16.87205719947815 30.695460341870785 0.32
      vertex 16.892542719841003 30.787152662873268 0.48
      vertex 16.87205719947815 30.695460341870785 0.48
    endloop
  endfacet
  facet normal 0.9766440508550187 -0.2148636728939996 0
    outer loop
      vertex 16.892542719841003 30.787152662873268 0.32
      vertex 16.912059620022774 30.875865027308464 0.48
      vertex 16.892542719841003 30.787152662873268 0.48
    endloop
  endfacet
  facet normal 0.9773869708981107 -0.21145852812931382 0
    outer loop
      vertex 16.912059620022774 30.875865027308464 0.32
      vertex 16.93060790002346 30.961597427725792 0.48
      vertex 16.912059620022774 30.875865027308464 0.48
    endloop
  endfacet
  facet normal 0.9781714255059307 -0.2077995724819845 0
    outer loop
      vertex 16.93060790002346 30.961597427725792 0.32
      vertex 16.948187559843063 31.04434986412525 0.48
      vertex 16.93060790002346 30.961597427725792 0.48
    endloop
  endfacet
  facet normal 0.9790005743629057 -0.20385748795936004 0
    outer loop
      vertex 16.948187559843063 31.04434986412525 0.32
      vertex 16.964798599481583 31.124122343957424 0.48
      vertex 16.948187559843063 31.04434986412525 0.48
    endloop
  endfacet
  facet normal 0.9798777976202443 -0.19959835102249557 0
    outer loop
      vertex 16.964798599481583 31.124122343957424 0.32
      vertex 16.98044101893902 31.20091485977173 0.48
      vertex 16.964798599481583 31.124122343957424 0.48
    endloop
  endfacet
  facet normal 0.9808067082189195 -0.19498256617648538 0
    outer loop
      vertex 16.98044101893902 31.20091485977173 0.32
      vertex 16.99511481821537 31.274727411568165 0.48
      vertex 16.98044101893902 31.20091485977173 0.48
    endloop
  endfacet
  facet normal 0 0 1
    outer loop
      vertex 13.742899999022484 34.801320001482964 0.48
      vertex 16.44854000210762 28.96248000115156 0.48
      vertex 16.48355481773615 29.098871760070324 0.48
    endloop
  endfacet
  facet normal 0 0 1
    outer loop
      vertex 13.742899999022484 34.801320001482964 0.48
      vertex 16.48355481773615 29.098871760070324 0.48
      vertex 16.517601020634174 29.232283554971218 0.48
    endloop
  endfacet
  facet normal 0 0 1
    outer loop
      vertex 13.742899999022484 34.801320001482964 0.48
      vertex 16.517601020634174 29.232283554971218 0.48
      vertex 16.550678603351116 29.362715385854244 0.48
    endloop
  endfacet
  facet normal 0 0 1
    outer loop
      vertex 13.742899999022484 34.801320001482964 0.48
      vertex 16.550678603351116 29.362715385854244 0.48
      vertex 16.582787558436394 29.490167260169983 0.48
    endloop
  endfacet
  facet normal 0 0 1
    outer loop
      vertex 13.742899999022484 34.801320001482964 0.48
      vertex 16.582787558436394 29.490167260169983 0.48
      vertex 16.613927900791168 29.614639170467854 0.48
    endloop
  endfacet
  facet normal 0 0 1
    outer loop
      vertex 13.742899999022484 34.801320001482964 0.48
      vertex 16.613927900791168 29.614639170467854 0.48
      vertex 16.64409962296486 29.736131116747856 0.48
    endloop
  endfacet
  facet normal 0 0 1
    outer loop
      vertex 13.742899999022484 34.801320001482964 0.48
      vertex 16.64409962296486 29.736131116747856 0.48
      vertex 16.673302724957466 29.85464309900999 0.48
    endloop
  endfacet
  facet normal 0 0 1
    outer loop
      vertex 13.742899999022484 34.801320001482964 0.48
      vertex 16.673302724957466 29.85464309900999 0.48
      vertex 16.70153719931841 29.970175124704838 0.48
    endloop
  endfacet
  facet normal 0 0 1
    outer loop
      vertex 13.742899999022484 34.801320001482964 0.48
      vertex 16.70153719931841 29.970175124704838 0.48
      vertex 16.72880306094885 30.082727186381817 0.48
    endloop
  endfacet
  facet normal 0 0 1
    outer loop
      vertex 13.742899999022484 34.801320001482964 0.48
      vertex 16.72880306094885 30.082727186381817 0.48
      vertex 16.755100302398205 30.192299284040928 0.48
    endloop
  endfacet
  facet normal 0 0 1
    outer loop
      vertex 13.742899999022484 34.801320001482964 0.48
      vertex 16.755100302398205 30.192299284040928 0.48
      vertex 16.780428923666477 30.29889141768217 0.48
    endloop
  endfacet
  facet normal 0 0 1
    outer loop
      vertex 13.742899999022484 34.801320001482964 0.48
      vertex 16.780428923666477 30.29889141768217 0.48
      vertex 16.804788924753666 30.402503594756126 0.48
    endloop
  endfacet
  facet normal 0 0 1
    outer loop
      vertex 13.742899999022484 34.801320001482964 0.48
      vertex 16.804788924753666 30.402503594756126 0.48
      vertex 16.82818030565977 30.503135800361633 0.48
    endloop
  endfacet
  facet normal 0 0 1
    outer loop
      vertex 13.742899999022484 34.801320001482964 0.48
      vertex 16.82818030565977 30.503135800361633 0.48
      vertex 16.85060305893421 30.600788049399853 0.48
    endloop
  endfacet
  facet normal 0 0 1
    outer loop
      vertex 13.742899999022484 34.801320001482964 0.48
      vertex 16.85060305893421 30.600788049399853 0.48
      vertex 16.87205719947815 30.695460341870785 0.48
    endloop
  endfacet
  facet normal 0 0 1
    outer loop
      vertex 13.742899999022484 34.801320001482964 0.48
      vertex 16.87205719947815 30.695460341870785 0.48
      vertex 16.892542719841003 30.787152662873268 0.48
    endloop
  endfacet
  facet normal 0 0 1
    outer loop
      vertex 13.742899999022484 34.801320001482964 0.48
      vertex 16.892542719841003 30.787152662873268 0.48
      vertex 16.912059620022774 30.875865027308464 0.48
    endloop
  endfacet
  facet normal 0 0 1
    outer loop
      vertex 13.742899999022484 34.801320001482964 0.48
      vertex 16.912059620022774 30.875865027308464 0.48
      vertex 16.93060790002346 30.961597427725792 0.48
    endloop
  endfacet
  facet normal 0 0 1
    outer loop
      vertex 13.742899999022484 34.801320001482964 0.48
      vertex 16.93060790002346 30.961597427725792 0.48
      vertex 16.948187559843063 31.04434986412525 0.48
    endloop
  endfacet
  facet normal 0 0 1
    outer loop
      vertex 13.742899999022484 34.801320001482964 0.48
      vertex 16.948187559843063 31.04434986412525 0.48
      vertex 16.964798599481583 31.124122343957424 0.48
    endloop
  endfacet
  facet normal 0 0 1
    outer loop
      vertex 13.742899999022484 34.801320001482964 0.48
      vertex 16.964798599481583 31.124122343957424 0.48
      vertex 16.98044101893902 31.20091485977173 0.48
    endloop
  endfacet
  facet normal 0 0 1
    outer loop
      vertex 13.742899999022484 34.801320001482964 0.48
      vertex 16.98044101893902 31.20091485977173 0.48
      vertex 16.99511481821537 31.274727411568165 0.48
    endloop
  endfacet
  facet normal 0 0 1
    outer loop
      vertex 13.742899999022484 34.801320001482964 0.48
      vertex 16.99511481821537 31.274727411568165 0.48
      vertex 17.00881999731064 31.345559999346733 0.48
    endloop
  endfacet
  facet normal 0 1 0
    outer loop
      vertex 13.742899999022484 34.801320001482964 0.32
      vertex 13.742899999022484 34.801320001482964 0.48
      vertex 20.27446000277996 34.801320001482964 0.48
    endloop
  endfacet
  facet normal 0 -1 0
    outer loop
      vertex 12.679459996521473 15.45303999632597 0.48
      vertex 21.33789999783039 15.45303999632597 0.32
      vertex 21.33789999783039 15.45303999632597 0.48
    endloop
  endfacet
  facet normal -0.9632633980935214 -0.26855842175087735 0
    outer loop
      vertex 23.08482000231743 9.187200002372265 0.32
      vertex 23.08482000231743 9.187200002372265 0.48
      vertex 21.33789999783039 15.45303999632597 0.48
    endloop
  endfacet
  facet normal -0.9632633980935214 -0.26855842175087735 0
    outer loop
      vertex 21.33789999783039 15.45303999632597 0.32
      vertex 23.08482000231743 9.187200002372265 0.32
      vertex 21.33789999783039 15.45303999632597 0.48
    endloop
  endfacet
  facet normal 0 0 -1
    outer loop
      vertex 13.856859996914864 19.668439999222755 0.32
      vertex 20.160779997706413 19.668439999222755 0.32
      vertex 21.33789999783039 15.45303999632597 0.32
    endloop
  endfacet
  facet normal 0 0 -1
    outer loop
      vertex 19.788281552493572 20.98137852549553 0.32
      vertex 28.667180001735687 9.187200002372265 0.32
      vertex 19.971067562699318 20.336789414286613 0.32
    endloop
  endfacet
  facet normal 0 0 -1
    outer loop
      vertex 19.788281552493572 20.98137852549553 0.32
      vertex 19.612421967089176 21.602207332849503 0.32
      vertex 28.667180001735687 9.187200002372265 0.32
    endloop
  endfacet
  facet normal 0 0 -1
    outer loop
      vertex 19.612421967089176 21.602207332849503 0.32
      vertex 19.57060585734998 21.75 0.32
      vertex 24.55085421007734 21.75 0.32
    endloop
  endfacet
  facet normal 0 0 1
    outer loop
      vertex 13.856859996914864 19.668439999222755 0.48
      vertex 21.33789999783039 15.45303999632597 0.48
      vertex 20.160779997706413 19.668439999222755 0.48
    endloop
  endfacet
  facet normal -0.9620670339131676 -0.27281316364413233 0
    outer loop
      vertex 19.788281552493572 20.98137852549553 0.32
      vertex 19.971067562699318 20.336789414286613 0.32
      vertex 19.971067562699318 20.336789414286613 0.48
    endloop
  endfacet
  facet normal -0.9621437596716649 -0.2725424475652804 0
    outer loop
      vertex 19.788281552493572 20.98137852549553 0.32
      vertex 19.788281552493572 20.98137852549553 0.48
      vertex 19.612421967089176 21.602207332849503 0.32
    endloop
  endfacet
  facet normal -0.962226521111225 -0.27225010940344807 0
    outer loop
      vertex 19.612421967089176 21.602207332849503 0.32
      vertex 19.612421967089176 21.602207332849503 0.48
      vertex 19.57060585734998 21.75 0.32
    endloop
  endfacet
  facet normal 0 1 0
    outer loop
      vertex 13.856859996914864 19.668439999222755 0.48
      vertex 20.160779997706413 19.668439999222755 0.48
      vertex 20.160779997706413 19.668439999222755 0.32
    endloop
  endfacet
  facet normal -0.9620670339131676 -0.27281316364413233 0
    outer loop
      vertex 19.788281552493572 20.98137852549553 0.32
      vertex 19.971067562699318 20.336789414286613 0.48
      vertex 19.788281552493572 20.98137852549553 0.48
    endloop
  endfacet
  facet normal -0.9621437596716649 -0.2725424475652804 0
    outer loop
      vertex 19.612421967089176 21.602207332849503 0.32
      vertex 19.788281552493572 20.98137852549553 0.48
      vertex 19.612421967089176 21.602207332849503 0.48
    endloop
  endfacet
  facet normal -0.962226521111225 -0.27225010940344807 0
    outer loop
      vertex 19.612421967089176 21.602207332849503 0.48
      vertex 19.57060585734998 21.75 0.48
      vertex 19.57060585734998 21.75 0.32
    endloop
  endfacet
  facet normal 0 0 1
    outer loop
      vertex 19.788281552493572 20.98137852549553 0.48
      vertex 19.971067562699318 20.336789414286613 0.48
      vertex 28.667180001735687 9.187200002372265 0.48
    endloop
  endfacet
  facet normal 0 0 1
    outer loop
      vertex 19.612421967089176 21.602207332849503 0.48
      vertex 28.667180001735687 9.187200002372265 0.48
      vertex 19.57060585734998 21.75 0.48
    endloop
  endfacet
  facet normal 0 0 1
    outer loop
      vertex 19.788281552493572 20.98137852549553 0.48
      vertex 28.667180001735687 9.187200002372265 0.48
      vertex 19.612421967089176 21.602207332849503 0.48
    endloop
  endfacet
  facet normal -0.9619957062098671 -0.2730645733773955 0
    outer loop
      vertex 20.160779997706413 19.668439999222755 0.32
      vertex 20.160779997706413 19.668439999222755 0.48
      vertex 19.971067562699318 20.336789414286613 0.32
    endloop
  endfacet
  facet normal -0.9619957062098671 -0.2730645733773955 0
    outer loop
      vertex 19.971067562699318 20.336789414286613 0.32
      vertex 20.160779997706413 19.668439999222755 0.48
      vertex 19.971067562699318 20.336789414286613 0.48
    endloop
  endfacet
  facet normal 0 0 -1
    outer loop
      vertex 21.33789999783039 15.45303999632597 0.32
      vertex 28.667180001735687 9.187200002372265 0.32
      vertex 23.08482000231743 9.187200002372265 0.32
    endloop
  endfacet
  facet normal 0 0 -1
    outer loop
      vertex 21.33789999783039 15.45303999632597 0.32
      vertex 20.160779997706413 19.668439999222755 0.32
      vertex 28.667180001735687 9.187200002372265 0.32
    endloop
  endfacet
  facet normal 0 -1 0
    outer loop
      vertex 23.08482000231743 9.187200002372265 0.32
      vertex 28.667180001735687 9.187200002372265 0.32
      vertex 23.08482000231743 9.187200002372265 0.48
    endloop
  endfacet
  facet normal 0 0 1
    outer loop
      vertex 21.33789999783039 15.45303999632597 0.48
      vertex 23.08482000231743 9.187200002372265 0.48
      vertex 28.667180001735687 9.187200002372265 0.48
    endloop
  endfacet
  facet normal 0 0 1
    outer loop
      vertex 21.33789999783039 15.45303999632597 0.48
      vertex 28.667180001735687 9.187200002372265 0.48
      vertex 20.160779997706413 19.668439999222755 0.48
    endloop
  endfacet
  facet normal 0 -1 0
    outer loop
      vertex 28.667180001735687 9.187200002372265 0.32
      vertex 28.667180001735687 9.187200002372265 0.48
      vertex 23.08482000231743 9.187200002372265 0.48
    endloop
  endfacet
  facet normal 0.9502883081720146 0.31137137208094495 0
    outer loop
      vertex 28.667180001735687 9.187200002372265 0.32
      vertex 24.55085421007734 21.75 0.48
      vertex 28.667180001735687 9.187200002372265 0.48
    endloop
  endfacet
  facet normal 0 0 -1
    outer loop
      vertex 20.160779997706413 19.668439999222755 0.32
      vertex 19.971067562699318 20.336789414286613 0.32
      vertex 28.667180001735687 9.187200002372265 0.32
    endloop
  endfacet
  facet normal 0 0 -1
    outer loop
      vertex 19.612421967089176 21.602207332849503 0.32
      vertex 24.55085421007734 21.75 0.32
      vertex 28.667180001735687 9.187200002372265 0.32
    endloop
  endfacet
  facet normal 0 0 1
    outer loop
      vertex 20.160779997706413 19.668439999222755 0.48
      vertex 28.667180001735687 9.187200002372265 0.48
      vertex 19.971067562699318 20.336789414286613 0.48
    endloop
  endfacet
  facet normal 0 0 1
    outer loop
      vertex 28.667180001735687 9.187200002372265 0.48
      vertex 24.55085421007734 21.75 0.48
      vertex 19.57060585734998 21.75 0.48
    endloop
  endfacet
  facet normal 0.9502883081720146 0.31137137208094495 0
    outer loop
      vertex 28.667180001735687 9.187200002372265 0.32
      vertex 24.55085421007734 21.75 0.32
      vertex 24.55085421007734 21.75 0.48
    endloop
  endfacet
  facet normal 0 0 -1
    outer loop
      vertex 19.126401774585247 23.32213194668293 0.32
      vertex 18.97824790328741 23.847919546067715 0.32
      vertex 19.429155059647034 22.25 0.32
    endloop
  endfacet
  facet normal 0 0 -1
    outer loop
      vertex 18.97824790328741 23.847919546067715 0.32
      vertex 18.837020456790924 24.349946841597557 0.32
      vertex 19.429155059647034 22.25 0.32
    endloop
  endfacet
  facet normal 0 0 -1
    outer loop
      vertex 19.126401774585247 23.32213194668293 0.32
      vertex 19.429155059647034 22.25 0.32
      vertex 19.281482078135014 22.772584043443203 0.32
    endloop
  endfacet
  facet normal 0 0 -1
    outer loop
      vertex 18.837020456790924 24.349946841597557 0.32
      vertex 18.702719435095787 24.828213840723038 0.32
      vertex 19.429155059647034 22.25 0.32
    endloop
  endfacet
  facet normal 0 0 -1
    outer loop
      vertex 18.702719435095787 24.828213840723038 0.32
      vertex 18.575344838202 25.282720528542995 0.32
      vertex 19.429155059647034 22.25 0.32
    endloop
  endfacet
  facet normal 0 0 -1
    outer loop
      vertex 18.454896673560143 25.71346691995859 0.32
      vertex 19.429155059647034 22.25 0.32
      vertex 18.575344838202 25.282720528542995 0.32
    endloop
  endfacet
  facet normal 0 0 -1
    outer loop
      vertex 18.454896673560143 25.71346691995859 0.32
      vertex 18.341374933719635 26.120453007519245 0.32
      vertex 19.429155059647034 22.25 0.32
    endloop
  endfacet
  facet normal 0 0 -1
    outer loop
      vertex 18.341374933719635 26.120453007519245 0.32
      vertex 18.234779618680477 26.503678791224957 0.32
      vertex 19.429155059647034 22.25 0.32
    endloop
  endfacet
  facet normal 0 0 -1
    outer loop
      vertex 18.234779618680477 26.503678791224957 0.32
      vertex 24.387024260048857 22.25 0.32
      vertex 19.429155059647034 22.25 0.32
    endloop
  endfacet
  facet normal 0 0 -1
    outer loop
      vertex 18.234779618680477 26.503678791224957 0.32
      vertex 20.27446000277996 34.801320001482964 0.32
      vertex 24.387024260048857 22.25 0.32
    endloop
  endfacet
  facet normal -0.9625190886007989 -0.27121394521500397 0
    outer loop
      vertex 19.126401774585247 23.32213194668293 0.32
      vertex 19.126401774585247 23.32213194668293 0.48
      vertex 18.97824790328741 23.847919546067715 0.32
    endloop
  endfacet
  facet normal -0.9623160597849557 -0.27193344972613737 0
    outer loop
      vertex 19.281482078135014 22.772584043443203 0.32
      vertex 19.429155059647034 22.25 0.32
      vertex 19.429155059647034 22.25 0.48
    endloop
  endfacet
  facet normal -0.9624132403068474 -0.27158931290106847 0
    outer loop
      vertex 19.126401774585247 23.32213194668293 0.32
      vertex 19.281482078135014 22.772584043443203 0.32
      vertex 19.281482078135014 22.772584043443203 0.48
    endloop
  endfacet
  facet normal -0.9626348112669602 -0.27080291751940955 0
    outer loop
      vertex 18.97824790328741 23.847919546067715 0.32
      vertex 18.97824790328741 23.847919546067715 0.48
      vertex 18.837020456790924 24.349946841597557 0.32
    endloop
  endfacet
  facet normal -0.9627618626951603 -0.27035087523391815 0
    outer loop
      vertex 18.837020456790924 24.349946841597557 0.32
      vertex 18.837020456790924 24.349946841597557 0.48
      vertex 18.702719435095787 24.828213840723038 0.32
    endloop
  endfacet
  facet normal -0.9629019877074243 -0.2698513703302083 0
    outer loop
      vertex 18.702719435095787 24.828213840723038 0.32
      vertex 18.702719435095787 24.828213840723038 0.48
      vertex 18.575344838202 25.282720528542995 0.32
    endloop
  endfacet
  facet normal -0.9624132403068474 -0.27158931290106847 0
    outer loop
      vertex 19.126401774585247 23.32213194668293 0.32
      vertex 19.281482078135014 22.772584043443203 0.48
      vertex 19.126401774585247 23.32213194668293 0.48
    endloop
  endfacet
  facet normal -0.9623160597849557 -0.27193344972613737 0
    outer loop
      vertex 19.281482078135014 22.772584043443203 0.32
      vertex 19.429155059647034 22.25 0.48
      vertex 19.281482078135014 22.772584043443203 0.48
    endloop
  endfacet
  facet normal -0.9625190886007989 -0.27121394521500397 0
    outer loop
      vertex 18.97824790328741 23.847919546067715 0.32
      vertex 19.126401774585247 23.32213194668293 0.48
      vertex 18.97824790328741 23.847919546067715 0.48
    endloop
  endfacet
  facet normal -0.9626348112669602 -0.27080291751940955 0
    outer loop
      vertex 18.837020456790924 24.349946841597557 0.32
      vertex 18.97824790328741 23.847919546067715 0.48
      vertex 18.837020456790924 24.349946841597557 0.48
    endloop
  endfacet
  facet normal -0.9627618626951603 -0.27035087523391815 0
    outer loop
      vertex 18.702719435095787 24.828213840723038 0.32
      vertex 18.837020456790924 24.349946841597557 0.48
      vertex 18.702719435095787 24.828213840723038 0.48
    endloop
  endfacet
  facet normal -0.9629019877074243 -0.2698513703302083 0
    outer loop
      vertex 18.575344838202 25.282720528542995 0.32
      vertex 18.702719435095787 24.828213840723038 0.48
      vertex 18.575344838202 25.282720528542995 0.48
    endloop
  endfacet
  facet normal -0.963230469199596 -0.26867650289060635 0
    outer loop
      vertex 18.454896673560143 25.71346691995859 0.32
      vertex 18.454896673560143 25.71346691995859 0.48
      vertex 18.341374933719635 26.120453007519245 0.32
    endloop
  endfacet
  facet normal -0.9634246841807683 -0.2679792490309405 0
    outer loop
      vertex 18.341374933719635 26.120453007519245 0.32
      vertex 18.341374933719635 26.120453007519245 0.48
      vertex 18.234779618680477 26.503678791224957 0.32
    endloop
  endfacet
  facet normal -0.9636440639303038 -0.2671892925472289 0
    outer loop
      vertex 18.234779618680477 26.503678791224957 0.32
      vertex 18.234779618680477 26.503678791224957 0.48
      vertex 18.13511073589325 26.863144271075726 0.32
    endloop
  endfacet
  facet normal -0.9659356641607248 -0.25878232687411107 0
    outer loop
      vertex 17.74066272377968 28.30406714230776 0.32
      vertex 17.74066272377968 28.30406714230776 0.48
      vertex 17.68255239725113 28.520970813930035 0.32
    endloop
  endfacet
  facet normal -0.964180744672018 -0.2652460963024959 0
    outer loop
      vertex 18.04236827790737 27.198849454522133 0.32
      vertex 18.04236827790737 27.198849454522133 0.48
      vertex 17.956552252173424 27.510794326663017 0.32
    endloop
  endfacet
  facet normal -0.9638938235312716 -0.2662868696692831 0
    outer loop
      vertex 18.04236827790737 27.198849454522133 0.32
      vertex 18.13511073589325 26.863144271075726 0.32
      vertex 18.13511073589325 26.863144271075726 0.48
    endloop
  endfacet
  facet normal -0.9649049754333547 -0.2625992924285158 0
    outer loop
      vertex 17.877662643790245 27.79897890239954 0.32
      vertex 17.877662643790245 27.79897890239954 0.48
      vertex 17.805699467658997 28.06340317428112 0.32
    endloop
  endfacet
  facet normal -0.9645137654210305 -0.2640325667665739 0
    outer loop
      vertex 17.956552252173424 27.510794326663017 0.32
      vertex 17.956552252173424 27.510794326663017 0.48
      vertex 17.877662643790245 27.79897890239954 0.32
    endloop
  endfacet
  facet normal -0.9653710426313735 -0.26088071996376994 0
    outer loop
      vertex 17.805699467658997 28.06340317428112 0.32
      vertex 17.805699467658997 28.06340317428112 0.48
      vertex 17.74066272377968 28.30406714230776 0.32
    endloop
  endfacet
  facet normal -0.9630573222543606 -0.26929647983637023 0
    outer loop
      vertex 18.454896673560143 25.71346691995859 0.32
      vertex 18.575344838202 25.282720528542995 0.32
      vertex 18.575344838202 25.282720528542995 0.48
    endloop
  endfacet
  facet normal -0.963230469199596 -0.26867650289060635 0
    outer loop
      vertex 18.341374933719635 26.120453007519245 0.32
      vertex 18.454896673560143 25.71346691995859 0.48
      vertex 18.341374933719635 26.120453007519245 0.48
    endloop
  endfacet
  facet normal -0.9634246841807683 -0.2679792490309405 0
    outer loop
      vertex 18.234779618680477 26.503678791224957 0.32
      vertex 18.341374933719635 26.120453007519245 0.48
      vertex 18.234779618680477 26.503678791224957 0.48
    endloop
  endfacet
  facet normal -0.9636440639303038 -0.2671892925472289 0
    outer loop
      vertex 18.13511073589325 26.863144271075726 0.32
      vertex 18.234779618680477 26.503678791224957 0.48
      vertex 18.13511073589325 26.863144271075726 0.48
    endloop
  endfacet
  facet normal -0.9638938235312716 -0.2662868696692831 0
    outer loop
      vertex 18.04236827790737 27.198849454522133 0.32
      vertex 18.13511073589325 26.863144271075726 0.48
      vertex 18.04236827790737 27.198849454522133 0.48
    endloop
  endfacet
  facet normal -0.964180744672018 -0.2652460963024959 0
    outer loop
      vertex 17.956552252173424 27.510794326663017 0.32
      vertex 18.04236827790737 27.198849454522133 0.48
      vertex 17.956552252173424 27.510794326663017 0.48
    endloop
  endfacet
  facet normal -0.9645137654210305 -0.2640325667665739 0
    outer loop
      vertex 17.877662643790245 27.79897890239954 0.32
      vertex 17.956552252173424 27.510794326663017 0.48
      vertex 17.877662643790245 27.79897890239954 0.48
    endloop
  endfacet
  facet normal -0.9649049754333547 -0.2625992924285158 0
    outer loop
      vertex 17.805699467658997 28.06340317428112 0.32
      vertex 17.877662643790245 27.79897890239954 0.48
      vertex 17.805699467658997 28.06340317428112 0.48
    endloop
  endfacet
  facet normal -0.9653710426313735 -0.26088071996376994 0
    outer loop
      vertex 17.74066272377968 28.30406714230776 0.32
      vertex 17.805699467658997 28.06340317428112 0.48
      vertex 17.74066272377968 28.30406714230776 0.48
    endloop
  endfacet
  facet normal -0.9630573222543606 -0.26929647983637023 0
    outer loop
      vertex 18.454896673560143 25.71346691995859 0.32
      vertex 18.575344838202 25.282720528542995 0.48
      vertex 18.454896673560143 25.71346691995859 0.48
    endloop
  endfacet
  facet normal 0 0 1
    outer loop
      vertex 19.126401774585247 23.32213194668293 0.48
      vertex 19.281482078135014 22.772584043443203 0.48
      vertex 24.387024260048857 22.25 0.48
    endloop
  endfacet
  facet normal 0 0 1
    outer loop
      vertex 19.281482078135014 22.772584043443203 0.48
      vertex 19.429155059647034 22.25 0.48
      vertex 24.387024260048857 22.25 0.48
    endloop
  endfacet
  facet normal 0 0 1
    outer loop
      vertex 19.126401774585247 23.32213194668293 0.48
      vertex 24.387024260048857 22.25 0.48
      vertex 18.97824790328741 23.847919546067715 0.48
    endloop
  endfacet
  facet normal 0 0 1
    outer loop
      vertex 18.97824790328741 23.847919546067715 0.48
      vertex 24.387024260048857 22.25 0.48
      vertex 18.837020456790924 24.349946841597557 0.48
    endloop
  endfacet
  facet normal 0 0 1
    outer loop
      vertex 18.837020456790924 24.349946841597557 0.48
      vertex 24.387024260048857 22.25 0.48
      vertex 18.702719435095787 24.828213840723038 0.48
    endloop
  endfacet
  facet normal 0 0 1
    outer loop
      vertex 18.702719435095787 24.828213840723038 0.48
      vertex 24.387024260048857 22.25 0.48
      vertex 18.575344838202 25.282720528542995 0.48
    endloop
  endfacet
  facet normal 0 0 1
    outer loop
      vertex 18.454896673560143 25.71346691995859 0.48
      vertex 24.387024260048857 22.25 0.48
      vertex 18.341374933719635 26.120453007519245 0.48
    endloop
  endfacet
  facet normal 0 0 1
    outer loop
      vertex 18.454896673560143 25.71346691995859 0.48
      vertex 18.575344838202 25.282720528542995 0.48
      vertex 24.387024260048857 22.25 0.48
    endloop
  endfacet
  facet normal 0 0 1
    outer loop
      vertex 18.341374933719635 26.120453007519245 0.48
      vertex 24.387024260048857 22.25 0.48
      vertex 18.234779618680477 26.503678791224957 0.48
    endloop
  endfacet
  facet normal 0 0 1
    outer loop
      vertex 18.234779618680477 26.503678791224957 0.48
      vertex 24.387024260048857 22.25 0.48
      vertex 20.27446000277996 34.801320001482964 0.48
    endloop
  endfacet
  facet normal 0 0 -1
    outer loop
      vertex 17.51638536900282 29.16142661869526 0.32
      vertex 20.27446000277996 34.801320001482964 0.32
      vertex 17.549779996275902 29.02911999821663 0.32
    endloop
  endfacet
  facet normal 0 0 -1
    outer loop
      vertex 17.51638536900282 29.16142661869526 0.32
      vertex 17.483888432383537 29.29086124897003 0.32
      vertex 20.27446000277996 34.801320001482964 0.32
    endloop
  endfacet
  facet normal 0 0 -1
    outer loop
      vertex 17.483888432383537 29.29086124897003 0.32
      vertex 17.452289186418056 29.417423896491528 0.32
      vertex 20.27446000277996 34.801320001482964 0.32
    endloop
  endfacet
  facet normal 0 0 -1
    outer loop
      vertex 17.421587638556957 29.541114553809166 0.32
      vertex 17.39178378134966 29.661933235824108 0.32
      vertex 20.27446000277996 34.801320001482964 0.32
    endloop
  endfacet
  facet normal 0 0 -1
    outer loop
      vertex 17.452289186418056 29.417423896491528 0.32
      vertex 17.421587638556957 29.541114553809166 0.32
      vertex 20.27446000277996 34.801320001482964 0.32
    endloop
  endfacet
  facet normal 0 0 -1
    outer loop
      vertex 17.36287761479616 29.779879927635193 0.32
      vertex 20.27446000277996 34.801320001482964 0.32
      vertex 17.39178378134966 29.661933235824108 0.32
    endloop
  endfacet
  facet normal 0 0 -1
    outer loop
      vertex 17.36287761479616 29.779879927635193 0.32
      vertex 17.334869146347046 29.89495462924242 0.32
      vertex 20.27446000277996 34.801320001482964 0.32
    endloop
  endfacet
  facet normal 0 0 -1
    outer loop
      vertex 17.334869146347046 29.89495462924242 0.32
      vertex 17.30775837600231 30.00715735554695 0.32
      vertex 20.27446000277996 34.801320001482964 0.32
    endloop
  endfacet
  facet normal 0 0 -1
    outer loop
      vertex 18.04236827790737 27.198849454522133 0.32
      vertex 20.27446000277996 34.801320001482964 0.32
      vertex 18.13511073589325 26.863144271075726 0.32
    endloop
  endfacet
  facet normal 0 0 -1
    outer loop
      vertex 18.04236827790737 27.198849454522133 0.32
      vertex 17.956552252173424 27.510794326663017 0.32
      vertex 20.27446000277996 34.801320001482964 0.32
    endloop
  endfacet
  facet normal 0 0 -1
    outer loop
      vertex 18.234779618680477 26.503678791224957 0.32
      vertex 18.13511073589325 26.863144271075726 0.32
      vertex 20.27446000277996 34.801320001482964 0.32
    endloop
  endfacet
  facet normal 0 0 -1
    outer loop
      vertex 17.805699467658997 28.06340317428112 0.32
      vertex 17.74066272377968 28.30406714230776 0.32
      vertex 20.27446000277996 34.801320001482964 0.32
    endloop
  endfacet
  facet normal 0 0 -1
    outer loop
      vertex 17.956552252173424 27.510794326663017 0.32
      vertex 17.877662643790245 27.79897890239954 0.32
      vertex 20.27446000277996 34.801320001482964 0.32
    endloop
  endfacet
  facet normal 0 0 -1
    outer loop
      vertex 17.877662643790245 27.79897890239954 0.32
      vertex 17.805699467658997 28.06340317428112 0.32
      vertex 20.27446000277996 34.801320001482964 0.32
    endloop
  endfacet
  facet normal 0 0 -1
    outer loop
      vertex 17.74066272377968 28.30406714230776 0.32
      vertex 17.68255239725113 28.520970813930035 0.32
      vertex 20.27446000277996 34.801320001482964 0.32
    endloop
  endfacet
  facet normal 0 0 -1
    outer loop
      vertex 17.68255239725113 28.520970813930035 0.32
      vertex 17.63136850297451 28.714114174246788 0.32
      vertex 20.27446000277996 34.801320001482964 0.32
    endloop
  endfacet
  facet normal 0 0 -1
    outer loop
      vertex 17.63136850297451 28.714114174246788 0.32
      vertex 17.58711104094982 28.88349723815918 0.32
      vertex 20.27446000277996 34.801320001482964 0.32
    endloop
  endfacet
  facet normal 0 0 -1
    outer loop
      vertex 17.58711104094982 28.88349723815918 0.32
      vertex 17.549779996275902 29.02911999821663 0.32
      vertex 20.27446000277996 34.801320001482964 0.32
    endloop
  endfacet
  facet normal 0 0 -1
    outer loop
      vertex 17.28154529631138 30.116488091647625 0.32
      vertex 17.256229907274246 30.222946844995022 0.32
      vertex 20.27446000277996 34.801320001482964 0.32
    endloop
  endfacet
  facet normal 0 0 -1
    outer loop
      vertex 17.256229907274246 30.222946844995022 0.32
      vertex 17.231812208890915 30.32653360813856 0.32
      vertex 20.27446000277996 34.801320001482964 0.32
    endloop
  endfacet
  facet normal 0 0 -1
    outer loop
      vertex 17.231812208890915 30.32653360813856 0.32
      vertex 17.208292208611965 30.427248395979404 0.32
      vertex 20.27446000277996 34.801320001482964 0.32
    endloop
  endfacet
  facet normal 0 0 -1
    outer loop
      vertex 17.208292208611965 30.427248395979404 0.32
      vertex 17.185669906437397 30.52509119361639 0.32
      vertex 20.27446000277996 34.801320001482964 0.32
    endloop
  endfacet
  facet normal 0 0 -1
    outer loop
      vertex 17.16394529491663 30.62006200104952 0.32
      vertex 20.27446000277996 34.801320001482964 0.32
      vertex 17.185669906437397 30.52509119361639 0.32
    endloop
  endfacet
  facet normal 0 0 -1
    outer loop
      vertex 17.30775837600231 30.00715735554695 0.32
      vertex 17.28154529631138 30.116488091647625 0.32
      vertex 20.27446000277996 34.801320001482964 0.32
    endloop
  endfacet
  facet normal 0 0 -1
    outer loop
      vertex 17.143118374049664 30.71216083317995 0.32
      vertex 17.12318915128708 30.801387675106525 0.32
      vertex 20.27446000277996 34.801320001482964 0.32
    endloop
  endfacet
  facet normal 0 0 -1
    outer loop
      vertex 17.12318915128708 30.801387675106525 0.32
      vertex 17.104157619178295 30.887742534279823 0.32
      vertex 20.27446000277996 34.801320001482964 0.32
    endloop
  endfacet
  facet normal 0 0 -1
    outer loop
      vertex 17.16394529491663 30.62006200104952 0.32
      vertex 17.143118374049664 30.71216083317995 0.32
      vertex 20.27446000277996 34.801320001482964 0.32
    endloop
  endfacet
  facet normal 0 0 -1
    outer loop
      vertex 17.086023777723312 30.971225403249264 0.32
      vertex 20.27446000277996 34.801320001482964 0.32
      vertex 17.104157619178295 30.887742534279823 0.32
    endloop
  endfacet
  facet normal 0 0 -1
    outer loop
      vertex 17.086023777723312 30.971225403249264 0.32
      vertex 17.06878763437271 31.051836296916008 0.32
      vertex 20.27446000277996 34.801320001482964 0.32
    endloop
  endfacet
  facet normal 0 0 -1
    outer loop
      vertex 17.06878763437271 31.051836296916008 0.32
      vertex 17.05244918912649 31.129575200378895 0.32
      vertex 20.27446000277996 34.801320001482964 0.32
    endloop
  endfacet
  facet normal 0 0 -1
    outer loop
      vertex 17.05244918912649 31.129575200378895 0.32
      vertex 17.037008434534073 31.204442113637924 0.32
      vertex 20.27446000277996 34.801320001482964 0.32
    endloop
  endfacet
  facet normal 0 0 -1
    outer loop
      vertex 17.037008434534073 31.204442113637924 0.32
      vertex 17.022465370595455 31.276437051594257 0.32
      vertex 20.27446000277996 34.801320001482964 0.32
    endloop
  endfacet
  facet normal 0 0 -1
    outer loop
      vertex 17.022465370595455 31.276437051594257 0.32
      vertex 17.00881999731064 31.345559999346733 0.32
      vertex 20.27446000277996 34.801320001482964 0.32
    endloop
  endfacet
  facet normal 0 0 -1
    outer loop
      vertex 13.742899999022484 34.801320001482964 0.32
      vertex 20.27446000277996 34.801320001482964 0.32
      vertex 17.00881999731064 31.345559999346733 0.32
    endloop
  endfacet
  facet normal -0.9666337421989194 -0.2561624649368309 0
    outer loop
      vertex 17.68255239725113 28.520970813930035 0.32
      vertex 17.68255239725113 28.520970813930035 0.48
      vertex 17.63136850297451 28.714114174246788 0.32
    endloop
  endfacet
  facet normal -0.9675187351685358 -0.25279932179077635 0
    outer loop
      vertex 17.63136850297451 28.714114174246788 0.32
      vertex 17.63136850297451 28.714114174246788 0.48
      vertex 17.58711104094982 28.88349723815918 0.32
    endloop
  endfacet
  facet normal -0.9695917347664347 -0.24472815096064376 0
    outer loop
      vertex 17.51638536900282 29.16142661869526 0.32
      vertex 17.549779996275902 29.02911999821663 0.32
      vertex 17.549779996275902 29.02911999821663 0.48
    endloop
  endfacet
  facet normal -0.9698982046906562 -0.24351072366087304 0
    outer loop
      vertex 17.51638536900282 29.16142661869526 0.32
      vertex 17.51638536900282 29.16142661869526 0.48
      vertex 17.483888432383537 29.29086124897003 0.32
    endloop
  endfacet
  facet normal -0.9686768673624723 -0.24832463960877357 0
    outer loop
      vertex 17.58711104094982 28.88349723815918 0.32
      vertex 17.58711104094982 28.88349723815918 0.48
      vertex 17.549779996275902 29.02911999821663 0.32
    endloop
  endfacet
  facet normal -0.9716339988853421 -0.2364896873228919 0
    outer loop
      vertex 17.36287761479616 29.779879927635193 0.32
      vertex 17.36287761479616 29.779879927635193 0.48
      vertex 17.334869146347046 29.89495462924242 0.32
    endloop
  endfacet
  facet normal -0.9720281326517984 -0.23486444884966698 0
    outer loop
      vertex 17.334869146347046 29.89495462924242 0.32
      vertex 17.334869146347046 29.89495462924242 0.48
      vertex 17.30775837600231 30.00715735554695 0.32
    endloop
  endfacet
  facet normal -0.9702171577602805 -0.24223679899545178 0
    outer loop
      vertex 17.483888432383537 29.29086124897003 0.32
      vertex 17.483888432383537 29.29086124897003 0.48
      vertex 17.452289186418056 29.417423896491528 0.32
    endloop
  endfacet
  facet normal -0.9705493633437393 -0.2409023314811674 0
    outer loop
      vertex 17.452289186418056 29.417423896491528 0.32
      vertex 17.452289186418056 29.417423896491528 0.48
      vertex 17.421587638556957 29.541114553809166 0.32
    endloop
  endfacet
  facet normal -0.9708956284854564 -0.2395029824194901 0
    outer loop
      vertex 17.421587638556957 29.541114553809166 0.32
      vertex 17.421587638556957 29.541114553809166 0.48
      vertex 17.39178378134966 29.661933235824108 0.32
    endloop
  endfacet
  facet normal -0.9712568445709371 -0.23803390908462274 0
    outer loop
      vertex 17.36287761479616 29.779879927635193 0.32
      vertex 17.39178378134966 29.661933235824108 0.32
      vertex 17.39178378134966 29.661933235824108 0.48
    endloop
  endfacet
  facet normal -0.9724403550399314 -0.23315178723272176 0
    outer loop
      vertex 17.30775837600231 30.00715735554695 0.32
      vertex 17.30775837600231 30.00715735554695 0.48
      vertex 17.28154529631138 30.116488091647625 0.32
    endloop
  endfacet
  facet normal -0.9728719291503984 -0.23134435258112981 0
    outer loop
      vertex 17.28154529631138 30.116488091647625 0.32
      vertex 17.28154529631138 30.116488091647625 0.48
      vertex 17.256229907274246 30.222946844995022 0.32
    endloop
  endfacet
  facet normal -0.9733241956930473 -0.22943410835898517 0
    outer loop
      vertex 17.256229907274246 30.222946844995022 0.32
      vertex 17.256229907274246 30.222946844995022 0.48
      vertex 17.231812208890915 30.32653360813856 0.32
    endloop
  endfacet
  facet normal -0.9737986511104242 -0.22741193261462467 0
    outer loop
      vertex 17.231812208890915 30.32653360813856 0.32
      vertex 17.231812208890915 30.32653360813856 0.48
      vertex 17.208292208611965 30.427248395979404 0.32
    endloop
  endfacet
  facet normal -0.9748205917421703 -0.2229906139626623 0
    outer loop
      vertex 17.16394529491663 30.62006200104952 0.32
      vertex 17.185669906437397 30.52509119361639 0.32
      vertex 17.185669906437397 30.52509119361639 0.48
    endloop
  endfacet
  facet normal -0.9753717586741285 -0.2205672967167565 0
    outer loop
      vertex 17.16394529491663 30.62006200104952 0.32
      vertex 17.16394529491663 30.62006200104952 0.48
      vertex 17.143118374049664 30.71216083317995 0.32
    endloop
  endfacet
  facet normal -0.9759524675745062 -0.21798344211254322 0
    outer loop
      vertex 17.143118374049664 30.71216083317995 0.32
      vertex 17.143118374049664 30.71216083317995 0.48
      vertex 17.12318915128708 30.801387675106525 0.32
    endloop
  endfacet
  facet normal -0.9742968689170737 -0.22526786548104563 0
    outer loop
      vertex 17.208292208611965 30.427248395979404 0.32
      vertex 17.208292208611965 30.427248395979404 0.48
      vertex 17.185669906437397 30.52509119361639 0.32
    endloop
  endfacet
  facet normal -0.9778958159903599 -0.2090927379622453 0
    outer loop
      vertex 17.086023777723312 30.971225403249264 0.32
      vertex 17.086023777723312 30.971225403249264 0.48
      vertex 17.06878763437271 31.051836296916008 0.32
    endloop
  endfacet
  facet normal -0.976564989839596 -0.21522272328820174 0
    outer loop
      vertex 17.12318915128708 30.801387675106525 0.32
      vertex 17.12318915128708 30.801387675106525 0.48
      vertex 17.104157619178295 30.887742534279823 0.32
    endloop
  endfacet
  facet normal -0.9772118463071621 -0.2122663596450167 0
    outer loop
      vertex 17.086023777723312 30.971225403249264 0.32
      vertex 17.104157619178295 30.887742534279823 0.32
      vertex 17.104157619178295 30.887742534279823 0.48
    endloop
  endfacet
  facet normal -0.978619870741004 -0.2056772923559151 0
    outer loop
      vertex 17.06878763437271 31.051836296916008 0.32
      vertex 17.06878763437271 31.051836296916008 0.48
      vertex 17.05244918912649 31.129575200378895 0.32
    endloop
  endfacet
  facet normal -0.9793872788365285 -0.20199148014998058 0
    outer loop
      vertex 17.05244918912649 31.129575200378895 0.32
      vertex 17.05244918912649 31.129575200378895 0.48
      vertex 17.037008434534073 31.204442113637924 0.32
    endloop
  endfacet
  facet normal -0.9802016346780241 -0.19800190750224989 0
    outer loop
      vertex 17.037008434534073 31.204442113637924 0.32
      vertex 17.037008434534073 31.204442113637924 0.48
      vertex 17.022465370595455 31.276437051594257 0.32
    endloop
  endfacet
  facet normal -0.9810667848903216 -0.19366972810681346 0
    outer loop
      vertex 17.022465370595455 31.276437051594257 0.32
      vertex 17.022465370595455 31.276437051594257 0.48
      vertex 17.00881999731064 31.345559999346733 0.32
    endloop
  endfacet
  facet normal 0.9817911077292458 -0.1899637354438485 0
    outer loop
      vertex 16.99511481821537 31.274727411568165 0.32
      vertex 17.00881999731064 31.345559999346733 0.32
      vertex 17.00881999731064 31.345559999346733 0.48
    endloop
  endfacet
  facet normal -0.9659356641607248 -0.25878232687411107 0
    outer loop
      vertex 17.68255239725113 28.520970813930035 0.32
      vertex 17.74066272377968 28.30406714230776 0.48
      vertex 17.68255239725113 28.520970813930035 0.48
    endloop
  endfacet
  facet normal -0.9666337421989194 -0.2561624649368309 0
    outer loop
      vertex 17.63136850297451 28.714114174246788 0.32
      vertex 17.68255239725113 28.520970813930035 0.48
      vertex 17.63136850297451 28.714114174246788 0.48
    endloop
  endfacet
  facet normal -0.9695917347664347 -0.24472815096064376 0
    outer loop
      vertex 17.51638536900282 29.16142661869526 0.32
      vertex 17.549779996275902 29.02911999821663 0.48
      vertex 17.51638536900282 29.16142661869526 0.48
    endloop
  endfacet
  facet normal -0.9675187351685358 -0.25279932179077635 0
    outer loop
      vertex 17.58711104094982 28.88349723815918 0.32
      vertex 17.63136850297451 28.714114174246788 0.48
      vertex 17.58711104094982 28.88349723815918 0.48
    endloop
  endfacet
  facet normal -0.9686768673624723 -0.24832463960877357 0
    outer loop
      vertex 17.549779996275902 29.02911999821663 0.32
      vertex 17.58711104094982 28.88349723815918 0.48
      vertex 17.549779996275902 29.02911999821663 0.48
    endloop
  endfacet
  facet normal -0.9716339988853421 -0.2364896873228919 0
    outer loop
      vertex 17.334869146347046 29.89495462924242 0.32
      vertex 17.36287761479616 29.779879927635193 0.48
      vertex 17.334869146347046 29.89495462924242 0.48
    endloop
  endfacet
  facet normal -0.9720281326517984 -0.23486444884966698 0
    outer loop
      vertex 17.30775837600231 30.00715735554695 0.32
      vertex 17.334869146347046 29.89495462924242 0.48
      vertex 17.30775837600231 30.00715735554695 0.48
    endloop
  endfacet
  facet normal -0.9698982046906562 -0.24351072366087304 0
    outer loop
      vertex 17.483888432383537 29.29086124897003 0.32
      vertex 17.51638536900282 29.16142661869526 0.48
      vertex 17.483888432383537 29.29086124897003 0.48
    endloop
  endfacet
  facet normal -0.9702171577602805 -0.24223679899545178 0
    outer loop
      vertex 17.452289186418056 29.417423896491528 0.32
      vertex 17.483888432383537 29.29086124897003 0.48
      vertex 17.452289186418056 29.417423896491528 0.48
    endloop
  endfacet
  facet normal -0.9705493633437393 -0.2409023314811674 0
    outer loop
      vertex 17.421587638556957 29.541114553809166 0.32
      vertex 17.452289186418056 29.417423896491528 0.48
      vertex 17.421587638556957 29.541114553809166 0.48
    endloop
  endfacet
  facet normal -0.9708956284854564 -0.2395029824194901 0
    outer loop
      vertex 17.39178378134966 29.661933235824108 0.32
      vertex 17.421587638556957 29.541114553809166 0.48
      vertex 17.39178378134966 29.661933235824108 0.48
    endloop
  endfacet
  facet normal -0.9712568445709371 -0.23803390908462274 0
    outer loop
      vertex 17.36287761479616 29.779879927635193 0.32
      vertex 17.39178378134966 29.661933235824108 0.48
      vertex 17.36287761479616 29.779879927635193 0.48
    endloop
  endfacet
  facet normal -0.9728719291503984 -0.23134435258112981 0
    outer loop
      vertex 17.256229907274246 30.222946844995022 0.32
      vertex 17.28154529631138 30.116488091647625 0.48
      vertex 17.256229907274246 30.222946844995022 0.48
    endloop
  endfacet
  facet normal -0.9724403550399314 -0.23315178723272176 0
    outer loop
      vertex 17.28154529631138 30.116488091647625 0.32
      vertex 17.30775837600231 30.00715735554695 0.48
      vertex 17.28154529631138 30.116488091647625 0.48
    endloop
  endfacet
  facet normal -0.9733241956930473 -0.22943410835898517 0
    outer loop
      vertex 17.231812208890915 30.32653360813856 0.32
      vertex 17.256229907274246 30.222946844995022 0.48
      vertex 17.231812208890915 30.32653360813856 0.48
    endloop
  endfacet
  facet normal -0.9737986511104242 -0.22741193261462467 0
    outer loop
      vertex 17.208292208611965 30.427248395979404 0.32
      vertex 17.231812208890915 30.32653360813856 0.48
      vertex 17.208292208611965 30.427248395979404 0.48
    endloop
  endfacet
  facet normal -0.9748205917421703 -0.2229906139626623 0
    outer loop
      vertex 17.16394529491663 30.62006200104952 0.32
      vertex 17.185669906437397 30.52509119361639 0.48
      vertex 17.16394529491663 30.62006200104952 0.48
    endloop
  endfacet
  facet normal -0.9753717586741285 -0.2205672967167565 0
    outer loop
      vertex 17.143118374049664 30.71216083317995 0.32
      vertex 17.16394529491663 30.62006200104952 0.48
      vertex 17.143118374049664 30.71216083317995 0.48
    endloop
  endfacet
  facet normal -0.9759524675745062 -0.21798344211254322 0
    outer loop
      vertex 17.12318915128708 30.801387675106525 0.32
      vertex 17.143118374049664 30.71216083317995 0.48
      vertex 17.12318915128708 30.801387675106525 0.48
    endloop
  endfacet
  facet normal -0.9742968689170737 -0.22526786548104563 0
    outer loop
      vertex 17.185669906437397 30.52509119361639 0.32
      vertex 17.208292208611965 30.427248395979404 0.48
      vertex 17.185669906437397 30.52509119361639 0.48
    endloop
  endfacet
  facet normal -0.976564989839596 -0.21522272328820174 0
    outer loop
      vertex 17.104157619178295 30.887742534279823 0.32
      vertex 17.12318915128708 30.801387675106525 0.48
      vertex 17.104157619178295 30.887742534279823 0.48
    endloop
  endfacet
  facet normal -0.9772118463071621 -0.2122663596450167 0
    outer loop
      vertex 17.086023777723312 30.971225403249264 0.32
      vertex 17.104157619178295 30.887742534279823 0.48
      vertex 17.086023777723312 30.971225403249264 0.48
    endloop
  endfacet
  facet normal -0.9778958159903599 -0.2090927379622453 0
    outer loop
      vertex 17.06878763437271 31.051836296916008 0.32
      vertex 17.086023777723312 30.971225403249264 0.48
      vertex 17.06878763437271 31.051836296916008 0.48
    endloop
  endfacet
  facet normal -0.978619870741004 -0.2056772923559151 0
    outer loop
      vertex 17.05244918912649 31.129575200378895 0.32
      vertex 17.06878763437271 31.051836296916008 0.48
      vertex 17.05244918912649 31.129575200378895 0.48
    endloop
  endfacet
  facet normal -0.9793872788365285 -0.20199148014998058 0
    outer loop
      vertex 17.037008434534073 31.204442113637924 0.32
      vertex 17.05244918912649 31.129575200378895 0.48
      vertex 17.037008434534073 31.204442113637924 0.48
    endloop
  endfacet
  facet normal -0.9802016346780241 -0.19800190750224989 0
    outer loop
      vertex 17.022465370595455 31.276437051594257 0.32
      vertex 17.037008434534073 31.204442113637924 0.48
      vertex 17.022465370595455 31.276437051594257 0.48
    endloop
  endfacet
  facet normal 0.9817911077292458 -0.1899637354438485 0
    outer loop
      vertex 16.99511481821537 31.274727411568165 0.32
      vertex 17.00881999731064 31.345559999346733 0.48
      vertex 16.99511481821537 31.274727411568165 0.48
    endloop
  endfacet
  facet normal -0.9810667848903216 -0.19366972810681346 0
    outer loop
      vertex 17.00881999731064 31.345559999346733 0.32
      vertex 17.022465370595455 31.276437051594257 0.48
      vertex 17.00881999731064 31.345559999346733 0.48
    endloop
  endfacet
  facet normal 0 0 1
    outer loop
      vertex 17.51638536900282 29.16142661869526 0.48
      vertex 17.549779996275902 29.02911999821663 0.48
      vertex 20.27446000277996 34.801320001482964 0.48
    endloop
  endfacet
  facet normal 0 0 1
    outer loop
      vertex 17.51638536900282 29.16142661869526 0.48
      vertex 20.27446000277996 34.801320001482964 0.48
      vertex 17.483888432383537 29.29086124897003 0.48
    endloop
  endfacet
  facet normal 0 0 1
    outer loop
      vertex 17.483888432383537 29.29086124897003 0.48
      vertex 20.27446000277996 34.801320001482964 0.48
      vertex 17.452289186418056 29.417423896491528 0.48
    endloop
  endfacet
  facet normal 0 0 1
    outer loop
      vertex 17.421587638556957 29.541114553809166 0.48
      vertex 20.27446000277996 34.801320001482964 0.48
      vertex 17.39178378134966 29.661933235824108 0.48
    endloop
  endfacet
  facet normal 0 0 1
    outer loop
      vertex 17.452289186418056 29.417423896491528 0.48
      vertex 20.27446000277996 34.801320001482964 0.48
      vertex 17.421587638556957 29.541114553809166 0.48
    endloop
  endfacet
  facet normal 0 0 1
    outer loop
      vertex 17.36287761479616 29.779879927635193 0.48
      vertex 17.39178378134966 29.661933235824108 0.48
      vertex 20.27446000277996 34.801320001482964 0.48
    endloop
  endfacet
  facet normal 0 0 1
    outer loop
      vertex 17.36287761479616 29.779879927635193 0.48
      vertex 20.27446000277996 34.801320001482964 0.48
      vertex 17.334869146347046 29.89495462924242 0.48
    endloop
  endfacet
  facet normal 0 0 1
    outer loop
      vertex 17.334869146347046 29.89495462924242 0.48
      vertex 20.27446000277996 34.801320001482964 0.48
      vertex 17.30775837600231 30.00715735554695 0.48
    endloop
  endfacet
  facet normal 0 0 1
    outer loop
      vertex 18.04236827790737 27.198849454522133 0.48
      vertex 18.13511073589325 26.863144271075726 0.48
      vertex 20.27446000277996 34.801320001482964 0.48
    endloop
  endfacet
  facet normal 0 0 1
    outer loop
      vertex 18.04236827790737 27.198849454522133 0.48
      vertex 20.27446000277996 34.801320001482964 0.48
      vertex 17.956552252173424 27.510794326663017 0.48
    endloop
  endfacet
  facet normal 0 0 1
    outer loop
      vertex 18.234779618680477 26.503678791224957 0.48
      vertex 20.27446000277996 34.801320001482964 0.48
      vertex 18.13511073589325 26.863144271075726 0.48
    endloop
  endfacet
  facet normal 0 0 1
    outer loop
      vertex 17.805699467658997 28.06340317428112 0.48
      vertex 20.27446000277996 34.801320001482964 0.48
      vertex 17.74066272377968 28.30406714230776 0.48
    endloop
  endfacet
  facet normal 0 0 1
    outer loop
      vertex 17.956552252173424 27.510794326663017 0.48
      vertex 20.27446000277996 34.801320001482964 0.48
      vertex 17.877662643790245 27.79897890239954 0.48
    endloop
  endfacet
  facet normal 0 0 1
    outer loop
      vertex 17.877662643790245 27.79897890239954 0.48
      vertex 20.27446000277996 34.801320001482964 0.48
      vertex 17.805699467658997 28.06340317428112 0.48
    endloop
  endfacet
  facet normal 0 0 1
    outer loop
      vertex 17.74066272377968 28.30406714230776 0.48
      vertex 20.27446000277996 34.801320001482964 0.48
      vertex 17.68255239725113 28.520970813930035 0.48
    endloop
  endfacet
  facet normal 0 0 1
    outer loop
      vertex 17.68255239725113 28.520970813930035 0.48
      vertex 20.27446000277996 34.801320001482964 0.48
      vertex 17.63136850297451 28.714114174246788 0.48
    endloop
  endfacet
  facet normal 0 0 1
    outer loop
      vertex 17.63136850297451 28.714114174246788 0.48
      vertex 20.27446000277996 34.801320001482964 0.48
      vertex 17.58711104094982 28.88349723815918 0.48
    endloop
  endfacet
  facet normal 0 0 1
    outer loop
      vertex 17.58711104094982 28.88349723815918 0.48
      vertex 20.27446000277996 34.801320001482964 0.48
      vertex 17.549779996275902 29.02911999821663 0.48
    endloop
  endfacet
  facet normal 0 1 0
    outer loop
      vertex 13.742899999022484 34.801320001482964 0.32
      vertex 20.27446000277996 34.801320001482964 0.48
      vertex 20.27446000277996 34.801320001482964 0.32
    endloop
  endfacet
  facet normal 0 0 1
    outer loop
      vertex 17.28154529631138 30.116488091647625 0.48
      vertex 20.27446000277996 34.801320001482964 0.48
      vertex 17.256229907274246 30.222946844995022 0.48
    endloop
  endfacet
  facet normal 0 0 1
    outer loop
      vertex 17.256229907274246 30.222946844995022 0.48
      vertex 20.27446000277996 34.801320001482964 0.48
      vertex 17.231812208890915 30.32653360813856 0.48
    endloop
  endfacet
  facet normal 0 0 1
    outer loop
      vertex 17.231812208890915 30.32653360813856 0.48
      vertex 20.27446000277996 34.801320001482964 0.48
      vertex 17.208292208611965 30.427248395979404 0.48
    endloop
  endfacet
  facet normal 0 0 1
    outer loop
      vertex 17.208292208611965 30.427248395979404 0.48
      vertex 20.27446000277996 34.801320001482964 0.48
      vertex 17.185669906437397 30.52509119361639 0.48
    endloop
  endfacet
  facet normal 0 0 1
    outer loop
      vertex 17.16394529491663 30.62006200104952 0.48
      vertex 17.185669906437397 30.52509119361639 0.48
      vertex 20.27446000277996 34.801320001482964 0.48
    endloop
  endfacet
  facet normal 0 0 1
    outer loop
      vertex 17.30775837600231 30.00715735554695 0.48
      vertex 20.27446000277996 34.801320001482964 0.48
      vertex 17.28154529631138 30.116488091647625 0.48
    endloop
  endfacet
  facet normal 0 0 1
    outer loop
      vertex 17.143118374049664 30.71216083317995 0.48
      vertex 20.27446000277996 34.801320001482964 0.48
      vertex 17.12318915128708 30.801387675106525 0.48
    endloop
  endfacet
  facet normal 0 0 1
    outer loop
      vertex 17.12318915128708 30.801387675106525 0.48
      vertex 20.27446000277996 34.801320001482964 0.48
      vertex 17.104157619178295 30.887742534279823 0.48
    endloop
  endfacet
  facet normal 0 0 1
    outer loop
      vertex 17.16394529491663 30.62006200104952 0.48
      vertex 20.27446000277996 34.801320001482964 0.48
      vertex 17.143118374049664 30.71216083317995 0.48
    endloop
  endfacet
  facet normal 0 0 1
    outer loop
      vertex 17.086023777723312 30.971225403249264 0.48
      vertex 17.104157619178295 30.887742534279823 0.48
      vertex 20.27446000277996 34.801320001482964 0.48
    endloop
  endfacet
  facet normal 0 0 1
    outer loop
      vertex 17.086023777723312 30.971225403249264 0.48
      vertex 20.27446000277996 34.801320001482964 0.48
      vertex 17.06878763437271 31.051836296916008 0.48
    endloop
  endfacet
  facet normal 0 0 1
    outer loop
      vertex 17.06878763437271 31.051836296916008 0.48
      vertex 20.27446000277996 34.801320001482964 0.48
      vertex 17.05244918912649 31.129575200378895 0.48
    endloop
  endfacet
  facet normal 0 0 1
    outer loop
      vertex 17.05244918912649 31.129575200378895 0.48
      vertex 20.27446000277996 34.801320001482964 0.48
      vertex 17.037008434534073 31.204442113637924 0.48
    endloop
  endfacet
  facet normal 0 0 1
    outer loop
      vertex 17.037008434534073 31.204442113637924 0.48
      vertex 20.27446000277996 34.801320001482964 0.48
      vertex 17.022465370595455 31.276437051594257 0.48
    endloop
  endfacet
  facet normal 0 0 1
    outer loop
      vertex 17.022465370595455 31.276437051594257 0.48
      vertex 20.27446000277996 34.801320001482964 0.48
      vertex 17.00881999731064 31.345559999346733 0.48
    endloop
  endfacet
  facet normal 0 0 1
    outer loop
      vertex 13.742899999022484 34.801320001482964 0.48
      vertex 17.00881999731064 31.345559999346733 0.48
      vertex 20.27446000277996 34.801320001482964 0.48
    endloop
  endfacet
  facet normal 0.9502883081720146 0.3113713720809449 0
    outer loop
      vertex 20.27446000277996 34.801320001482964 0.32
      vertex 20.27446000277996 34.801320001482964 0.48
      vertex 24.387024260048857 22.25 0.32
    endloop
  endfacet
  facet normal 0.9502883081720146 0.3113713720809449 0
    outer loop
      vertex 20.27446000277996 34.801320001482964 0.48
      vertex 24.387024260048857 22.25 0.48
      vertex 24.387024260048857 22.25 0.32
    endloop
  endfacet
  facet normal 0 1 0
    outer loop
      vertex 9.456946892011135 21.75 0.48
      vertex 14.445595738705464 21.75 0.48
      vertex 9.456946892011135 21.75 0.32
    endloop
  endfacet
  facet normal 0 1 0
    outer loop
      vertex 14.445595738705464 21.75 0.48
      vertex 14.445595738705464 21.75 0.32
      vertex 9.456946892011135 21.75 0.32
    endloop
  endfacet
  facet normal 0 -1 0
    outer loop
      vertex 9.62114304636657 22.25 0.32
      vertex 14.586733287301033 22.25 0.32
      vertex 9.62114304636657 22.25 0.48
    endloop
  endfacet
  facet normal 0 -1 0
    outer loop
      vertex 14.586733287301033 22.25 0.48
      vertex 9.62114304636657 22.25 0.48
      vertex 14.586733287301033 22.25 0.32
    endloop
  endfacet
  facet normal 0 1 0
    outer loop
      vertex 19.57060585734998 21.75 0.48
      vertex 24.55085421007734 21.75 0.48
      vertex 19.57060585734998 21.75 0.32
    endloop
  endfacet
  facet normal 0 1 0
    outer loop
      vertex 24.55085421007734 21.75 0.32
      vertex 19.57060585734998 21.75 0.32
      vertex 24.55085421007734 21.75 0.48
    endloop
  endfacet
  facet normal 0 -1 0
    outer loop
      vertex 19.429155059647034 22.25 0.32
      vertex 24.387024260048857 22.25 0.32
      vertex 19.429155059647034 22.25 0.48
    endloop
  endfacet
  facet normal 0 -1 0
    outer loop
      vertex 24.387024260048857 22.25 0.48
      vertex 19.429155059647034 22.25 0.48
      vertex 24.387024260048857 22.25 0.32
    endloop
  endfacet
  facet normal -1 0 0
    outer loop
      vertex 7.932619996368885 34.812799997627735 0
      vertex 7.932619996368885 22.25 0
      vertex 7.932619996368885 22.25 0.16
    endloop
  endfacet
  facet normal 0 0 -1
    outer loop
      vertex 7.932619996368885 34.812799997627735 0
      vertex 13.534019999206066 23.55315999686718 0
      vertex 7.932619996368885 22.25 0
    endloop
  endfacet
  facet normal 0 0 1
    outer loop
      vertex 7.932619996368885 34.812799997627735 0.16
      vertex 7.932619996368885 22.25 0.16
      vertex 13.534019999206066 23.55315999686718 0.16
    endloop
  endfacet
  facet normal -1 0 0
    outer loop
      vertex 7.932619996368885 34.812799997627735 0
      vertex 7.932619996368885 22.25 0.16
      vertex 7.932619996368885 34.812799997627735 0.16
    endloop
  endfacet
  facet normal 0 0 -1
    outer loop
      vertex 13.534019999206066 23.55315999686718 0
      vertex 18.280859999358654 23.55315999686718 0
      vertex 7.932619996368885 22.25 0
    endloop
  endfacet
  facet normal 1 0 0
    outer loop
      vertex 13.534019999206066 23.55315999686718 0
      vertex 13.534019999206066 30.654519997537136 0
      vertex 13.534019999206066 30.654519997537136 0.16
    endloop
  endfacet
  facet normal 1 0 0
    outer loop
      vertex 13.534019999206066 23.55315999686718 0
      vertex 13.534019999206066 30.654519997537136 0.16
      vertex 13.534019999206066 23.55315999686718 0.16
    endloop
  endfacet
  facet normal 0 0 -1
    outer loop
      vertex 18.280859999358654 23.55315999686718 0
      vertex 18.44589538872242 23.55486487597227 0
      vertex 7.932619996368885 22.25 0
    endloop
  endfacet
  facet normal 0 0 -1
    outer loop
      vertex 18.44589538872242 23.55486487597227 0
      vertex 18.60748502612114 23.559979505836964 0
      vertex 7.932619996368885 22.25 0
    endloop
  endfacet
  facet normal 0 0 -1
    outer loop
      vertex 18.60748502612114 23.559979505836964 0
      vertex 18.765628919005394 23.56850389391184 0
      vertex 7.932619996368885 22.25 0
    endloop
  endfacet
  facet normal 0 0 -1
    outer loop
      vertex 18.765628919005394 23.56850389391184 0
      vertex 18.920327067375183 23.580438032746315 0
      vertex 7.932619996368885 22.25 0
    endloop
  endfacet
  facet normal 0 0 -1
    outer loop
      vertex 18.920327067375183 23.580438032746315 0
      vertex 19.071579471230507 23.595781929790974 0
      vertex 7.932619996368885 22.25 0
    endloop
  endfacet
  facet normal 0 1 0
    outer loop
      vertex 13.534019999206066 23.55315999686718 0
      vertex 13.534019999206066 23.55315999686718 0.16
      vertex 18.280859999358654 23.55315999686718 0
    endloop
  endfacet
  facet normal 0 1 0
    outer loop
      vertex 13.534019999206066 23.55315999686718 0.16
      vertex 18.280859999358654 23.55315999686718 0.16
      vertex 18.280859999358654 23.55315999686718 0
    endloop
  endfacet
  facet normal 0 0 1
    outer loop
      vertex 13.534019999206066 23.55315999686718 0.16
      vertex 7.932619996368885 22.25 0.16
      vertex 24.622100826024337 22.25 0.16
    endloop
  endfacet
  facet normal 0 0 -1
    outer loop
      vertex 7.932619996368885 34.812799997627735 0
      vertex 13.534019999206066 30.654519997537136 0
      vertex 13.534019999206066 23.55315999686718 0
    endloop
  endfacet
  facet normal 0 0 -1
    outer loop
      vertex 7.932619996368885 34.812799997627735 0
      vertex 18.983379997313023 34.812799997627735 0
      vertex 13.534019999206066 30.654519997537136 0
    endloop
  endfacet
  facet normal 0 1 0
    outer loop
      vertex 7.932619996368885 34.812799997627735 0
      vertex 7.932619996368885 34.812799997627735 0.16
      vertex 18.983379997313023 34.812799997627735 0.16
    endloop
  endfacet
  facet normal 0 -1 0
    outer loop
      vertex 13.534019999206066 30.654519997537136 0
      vertex 18.413860000669956 30.654519997537136 0
      vertex 18.413860000669956 30.654519997537136 0.16
    endloop
  endfacet
  facet normal 0 -1 0
    outer loop
      vertex 13.534019999206066 30.654519997537136 0
      vertex 18.413860000669956 30.654519997537136 0.16
      vertex 13.534019999206066 30.654519997537136 0.16
    endloop
  endfacet
  facet normal 0 1 0
    outer loop
      vertex 7.932619996368885 34.812799997627735 0
      vertex 18.983379997313023 34.812799997627735 0.16
      vertex 18.983379997313023 34.812799997627735 0
    endloop
  endfacet
  facet normal 0 0 -1
    outer loop
      vertex 13.534019999206066 30.654519997537136 0
      vertex 18.983379997313023 34.812799997627735 0
      vertex 18.413860000669956 30.654519997537136 0
    endloop
  endfacet
  facet normal 0 0 1
    outer loop
      vertex 7.932619996368885 34.812799997627735 0.16
      vertex 13.534019999206066 23.55315999686718 0.16
      vertex 13.534019999206066 30.654519997537136 0.16
    endloop
  endfacet
  facet normal 0 0 1
    outer loop
      vertex 7.932619996368885 34.812799997627735 0.16
      vertex 13.534019999206066 30.654519997537136 0.16
      vertex 18.983379997313023 34.812799997627735 0.16
    endloop
  endfacet
  facet normal 0 0 1
    outer loop
      vertex 13.534019999206066 30.654519997537136 0.16
      vertex 18.413860000669956 30.654519997537136 0.16
      vertex 18.983379997313023 34.812799997627735 0.16
    endloop
  endfacet
  facet normal 0 0 -1
    outer loop
      vertex 19.071579471230507 23.595781929790974 0
      vertex 24.622100826024337 22.25 0
      vertex 7.932619996368885 22.25 0
    endloop
  endfacet
  facet normal -0.010329833796719352 0.9999466458435331 0
    outer loop
      vertex 18.280859999358654 23.55315999686718 0
      vertex 18.280859999358654 23.55315999686718 0.16
      vertex 18.44589538872242 23.55486487597227 0
    endloop
  endfacet
  facet normal -0.03163612365330879 0.9994994525662295 0
    outer loop
      vertex 18.44589538872242 23.55486487597227 0
      vertex 18.44589538872242 23.55486487597227 0.16
      vertex 18.60748502612114 23.559979505836964 0
    endloop
  endfacet
  facet normal -0.053824596168682064 0.9985504057619116 0
    outer loop
      vertex 18.60748502612114 23.559979505836964 0
      vertex 18.60748502612114 23.559979505836964 0.16
      vertex 18.765628919005394 23.56850389391184 0
    endloop
  endfacet
  facet normal -0.07691614189208523 0.9970375655492809 0
    outer loop
      vertex 18.765628919005394 23.56850389391184 0
      vertex 18.765628919005394 23.56850389391184 0.16
      vertex 18.920327067375183 23.580438032746315 0
    endloop
  endfacet
  facet normal -0.10092763604478577 0.994893769345457 0
    outer loop
      vertex 18.920327067375183 23.580438032746315 0
      vertex 18.920327067375183 23.580438032746315 0.16
      vertex 19.071579471230507 23.595781929790974 0
    endloop
  endfacet
  facet normal -0.1258704792497431 0.9920466836058875 0
    outer loop
      vertex 19.071579471230507 23.595781929790974 0
      vertex 19.071579471230507 23.595781929790974 0.16
      vertex 19.219386123120785 23.614535577595234 0
    endloop
  endfacet
  facet normal -0.15174969214090572 0.9884189551678683 0
    outer loop
      vertex 19.219386123120785 23.614535577595234 0
      vertex 19.219386123120785 23.614535577595234 0.16
      vertex 19.363747030496597 23.636698976159096 0
    endloop
  endfacet
  facet normal -0.17856247143465898 0.9839285765720734 0
    outer loop
      vertex 19.363747030496597 23.636698976159096 0
      vertex 19.363747030496597 23.636698976159096 0.16
      vertex 19.504662193357944 23.66227213293314 0
    endloop
  endfacet
  facet normal -0.20629664238538 0.9784894967962194 0
    outer loop
      vertex 19.504662193357944 23.66227213293314 0
      vertex 19.504662193357944 23.66227213293314 0.16
      vertex 19.642131604254246 23.691255047917366 0
    endloop
  endfacet
  facet normal -0.23492921974680525 0.9720124802229431 0
    outer loop
      vertex 19.642131604254246 23.691255047917366 0
      vertex 19.642131604254246 23.691255047917366 0.16
      vertex 19.77615527063608 23.723647713661194 0
    endloop
  endfacet
  facet normal -0.2644250522222766 0.9644062379294559 0
    outer loop
      vertex 19.77615527063608 23.723647713661194 0
      vertex 19.77615527063608 23.723647713661194 0.16
      vertex 19.906733192503452 23.759450130164623 0
    endloop
  endfacet
  facet normal -0.010329833796719352 0.9999466458435331 0
    outer loop
      vertex 18.44589538872242 23.55486487597227 0
      vertex 18.280859999358654 23.55315999686718 0.16
      vertex 18.44589538872242 23.55486487597227 0.16
    endloop
  endfacet
  facet normal -0.03163612365330879 0.9994994525662295 0
    outer loop
      vertex 18.60748502612114 23.559979505836964 0
      vertex 18.44589538872242 23.55486487597227 0.16
      vertex 18.60748502612114 23.559979505836964 0.16
    endloop
  endfacet
  facet normal -0.053824596168682064 0.9985504057619116 0
    outer loop
      vertex 18.765628919005394 23.56850389391184 0
      vertex 18.60748502612114 23.559979505836964 0.16
      vertex 18.765628919005394 23.56850389391184 0.16
    endloop
  endfacet
  facet normal -0.07691614189208523 0.9970375655492809 0
    outer loop
      vertex 18.920327067375183 23.580438032746315 0
      vertex 18.765628919005394 23.56850389391184 0.16
      vertex 18.920327067375183 23.580438032746315 0.16
    endloop
  endfacet
  facet normal -0.10092763604478577 0.994893769345457 0
    outer loop
      vertex 19.071579471230507 23.595781929790974 0
      vertex 18.920327067375183 23.580438032746315 0.16
      vertex 19.071579471230507 23.595781929790974 0.16
    endloop
  endfacet
  facet normal -0.1258704792497431 0.9920466836058875 0
    outer loop
      vertex 19.219386123120785 23.614535577595234 0
      vertex 19.071579471230507 23.595781929790974 0.16
      vertex 19.219386123120785 23.614535577595234 0.16
    endloop
  endfacet
  facet normal -0.15174969214090572 0.9884189551678683 0
    outer loop
      vertex 19.363747030496597 23.636698976159096 0
      vertex 19.219386123120785 23.614535577595234 0.16
      vertex 19.363747030496597 23.636698976159096 0.16
    endloop
  endfacet
  facet normal -0.17856247143465898 0.9839285765720734 0
    outer loop
      vertex 19.504662193357944 23.66227213293314 0
      vertex 19.363747030496597 23.636698976159096 0.16
      vertex 19.504662193357944 23.66227213293314 0.16
    endloop
  endfacet
  facet normal -0.20629664238538 0.9784894967962194 0
    outer loop
      vertex 19.642131604254246 23.691255047917366 0
      vertex 19.504662193357944 23.66227213293314 0.16
      vertex 19.642131604254246 23.691255047917366 0.16
    endloop
  endfacet
  facet normal -0.23492921974680525 0.9720124802229431 0
    outer loop
      vertex 19.77615527063608 23.723647713661194 0
      vertex 19.642131604254246 23.691255047917366 0.16
      vertex 19.77615527063608 23.723647713661194 0.16
    endloop
  endfacet
  facet normal -0.2644250522222766 0.9644062379294559 0
    outer loop
      vertex 19.906733192503452 23.759450130164623 0
      vertex 19.77615527063608 23.723647713661194 0.16
      vertex 19.906733192503452 23.759450130164623 0.16
    endloop
  endfacet
  facet normal 0 0 -1
    outer loop
      vertex 19.071579471230507 23.595781929790974 0
      vertex 19.219386123120785 23.614535577595234 0
      vertex 24.622100826024337 22.25 0
    endloop
  endfacet
  facet normal 0 0 -1
    outer loop
      vertex 19.219386123120785 23.614535577595234 0
      vertex 19.363747030496597 23.636698976159096 0
      vertex 24.622100826024337 22.25 0
    endloop
  endfacet
  facet normal 0 0 -1
    outer loop
      vertex 19.363747030496597 23.636698976159096 0
      vertex 19.504662193357944 23.66227213293314 0
      vertex 24.622100826024337 22.25 0
    endloop
  endfacet
  facet normal 0 0 -1
    outer loop
      vertex 19.504662193357944 23.66227213293314 0
      vertex 19.642131604254246 23.691255047917366 0
      vertex 24.622100826024337 22.25 0
    endloop
  endfacet
  facet normal 0 0 -1
    outer loop
      vertex 19.642131604254246 23.691255047917366 0
      vertex 19.77615527063608 23.723647713661194 0
      vertex 24.622100826024337 22.25 0
    endloop
  endfacet
  facet normal -0.29473521208191905 0.9555789631208014 0
    outer loop
      vertex 19.906733192503452 23.759450130164623 0
      vertex 19.906733192503452 23.759450130164623 0.16
      vertex 20.033865369856358 23.798662304878235 0
    endloop
  endfacet
  facet normal -0.3257955773224566 0.9454402370309438 0
    outer loop
      vertex 20.033865369856358 23.798662304878235 0
      vertex 20.033865369856358 23.798662304878235 0.16
      vertex 20.157551795244217 23.84128423780203 0
    endloop
  endfacet
  facet normal -0.3575257053879918 0.933903297984764 0
    outer loop
      vertex 20.157551795244217 23.84128423780203 0
      vertex 20.157551795244217 23.84128423780203 0.16
      vertex 20.27779247611761 23.887315914034843 0
    endloop
  endfacet
  facet normal -0.38982857050200853 0.9208874445991543 0
    outer loop
      vertex 20.27779247611761 23.887315914034843 0
      vertex 20.27779247611761 23.887315914034843 0.16
      vertex 20.39458741247654 23.93675735592842 0
    endloop
  endfacet
  facet normal -0.42258931409094136 0.9063212849846063 0
    outer loop
      vertex 20.39458741247654 23.93675735592842 0
      vertex 20.39458741247654 23.93675735592842 0.16
      vertex 20.507936596870422 23.98960854113102 0
    endloop
  endfacet
  facet normal -0.4556766064536562 0.8901453984214489 0
    outer loop
      vertex 20.507936596870422 23.98960854113102 0
      vertex 20.507936596870422 23.98960854113102 0.16
      vertex 20.61784003674984 24.04586949199438 0
    endloop
  endfacet
  facet normal -0.48894257500739674 0.872315973913774 0
    outer loop
      vertex 20.61784003674984 24.04586949199438 0
      vertex 20.61784003674984 24.04586949199438 0.16
      vertex 20.724297732114792 24.105540186166763 0
    endloop
  endfacet
  facet normal -0.5222256533558084 0.8528073445844021 0
    outer loop
      vertex 20.724297732114792 24.105540186166763 0
      vertex 20.724297732114792 24.105540186166763 0.16
      vertex 20.827309675514698 24.16862064599991 0
    endloop
  endfacet
  facet normal -0.5553518913968816 0.8316154620507643 0
    outer loop
      vertex 20.827309675514698 24.16862064599991 0
      vertex 20.827309675514698 24.16862064599991 0.16
      vertex 20.92687588185072 24.235110849142075 0
    endloop
  endfacet
  facet normal -0.5881396483937574 0.8087593919005006 0
    outer loop
      vertex 20.92687588185072 24.235110849142075 0
      vertex 20.92687588185072 24.235110849142075 0.16
      vertex 21.022996336221695 24.305010810494423 0
    endloop
  endfacet
  facet normal -0.620402449830793 0.7842836223229135 0
    outer loop
      vertex 21.022996336221695 24.305010810494423 0
      vertex 21.022996336221695 24.305010810494423 0.16
      vertex 21.115671038627625 24.378320530056953 0
    endloop
  endfacet
  facet normal -0.65195410273869 0.7582584308282959 0
    outer loop
      vertex 21.115671038627625 24.378320530056953 0
      vertex 21.115671038627625 24.378320530056953 0.16
      vertex 21.20489999651909 24.455040000379086 0
    endloop
  endfacet
  facet normal -0.682233687925933 0.7311341840312083 0
    outer loop
      vertex 21.20489999651909 24.455040000379086 0
      vertex 21.20489999651909 24.455040000379086 0.16
      vertex 21.290503777563572 24.53491833806038 0
    endloop
  endfacet
  facet normal -0.7113350353966895 0.7028530909209908 0
    outer loop
      vertex 21.290503777563572 24.53491833806038 0
      vertex 21.290503777563572 24.53491833806038 0.16
      vertex 21.37230294942856 24.617704652249813 0
    endloop
  endfacet
  facet normal 0 0 -1
    outer loop
      vertex 19.77615527063608 23.723647713661194 0
      vertex 19.906733192503452 23.759450130164623 0
      vertex 24.622100826024337 22.25 0
    endloop
  endfacet
  facet normal 0 0 -1
    outer loop
      vertex 19.906733192503452 23.759450130164623 0
      vertex 20.033865369856358 23.798662304878235 0
      vertex 24.622100826024337 22.25 0
    endloop
  endfacet
  facet normal 0 0 -1
    outer loop
      vertex 20.033865369856358 23.798662304878235 0
      vertex 20.157551795244217 23.84128423780203 0
      vertex 24.622100826024337 22.25 0
    endloop
  endfacet
  facet normal 0 0 -1
    outer loop
      vertex 20.157551795244217 23.84128423780203 0
      vertex 20.27779247611761 23.887315914034843 0
      vertex 24.622100826024337 22.25 0
    endloop
  endfacet
  facet normal 0 0 -1
    outer loop
      vertex 20.27779247611761 23.887315914034843 0
      vertex 20.39458741247654 23.93675735592842 0
      vertex 24.622100826024337 22.25 0
    endloop
  endfacet
  facet normal 0 0 -1
    outer loop
      vertex 20.39458741247654 23.93675735592842 0
      vertex 20.507936596870422 23.98960854113102 0
      vertex 24.622100826024337 22.25 0
    endloop
  endfacet
  facet normal 0 0 -1
    outer loop
      vertex 20.507936596870422 23.98960854113102 0
      vertex 20.61784003674984 24.04586949199438 0
      vertex 24.622100826024337 22.25 0
    endloop
  endfacet
  facet normal 0 0 -1
    outer loop
      vertex 20.61784003674984 24.04586949199438 0
      vertex 20.724297732114792 24.105540186166763 0
      vertex 24.622100826024337 22.25 0
    endloop
  endfacet
  facet normal 0 0 -1
    outer loop
      vertex 20.724297732114792 24.105540186166763 0
      vertex 20.827309675514698 24.16862064599991 0
      vertex 24.622100826024337 22.25 0
    endloop
  endfacet
  facet normal 0 0 -1
    outer loop
      vertex 20.827309675514698 24.16862064599991 0
      vertex 20.92687588185072 24.235110849142075 0
      vertex 24.622100826024337 22.25 0
    endloop
  endfacet
  facet normal 0 0 -1
    outer loop
      vertex 20.92687588185072 24.235110849142075 0
      vertex 21.022996336221695 24.305010810494423 0
      vertex 24.622100826024337 22.25 0
    endloop
  endfacet
  facet normal 0 0 -1
    outer loop
      vertex 21.022996336221695 24.305010810494423 0
      vertex 21.115671038627625 24.378320530056953 0
      vertex 24.622100826024337 22.25 0
    endloop
  endfacet
  facet normal 0 0 -1
    outer loop
      vertex 21.115671038627625 24.378320530056953 0
      vertex 21.20489999651909 24.455040000379086 0
      vertex 24.622100826024337 22.25 0
    endloop
  endfacet
  facet normal 0 0 -1
    outer loop
      vertex 21.20489999651909 24.455040000379086 0
      vertex 21.290503777563572 24.53491833806038 0
      vertex 24.622100826024337 22.25 0
    endloop
  endfacet
  facet normal 0 0 -1
    outer loop
      vertex 21.290503777563572 24.53491833806038 0
      vertex 21.37230294942856 24.617704652249813 0
      vertex 24.622100826024337 22.25 0
    endloop
  endfacet
  facet normal 0 0 -1
    outer loop
      vertex 21.37230294942856 24.617704652249813 0
      vertex 21.450297504663467 24.703398942947388 0
      vertex 24.622100826024337 22.25 0
    endloop
  endfacet
  facet normal 0 0 -1
    outer loop
      vertex 21.450297504663467 24.703398942947388 0
      vertex 21.52448745071888 24.792001210153103 0
      vertex 24.622100826024337 22.25 0
    endloop
  endfacet
  facet normal 0 0 -1
    outer loop
      vertex 21.52448745071888 24.792001210153103 0
      vertex 21.594872780144215 24.88351145386696 0
      vertex 24.622100826024337 22.25 0
    endloop
  endfacet
  facet normal 0 0 -1
    outer loop
      vertex 21.594872780144215 24.88351145386696 0
      vertex 21.661453500390053 24.977929681539536 0
      vertex 24.622100826024337 22.25 0
    endloop
  endfacet
  facet normal 0 0 -1
    outer loop
      vertex 21.661453500390053 24.977929681539536 0
      vertex 21.724229604005814 25.075255878269672 0
      vertex 24.622100826024337 22.25 0
    endloop
  endfacet
  facet normal 0 0 -1
    outer loop
      vertex 21.724229604005814 25.075255878269672 0
      vertex 21.783201098442078 25.17549005895853 0
      vertex 24.622100826024337 22.25 0
    endloop
  endfacet
  facet normal 0 0 -1
    outer loop
      vertex 21.783201098442078 25.17549005895853 0
      vertex 21.838367976248264 25.27863220870495 0
      vertex 24.622100826024337 22.25 0
    endloop
  endfacet
  facet normal 0 0 -1
    outer loop
      vertex 21.838367976248264 25.27863220870495 0
      vertex 21.889730244874954 25.384682342410088 0
      vertex 24.622100826024337 22.25 0
    endloop
  endfacet
  facet normal -0.7395505401892429 0.6731010314252973 0
    outer loop
      vertex 21.37230294942856 24.617704652249813 0
      vertex 21.37230294942856 24.617704652249813 0.16
      vertex 21.450297504663467 24.703398942947388 0
    endloop
  endfacet
  facet normal -0.7667095250118605 0.6419941621666719 0
    outer loop
      vertex 21.450297504663467 24.703398942947388 0
      vertex 21.450297504663467 24.703398942947388 0.16
      vertex 21.52448745071888 24.792001210153103 0
    endloop
  endfacet
  facet normal -0.7926539843289787 0.6096717650731377 0
    outer loop
      vertex 21.52448745071888 24.792001210153103 0
      vertex 21.52448745071888 24.792001210153103 0.16
      vertex 21.594872780144215 24.88351145386696 0
    endloop
  endfacet
  facet normal -0.8172427864360268 0.5762935259208442 0
    outer loop
      vertex 21.594872780144215 24.88351145386696 0
      vertex 21.594872780144215 24.88351145386696 0.16
      vertex 21.661453500390053 24.977929681539536 0
    endloop
  endfacet
  facet normal -0.8403556088825422 0.5420354698907183 0
    outer loop
      vertex 21.661453500390053 24.977929681539536 0
      vertex 21.661453500390053 24.977929681539536 0.16
      vertex 21.724229604005814 25.075255878269672 0
    endloop
  endfacet
  facet normal -0.8618958388388852 0.5070853606565806 0
    outer loop
      vertex 21.724229604005814 25.075255878269672 0
      vertex 21.724229604005814 25.075255878269672 0.16
      vertex 21.783201098442078 25.17549005895853 0
    endloop
  endfacet
  facet normal -0.29473521208191905 0.9555789631208014 0
    outer loop
      vertex 20.033865369856358 23.798662304878235 0
      vertex 19.906733192503452 23.759450130164623 0.16
      vertex 20.033865369856358 23.798662304878235 0.16
    endloop
  endfacet
  facet normal -0.3257955773224566 0.9454402370309438 0
    outer loop
      vertex 20.157551795244217 23.84128423780203 0
      vertex 20.033865369856358 23.798662304878235 0.16
      vertex 20.157551795244217 23.84128423780203 0.16
    endloop
  endfacet
  facet normal -0.3575257053879918 0.933903297984764 0
    outer loop
      vertex 20.27779247611761 23.887315914034843 0
      vertex 20.157551795244217 23.84128423780203 0.16
      vertex 20.27779247611761 23.887315914034843 0.16
    endloop
  endfacet
  facet normal -0.38982857050200853 0.9208874445991543 0
    outer loop
      vertex 20.39458741247654 23.93675735592842 0
      vertex 20.27779247611761 23.887315914034843 0.16
      vertex 20.39458741247654 23.93675735592842 0.16
    endloop
  endfacet
  facet normal -0.42258931409094136 0.9063212849846063 0
    outer loop
      vertex 20.507936596870422 23.98960854113102 0
      vertex 20.39458741247654 23.93675735592842 0.16
      vertex 20.507936596870422 23.98960854113102 0.16
    endloop
  endfacet
  facet normal -0.4556766064536562 0.8901453984214489 0
    outer loop
      vertex 20.61784003674984 24.04586949199438 0
      vertex 20.507936596870422 23.98960854113102 0.16
      vertex 20.61784003674984 24.04586949199438 0.16
    endloop
  endfacet
  facet normal -0.48894257500739674 0.872315973913774 0
    outer loop
      vertex 20.724297732114792 24.105540186166763 0
      vertex 20.61784003674984 24.04586949199438 0.16
      vertex 20.724297732114792 24.105540186166763 0.16
    endloop
  endfacet
  facet normal -0.5222256533558084 0.8528073445844021 0
    outer loop
      vertex 20.827309675514698 24.16862064599991 0
      vertex 20.724297732114792 24.105540186166763 0.16
      vertex 20.827309675514698 24.16862064599991 0.16
    endloop
  endfacet
  facet normal -0.5553518913968816 0.8316154620507643 0
    outer loop
      vertex 20.92687588185072 24.235110849142075 0
      vertex 20.827309675514698 24.16862064599991 0.16
      vertex 20.92687588185072 24.235110849142075 0.16
    endloop
  endfacet
  facet normal -0.5881396483937574 0.8087593919005006 0
    outer loop
      vertex 21.022996336221695 24.305010810494423 0
      vertex 20.92687588185072 24.235110849142075 0.16
      vertex 21.022996336221695 24.305010810494423 0.16
    endloop
  endfacet
  facet normal -0.620402449830793 0.7842836223229135 0
    outer loop
      vertex 21.115671038627625 24.378320530056953 0
      vertex 21.022996336221695 24.305010810494423 0.16
      vertex 21.115671038627625 24.378320530056953 0.16
    endloop
  endfacet
  facet normal -0.65195410273869 0.7582584308282959 0
    outer loop
      vertex 21.20489999651909 24.455040000379086 0
      vertex 21.115671038627625 24.378320530056953 0.16
      vertex 21.20489999651909 24.455040000379086 0.16
    endloop
  endfacet
  facet normal -0.682233687925933 0.7311341840312083 0
    outer loop
      vertex 21.290503777563572 24.53491833806038 0
      vertex 21.20489999651909 24.455040000379086 0.16
      vertex 21.290503777563572 24.53491833806038 0.16
    endloop
  endfacet
  facet normal -0.7113350353966895 0.7028530909209908 0
    outer loop
      vertex 21.37230294942856 24.617704652249813 0
      vertex 21.290503777563572 24.53491833806038 0.16
      vertex 21.37230294942856 24.617704652249813 0.16
    endloop
  endfacet
  facet normal -0.7395505401892429 0.6731010314252973 0
    outer loop
      vertex 21.450297504663467 24.703398942947388 0
      vertex 21.37230294942856 24.617704652249813 0.16
      vertex 21.450297504663467 24.703398942947388 0.16
    endloop
  endfacet
  facet normal -0.7667095250118605 0.6419941621666719 0
    outer loop
      vertex 21.52448745071888 24.792001210153103 0
      vertex 21.450297504663467 24.703398942947388 0.16
      vertex 21.52448745071888 24.792001210153103 0.16
    endloop
  endfacet
  facet normal -0.7926539843289787 0.6096717650731377 0
    outer loop
      vertex 21.594872780144215 24.88351145386696 0
      vertex 21.52448745071888 24.792001210153103 0.16
      vertex 21.594872780144215 24.88351145386696 0.16
    endloop
  endfacet
  facet normal -0.8172427864360268 0.5762935259208442 0
    outer loop
      vertex 21.661453500390053 24.977929681539536 0
      vertex 21.594872780144215 24.88351145386696 0.16
      vertex 21.661453500390053 24.977929681539536 0.16
    endloop
  endfacet
  facet normal -0.8403556088825422 0.5420354698907183 0
    outer loop
      vertex 21.724229604005814 25.075255878269672 0
      vertex 21.661453500390053 24.977929681539536 0.16
      vertex 21.724229604005814 25.075255878269672 0.16
    endloop
  endfacet
  facet normal -0.8618958388388852 0.5070853606565806 0
    outer loop
      vertex 21.783201098442078 25.17549005895853 0
      vertex 21.724229604005814 25.075255878269672 0.16
      vertex 21.783201098442078 25.17549005895853 0.16
    endloop
  endfacet
  facet normal -0.8817923896228089 0.4716377652428779 0
    outer loop
      vertex 21.783201098442078 25.17549005895853 0
      vertex 21.783201098442078 25.17549005895853 0.16
      vertex 21.838367976248264 25.27863220870495 0
    endloop
  endfacet
  facet normal -0.9000005171960469 0.43588882647625654 0
    outer loop
      vertex 21.838367976248264 25.27863220870495 0
      vertex 21.838367976248264 25.27863220870495 0.16
      vertex 21.889730244874954 25.384682342410088 0
    endloop
  endfacet
  facet normal -0.9165014419264977 0.4000313824522403 0
    outer loop
      vertex 21.889730244874954 25.384682342410088 0
      vertex 21.889730244874954 25.384682342410088 0.16
      vertex 21.937287904322147 25.493640452623367 0
    endloop
  endfacet
  facet normal -0.931301086920088 0.3642503061103212 0
    outer loop
      vertex 21.937287904322147 25.493640452623367 0
      vertex 21.937287904322147 25.493640452623367 0.16
      vertex 21.981040947139263 25.605506539344788 0
    endloop
  endfacet
  facet normal -0.9444278060571074 0.3287189059761525 0
    outer loop
      vertex 21.981040947139263 25.605506539344788 0
      vertex 21.981040947139263 25.605506539344788 0.16
      vertex 22.0209893733263 25.72028060257435 0
    endloop
  endfacet
  facet normal -0.9559296581681047 0.2935957912413095 0
    outer loop
      vertex 22.0209893733263 25.72028060257435 0
      vertex 22.0209893733263 25.72028060257435 0.16
      vertex 22.057133197784424 25.83796264976263 0
    endloop
  endfacet
  facet normal -0.9658713341563013 0.25902232694330884 0
    outer loop
      vertex 22.057133197784424 25.83796264976263 0
      vertex 22.057133197784424 25.83796264976263 0.16
      vertex 22.089472398161888 25.958552666008472 0
    endloop
  endfacet
  facet normal -0.974330552856481 0.22512213078767734 0
    outer loop
      vertex 22.089472398161888 25.958552666008472 0
      vertex 22.089472398161888 25.958552666008472 0.16
      vertex 22.118006996810436 26.082050658762455 0
    endloop
  endfacet
  facet normal -0.9813950279600806 0.1919994768097884 0
    outer loop
      vertex 22.118006996810436 26.082050658762455 0
      vertex 22.118006996810436 26.082050658762455 0.16
      vertex 22.142736978828907 26.20845663547516 0
    endloop
  endfacet
  facet normal -0.9871590557426984 0.1597404102448219 0
    outer loop
      vertex 22.142736978828907 26.20845663547516 0
      vertex 22.142736978828907 26.20845663547516 0.16
      vertex 22.1636623442173 26.337770588696003 0
    endloop
  endfacet
  facet normal -0.9917207818466991 0.12841296995775772 0
    outer loop
      vertex 22.1636623442173 26.337770588696003 0
      vertex 22.1636623442173 26.337770588696003 0.16
      vertex 22.180783100426197 26.469992510974407 0
    endloop
  endfacet
  facet normal -0.9951796873923159 0.09806829152041147 0
    outer loop
      vertex 22.180783100426197 26.469992510974407 0
      vertex 22.180783100426197 26.469992510974407 0.16
      vertex 22.194099247455597 26.605122417211533 0
    endloop
  endfacet
  facet normal -0.997634455720271 0.06874221963043223 0
    outer loop
      vertex 22.194099247455597 26.605122417211533 0
      vertex 22.194099247455597 26.605122417211533 0.16
      vertex 22.20361077785492 26.7431602999568 0
    endloop
  endfacet
  facet normal -0.9991812819219147 0.04045696302095781 0
    outer loop
      vertex 22.20361077785492 26.7431602999568 0
      vertex 22.20361077785492 26.7431602999568 0.16
      vertex 22.209317691624165 26.884106159210205 0
    endloop
  endfacet
  facet normal -0.9690615306406779 -0.24681926552104144 0
    outer loop
      vertex 22.09636601060629 28.179684162139893 0
      vertex 22.09636601060629 28.179684162139893 0.16
      vertex 22.03176064044237 28.433337695896626 0
    endloop
  endfacet
  facet normal -0.9999125754058751 0.013222766170147015 0
    outer loop
      vertex 22.209317691624165 26.884106159210205 0
      vertex 22.209317691624165 26.884106159210205 0.16
      vertex 22.211220003664494 27.027960002422333 0
    endloop
  endfacet
  facet normal -0.9997293903381914 -0.023262547023659534 0
    outer loop
      vertex 22.211220003664494 27.027960002422333 0
      vertex 22.211220003664494 27.027960002422333 0.16
      vertex 22.204041622579098 27.336457543075085 0
    endloop
  endfacet
  facet normal -0.9973422430484898 -0.07285911220298401 0
    outer loop
      vertex 22.204041622579098 27.336457543075085 0
      vertex 22.204041622579098 27.336457543075085 0.16
      vertex 22.182506501674652 27.631244085729122 0
    endloop
  endfacet
  facet normal -0.9919453971244966 -0.12666621145169252 0
    outer loop
      vertex 22.182506501674652 27.631244085729122 0
      vertex 22.182506501674652 27.631244085729122 0.16
      vertex 22.146614633500576 27.912319622933865 0
    endloop
  endfacet
  facet normal -0.9827936836730939 -0.18470672790201934 0
    outer loop
      vertex 22.146614633500576 27.912319622933865 0
      vertex 22.146614633500576 27.912319622933865 0.16
      vertex 22.09636601060629 28.179684162139893 0
    endloop
  endfacet
  facet normal -0.8817923896228089 0.4716377652428779 0
    outer loop
      vertex 21.838367976248264 25.27863220870495 0
      vertex 21.783201098442078 25.17549005895853 0.16
      vertex 21.838367976248264 25.27863220870495 0.16
    endloop
  endfacet
  facet normal -0.9000005171960469 0.43588882647625654 0
    outer loop
      vertex 21.889730244874954 25.384682342410088 0
      vertex 21.838367976248264 25.27863220870495 0.16
      vertex 21.889730244874954 25.384682342410088 0.16
    endloop
  endfacet
  facet normal -0.9165014419264977 0.4000313824522403 0
    outer loop
      vertex 21.937287904322147 25.493640452623367 0
      vertex 21.889730244874954 25.384682342410088 0.16
      vertex 21.937287904322147 25.493640452623367 0.16
    endloop
  endfacet
  facet normal -0.931301086920088 0.3642503061103212 0
    outer loop
      vertex 21.981040947139263 25.605506539344788 0
      vertex 21.937287904322147 25.493640452623367 0.16
      vertex 21.981040947139263 25.605506539344788 0.16
    endloop
  endfacet
  facet normal -0.9444278060571074 0.3287189059761525 0
    outer loop
      vertex 22.0209893733263 25.72028060257435 0
      vertex 21.981040947139263 25.605506539344788 0.16
      vertex 22.0209893733263 25.72028060257435 0.16
    endloop
  endfacet
  facet normal -0.9559296581681047 0.2935957912413095 0
    outer loop
      vertex 22.057133197784424 25.83796264976263 0
      vertex 22.0209893733263 25.72028060257435 0.16
      vertex 22.057133197784424 25.83796264976263 0.16
    endloop
  endfacet
  facet normal -0.9658713341563013 0.25902232694330884 0
    outer loop
      vertex 22.089472398161888 25.958552666008472 0
      vertex 22.057133197784424 25.83796264976263 0.16
      vertex 22.089472398161888 25.958552666008472 0.16
    endloop
  endfacet
  facet normal -0.974330552856481 0.22512213078767734 0
    outer loop
      vertex 22.118006996810436 26.082050658762455 0
      vertex 22.089472398161888 25.958552666008472 0.16
      vertex 22.118006996810436 26.082050658762455 0.16
    endloop
  endfacet
  facet normal -0.9813950279600806 0.1919994768097884 0
    outer loop
      vertex 22.142736978828907 26.20845663547516 0
      vertex 22.118006996810436 26.082050658762455 0.16
      vertex 22.142736978828907 26.20845663547516 0.16
    endloop
  endfacet
  facet normal -0.9871590557426984 0.1597404102448219 0
    outer loop
      vertex 22.1636623442173 26.337770588696003 0
      vertex 22.142736978828907 26.20845663547516 0.16
      vertex 22.1636623442173 26.337770588696003 0.16
    endloop
  endfacet
  facet normal -0.9917207818466991 0.12841296995775772 0
    outer loop
      vertex 22.180783100426197 26.469992510974407 0
      vertex 22.1636623442173 26.337770588696003 0.16
      vertex 22.180783100426197 26.469992510974407 0.16
    endloop
  endfacet
  facet normal -0.9951796873923159 0.09806829152041147 0
    outer loop
      vertex 22.194099247455597 26.605122417211533 0
      vertex 22.180783100426197 26.469992510974407 0.16
      vertex 22.194099247455597 26.605122417211533 0.16
    endloop
  endfacet
  facet normal -0.997634455720271 0.06874221963043223 0
    outer loop
      vertex 22.20361077785492 26.7431602999568 0
      vertex 22.194099247455597 26.605122417211533 0.16
      vertex 22.20361077785492 26.7431602999568 0.16
    endloop
  endfacet
  facet normal -0.9690615306406779 -0.24681926552104144 0
    outer loop
      vertex 22.03176064044237 28.433337695896626 0
      vertex 22.09636601060629 28.179684162139893 0.16
      vertex 22.03176064044237 28.433337695896626 0.16
    endloop
  endfacet
  facet normal -0.9991812819219147 0.04045696302095781 0
    outer loop
      vertex 22.209317691624165 26.884106159210205 0
      vertex 22.20361077785492 26.7431602999568 0.16
      vertex 22.209317691624165 26.884106159210205 0.16
    endloop
  endfacet
  facet normal -0.9999125754058751 0.013222766170147015 0
    outer loop
      vertex 22.211220003664494 27.027960002422333 0
      vertex 22.209317691624165 26.884106159210205 0.16
      vertex 22.211220003664494 27.027960002422333 0.16
    endloop
  endfacet
  facet normal -0.9997293903381914 -0.023262547023659534 0
    outer loop
      vertex 22.204041622579098 27.336457543075085 0
      vertex 22.211220003664494 27.027960002422333 0.16
      vertex 22.204041622579098 27.336457543075085 0.16
    endloop
  endfacet
  facet normal -0.9973422430484898 -0.07285911220298401 0
    outer loop
      vertex 22.182506501674652 27.631244085729122 0
      vertex 22.204041622579098 27.336457543075085 0.16
      vertex 22.182506501674652 27.631244085729122 0.16
    endloop
  endfacet
  facet normal -0.9919453971244966 -0.12666621145169252 0
    outer loop
      vertex 22.146614633500576 27.912319622933865 0
      vertex 22.182506501674652 27.631244085729122 0.16
      vertex 22.146614633500576 27.912319622933865 0.16
    endloop
  endfacet
  facet normal -0.9827936836730939 -0.18470672790201934 0
    outer loop
      vertex 22.09636601060629 28.179684162139893 0
      vertex 22.146614633500576 27.912319622933865 0.16
      vertex 22.09636601060629 28.179684162139893 0.16
    endloop
  endfacet
  facet normal 0 0 1
    outer loop
      vertex 13.534019999206066 23.55315999686718 0.16
      vertex 24.622100826024337 22.25 0.16
      vertex 18.280859999358654 23.55315999686718 0.16
    endloop
  endfacet
  facet normal 0 0 1
    outer loop
      vertex 18.280859999358654 23.55315999686718 0.16
      vertex 24.622100826024337 22.25 0.16
      vertex 18.44589538872242 23.55486487597227 0.16
    endloop
  endfacet
  facet normal 0 0 1
    outer loop
      vertex 18.44589538872242 23.55486487597227 0.16
      vertex 24.622100826024337 22.25 0.16
      vertex 18.60748502612114 23.559979505836964 0.16
    endloop
  endfacet
  facet normal 0 0 1
    outer loop
      vertex 18.60748502612114 23.559979505836964 0.16
      vertex 24.622100826024337 22.25 0.16
      vertex 18.765628919005394 23.56850389391184 0.16
    endloop
  endfacet
  facet normal 0 0 1
    outer loop
      vertex 18.765628919005394 23.56850389391184 0.16
      vertex 24.622100826024337 22.25 0.16
      vertex 18.920327067375183 23.580438032746315 0.16
    endloop
  endfacet
  facet normal 0 0 1
    outer loop
      vertex 18.920327067375183 23.580438032746315 0.16
      vertex 24.622100826024337 22.25 0.16
      vertex 19.071579471230507 23.595781929790974 0.16
    endloop
  endfacet
  facet normal 0 0 1
    outer loop
      vertex 19.071579471230507 23.595781929790974 0.16
      vertex 24.622100826024337 22.25 0.16
      vertex 19.219386123120785 23.614535577595234 0.16
    endloop
  endfacet
  facet normal 0 0 1
    outer loop
      vertex 19.219386123120785 23.614535577595234 0.16
      vertex 24.622100826024337 22.25 0.16
      vertex 19.363747030496597 23.636698976159096 0.16
    endloop
  endfacet
  facet normal 0 0 1
    outer loop
      vertex 19.363747030496597 23.636698976159096 0.16
      vertex 24.622100826024337 22.25 0.16
      vertex 19.504662193357944 23.66227213293314 0.16
    endloop
  endfacet
  facet normal 0 0 1
    outer loop
      vertex 19.504662193357944 23.66227213293314 0.16
      vertex 24.622100826024337 22.25 0.16
      vertex 19.642131604254246 23.691255047917366 0.16
    endloop
  endfacet
  facet normal 0 0 1
    outer loop
      vertex 19.642131604254246 23.691255047917366 0.16
      vertex 24.622100826024337 22.25 0.16
      vertex 19.77615527063608 23.723647713661194 0.16
    endloop
  endfacet
  facet normal 0 0 1
    outer loop
      vertex 19.77615527063608 23.723647713661194 0.16
      vertex 24.622100826024337 22.25 0.16
      vertex 19.906733192503452 23.759450130164623 0.16
    endloop
  endfacet
  facet normal 0 0 1
    outer loop
      vertex 19.906733192503452 23.759450130164623 0.16
      vertex 24.622100826024337 22.25 0.16
      vertex 20.033865369856358 23.798662304878235 0.16
    endloop
  endfacet
  facet normal 0 0 1
    outer loop
      vertex 20.033865369856358 23.798662304878235 0.16
      vertex 24.622100826024337 22.25 0.16
      vertex 20.157551795244217 23.84128423780203 0.16
    endloop
  endfacet
  facet normal 0 0 1
    outer loop
      vertex 20.157551795244217 23.84128423780203 0.16
      vertex 24.622100826024337 22.25 0.16
      vertex 20.27779247611761 23.887315914034843 0.16
    endloop
  endfacet
  facet normal 0 0 1
    outer loop
      vertex 20.27779247611761 23.887315914034843 0.16
      vertex 24.622100826024337 22.25 0.16
      vertex 20.39458741247654 23.93675735592842 0.16
    endloop
  endfacet
  facet normal 0 0 1
    outer loop
      vertex 20.39458741247654 23.93675735592842 0.16
      vertex 24.622100826024337 22.25 0.16
      vertex 20.507936596870422 23.98960854113102 0.16
    endloop
  endfacet
  facet normal 0 0 1
    outer loop
      vertex 20.507936596870422 23.98960854113102 0.16
      vertex 24.622100826024337 22.25 0.16
      vertex 20.61784003674984 24.04586949199438 0.16
    endloop
  endfacet
  facet normal 0 0 1
    outer loop
      vertex 20.61784003674984 24.04586949199438 0.16
      vertex 24.622100826024337 22.25 0.16
      vertex 20.724297732114792 24.105540186166763 0.16
    endloop
  endfacet
  facet normal 0 0 1
    outer loop
      vertex 20.724297732114792 24.105540186166763 0.16
      vertex 24.622100826024337 22.25 0.16
      vertex 20.827309675514698 24.16862064599991 0.16
    endloop
  endfacet
  facet normal 0 0 1
    outer loop
      vertex 20.827309675514698 24.16862064599991 0.16
      vertex 24.622100826024337 22.25 0.16
      vertex 20.92687588185072 24.235110849142075 0.16
    endloop
  endfacet
  facet normal 0 0 1
    outer loop
      vertex 20.92687588185072 24.235110849142075 0.16
      vertex 24.622100826024337 22.25 0.16
      vertex 21.022996336221695 24.305010810494423 0.16
    endloop
  endfacet
  facet normal 0 0 1
    outer loop
      vertex 21.022996336221695 24.305010810494423 0.16
      vertex 24.622100826024337 22.25 0.16
      vertex 21.115671038627625 24.378320530056953 0.16
    endloop
  endfacet
  facet normal 0 0 1
    outer loop
      vertex 21.115671038627625 24.378320530056953 0.16
      vertex 24.622100826024337 22.25 0.16
      vertex 21.20489999651909 24.455040000379086 0.16
    endloop
  endfacet
  facet normal 0 0 1
    outer loop
      vertex 21.20489999651909 24.455040000379086 0.16
      vertex 24.622100826024337 22.25 0.16
      vertex 21.290503777563572 24.53491833806038 0.16
    endloop
  endfacet
  facet normal 0 0 1
    outer loop
      vertex 21.290503777563572 24.53491833806038 0.16
      vertex 24.622100826024337 22.25 0.16
      vertex 21.37230294942856 24.617704652249813 0.16
    endloop
  endfacet
  facet normal 0 0 1
    outer loop
      vertex 21.37230294942856 24.617704652249813 0.16
      vertex 24.622100826024337 22.25 0.16
      vertex 21.450297504663467 24.703398942947388 0.16
    endloop
  endfacet
  facet normal 0 0 1
    outer loop
      vertex 21.450297504663467 24.703398942947388 0.16
      vertex 24.622100826024337 22.25 0.16
      vertex 21.52448745071888 24.792001210153103 0.16
    endloop
  endfacet
  facet normal 0 0 1
    outer loop
      vertex 21.52448745071888 24.792001210153103 0.16
      vertex 24.622100826024337 22.25 0.16
      vertex 21.594872780144215 24.88351145386696 0.16
    endloop
  endfacet
  facet normal 0 0 1
    outer loop
      vertex 21.594872780144215 24.88351145386696 0.16
      vertex 24.622100826024337 22.25 0.16
      vertex 21.661453500390053 24.977929681539536 0.16
    endloop
  endfacet
  facet normal 0 0 1
    outer loop
      vertex 21.661453500390053 24.977929681539536 0.16
      vertex 24.622100826024337 22.25 0.16
      vertex 21.724229604005814 25.075255878269672 0.16
    endloop
  endfacet
  facet normal 0 0 1
    outer loop
      vertex 21.724229604005814 25.075255878269672 0.16
      vertex 24.622100826024337 22.25 0.16
      vertex 21.783201098442078 25.17549005895853 0.16
    endloop
  endfacet
  facet normal 0 0 1
    outer loop
      vertex 21.783201098442078 25.17549005895853 0.16
      vertex 24.622100826024337 22.25 0.16
      vertex 21.838367976248264 25.27863220870495 0.16
    endloop
  endfacet
  facet normal 0 0 1
    outer loop
      vertex 21.838367976248264 25.27863220870495 0.16
      vertex 24.622100826024337 22.25 0.16
      vertex 21.889730244874954 25.384682342410088 0.16
    endloop
  endfacet
  facet normal -0.02121790207599914 -0.9997748749751082 0
    outer loop
      vertex 18.413860000669956 30.654519997537136 0
      vertex 18.736886844038963 30.64766450226307 0
      vertex 18.736886844038963 30.64766450226307 0.16
    endloop
  endfacet
  facet normal -0.06648200647330839 -0.997787624104089 0
    outer loop
      vertex 18.736886844038963 30.64766450226307 0
      vertex 19.04555694013834 30.627097994089127 0
      vertex 19.04555694013834 30.627097994089127 0.16
    endloop
  endfacet
  facet normal -0.11568408290235002 -0.9932860579727486 0
    outer loop
      vertex 19.04555694013834 30.627097994089127 0
      vertex 19.339870281517506 30.59282048791647 0
      vertex 19.339870281517506 30.59282048791647 0.16
    endloop
  endfacet
  facet normal -0.16894994274301825 -0.9856246328329721 0
    outer loop
      vertex 19.339870281517506 30.59282048791647 0
      vertex 19.61982688307762 30.544831983745098 0
      vertex 19.61982688307762 30.544831983745098 0.16
    endloop
  endfacet
  facet normal -0.2262772594221501 -0.9740629352708176 0
    outer loop
      vertex 19.61982688307762 30.544831983745098 0
      vertex 19.885426729917526 30.48313247412443 0
      vertex 19.885426729917526 30.48313247412443 0.16
    endloop
  endfacet
  facet normal -0.02121790207599914 -0.9997748749751082 0
    outer loop
      vertex 18.413860000669956 30.654519997537136 0
      vertex 18.736886844038963 30.64766450226307 0.16
      vertex 18.413860000669956 30.654519997537136 0.16
    endloop
  endfacet
  facet normal -0.06648200647330839 -0.997787624104089 0
    outer loop
      vertex 18.736886844038963 30.64766450226307 0
      vertex 19.04555694013834 30.627097994089127 0.16
      vertex 18.736886844038963 30.64766450226307 0.16
    endloop
  endfacet
  facet normal -0.11568408290235002 -0.9932860579727486 0
    outer loop
      vertex 19.04555694013834 30.627097994089127 0
      vertex 19.339870281517506 30.59282048791647 0.16
      vertex 19.04555694013834 30.627097994089127 0.16
    endloop
  endfacet
  facet normal -0.16894994274301825 -0.9856246328329721 0
    outer loop
      vertex 19.339870281517506 30.59282048791647 0
      vertex 19.61982688307762 30.544831983745098 0.16
      vertex 19.339870281517506 30.59282048791647 0.16
    endloop
  endfacet
  facet normal -0.2262772594221501 -0.9740629352708176 0
    outer loop
      vertex 19.61982688307762 30.544831983745098 0
      vertex 19.885426729917526 30.48313247412443 0.16
      vertex 19.61982688307762 30.544831983745098 0.16
    endloop
  endfacet
  facet normal 0 0 -1
    outer loop
      vertex 18.413860000669956 30.654519997537136 0
      vertex 18.983379997313023 34.812799997627735 0
      vertex 18.736886844038963 30.64766450226307 0
    endloop
  endfacet
  facet normal 0 0 -1
    outer loop
      vertex 18.736886844038963 30.64766450226307 0
      vertex 18.983379997313023 34.812799997627735 0
      vertex 19.04555694013834 30.627097994089127 0
    endloop
  endfacet
  facet normal 0 0 -1
    outer loop
      vertex 19.04555694013834 30.627097994089127 0
      vertex 19.341559812426567 34.80913882702589 0
      vertex 19.339870281517506 30.59282048791647 0
    endloop
  endfacet
  facet normal 0 0 -1
    outer loop
      vertex 19.339870281517506 30.59282048791647 0
      vertex 20.037460908293724 34.77984945476055 0
      vertex 19.61982688307762 30.544831983745098 0
    endloop
  endfacet
  facet normal 0 0 -1
    outer loop
      vertex 19.04555694013834 30.627097994089127 0
      vertex 18.983379997313023 34.812799997627735 0
      vertex 19.341559812426567 34.80913882702589 0
    endloop
  endfacet
  facet normal 0 0 -1
    outer loop
      vertex 19.339870281517506 30.59282048791647 0
      vertex 19.341559812426567 34.80913882702589 0
      vertex 19.692920111119747 34.798155315220356 0
    endloop
  endfacet
  facet normal 0 0 -1
    outer loop
      vertex 19.339870281517506 30.59282048791647 0
      vertex 19.692920111119747 34.798155315220356 0
      vertex 20.037460908293724 34.77984945476055 0
    endloop
  endfacet
  facet normal 0.010221065511782035 0.9999477635455783 0
    outer loop
      vertex 18.983379997313023 34.812799997627735 0
      vertex 19.341559812426567 34.80913882702589 0.16
      vertex 19.341559812426567 34.80913882702589 0
    endloop
  endfacet
  facet normal 0.031244706107369118 0.9995117649834163 0
    outer loop
      vertex 19.341559812426567 34.80913882702589 0
      vertex 19.692920111119747 34.798155315220356 0.16
      vertex 19.692920111119747 34.798155315220356 0
    endloop
  endfacet
  facet normal 0.010221065511782035 0.9999477635455783 0
    outer loop
      vertex 18.983379997313023 34.812799997627735 0
      vertex 18.983379997313023 34.812799997627735 0.16
      vertex 19.341559812426567 34.80913882702589 0.16
    endloop
  endfacet
  facet normal 0.031244706107369118 0.9995117649834163 0
    outer loop
      vertex 19.341559812426567 34.80913882702589 0
      vertex 19.341559812426567 34.80913882702589 0.16
      vertex 19.692920111119747 34.798155315220356 0.16
    endloop
  endfacet
  facet normal 0.053056349700406284 0.998591519970237 0
    outer loop
      vertex 19.692920111119747 34.798155315220356 0
      vertex 19.692920111119747 34.798155315220356 0.16
      vertex 20.037460908293724 34.77984945476055 0.16
    endloop
  endfacet
  facet normal -0.625749398021222 -0.780024160443815 0
    outer loop
      vertex 20.998074747622013 29.968969903886318 0
      vertex 21.177534103393555 29.825004383921623 0
      vertex 21.177534103393555 29.825004383921623 0.16
    endloop
  endfacet
  facet normal -0.6906558089369845 -0.7231836236956692 0
    outer loop
      vertex 21.177534103393555 29.825004383921623 0
      vertex 21.342636711895466 29.667327865958214 0
      vertex 21.342636711895466 29.667327865958214 0.16
    endloop
  endfacet
  facet normal 0 0 -1
    outer loop
      vertex 20.596085786819458 30.215767942368984 0
      vertex 22.258300229907036 34.446682795882225 0
      vertex 20.80425863713026 30.0992244258523 0
    endloop
  endfacet
  facet normal -0.2874793081628759 -0.957786848614134 0
    outer loop
      vertex 19.885426729917526 30.48313247412443 0
      vertex 20.1366698294878 30.40772196650505 0
      vertex 20.1366698294878 30.40772196650505 0.16
    endloop
  endfacet
  facet normal -0.35212477481509497 -0.9359530666445933 0
    outer loop
      vertex 20.1366698294878 30.40772196650505 0
      vertex 20.373556181788445 30.318600453436375 0
      vertex 20.373556181788445 30.318600453436375 0.16
    endloop
  endfacet
  facet normal -0.41948367461218006 -0.9077628802357269 0
    outer loop
      vertex 20.373556181788445 30.318600453436375 0
      vertex 20.596085786819458 30.215767942368984 0
      vertex 20.596085786819458 30.215767942368984 0.16
    endloop
  endfacet
  facet normal -0.4884971738402795 -0.8725654767122406 0
    outer loop
      vertex 20.596085786819458 30.215767942368984 0
      vertex 20.80425863713026 30.0992244258523 0
      vertex 20.80425863713026 30.0992244258523 0.16
    endloop
  endfacet
  facet normal -0.5577908378264408 -0.8299815547570184 0
    outer loop
      vertex 20.998074747622013 29.968969903886318 0
      vertex 20.998074747622013 29.968969903886318 0.16
      vertex 20.80425863713026 30.0992244258523 0
    endloop
  endfacet
  facet normal -0.8522546691673588 -0.5231271154150161 0
    outer loop
      vertex 21.751804046332836 29.112032286822796 0
      vertex 21.751804046332836 29.112032286822796 0.16
      vertex 21.629771679639816 29.31084181368351 0
    endloop
  endfacet
  facet normal -0.9498862357452807 -0.31259580793999925 0
    outer loop
      vertex 22.03176064044237 28.433337695896626 0
      vertex 22.03176064044237 28.433337695896626 0.16
      vertex 21.952798523008823 28.673280224204063 0
    endloop
  endfacet
  facet normal -0.9244409656929834 -0.3813251905508268 0
    outer loop
      vertex 21.859479658305645 28.899511754512787 0
      vertex 21.952798523008823 28.673280224204063 0
      vertex 21.952798523008823 28.673280224204063 0.16
    endloop
  endfacet
  facet normal -0.8920382428901724 -0.45195992435327037 0
    outer loop
      vertex 21.751804046332836 29.112032286822796 0
      vertex 21.859479658305645 28.899511754512787 0
      vertex 21.859479658305645 28.899511754512787 0.16
    endloop
  endfacet
  facet normal -0.7508768005954068 -0.6604422990145359 0
    outer loop
      vertex 21.493382573127747 29.49594034254551 0
      vertex 21.493382573127747 29.49594034254551 0.16
      vertex 21.342636711895466 29.667327865958214 0
    endloop
  endfacet
  facet normal -0.8050543484650521 -0.593201058678683 0
    outer loop
      vertex 21.493382573127747 29.49594034254551 0
      vertex 21.629771679639816 29.31084181368351 0
      vertex 21.629771679639816 29.31084181368351 0.16
    endloop
  endfacet
  facet normal 0 0 -1
    outer loop
      vertex 20.998074747622013 29.968969903886318 0
      vertex 20.80425863713026 30.0992244258523 0
      vertex 22.831450171768665 34.28559122979641 0
    endloop
  endfacet
  facet normal 0 0 -1
    outer loop
      vertex 20.998074747622013 29.968969903886318 0
      vertex 23.37732207775116 34.095210283994675 0
      vertex 21.177534103393555 29.825004383921623 0
    endloop
  endfacet
  facet normal 0 0 -1
    outer loop
      vertex 21.493382573127747 29.49594034254551 0
      vertex 25.073059245944023 33.198223136365414 0
      vertex 21.629771679639816 29.31084181368351 0
    endloop
  endfacet
  facet normal 0 0 -1
    outer loop
      vertex 21.177534103393555 29.825004383921623 0
      vertex 23.8959159553051 33.87553995847702 0
      vertex 21.342636711895466 29.667327865958214 0
    endloop
  endfacet
  facet normal 0 0 -1
    outer loop
      vertex 21.493382573127747 29.49594034254551 0
      vertex 21.342636711895466 29.667327865958214 0
      vertex 24.387231796979904 33.62658026814461 0
    endloop
  endfacet
  facet normal -0.625749398021222 -0.780024160443815 0
    outer loop
      vertex 20.998074747622013 29.968969903886318 0
      vertex 21.177534103393555 29.825004383921623 0.16
      vertex 20.998074747622013 29.968969903886318 0.16
    endloop
  endfacet
  facet normal -0.6906558089369845 -0.7231836236956692 0
    outer loop
      vertex 21.177534103393555 29.825004383921623 0
      vertex 21.342636711895466 29.667327865958214 0.16
      vertex 21.177534103393555 29.825004383921623 0.16
    endloop
  endfacet
  facet normal -0.35212477481509497 -0.9359530666445933 0
    outer loop
      vertex 20.1366698294878 30.40772196650505 0
      vertex 20.373556181788445 30.318600453436375 0.16
      vertex 20.1366698294878 30.40772196650505 0.16
    endloop
  endfacet
  facet normal -0.2874793081628759 -0.957786848614134 0
    outer loop
      vertex 19.885426729917526 30.48313247412443 0
      vertex 20.1366698294878 30.40772196650505 0.16
      vertex 19.885426729917526 30.48313247412443 0.16
    endloop
  endfacet
  facet normal -0.41948367461218006 -0.9077628802357269 0
    outer loop
      vertex 20.373556181788445 30.318600453436375 0
      vertex 20.596085786819458 30.215767942368984 0.16
      vertex 20.373556181788445 30.318600453436375 0.16
    endloop
  endfacet
  facet normal -0.4884971738402795 -0.8725654767122406 0
    outer loop
      vertex 20.596085786819458 30.215767942368984 0
      vertex 20.80425863713026 30.0992244258523 0.16
      vertex 20.596085786819458 30.215767942368984 0.16
    endloop
  endfacet
  facet normal -0.5577908378264408 -0.8299815547570184 0
    outer loop
      vertex 20.80425863713026 30.0992244258523 0
      vertex 20.998074747622013 29.968969903886318 0.16
      vertex 20.80425863713026 30.0992244258523 0.16
    endloop
  endfacet
  facet normal -0.9498862357452807 -0.31259580793999925 0
    outer loop
      vertex 21.952798523008823 28.673280224204063 0
      vertex 22.03176064044237 28.433337695896626 0.16
      vertex 21.952798523008823 28.673280224204063 0.16
    endloop
  endfacet
  facet normal -0.9244409656929834 -0.3813251905508268 0
    outer loop
      vertex 21.859479658305645 28.899511754512787 0
      vertex 21.952798523008823 28.673280224204063 0.16
      vertex 21.859479658305645 28.899511754512787 0.16
    endloop
  endfacet
  facet normal -0.8920382428901724 -0.45195992435327037 0
    outer loop
      vertex 21.751804046332836 29.112032286822796 0
      vertex 21.859479658305645 28.899511754512787 0.16
      vertex 21.751804046332836 29.112032286822796 0.16
    endloop
  endfacet
  facet normal -0.8050543484650521 -0.593201058678683 0
    outer loop
      vertex 21.493382573127747 29.49594034254551 0
      vertex 21.629771679639816 29.31084181368351 0.16
      vertex 21.493382573127747 29.49594034254551 0.16
    endloop
  endfacet
  facet normal -0.8522546691673588 -0.5231271154150161 0
    outer loop
      vertex 21.629771679639816 29.31084181368351 0
      vertex 21.751804046332836 29.112032286822796 0.16
      vertex 21.629771679639816 29.31084181368351 0.16
    endloop
  endfacet
  facet normal -0.7508768005954068 -0.6604422990145359 0
    outer loop
      vertex 21.342636711895466 29.667327865958214 0
      vertex 21.493382573127747 29.49594034254551 0.16
      vertex 21.342636711895466 29.667327865958214 0.16
    endloop
  endfacet
  facet normal 0 0 -1
    outer loop
      vertex 19.61982688307762 30.544831983745098 0
      vertex 20.375182196497917 34.75422124564648 0
      vertex 19.885426729917526 30.48313247412443 0
    endloop
  endfacet
  facet normal 0 0 -1
    outer loop
      vertex 19.885426729917526 30.48313247412443 0
      vertex 21.03016623854637 34.68099780380726 0
      vertex 20.1366698294878 30.40772196650505 0
    endloop
  endfacet
  facet normal 0 0 -1
    outer loop
      vertex 20.1366698294878 30.40772196650505 0
      vertex 21.347428999841213 34.633402571082115 0
      vertex 20.373556181788445 30.318600453436375 0
    endloop
  endfacet
  facet normal 0 0 -1
    outer loop
      vertex 20.373556181788445 30.318600453436375 0
      vertex 21.961495995521545 34.5162450671196 0
      vertex 20.596085786819458 30.215767942368984 0
    endloop
  endfacet
  facet normal 0 0 -1
    outer loop
      vertex 20.373556181788445 30.318600453436375 0
      vertex 21.347428999841213 34.633402571082115 0
      vertex 21.65787225216627 34.5784849897027 0
    endloop
  endfacet
  facet normal 0 0 -1
    outer loop
      vertex 20.373556181788445 30.318600453436375 0
      vertex 21.65787225216627 34.5784849897027 0
      vertex 21.961495995521545 34.5162450671196 0
    endloop
  endfacet
  facet normal 0 0 -1
    outer loop
      vertex 19.61982688307762 30.544831983745098 0
      vertex 20.037460908293724 34.77984945476055 0
      vertex 20.375182196497917 34.75422124564648 0
    endloop
  endfacet
  facet normal 0 0 -1
    outer loop
      vertex 19.885426729917526 30.48313247412443 0
      vertex 20.375182196497917 34.75422124564648 0
      vertex 20.706083968281746 34.72127070277929 0
    endloop
  endfacet
  facet normal 0 0 -1
    outer loop
      vertex 19.885426729917526 30.48313247412443 0
      vertex 20.706083968281746 34.72127070277929 0
      vertex 21.03016623854637 34.68099780380726 0
    endloop
  endfacet
  facet normal 0 0 -1
    outer loop
      vertex 20.1366698294878 30.40772196650505 0
      vertex 21.03016623854637 34.68099780380726 0
      vertex 21.347428999841213 34.633402571082115 0
    endloop
  endfacet
  facet normal 0.053056349700406284 0.998591519970237 0
    outer loop
      vertex 19.692920111119747 34.798155315220356 0
      vertex 20.037460908293724 34.77984945476055 0.16
      vertex 20.037460908293724 34.77984945476055 0
    endloop
  endfacet
  facet normal 0.0756681187220471 0.9971330582269681 0
    outer loop
      vertex 20.037460908293724 34.77984945476055 0
      vertex 20.375182196497917 34.75422124564648 0.16
      vertex 20.375182196497917 34.75422124564648 0
    endloop
  endfacet
  facet normal 0.09908796335747126 0.9950786780539861 0
    outer loop
      vertex 20.375182196497917 34.75422124564648 0
      vertex 20.706083968281746 34.72127070277929 0.16
      vertex 20.706083968281746 34.72127070277929 0
    endloop
  endfacet
  facet normal 0.12331899308839761 0.9923670822551823 0
    outer loop
      vertex 20.706083968281746 34.72127070277929 0
      vertex 21.03016623854637 34.68099780380726 0.16
      vertex 21.03016623854637 34.68099780380726 0
    endloop
  endfacet
  facet normal 0.14835819063896172 0.9889336920493373 0
    outer loop
      vertex 21.03016623854637 34.68099780380726 0
      vertex 21.347428999841213 34.633402571082115 0.16
      vertex 21.347428999841213 34.633402571082115 0
    endloop
  endfacet
  facet normal 0 0 -1
    outer loop
      vertex 20.596085786819458 30.215767942368984 0
      vertex 21.961495995521545 34.5162450671196 0
      vertex 22.258300229907036 34.446682795882225 0
    endloop
  endfacet
  facet normal 0 0 -1
    outer loop
      vertex 20.80425863713026 30.0992244258523 0
      vertex 22.258300229907036 34.446682795882225 0
      vertex 22.548284955322742 34.36979818344116 0
    endloop
  endfacet
  facet normal 0 0 -1
    outer loop
      vertex 20.80425863713026 30.0992244258523 0
      vertex 22.548284955322742 34.36979818344116 0
      vertex 22.831450171768665 34.28559122979641 0
    endloop
  endfacet
  facet normal 0 0 -1
    outer loop
      vertex 20.998074747622013 29.968969903886318 0
      vertex 22.831450171768665 34.28559122979641 0
      vertex 23.107795879244804 34.19406192749739 0
    endloop
  endfacet
  facet normal 0 0 -1
    outer loop
      vertex 20.998074747622013 29.968969903886318 0
      vertex 23.107795879244804 34.19406192749739 0
      vertex 23.37732207775116 34.095210283994675 0
    endloop
  endfacet
  facet normal 0 0 -1
    outer loop
      vertex 21.177534103393555 29.825004383921623 0
      vertex 23.37732207775116 34.095210283994675 0
      vertex 23.64002877473831 33.98903629183769 0
    endloop
  endfacet
  facet normal 0.1741959178451313 0.9847110145652339 0
    outer loop
      vertex 21.347428999841213 34.633402571082115 0
      vertex 21.65787225216627 34.5784849897027 0.16
      vertex 21.65787225216627 34.5784849897027 0
    endloop
  endfacet
  facet normal 0.20081450210604992 0.9796292848541733 0
    outer loop
      vertex 21.65787225216627 34.5784849897027 0
      vertex 21.961495995521545 34.5162450671196 0.16
      vertex 21.961495995521545 34.5162450671196 0
    endloop
  endfacet
  facet normal 0.25627864636354275 0.9666029461045885 0
    outer loop
      vertex 22.548284955322742 34.36979818344116 0
      vertex 22.258300229907036 34.446682795882225 0
      vertex 22.548284955322742 34.36979818344116 0.16
    endloop
  endfacet
  facet normal 0.2281875254478185 0.9736172005619051 0
    outer loop
      vertex 21.961495995521545 34.5162450671196 0
      vertex 22.258300229907036 34.446682795882225 0.16
      vertex 22.258300229907036 34.446682795882225 0
    endloop
  endfacet
  facet normal 0.2850408672373619 0.9585153645114786 0
    outer loop
      vertex 22.548284955322742 34.36979818344116 0
      vertex 22.831450171768665 34.28559122979641 0.16
      vertex 22.831450171768665 34.28559122979641 0
    endloop
  endfacet
  facet normal 0.0756681187220471 0.9971330582269681 0
    outer loop
      vertex 20.037460908293724 34.77984945476055 0
      vertex 20.037460908293724 34.77984945476055 0.16
      vertex 20.375182196497917 34.75422124564648 0.16
    endloop
  endfacet
  facet normal 0.09908796335747126 0.9950786780539861 0
    outer loop
      vertex 20.375182196497917 34.75422124564648 0
      vertex 20.375182196497917 34.75422124564648 0.16
      vertex 20.706083968281746 34.72127070277929 0.16
    endloop
  endfacet
  facet normal 0.12331899308839761 0.9923670822551823 0
    outer loop
      vertex 20.706083968281746 34.72127070277929 0
      vertex 20.706083968281746 34.72127070277929 0.16
      vertex 21.03016623854637 34.68099780380726 0.16
    endloop
  endfacet
  facet normal 0.14835819063896172 0.9889336920493373 0
    outer loop
      vertex 21.03016623854637 34.68099780380726 0
      vertex 21.03016623854637 34.68099780380726 0.16
      vertex 21.347428999841213 34.633402571082115 0.16
    endloop
  endfacet
  facet normal 0.1741959178451313 0.9847110145652339 0
    outer loop
      vertex 21.347428999841213 34.633402571082115 0
      vertex 21.347428999841213 34.633402571082115 0.16
      vertex 21.65787225216627 34.5784849897027 0.16
    endloop
  endfacet
  facet normal 0.20081450210604992 0.9796292848541733 0
    outer loop
      vertex 21.65787225216627 34.5784849897027 0
      vertex 21.65787225216627 34.5784849897027 0.16
      vertex 21.961495995521545 34.5162450671196 0.16
    endloop
  endfacet
  facet normal 0.2281875254478185 0.9736172005619051 0
    outer loop
      vertex 21.961495995521545 34.5162450671196 0
      vertex 21.961495995521545 34.5162450671196 0.16
      vertex 22.258300229907036 34.446682795882225 0.16
    endloop
  endfacet
  facet normal 0.25627864636354275 0.9666029461045885 0
    outer loop
      vertex 22.258300229907036 34.446682795882225 0
      vertex 22.258300229907036 34.446682795882225 0.16
      vertex 22.548284955322742 34.36979818344116 0.16
    endloop
  endfacet
  facet normal 0.2850408672373619 0.9585153645114786 0
    outer loop
      vertex 22.548284955322742 34.36979818344116 0
      vertex 22.548284955322742 34.36979818344116 0.16
      vertex 22.831450171768665 34.28559122979641 0.16
    endloop
  endfacet
  facet normal 0 0 1
    outer loop
      vertex 18.413860000669956 30.654519997537136 0.16
      vertex 18.736886844038963 30.64766450226307 0.16
      vertex 18.983379997313023 34.812799997627735 0.16
    endloop
  endfacet
  facet normal 0 0 1
    outer loop
      vertex 18.736886844038963 30.64766450226307 0.16
      vertex 19.04555694013834 30.627097994089127 0.16
      vertex 18.983379997313023 34.812799997627735 0.16
    endloop
  endfacet
  facet normal 0 0 1
    outer loop
      vertex 19.04555694013834 30.627097994089127 0.16
      vertex 19.339870281517506 30.59282048791647 0.16
      vertex 19.341559812426567 34.80913882702589 0.16
    endloop
  endfacet
  facet normal 0 0 1
    outer loop
      vertex 19.339870281517506 30.59282048791647 0.16
      vertex 19.61982688307762 30.544831983745098 0.16
      vertex 20.037460908293724 34.77984945476055 0.16
    endloop
  endfacet
  facet normal 0 0 1
    outer loop
      vertex 19.04555694013834 30.627097994089127 0.16
      vertex 19.341559812426567 34.80913882702589 0.16
      vertex 18.983379997313023 34.812799997627735 0.16
    endloop
  endfacet
  facet normal 0 0 1
    outer loop
      vertex 19.339870281517506 30.59282048791647 0.16
      vertex 19.692920111119747 34.798155315220356 0.16
      vertex 19.341559812426567 34.80913882702589 0.16
    endloop
  endfacet
  facet normal 0 0 1
    outer loop
      vertex 19.339870281517506 30.59282048791647 0.16
      vertex 20.037460908293724 34.77984945476055 0.16
      vertex 19.692920111119747 34.798155315220356 0.16
    endloop
  endfacet
  facet normal 0 0 1
    outer loop
      vertex 20.596085786819458 30.215767942368984 0.16
      vertex 20.80425863713026 30.0992244258523 0.16
      vertex 22.258300229907036 34.446682795882225 0.16
    endloop
  endfacet
  facet normal 0 0 1
    outer loop
      vertex 20.998074747622013 29.968969903886318 0.16
      vertex 22.831450171768665 34.28559122979641 0.16
      vertex 20.80425863713026 30.0992244258523 0.16
    endloop
  endfacet
  facet normal 0 0 1
    outer loop
      vertex 20.998074747622013 29.968969903886318 0.16
      vertex 21.177534103393555 29.825004383921623 0.16
      vertex 23.37732207775116 34.095210283994675 0.16
    endloop
  endfacet
  facet normal 0 0 1
    outer loop
      vertex 21.493382573127747 29.49594034254551 0.16
      vertex 21.629771679639816 29.31084181368351 0.16
      vertex 25.073059245944023 33.198223136365414 0.16
    endloop
  endfacet
  facet normal 0 0 1
    outer loop
      vertex 21.177534103393555 29.825004383921623 0.16
      vertex 21.342636711895466 29.667327865958214 0.16
      vertex 23.8959159553051 33.87553995847702 0.16
    endloop
  endfacet
  facet normal 0 0 1
    outer loop
      vertex 21.493382573127747 29.49594034254551 0.16
      vertex 24.387231796979904 33.62658026814461 0.16
      vertex 21.342636711895466 29.667327865958214 0.16
    endloop
  endfacet
  facet normal 0 0 1
    outer loop
      vertex 19.61982688307762 30.544831983745098 0.16
      vertex 19.885426729917526 30.48313247412443 0.16
      vertex 20.375182196497917 34.75422124564648 0.16
    endloop
  endfacet
  facet normal 0 0 1
    outer loop
      vertex 19.885426729917526 30.48313247412443 0.16
      vertex 20.1366698294878 30.40772196650505 0.16
      vertex 21.03016623854637 34.68099780380726 0.16
    endloop
  endfacet
  facet normal 0 0 1
    outer loop
      vertex 20.1366698294878 30.40772196650505 0.16
      vertex 20.373556181788445 30.318600453436375 0.16
      vertex 21.347428999841213 34.633402571082115 0.16
    endloop
  endfacet
  facet normal 0 0 1
    outer loop
      vertex 20.373556181788445 30.318600453436375 0.16
      vertex 20.596085786819458 30.215767942368984 0.16
      vertex 21.961495995521545 34.5162450671196 0.16
    endloop
  endfacet
  facet normal 0 0 1
    outer loop
      vertex 20.373556181788445 30.318600453436375 0.16
      vertex 21.65787225216627 34.5784849897027 0.16
      vertex 21.347428999841213 34.633402571082115 0.16
    endloop
  endfacet
  facet normal 0 0 1
    outer loop
      vertex 20.373556181788445 30.318600453436375 0.16
      vertex 21.961495995521545 34.5162450671196 0.16
      vertex 21.65787225216627 34.5784849897027 0.16
    endloop
  endfacet
  facet normal 0 0 1
    outer loop
      vertex 19.61982688307762 30.544831983745098 0.16
      vertex 20.375182196497917 34.75422124564648 0.16
      vertex 20.037460908293724 34.77984945476055 0.16
    endloop
  endfacet
  facet normal 0 0 1
    outer loop
      vertex 19.885426729917526 30.48313247412443 0.16
      vertex 20.706083968281746 34.72127070277929 0.16
      vertex 20.375182196497917 34.75422124564648 0.16
    endloop
  endfacet
  facet normal 0 0 1
    outer loop
      vertex 19.885426729917526 30.48313247412443 0.16
      vertex 21.03016623854637 34.68099780380726 0.16
      vertex 20.706083968281746 34.72127070277929 0.16
    endloop
  endfacet
  facet normal 0 0 1
    outer loop
      vertex 20.1366698294878 30.40772196650505 0.16
      vertex 21.347428999841213 34.633402571082115 0.16
      vertex 21.03016623854637 34.68099780380726 0.16
    endloop
  endfacet
  facet normal 0 0 1
    outer loop
      vertex 20.596085786819458 30.215767942368984 0.16
      vertex 22.258300229907036 34.446682795882225 0.16
      vertex 21.961495995521545 34.5162450671196 0.16
    endloop
  endfacet
  facet normal 0 0 1
    outer loop
      vertex 20.80425863713026 30.0992244258523 0.16
      vertex 22.548284955322742 34.36979818344116 0.16
      vertex 22.258300229907036 34.446682795882225 0.16
    endloop
  endfacet
  facet normal 0 0 1
    outer loop
      vertex 20.80425863713026 30.0992244258523 0.16
      vertex 22.831450171768665 34.28559122979641 0.16
      vertex 22.548284955322742 34.36979818344116 0.16
    endloop
  endfacet
  facet normal 0 0 1
    outer loop
      vertex 20.998074747622013 29.968969903886318 0.16
      vertex 23.107795879244804 34.19406192749739 0.16
      vertex 22.831450171768665 34.28559122979641 0.16
    endloop
  endfacet
  facet normal 0 0 1
    outer loop
      vertex 20.998074747622013 29.968969903886318 0.16
      vertex 23.37732207775116 34.095210283994675 0.16
      vertex 23.107795879244804 34.19406192749739 0.16
    endloop
  endfacet
  facet normal 0 0 1
    outer loop
      vertex 21.177534103393555 29.825004383921623 0.16
      vertex 23.64002877473831 33.98903629183769 0.16
      vertex 23.37732207775116 34.095210283994675 0.16
    endloop
  endfacet
  facet normal 0 0 -1
    outer loop
      vertex 21.889730244874954 25.384682342410088 0
      vertex 24.78173591941595 22.329549945890903 0
      vertex 24.622100826024337 22.25 0
    endloop
  endfacet
  facet normal 0 0 -1
    outer loop
      vertex 21.937287904322147 25.493640452623367 0
      vertex 24.97338453680277 22.432705856859684 0
      vertex 24.78173591941595 22.329549945890903 0
    endloop
  endfacet
  facet normal 0 0 -1
    outer loop
      vertex 21.937287904322147 25.493640452623367 0
      vertex 25.159182265400887 22.540599018335342 0
      vertex 24.97338453680277 22.432705856859684 0
    endloop
  endfacet
  facet normal 0 0 -1
    outer loop
      vertex 21.981040947139263 25.605506539344788 0
      vertex 25.339129112660885 22.653229415416718 0
      vertex 25.159182265400887 22.540599018335342 0
    endloop
  endfacet
  facet normal 0 0 -1
    outer loop
      vertex 21.889730244874954 25.384682342410088 0
      vertex 21.937287904322147 25.493640452623367 0
      vertex 24.78173591941595 22.329549945890903 0
    endloop
  endfacet
  facet normal 0 0 -1
    outer loop
      vertex 21.937287904322147 25.493640452623367 0
      vertex 21.981040947139263 25.605506539344788 0
      vertex 25.159182265400887 22.540599018335342 0
    endloop
  endfacet
  facet normal 0 0 -1
    outer loop
      vertex 21.981040947139263 25.605506539344788 0
      vertex 22.0209893733263 25.72028060257435 0
      vertex 25.339129112660885 22.653229415416718 0
    endloop
  endfacet
  facet normal 0 0 -1
    outer loop
      vertex 22.0209893733263 25.72028060257435 0
      vertex 22.057133197784424 25.83796264976263 0
      vertex 25.6814701333642 22.89270193129778 0
    endloop
  endfacet
  facet normal 0 0 -1
    outer loop
      vertex 22.057133197784424 25.83796264976263 0
      vertex 22.089472398161888 25.958552666008472 0
      vertex 25.843864306807518 23.019544042646885 0
    endloop
  endfacet
  facet normal 0 0 -1
    outer loop
      vertex 22.089472398161888 25.958552666008472 0
      vertex 22.118006996810436 26.082050658762455 0
      vertex 26.151100002229214 23.28744000196457 0
    endloop
  endfacet
  facet normal 0 0 -1
    outer loop
      vertex 22.0209893733263 25.72028060257435 0
      vertex 25.513225063681602 22.77059704810381 0
      vertex 25.339129112660885 22.653229415416718 0
    endloop
  endfacet
  facet normal 0.44601290626447726 -0.8950265289059954 0
    outer loop
      vertex 24.78173591941595 22.329549945890903 0
      vertex 24.78173591941595 22.329549945890903 0.16
      vertex 24.622100826024337 22.25 0
    endloop
  endfacet
  facet normal 0.4739591291900468 -0.8805468436474079 0
    outer loop
      vertex 24.78173591941595 22.329549945890903 0
      vertex 24.97338453680277 22.432705856859684 0
      vertex 24.78173591941595 22.329549945890903 0.16
    endloop
  endfacet
  facet normal 0.5021724460937314 -0.8647675030805901 0
    outer loop
      vertex 24.97338453680277 22.432705856859684 0
      vertex 25.159182265400887 22.540599018335342 0
      vertex 24.97338453680277 22.432705856859684 0.16
    endloop
  endfacet
  facet normal 0.5305530606525526 -0.8476517267322758 0
    outer loop
      vertex 25.159182265400887 22.540599018335342 0
      vertex 25.339129112660885 22.653229415416718 0
      vertex 25.159182265400887 22.540599018335342 0.16
    endloop
  endfacet
  facet normal 0.5589913440781755 -0.8291734904383249 0
    outer loop
      vertex 25.339129112660885 22.653229415416718 0
      vertex 25.513225063681602 22.77059704810381 0
      vertex 25.339129112660885 22.653229415416718 0.16
    endloop
  endfacet
  facet normal 0.5873685906929993 -0.8093195528759454 0
    outer loop
      vertex 25.513225063681602 22.77059704810381 0
      vertex 25.6814701333642 22.89270193129778 0
      vertex 25.513225063681602 22.77059704810381 0.16
    endloop
  endfacet
  facet normal 0.6155586430844143 -0.7880910841546647 0
    outer loop
      vertex 25.6814701333642 22.89270193129778 0
      vertex 25.843864306807518 23.019544042646885 0
      vertex 25.6814701333642 22.89270193129778 0.16
    endloop
  endfacet
  facet normal 0 0 -1
    outer loop
      vertex 22.0209893733263 25.72028060257435 0
      vertex 25.6814701333642 22.89270193129778 0
      vertex 25.513225063681602 22.77059704810381 0
    endloop
  endfacet
  facet normal 0 0 -1
    outer loop
      vertex 22.057133197784424 25.83796264976263 0
      vertex 25.843864306807518 23.019544042646885 0
      vertex 25.6814701333642 22.89270193129778 0
    endloop
  endfacet
  facet normal 0 0 -1
    outer loop
      vertex 22.089472398161888 25.958552666008472 0
      vertex 26.000407598912716 23.15112340450287 0
      vertex 25.843864306807518 23.019544042646885 0
    endloop
  endfacet
  facet normal 0 0 -1
    outer loop
      vertex 22.089472398161888 25.958552666008472 0
      vertex 26.151100002229214 23.28744000196457 0
      vertex 26.000407598912716 23.15112340450287 0
    endloop
  endfacet
  facet normal 0 0 -1
    outer loop
      vertex 22.118006996810436 26.082050658762455 0
      vertex 26.295678451657295 23.42806351929903 0
      vertex 26.151100002229214 23.28744000196457 0
    endloop
  endfacet
  facet normal 0 0 -1
    outer loop
      vertex 22.118006996810436 26.082050658762455 0
      vertex 26.433831192553043 23.572563625872135 0
      vertex 26.295678451657295 23.42806351929903 0
    endloop
  endfacet
  facet normal 0 0 -1
    outer loop
      vertex 22.142736978828907 26.20845663547516 0
      vertex 26.565558224916458 23.720940336585045 0
      vertex 26.433831192553043 23.572563625872135 0
    endloop
  endfacet
  facet normal 0 0 -1
    outer loop
      vertex 22.142736978828907 26.20845663547516 0
      vertex 26.69085954874754 23.87319365143776 0
      vertex 26.565558224916458 23.720940336585045 0
    endloop
  endfacet
  facet normal 0 0 -1
    outer loop
      vertex 22.142736978828907 26.20845663547516 0
      vertex 26.809735164046288 24.029323555529118 0
      vertex 26.69085954874754 23.87319365143776 0
    endloop
  endfacet
  facet normal 0 0 -1
    outer loop
      vertex 22.1636623442173 26.337770588696003 0
      vertex 26.92218506336212 24.1893300563097 0
      vertex 26.809735164046288 24.029323555529118 0
    endloop
  endfacet
  facet normal 0 0 -1
    outer loop
      vertex 22.1636623442173 26.337770588696003 0
      vertex 27.028209261596203 24.353213153779507 0
      vertex 26.92218506336212 24.1893300563097 0
    endloop
  endfacet
  facet normal 0 0 -1
    outer loop
      vertex 22.180783100426197 26.469992510974407 0
      vertex 27.12780775129795 24.520972855389118 0
      vertex 27.028209261596203 24.353213153779507 0
    endloop
  endfacet
  facet normal 0.44601290626447726 -0.8950265289059954 0
    outer loop
      vertex 24.78173591941595 22.329549945890903 0.16
      vertex 24.622100826024337 22.25 0.16
      vertex 24.622100826024337 22.25 0
    endloop
  endfacet
  facet normal 0.4739591291900468 -0.8805468436474079 0
    outer loop
      vertex 24.97338453680277 22.432705856859684 0
      vertex 24.97338453680277 22.432705856859684 0.16
      vertex 24.78173591941595 22.329549945890903 0.16
    endloop
  endfacet
  facet normal 0.5021724460937314 -0.8647675030805901 0
    outer loop
      vertex 25.159182265400887 22.540599018335342 0
      vertex 25.159182265400887 22.540599018335342 0.16
      vertex 24.97338453680277 22.432705856859684 0.16
    endloop
  endfacet
  facet normal 0.5305530606525526 -0.8476517267322758 0
    outer loop
      vertex 25.339129112660885 22.653229415416718 0
      vertex 25.339129112660885 22.653229415416718 0.16
      vertex 25.159182265400887 22.540599018335342 0.16
    endloop
  endfacet
  facet normal 0.5589913440781755 -0.8291734904383249 0
    outer loop
      vertex 25.513225063681602 22.77059704810381 0
      vertex 25.513225063681602 22.77059704810381 0.16
      vertex 25.339129112660885 22.653229415416718 0.16
    endloop
  endfacet
  facet normal 0.5873685906929993 -0.8093195528759454 0
    outer loop
      vertex 25.6814701333642 22.89270193129778 0
      vertex 25.6814701333642 22.89270193129778 0.16
      vertex 25.513225063681602 22.77059704810381 0.16
    endloop
  endfacet
  facet normal 0 0 -1
    outer loop
      vertex 22.118006996810436 26.082050658762455 0
      vertex 22.142736978828907 26.20845663547516 0
      vertex 26.433831192553043 23.572563625872135 0
    endloop
  endfacet
  facet normal 0 0 -1
    outer loop
      vertex 22.142736978828907 26.20845663547516 0
      vertex 22.1636623442173 26.337770588696003 0
      vertex 26.809735164046288 24.029323555529118 0
    endloop
  endfacet
  facet normal 0 0 -1
    outer loop
      vertex 22.1636623442173 26.337770588696003 0
      vertex 22.180783100426197 26.469992510974407 0
      vertex 27.028209261596203 24.353213153779507 0
    endloop
  endfacet
  facet normal 0 0 -1
    outer loop
      vertex 22.180783100426197 26.469992510974407 0
      vertex 22.194099247455597 26.605122417211533 0
      vertex 27.307727597653866 24.868122041225433 0
    endloop
  endfacet
  facet normal 0 0 -1
    outer loop
      vertex 22.194099247455597 26.605122417211533 0
      vertex 22.20361077785492 26.7431602999568 0
      vertex 27.52941455692053 25.417920298874378 0
    endloop
  endfacet
  facet normal 0 0 -1
    outer loop
      vertex 22.20361077785492 26.7431602999568 0
      vertex 22.209317691624165 26.884106159210205 0
      vertex 27.69327013194561 26.002607941627502 0
    endloop
  endfacet
  facet normal 0 0 -1
    outer loop
      vertex 22.209317691624165 26.884106159210205 0
      vertex 22.211220003664494 27.027960002422333 0
      vertex 27.77037864178419 26.411782681941986 0
    endloop
  endfacet
  facet normal 0 0 -1
    outer loop
      vertex 22.211220003664494 27.027960002422333 0
      vertex 22.204041622579098 27.336457543075085 0
      vertex 27.83784858137369 27.054619282484055 0
    endloop
  endfacet
  facet normal 0 0 -1
    outer loop
      vertex 22.204041622579098 27.336457543075085 0
      vertex 22.182506501674652 27.631244085729122 0
      vertex 27.846249110996723 27.79856975376606 0
    endloop
  endfacet
  facet normal 0 0 -1
    outer loop
      vertex 22.182506501674652 27.631244085729122 0
      vertex 22.146614633500576 27.912319622933865 0
      vertex 27.81064200401306 28.37357648462057 0
    endloop
  endfacet
  facet normal 0 0 -1
    outer loop
      vertex 22.180783100426197 26.469992510974407 0
      vertex 27.220980532467365 24.692609146237373 0
      vertex 27.12780775129795 24.520972855389118 0
    endloop
  endfacet
  facet normal 0 0 -1
    outer loop
      vertex 22.180783100426197 26.469992510974407 0
      vertex 27.307727597653866 24.868122041225433 0
      vertex 27.220980532467365 24.692609146237373 0
    endloop
  endfacet
  facet normal 0 0 -1
    outer loop
      vertex 22.194099247455597 26.605122417211533 0
      vertex 27.388048961758614 25.047511532902718 0
      vertex 27.307727597653866 24.868122041225433 0
    endloop
  endfacet
  facet normal 0 0 -1
    outer loop
      vertex 22.194099247455597 26.605122417211533 0
      vertex 27.461944609880447 25.230777621269226 0
      vertex 27.388048961758614 25.047511532902718 0
    endloop
  endfacet
  facet normal 0 0 -1
    outer loop
      vertex 22.194099247455597 26.605122417211533 0
      vertex 27.52941455692053 25.417920298874378 0
      vertex 27.461944609880447 25.230777621269226 0
    endloop
  endfacet
  facet normal 0.6434300110382817 -0.7655049450495254 0
    outer loop
      vertex 25.843864306807518 23.019544042646885 0
      vertex 26.000407598912716 23.15112340450287 0
      vertex 25.843864306807518 23.019544042646885 0.16
    endloop
  endfacet
  facet normal 0.6708479740280855 -0.7415949000245438 0
    outer loop
      vertex 26.000407598912716 23.15112340450287 0
      vertex 26.151100002229214 23.28744000196457 0
      vertex 26.000407598912716 23.15112340450287 0.16
    endloop
  endfacet
  facet normal 0.697234206272723 -0.7168434010320843 0
    outer loop
      vertex 26.151100002229214 23.28744000196457 0
      vertex 26.295678451657295 23.42806351929903 0
      vertex 26.151100002229214 23.28744000196457 0.16
    endloop
  endfacet
  facet normal 0.7228036262625158 -0.6910534840819177 0
    outer loop
      vertex 26.295678451657295 23.42806351929903 0
      vertex 26.433831192553043 23.572563625872135 0
      vertex 26.295678451657295 23.42806351929903 0.16
    endloop
  endfacet
  facet normal 0.7478180478854405 -0.6639037334258703 0
    outer loop
      vertex 26.433831192553043 23.572563625872135 0
      vertex 26.565558224916458 23.720940336585045 0
      vertex 26.433831192553043 23.572563625872135 0.16
    endloop
  endfacet
  facet normal 0.7721386408913304 -0.6354541047491071 0
    outer loop
      vertex 26.565558224916458 23.720940336585045 0
      vertex 26.69085954874754 23.87319365143776 0
      vertex 26.565558224916458 23.720940336585045 0.16
    endloop
  endfacet
  facet normal 0.7956294376965355 -0.6057836229799338 0
    outer loop
      vertex 26.69085954874754 23.87319365143776 0
      vertex 26.809735164046288 24.029323555529118 0
      vertex 26.69085954874754 23.87319365143776 0.16
    endloop
  endfacet
  facet normal 0.8181606693013684 -0.5749896687840023 0
    outer loop
      vertex 26.809735164046288 24.029323555529118 0
      vertex 26.92218506336212 24.1893300563097 0
      vertex 26.809735164046288 24.029323555529118 0.16
    endloop
  endfacet
  facet normal 0.8396117619135777 -0.543186974490716 0
    outer loop
      vertex 26.92218506336212 24.1893300563097 0
      vertex 27.028209261596203 24.353213153779507 0
      vertex 26.92218506336212 24.1893300563097 0.16
    endloop
  endfacet
  facet normal 0.859874618588415 -0.5105052794119057 0
    outer loop
      vertex 27.028209261596203 24.353213153779507 0
      vertex 27.12780775129795 24.520972855389118 0
      vertex 27.028209261596203 24.353213153779507 0.16
    endloop
  endfacet
  facet normal 0.8788560193830667 -0.47708709602561095 0
    outer loop
      vertex 27.12780775129795 24.520972855389118 0
      vertex 27.220980532467365 24.692609146237373 0
      vertex 27.12780775129795 24.520972855389118 0.16
    endloop
  endfacet
  facet normal 0.8964799590967635 -0.44308428423705687 0
    outer loop
      vertex 27.220980532467365 24.692609146237373 0
      vertex 27.307727597653866 24.868122041225433 0
      vertex 27.220980532467365 24.692609146237373 0.16
    endloop
  endfacet
  facet normal 0.9126889188206261 -0.40865503479345106 0
    outer loop
      vertex 27.307727597653866 24.868122041225433 0
      vertex 27.388048961758614 25.047511532902718 0
      vertex 27.307727597653866 24.868122041225433 0.16
    endloop
  endfacet
  facet normal 0.9274449265044583 -0.3739597682921787 0
    outer loop
      vertex 27.388048961758614 25.047511532902718 0
      vertex 27.461944609880447 25.230777621269226 0
      vertex 27.388048961758614 25.047511532902718 0.16
    endloop
  endfacet
  facet normal 0.6155586430844143 -0.7880910841546647 0
    outer loop
      vertex 25.843864306807518 23.019544042646885 0
      vertex 25.843864306807518 23.019544042646885 0.16
      vertex 25.6814701333642 22.89270193129778 0.16
    endloop
  endfacet
  facet normal 0.6434300110382817 -0.7655049450495254 0
    outer loop
      vertex 26.000407598912716 23.15112340450287 0
      vertex 26.000407598912716 23.15112340450287 0.16
      vertex 25.843864306807518 23.019544042646885 0.16
    endloop
  endfacet
  facet normal 0.6708479740280855 -0.7415949000245438 0
    outer loop
      vertex 26.151100002229214 23.28744000196457 0
      vertex 26.151100002229214 23.28744000196457 0.16
      vertex 26.000407598912716 23.15112340450287 0.16
    endloop
  endfacet
  facet normal 0.697234206272723 -0.7168434010320843 0
    outer loop
      vertex 26.295678451657295 23.42806351929903 0
      vertex 26.295678451657295 23.42806351929903 0.16
      vertex 26.151100002229214 23.28744000196457 0.16
    endloop
  endfacet
  facet normal 0.7228036262625158 -0.6910534840819177 0
    outer loop
      vertex 26.433831192553043 23.572563625872135 0
      vertex 26.433831192553043 23.572563625872135 0.16
      vertex 26.295678451657295 23.42806351929903 0.16
    endloop
  endfacet
  facet normal 0.7478180478854405 -0.6639037334258703 0
    outer loop
      vertex 26.565558224916458 23.720940336585045 0
      vertex 26.565558224916458 23.720940336585045 0.16
      vertex 26.433831192553043 23.572563625872135 0.16
    endloop
  endfacet
  facet normal 0.7721386408913304 -0.6354541047491071 0
    outer loop
      vertex 26.69085954874754 23.87319365143776 0
      vertex 26.69085954874754 23.87319365143776 0.16
      vertex 26.565558224916458 23.720940336585045 0.16
    endloop
  endfacet
  facet normal 0.7956294376965355 -0.6057836229799338 0
    outer loop
      vertex 26.809735164046288 24.029323555529118 0
      vertex 26.809735164046288 24.029323555529118 0.16
      vertex 26.69085954874754 23.87319365143776 0.16
    endloop
  endfacet
  facet normal 0.8181606693013684 -0.5749896687840023 0
    outer loop
      vertex 26.92218506336212 24.1893300563097 0
      vertex 26.92218506336212 24.1893300563097 0.16
      vertex 26.809735164046288 24.029323555529118 0.16
    endloop
  endfacet
  facet normal 0.8396117619135777 -0.543186974490716 0
    outer loop
      vertex 27.028209261596203 24.353213153779507 0
      vertex 27.028209261596203 24.353213153779507 0.16
      vertex 26.92218506336212 24.1893300563097 0.16
    endloop
  endfacet
  facet normal 0.859874618588415 -0.5105052794119057 0
    outer loop
      vertex 27.12780775129795 24.520972855389118 0
      vertex 27.12780775129795 24.520972855389118 0.16
      vertex 27.028209261596203 24.353213153779507 0.16
    endloop
  endfacet
  facet normal 0.8788560193830667 -0.47708709602561095 0
    outer loop
      vertex 27.220980532467365 24.692609146237373 0
      vertex 27.220980532467365 24.692609146237373 0.16
      vertex 27.12780775129795 24.520972855389118 0.16
    endloop
  endfacet
  facet normal 0.8964799590967635 -0.44308428423705687 0
    outer loop
      vertex 27.307727597653866 24.868122041225433 0
      vertex 27.307727597653866 24.868122041225433 0.16
      vertex 27.220980532467365 24.692609146237373 0.16
    endloop
  endfacet
  facet normal 0.9126889188206261 -0.40865503479345106 0
    outer loop
      vertex 27.388048961758614 25.047511532902718 0
      vertex 27.388048961758614 25.047511532902718 0.16
      vertex 27.307727597653866 24.868122041225433 0.16
    endloop
  endfacet
  facet normal 0.9274449265044583 -0.3739597682921787 0
    outer loop
      vertex 27.461944609880447 25.230777621269226 0
      vertex 27.461944609880447 25.230777621269226 0.16
      vertex 27.388048961758614 25.047511532902718 0.16
    endloop
  endfacet
  facet normal 0 0 -1
    outer loop
      vertex 22.20361077785492 26.7431602999568 0
      vertex 27.590458787977695 25.608939580619335 0
      vertex 27.52941455692053 25.417920298874378 0
    endloop
  endfacet
  facet normal 0 0 -1
    outer loop
      vertex 22.20361077785492 26.7431602999568 0
      vertex 27.64507731795311 25.803835466504097 0
      vertex 27.590458787977695 25.608939580619335 0
    endloop
  endfacet
  facet normal 0 0 -1
    outer loop
      vertex 22.20361077785492 26.7431602999568 0
      vertex 27.69327013194561 26.002607941627502 0
      vertex 27.64507731795311 25.803835466504097 0
    endloop
  endfacet
  facet normal 0 0 -1
    outer loop
      vertex 22.209317691624165 26.884106159210205 0
      vertex 27.735037237405777 26.205257013440132 0
      vertex 27.69327013194561 26.002607941627502 0
    endloop
  endfacet
  facet normal 0 0 -1
    outer loop
      vertex 22.209317691624165 26.884106159210205 0
      vertex 27.77037864178419 26.411782681941986 0
      vertex 27.735037237405777 26.205257013440132 0
    endloop
  endfacet
  facet normal 0 0 -1
    outer loop
      vertex 22.211220003664494 27.027960002422333 0
      vertex 27.79929433017969 26.622184954583645 0
      vertex 27.77037864178419 26.411782681941986 0
    endloop
  endfacet
  facet normal 0 0 -1
    outer loop
      vertex 22.211220003664494 27.027960002422333 0
      vertex 27.821784310042858 26.836463816463947 0
      vertex 27.79929433017969 26.622184954583645 0
    endloop
  endfacet
  facet normal 0 0 -1
    outer loop
      vertex 22.211220003664494 27.027960002422333 0
      vertex 27.83784858137369 27.054619282484055 0
      vertex 27.821784310042858 26.836463816463947 0
    endloop
  endfacet
  facet normal 0 0 -1
    outer loop
      vertex 22.204041622579098 27.336457543075085 0
      vertex 27.84748714417219 27.276651345193386 0
      vertex 27.83784858137369 27.054619282484055 0
    endloop
  endfacet
  facet normal 0 0 -1
    outer loop
      vertex 22.204041622579098 27.336457543075085 0
      vertex 27.85069999843836 27.50255999714136 0
      vertex 27.84748714417219 27.276651345193386 0
    endloop
  endfacet
  facet normal 0 0 -1
    outer loop
      vertex 22.204041622579098 27.336457543075085 0
      vertex 27.846249110996723 27.79856975376606 0
      vertex 27.85069999843836 27.50255999714136 0
    endloop
  endfacet
  facet normal 0 0 -1
    outer loop
      vertex 22.182506501674652 27.631244085729122 0
      vertex 27.832896448671818 28.088908582925797 0
      vertex 27.846249110996723 27.79856975376606 0
    endloop
  endfacet
  facet normal 0 0 -1
    outer loop
      vertex 22.146614633500576 27.912319622933865 0
      vertex 27.779485784471035 28.652573458850384 0
      vertex 27.81064200401306 28.37357648462057 0
    endloop
  endfacet
  facet normal 0 0 -1
    outer loop
      vertex 22.182506501674652 27.631244085729122 0
      vertex 27.81064200401306 28.37357648462057 0
      vertex 27.832896448671818 28.088908582925797 0
    endloop
  endfacet
  facet normal 0.940729376855124 -0.3391581335037832 0
    outer loop
      vertex 27.461944609880447 25.230777621269226 0
      vertex 27.52941455692053 25.417920298874378 0
      vertex 27.461944609880447 25.230777621269226 0.16
    endloop
  endfacet
  facet normal 0.9525426817745684 -0.3044050581013946 0
    outer loop
      vertex 27.52941455692053 25.417920298874378 0
      vertex 27.590458787977695 25.608939580619335 0
      vertex 27.52941455692053 25.417920298874378 0.16
    endloop
  endfacet
  facet normal 0.9629028287012752 -0.2698483694208334 0
    outer loop
      vertex 27.590458787977695 25.608939580619335 0
      vertex 27.64507731795311 25.803835466504097 0
      vertex 27.590458787977695 25.608939580619335 0.16
    endloop
  endfacet
  facet normal 0.9718438952850585 -0.23562564206207262 0
    outer loop
      vertex 27.64507731795311 25.803835466504097 0
      vertex 27.69327013194561 26.002607941627502 0
      vertex 27.64507731795311 25.803835466504097 0.16
    endloop
  endfacet
  facet normal 0.9794138378424324 -0.2018626618341227 0
    outer loop
      vertex 27.69327013194561 26.002607941627502 0
      vertex 27.735037237405777 26.205257013440132 0
      vertex 27.69327013194561 26.002607941627502 0.16
    endloop
  endfacet
  facet normal 0.9856722812676328 -0.16867173426706852 0
    outer loop
      vertex 27.735037237405777 26.205257013440132 0
      vertex 27.77037864178419 26.411782681941986 0
      vertex 27.735037237405777 26.205257013440132 0.16
    endloop
  endfacet
  facet normal 0.9906881298555389 -0.1361507596869546 0
    outer loop
      vertex 27.77037864178419 26.411782681941986 0
      vertex 27.79929433017969 26.622184954583645 0
      vertex 27.77037864178419 26.411782681941986 0.16
    endloop
  endfacet
  facet normal 0.9945371489214898 -0.10438323340036244 0
    outer loop
      vertex 27.79929433017969 26.622184954583645 0
      vertex 27.821784310042858 26.836463816463947 0
      vertex 27.79929433017969 26.622184954583645 0.16
    endloop
  endfacet
  facet normal 0.9972997867713937 -0.07343796910136262 0
    outer loop
      vertex 27.821784310042858 26.836463816463947 0
      vertex 27.83784858137369 27.054619282484055 0
      vertex 27.821784310042858 26.836463816463947 0.16
    endloop
  endfacet
  facet normal 0.9990590860824373 -0.04336983417221095 0
    outer loop
      vertex 27.83784858137369 27.054619282484055 0
      vertex 27.84748714417219 27.276651345193386 0
      vertex 27.83784858137369 27.054619282484055 0.16
    endloop
  endfacet
  facet normal 0.9998988838665864 -0.014220479680901682 0
    outer loop
      vertex 27.84748714417219 27.276651345193386 0
      vertex 27.85069999843836 27.50255999714136 0
      vertex 27.84748714417219 27.276651345193386 0.16
    endloop
  endfacet
  facet normal 0.9998869742126169 0.015034586789718517 0
    outer loop
      vertex 27.85069999843836 27.50255999714136 0
      vertex 27.846249110996723 27.79856975376606 0
      vertex 27.85069999843836 27.50255999714136 0.16
    endloop
  endfacet
  facet normal 0.9989441378106406 0.04594137061250848 0
    outer loop
      vertex 27.846249110996723 27.79856975376606 0
      vertex 27.832896448671818 28.088908582925797 0
      vertex 27.846249110996723 27.79856975376606 0.16
    endloop
  endfacet
  facet normal 0.9969581247568967 0.07793906261440306 0
    outer loop
      vertex 27.832896448671818 28.088908582925797 0
      vertex 27.81064200401306 28.37357648462057 0
      vertex 27.832896448671818 28.088908582925797 0.16
    endloop
  endfacet
  facet normal 0.940729376855124 -0.3391581335037832 0
    outer loop
      vertex 27.52941455692053 25.417920298874378 0
      vertex 27.52941455692053 25.417920298874378 0.16
      vertex 27.461944609880447 25.230777621269226 0.16
    endloop
  endfacet
  facet normal 0.9525426817745684 -0.3044050581013946 0
    outer loop
      vertex 27.590458787977695 25.608939580619335 0
      vertex 27.590458787977695 25.608939580619335 0.16
      vertex 27.52941455692053 25.417920298874378 0.16
    endloop
  endfacet
  facet normal 0.9629028287012752 -0.2698483694208334 0
    outer loop
      vertex 27.64507731795311 25.803835466504097 0
      vertex 27.64507731795311 25.803835466504097 0.16
      vertex 27.590458787977695 25.608939580619335 0.16
    endloop
  endfacet
  facet normal 0.9718438952850585 -0.23562564206207262 0
    outer loop
      vertex 27.69327013194561 26.002607941627502 0
      vertex 27.69327013194561 26.002607941627502 0.16
      vertex 27.64507731795311 25.803835466504097 0.16
    endloop
  endfacet
  facet normal 0.9794138378424324 -0.2018626618341227 0
    outer loop
      vertex 27.735037237405777 26.205257013440132 0
      vertex 27.735037237405777 26.205257013440132 0.16
      vertex 27.69327013194561 26.002607941627502 0.16
    endloop
  endfacet
  facet normal 0.9856722812676328 -0.16867173426706852 0
    outer loop
      vertex 27.77037864178419 26.411782681941986 0
      vertex 27.77037864178419 26.411782681941986 0.16
      vertex 27.735037237405777 26.205257013440132 0.16
    endloop
  endfacet
  facet normal 0.9906881298555389 -0.1361507596869546 0
    outer loop
      vertex 27.79929433017969 26.622184954583645 0
      vertex 27.79929433017969 26.622184954583645 0.16
      vertex 27.77037864178419 26.411782681941986 0.16
    endloop
  endfacet
  facet normal 0.9945371489214898 -0.10438323340036244 0
    outer loop
      vertex 27.821784310042858 26.836463816463947 0
      vertex 27.821784310042858 26.836463816463947 0.16
      vertex 27.79929433017969 26.622184954583645 0.16
    endloop
  endfacet
  facet normal 0.9972997867713937 -0.07343796910136262 0
    outer loop
      vertex 27.83784858137369 27.054619282484055 0
      vertex 27.83784858137369 27.054619282484055 0.16
      vertex 27.821784310042858 26.836463816463947 0.16
    endloop
  endfacet
  facet normal 0.9990590860824373 -0.04336983417221095 0
    outer loop
      vertex 27.84748714417219 27.276651345193386 0
      vertex 27.84748714417219 27.276651345193386 0.16
      vertex 27.83784858137369 27.054619282484055 0.16
    endloop
  endfacet
  facet normal 0.9998988838665864 -0.014220479680901682 0
    outer loop
      vertex 27.85069999843836 27.50255999714136 0
      vertex 27.85069999843836 27.50255999714136 0.16
      vertex 27.84748714417219 27.276651345193386 0.16
    endloop
  endfacet
  facet normal 0.9998869742126169 0.015034586789718517 0
    outer loop
      vertex 27.846249110996723 27.79856975376606 0
      vertex 27.846249110996723 27.79856975376606 0.16
      vertex 27.85069999843836 27.50255999714136 0.16
    endloop
  endfacet
  facet normal 0.9989441378106406 0.04594137061250848 0
    outer loop
      vertex 27.832896448671818 28.088908582925797 0
      vertex 27.832896448671818 28.088908582925797 0.16
      vertex 27.846249110996723 27.79856975376606 0.16
    endloop
  endfacet
  facet normal 0.9969581247568967 0.07793906261440306 0
    outer loop
      vertex 27.81064200401306 28.37357648462057 0
      vertex 27.81064200401306 28.37357648462057 0.16
      vertex 27.832896448671818 28.088908582925797 0.16
    endloop
  endfacet
  facet normal 0 0 1
    outer loop
      vertex 21.889730244874954 25.384682342410088 0.16
      vertex 24.622100826024337 22.25 0.16
      vertex 24.78173591941595 22.329549945890903 0.16
    endloop
  endfacet
  facet normal 0 0 1
    outer loop
      vertex 21.937287904322147 25.493640452623367 0.16
      vertex 24.78173591941595 22.329549945890903 0.16
      vertex 24.97338453680277 22.432705856859684 0.16
    endloop
  endfacet
  facet normal 0 0 1
    outer loop
      vertex 21.937287904322147 25.493640452623367 0.16
      vertex 24.97338453680277 22.432705856859684 0.16
      vertex 25.159182265400887 22.540599018335342 0.16
    endloop
  endfacet
  facet normal 0 0 1
    outer loop
      vertex 21.981040947139263 25.605506539344788 0.16
      vertex 25.159182265400887 22.540599018335342 0.16
      vertex 25.339129112660885 22.653229415416718 0.16
    endloop
  endfacet
  facet normal 0 0 1
    outer loop
      vertex 21.889730244874954 25.384682342410088 0.16
      vertex 24.78173591941595 22.329549945890903 0.16
      vertex 21.937287904322147 25.493640452623367 0.16
    endloop
  endfacet
  facet normal 0 0 1
    outer loop
      vertex 21.937287904322147 25.493640452623367 0.16
      vertex 25.159182265400887 22.540599018335342 0.16
      vertex 21.981040947139263 25.605506539344788 0.16
    endloop
  endfacet
  facet normal 0 0 1
    outer loop
      vertex 21.981040947139263 25.605506539344788 0.16
      vertex 25.339129112660885 22.653229415416718 0.16
      vertex 22.0209893733263 25.72028060257435 0.16
    endloop
  endfacet
  facet normal 0 0 1
    outer loop
      vertex 22.0209893733263 25.72028060257435 0.16
      vertex 25.6814701333642 22.89270193129778 0.16
      vertex 22.057133197784424 25.83796264976263 0.16
    endloop
  endfacet
  facet normal 0 0 1
    outer loop
      vertex 22.057133197784424 25.83796264976263 0.16
      vertex 25.843864306807518 23.019544042646885 0.16
      vertex 22.089472398161888 25.958552666008472 0.16
    endloop
  endfacet
  facet normal 0 0 1
    outer loop
      vertex 22.089472398161888 25.958552666008472 0.16
      vertex 26.151100002229214 23.28744000196457 0.16
      vertex 22.118006996810436 26.082050658762455 0.16
    endloop
  endfacet
  facet normal 0 0 1
    outer loop
      vertex 22.0209893733263 25.72028060257435 0.16
      vertex 25.339129112660885 22.653229415416718 0.16
      vertex 25.513225063681602 22.77059704810381 0.16
    endloop
  endfacet
  facet normal 0 0 1
    outer loop
      vertex 22.0209893733263 25.72028060257435 0.16
      vertex 25.513225063681602 22.77059704810381 0.16
      vertex 25.6814701333642 22.89270193129778 0.16
    endloop
  endfacet
  facet normal 0 0 1
    outer loop
      vertex 22.057133197784424 25.83796264976263 0.16
      vertex 25.6814701333642 22.89270193129778 0.16
      vertex 25.843864306807518 23.019544042646885 0.16
    endloop
  endfacet
  facet normal 0 0 1
    outer loop
      vertex 22.089472398161888 25.958552666008472 0.16
      vertex 25.843864306807518 23.019544042646885 0.16
      vertex 26.000407598912716 23.15112340450287 0.16
    endloop
  endfacet
  facet normal 0 0 1
    outer loop
      vertex 22.089472398161888 25.958552666008472 0.16
      vertex 26.000407598912716 23.15112340450287 0.16
      vertex 26.151100002229214 23.28744000196457 0.16
    endloop
  endfacet
  facet normal 0 0 1
    outer loop
      vertex 22.118006996810436 26.082050658762455 0.16
      vertex 26.151100002229214 23.28744000196457 0.16
      vertex 26.295678451657295 23.42806351929903 0.16
    endloop
  endfacet
  facet normal 0 0 1
    outer loop
      vertex 22.118006996810436 26.082050658762455 0.16
      vertex 26.295678451657295 23.42806351929903 0.16
      vertex 26.433831192553043 23.572563625872135 0.16
    endloop
  endfacet
  facet normal 0 0 1
    outer loop
      vertex 22.142736978828907 26.20845663547516 0.16
      vertex 26.433831192553043 23.572563625872135 0.16
      vertex 26.565558224916458 23.720940336585045 0.16
    endloop
  endfacet
  facet normal 0 0 1
    outer loop
      vertex 22.142736978828907 26.20845663547516 0.16
      vertex 26.565558224916458 23.720940336585045 0.16
      vertex 26.69085954874754 23.87319365143776 0.16
    endloop
  endfacet
  facet normal 0 0 1
    outer loop
      vertex 22.142736978828907 26.20845663547516 0.16
      vertex 26.69085954874754 23.87319365143776 0.16
      vertex 26.809735164046288 24.029323555529118 0.16
    endloop
  endfacet
  facet normal 0 0 1
    outer loop
      vertex 22.1636623442173 26.337770588696003 0.16
      vertex 26.809735164046288 24.029323555529118 0.16
      vertex 26.92218506336212 24.1893300563097 0.16
    endloop
  endfacet
  facet normal 0 0 1
    outer loop
      vertex 22.1636623442173 26.337770588696003 0.16
      vertex 26.92218506336212 24.1893300563097 0.16
      vertex 27.028209261596203 24.353213153779507 0.16
    endloop
  endfacet
  facet normal 0 0 1
    outer loop
      vertex 22.180783100426197 26.469992510974407 0.16
      vertex 27.028209261596203 24.353213153779507 0.16
      vertex 27.12780775129795 24.520972855389118 0.16
    endloop
  endfacet
  facet normal 0 0 1
    outer loop
      vertex 22.118006996810436 26.082050658762455 0.16
      vertex 26.433831192553043 23.572563625872135 0.16
      vertex 22.142736978828907 26.20845663547516 0.16
    endloop
  endfacet
  facet normal 0 0 1
    outer loop
      vertex 22.142736978828907 26.20845663547516 0.16
      vertex 26.809735164046288 24.029323555529118 0.16
      vertex 22.1636623442173 26.337770588696003 0.16
    endloop
  endfacet
  facet normal 0 0 1
    outer loop
      vertex 22.1636623442173 26.337770588696003 0.16
      vertex 27.028209261596203 24.353213153779507 0.16
      vertex 22.180783100426197 26.469992510974407 0.16
    endloop
  endfacet
  facet normal 0 0 1
    outer loop
      vertex 22.180783100426197 26.469992510974407 0.16
      vertex 27.307727597653866 24.868122041225433 0.16
      vertex 22.194099247455597 26.605122417211533 0.16
    endloop
  endfacet
  facet normal 0 0 1
    outer loop
      vertex 22.194099247455597 26.605122417211533 0.16
      vertex 27.52941455692053 25.417920298874378 0.16
      vertex 22.20361077785492 26.7431602999568 0.16
    endloop
  endfacet
  facet normal 0 0 1
    outer loop
      vertex 22.20361077785492 26.7431602999568 0.16
      vertex 27.69327013194561 26.002607941627502 0.16
      vertex 22.209317691624165 26.884106159210205 0.16
    endloop
  endfacet
  facet normal 0 0 1
    outer loop
      vertex 22.209317691624165 26.884106159210205 0.16
      vertex 27.77037864178419 26.411782681941986 0.16
      vertex 22.211220003664494 27.027960002422333 0.16
    endloop
  endfacet
  facet normal 0 0 1
    outer loop
      vertex 22.211220003664494 27.027960002422333 0.16
      vertex 27.83784858137369 27.054619282484055 0.16
      vertex 22.204041622579098 27.336457543075085 0.16
    endloop
  endfacet
  facet normal 0 0 1
    outer loop
      vertex 22.204041622579098 27.336457543075085 0.16
      vertex 27.846249110996723 27.79856975376606 0.16
      vertex 22.182506501674652 27.631244085729122 0.16
    endloop
  endfacet
  facet normal 0 0 1
    outer loop
      vertex 22.182506501674652 27.631244085729122 0.16
      vertex 27.81064200401306 28.37357648462057 0.16
      vertex 22.146614633500576 27.912319622933865 0.16
    endloop
  endfacet
  facet normal 0 0 1
    outer loop
      vertex 22.180783100426197 26.469992510974407 0.16
      vertex 27.12780775129795 24.520972855389118 0.16
      vertex 27.220980532467365 24.692609146237373 0.16
    endloop
  endfacet
  facet normal 0 0 1
    outer loop
      vertex 22.180783100426197 26.469992510974407 0.16
      vertex 27.220980532467365 24.692609146237373 0.16
      vertex 27.307727597653866 24.868122041225433 0.16
    endloop
  endfacet
  facet normal 0 0 1
    outer loop
      vertex 22.194099247455597 26.605122417211533 0.16
      vertex 27.307727597653866 24.868122041225433 0.16
      vertex 27.388048961758614 25.047511532902718 0.16
    endloop
  endfacet
  facet normal 0 0 1
    outer loop
      vertex 22.194099247455597 26.605122417211533 0.16
      vertex 27.388048961758614 25.047511532902718 0.16
      vertex 27.461944609880447 25.230777621269226 0.16
    endloop
  endfacet
  facet normal 0 0 1
    outer loop
      vertex 22.194099247455597 26.605122417211533 0.16
      vertex 27.461944609880447 25.230777621269226 0.16
      vertex 27.52941455692053 25.417920298874378 0.16
    endloop
  endfacet
  facet normal 0 0 1
    outer loop
      vertex 22.20361077785492 26.7431602999568 0.16
      vertex 27.52941455692053 25.417920298874378 0.16
      vertex 27.590458787977695 25.608939580619335 0.16
    endloop
  endfacet
  facet normal 0 0 1
    outer loop
      vertex 22.20361077785492 26.7431602999568 0.16
      vertex 27.590458787977695 25.608939580619335 0.16
      vertex 27.64507731795311 25.803835466504097 0.16
    endloop
  endfacet
  facet normal 0 0 1
    outer loop
      vertex 22.20361077785492 26.7431602999568 0.16
      vertex 27.64507731795311 25.803835466504097 0.16
      vertex 27.69327013194561 26.002607941627502 0.16
    endloop
  endfacet
  facet normal 0 0 1
    outer loop
      vertex 22.209317691624165 26.884106159210205 0.16
      vertex 27.69327013194561 26.002607941627502 0.16
      vertex 27.735037237405777 26.205257013440132 0.16
    endloop
  endfacet
  facet normal 0 0 1
    outer loop
      vertex 22.209317691624165 26.884106159210205 0.16
      vertex 27.735037237405777 26.205257013440132 0.16
      vertex 27.77037864178419 26.411782681941986 0.16
    endloop
  endfacet
  facet normal 0 0 1
    outer loop
      vertex 22.211220003664494 27.027960002422333 0.16
      vertex 27.77037864178419 26.411782681941986 0.16
      vertex 27.79929433017969 26.622184954583645 0.16
    endloop
  endfacet
  facet normal 0 0 1
    outer loop
      vertex 22.211220003664494 27.027960002422333 0.16
      vertex 27.79929433017969 26.622184954583645 0.16
      vertex 27.821784310042858 26.836463816463947 0.16
    endloop
  endfacet
  facet normal 0 0 1
    outer loop
      vertex 22.211220003664494 27.027960002422333 0.16
      vertex 27.821784310042858 26.836463816463947 0.16
      vertex 27.83784858137369 27.054619282484055 0.16
    endloop
  endfacet
  facet normal 0 0 1
    outer loop
      vertex 22.204041622579098 27.336457543075085 0.16
      vertex 27.83784858137369 27.054619282484055 0.16
      vertex 27.84748714417219 27.276651345193386 0.16
    endloop
  endfacet
  facet normal 0 0 1
    outer loop
      vertex 22.204041622579098 27.336457543075085 0.16
      vertex 27.84748714417219 27.276651345193386 0.16
      vertex 27.85069999843836 27.50255999714136 0.16
    endloop
  endfacet
  facet normal 0 0 1
    outer loop
      vertex 22.204041622579098 27.336457543075085 0.16
      vertex 27.85069999843836 27.50255999714136 0.16
      vertex 27.846249110996723 27.79856975376606 0.16
    endloop
  endfacet
  facet normal 0 0 1
    outer loop
      vertex 22.182506501674652 27.631244085729122 0.16
      vertex 27.846249110996723 27.79856975376606 0.16
      vertex 27.832896448671818 28.088908582925797 0.16
    endloop
  endfacet
  facet normal 0 0 1
    outer loop
      vertex 22.146614633500576 27.912319622933865 0.16
      vertex 27.81064200401306 28.37357648462057 0.16
      vertex 27.779485784471035 28.652573458850384 0.16
    endloop
  endfacet
  facet normal 0 0 1
    outer loop
      vertex 22.182506501674652 27.631244085729122 0.16
      vertex 27.832896448671818 28.088908582925797 0.16
      vertex 27.81064200401306 28.37357648462057 0.16
    endloop
  endfacet
  facet normal 0 0 -1
    outer loop
      vertex 21.859479658305645 28.899511754512787 0
      vertex 26.849250093102455 31.347259052097797 0
      vertex 21.952798523008823 28.673280224204063 0
    endloop
  endfacet
  facet normal 0 0 -1
    outer loop
      vertex 22.09636601060629 28.179684162139893 0
      vertex 22.03176064044237 28.433337695896626 0
      vertex 27.565843135118484 29.711852096021175 0
    endloop
  endfacet
  facet normal 0 0 -1
    outer loop
      vertex 22.146614633500576 27.912319622933865 0
      vertex 22.09636601060629 28.179684162139893 0
      vertex 27.69046801328659 29.193554632365704 0
    endloop
  endfacet
  facet normal 0 0 -1
    outer loop
      vertex 22.03176064044237 28.433337695896626 0
      vertex 21.952798523008823 28.673280224204063 0
      vertex 27.209772057831287 30.680395916104317 0
    endloop
  endfacet
  facet normal 0 0 -1
    outer loop
      vertex 21.751804046332836 29.112032286822796 0
      vertex 21.629771679639816 29.31084181368351 0
      vertex 25.696469977498055 32.704790621995926 0
    endloop
  endfacet
  facet normal 0 0 -1
    outer loop
      vertex 21.751804046332836 29.112032286822796 0
      vertex 26.243929259479046 32.157016940414906 0
      vertex 21.859479658305645 28.899511754512787 0
    endloop
  endfacet
  facet normal 0 0 -1
    outer loop
      vertex 22.03176064044237 28.433337695896626 0
      vertex 27.490178033709526 29.96249444037676 0
      vertex 27.565843135118484 29.711852096021175 0
    endloop
  endfacet
  facet normal 0 0 -1
    outer loop
      vertex 22.03176064044237 28.433337695896626 0
      vertex 27.405611149966717 30.20746585726738 0
      vertex 27.490178033709526 29.96249444037676 0
    endloop
  endfacet
  facet normal 0 0 -1
    outer loop
      vertex 22.03176064044237 28.433337695896626 0
      vertex 27.209772057831287 30.680395916104317 0
      vertex 27.312142498791218 30.44676635414362 0
    endloop
  endfacet
  facet normal 0 0 -1
    outer loop
      vertex 22.03176064044237 28.433337695896626 0
      vertex 27.312142498791218 30.44676635414362 0
      vertex 27.405611149966717 30.20746585726738 0
    endloop
  endfacet
  facet normal 0 0 -1
    outer loop
      vertex 21.751804046332836 29.112032286822796 0
      vertex 25.696469977498055 32.704790621995926 0
      vertex 25.88785818219185 32.52787031978369 0
    endloop
  endfacet
  facet normal 0 0 -1
    outer loop
      vertex 21.751804046332836 29.112032286822796 0
      vertex 25.88785818219185 32.52787031978369 0
      vertex 26.070344612002373 32.34527909010649 0
    endloop
  endfacet
  facet normal 0 0 -1
    outer loop
      vertex 21.859479658305645 28.899511754512787 0
      vertex 26.243929259479046 32.157016940414906 0
      vertex 26.40861213952303 31.96308385580778 0
    endloop
  endfacet
  facet normal 0 0 -1
    outer loop
      vertex 21.751804046332836 29.112032286822796 0
      vertex 26.070344612002373 32.34527909010649 0
      vertex 26.243929259479046 32.157016940414906 0
    endloop
  endfacet
  facet normal 0 0 -1
    outer loop
      vertex 21.859479658305645 28.899511754512787 0
      vertex 26.40861213952303 31.96308385580778 0
      vertex 26.56439322978258 31.763479851186275 0
    endloop
  endfacet
  facet normal 0 0 -1
    outer loop
      vertex 21.952798523008823 28.673280224204063 0
      vertex 26.849250093102455 31.347259052097797 0
      vertex 26.978325858712196 31.130642265081406 0
    endloop
  endfacet
  facet normal 0 0 -1
    outer loop
      vertex 21.952798523008823 28.673280224204063 0
      vertex 26.978325858712196 31.130642265081406 0
      vertex 27.098499849438667 30.908354558050632 0
    endloop
  endfacet
  facet normal 0 0 -1
    outer loop
      vertex 21.859479658305645 28.899511754512787 0
      vertex 26.711272552609444 31.558204911649227 0
      vertex 26.849250093102455 31.347259052097797 0
    endloop
  endfacet
  facet normal 0 0 -1
    outer loop
      vertex 21.859479658305645 28.899511754512787 0
      vertex 26.56439322978258 31.763479851186275 0
      vertex 26.711272552609444 31.558204911649227 0
    endloop
  endfacet
  facet normal 0 0 -1
    outer loop
      vertex 21.952798523008823 28.673280224204063 0
      vertex 27.098499849438667 30.908354558050632 0
      vertex 27.209772057831287 30.680395916104317 0
    endloop
  endfacet
  facet normal 0 0 -1
    outer loop
      vertex 21.342636711895466 29.667327865958214 0
      vertex 24.144983626902103 33.75472128391266 0
      vertex 24.387231796979904 33.62658026814461 0
    endloop
  endfacet
  facet normal 0 0 -1
    outer loop
      vertex 21.493382573127747 29.49594034254551 0
      vertex 24.387231796979904 33.62658026814461 0
      vertex 24.62266045063734 33.491116896271706 0
    endloop
  endfacet
  facet normal 0 0 -1
    outer loop
      vertex 21.177534103393555 29.825004383921623 0
      vertex 23.64002877473831 33.98903629183769 0
      vertex 23.8959159553051 33.87553995847702 0
    endloop
  endfacet
  facet normal 0 0 -1
    outer loop
      vertex 21.342636711895466 29.667327865958214 0
      vertex 23.8959159553051 33.87553995847702 0
      vertex 24.144983626902103 33.75472128391266 0
    endloop
  endfacet
  facet normal 0 0 -1
    outer loop
      vertex 21.493382573127747 29.49594034254551 0
      vertex 24.62266045063734 33.491116896271706 0
      vertex 24.851269602775574 33.348331190645695 0
    endloop
  endfacet
  facet normal 0 0 -1
    outer loop
      vertex 21.493382573127747 29.49594034254551 0
      vertex 24.851269602775574 33.348331190645695 0
      vertex 25.073059245944023 33.198223136365414 0
    endloop
  endfacet
  facet normal 0 0 -1
    outer loop
      vertex 21.629771679639816 29.31084181368351 0
      vertex 25.073059245944023 33.198223136365414 0
      vertex 25.288029372692108 33.04079274088144 0
    endloop
  endfacet
  facet normal 0 0 -1
    outer loop
      vertex 21.629771679639816 29.31084181368351 0
      vertex 25.288029372692108 33.04079274088144 0
      vertex 25.49617999792099 32.8760399967432 0
    endloop
  endfacet
  facet normal 0 0 -1
    outer loop
      vertex 21.629771679639816 29.31084181368351 0
      vertex 25.49617999792099 32.8760399967432 0
      vertex 25.696469977498055 32.704790621995926 0
    endloop
  endfacet
  facet normal 0.3144157037143204 0.9492853971582144 0
    outer loop
      vertex 22.831450171768665 34.28559122979641 0
      vertex 23.107795879244804 34.19406192749739 0.16
      vertex 23.107795879244804 34.19406192749739 0
    endloop
  endfacet
  facet normal 0.34433254909178246 0.9388477489113745 0
    outer loop
      vertex 23.107795879244804 34.19406192749739 0
      vertex 23.37732207775116 34.095210283994675 0.16
      vertex 23.37732207775116 34.095210283994675 0
    endloop
  endfacet
  facet normal 0.37470852208163774 0.9271426661951195 0
    outer loop
      vertex 23.37732207775116 34.095210283994675 0
      vertex 23.64002877473831 33.98903629183769 0.16
      vertex 23.64002877473831 33.98903629183769 0
    endloop
  endfacet
  facet normal 0.40544835324620687 0.9141179534665858 0
    outer loop
      vertex 23.64002877473831 33.98903629183769 0
      vertex 23.8959159553051 33.87553995847702 0.16
      vertex 23.8959159553051 33.87553995847702 0
    endloop
  endfacet
  facet normal 0.4364448685067244 0.8997310024413676 0
    outer loop
      vertex 23.8959159553051 33.87553995847702 0
      vertex 24.144983626902103 33.75472128391266 0.16
      vertex 24.144983626902103 33.75472128391266 0
    endloop
  endfacet
  facet normal 0.5908403724506758 0.806788481748684 0
    outer loop
      vertex 25.073059245944023 33.198223136365414 0
      vertex 25.288029372692108 33.04079274088144 0.16
      vertex 25.288029372692108 33.04079274088144 0
    endloop
  endfacet
  facet normal 0.6498551388739705 0.7600580888847196 0
    outer loop
      vertex 25.49617999792099 32.8760399967432 0
      vertex 25.696469977498055 32.704790621995926 0.16
      vertex 25.696469977498055 32.704790621995926 0
    endloop
  endfacet
  facet normal 0.6206261357582136 0.7841066251561886 0
    outer loop
      vertex 25.288029372692108 33.04079274088144 0
      vertex 25.49617999792099 32.8760399967432 0.16
      vertex 25.49617999792099 32.8760399967432 0
    endloop
  endfacet
  facet normal 0.49872536431393993 0.8667600654102193 0
    outer loop
      vertex 24.387231796979904 33.62658026814461 0
      vertex 24.62266045063734 33.491116896271706 0.16
      vertex 24.62266045063734 33.491116896271706 0
    endloop
  endfacet
  facet normal 0.46757983462533886 0.8839508460608774 0
    outer loop
      vertex 24.144983626902103 33.75472128391266 0
      vertex 24.387231796979904 33.62658026814461 0.16
      vertex 24.387231796979904 33.62658026814461 0
    endloop
  endfacet
  facet normal 0.5297454255497908 0.8481566978507399 0
    outer loop
      vertex 24.62266045063734 33.491116896271706 0
      vertex 24.851269602775574 33.348331190645695 0.16
      vertex 24.851269602775574 33.348331190645695 0
    endloop
  endfacet
  facet normal 0.5604986215598093 0.828155356940685 0
    outer loop
      vertex 25.073059245944023 33.198223136365414 0
      vertex 24.851269602775574 33.348331190645695 0
      vertex 25.073059245944023 33.198223136365414 0.16
    endloop
  endfacet
  facet normal 0.3144157037143204 0.9492853971582144 0
    outer loop
      vertex 22.831450171768665 34.28559122979641 0
      vertex 22.831450171768665 34.28559122979641 0.16
      vertex 23.107795879244804 34.19406192749739 0.16
    endloop
  endfacet
  facet normal 0.34433254909178246 0.9388477489113745 0
    outer loop
      vertex 23.107795879244804 34.19406192749739 0
      vertex 23.107795879244804 34.19406192749739 0.16
      vertex 23.37732207775116 34.095210283994675 0.16
    endloop
  endfacet
  facet normal 0.37470852208163774 0.9271426661951195 0
    outer loop
      vertex 23.37732207775116 34.095210283994675 0
      vertex 23.37732207775116 34.095210283994675 0.16
      vertex 23.64002877473831 33.98903629183769 0.16
    endloop
  endfacet
  facet normal 0.40544835324620687 0.9141179534665858 0
    outer loop
      vertex 23.64002877473831 33.98903629183769 0
      vertex 23.64002877473831 33.98903629183769 0.16
      vertex 23.8959159553051 33.87553995847702 0.16
    endloop
  endfacet
  facet normal 0.4364448685067244 0.8997310024413676 0
    outer loop
      vertex 23.8959159553051 33.87553995847702 0
      vertex 23.8959159553051 33.87553995847702 0.16
      vertex 24.144983626902103 33.75472128391266 0.16
    endloop
  endfacet
  facet normal 0.46757983462533886 0.8839508460608774 0
    outer loop
      vertex 24.144983626902103 33.75472128391266 0
      vertex 24.144983626902103 33.75472128391266 0.16
      vertex 24.387231796979904 33.62658026814461 0.16
    endloop
  endfacet
  facet normal 0.5908403724506758 0.806788481748684 0
    outer loop
      vertex 25.073059245944023 33.198223136365414 0
      vertex 25.073059245944023 33.198223136365414 0.16
      vertex 25.288029372692108 33.04079274088144 0.16
    endloop
  endfacet
  facet normal 0.6206261357582136 0.7841066251561886 0
    outer loop
      vertex 25.288029372692108 33.04079274088144 0
      vertex 25.288029372692108 33.04079274088144 0.16
      vertex 25.49617999792099 32.8760399967432 0.16
    endloop
  endfacet
  facet normal 0.6498551388739705 0.7600580888847196 0
    outer loop
      vertex 25.49617999792099 32.8760399967432 0
      vertex 25.49617999792099 32.8760399967432 0.16
      vertex 25.696469977498055 32.704790621995926 0.16
    endloop
  endfacet
  facet normal 0.49872536431393993 0.8667600654102193 0
    outer loop
      vertex 24.387231796979904 33.62658026814461 0
      vertex 24.387231796979904 33.62658026814461 0.16
      vertex 24.62266045063734 33.491116896271706 0.16
    endloop
  endfacet
  facet normal 0.5297454255497908 0.8481566978507399 0
    outer loop
      vertex 24.62266045063734 33.491116896271706 0
      vertex 24.62266045063734 33.491116896271706 0.16
      vertex 24.851269602775574 33.348331190645695 0.16
    endloop
  endfacet
  facet normal 0.5604986215598093 0.828155356940685 0
    outer loop
      vertex 24.851269602775574 33.348331190645695 0
      vertex 24.851269602775574 33.348331190645695 0.16
      vertex 25.073059245944023 33.198223136365414 0.16
    endloop
  endfacet
  facet normal 0 0 -1
    outer loop
      vertex 22.146614633500576 27.912319622933865 0
      vertex 27.739427790045738 28.925899505615234 0
      vertex 27.779485784471035 28.652573458850384 0
    endloop
  endfacet
  facet normal 0 0 -1
    outer loop
      vertex 22.146614633500576 27.912319622933865 0
      vertex 27.69046801328659 29.193554632365704 0
      vertex 27.739427790045738 28.925899505615234 0
    endloop
  endfacet
  facet normal 0 0 -1
    outer loop
      vertex 22.09636601060629 28.179684162139893 0
      vertex 27.632606461644173 29.45553883165121 0
      vertex 27.69046801328659 29.193554632365704 0
    endloop
  endfacet
  facet normal 0 0 -1
    outer loop
      vertex 22.09636601060629 28.179684162139893 0
      vertex 27.565843135118484 29.711852096021175 0
      vertex 27.632606461644173 29.45553883165121 0
    endloop
  endfacet
  facet normal 0.8986552192665092 0.43865567007057177 0
    outer loop
      vertex 27.209772057831287 30.680395916104317 0
      vertex 27.098499849438667 30.908354558050632 0
      vertex 27.209772057831287 30.680395916104317 0.16
    endloop
  endfacet
  facet normal 0.8368761986529679 0.5473922068573485 0
    outer loop
      vertex 26.711272552609444 31.558204911649227 0
      vertex 26.849250093102455 31.347259052097797 0.16
      vertex 26.849250093102455 31.347259052097797 0
    endloop
  endfacet
  facet normal 0.8590536453906205 0.5118855676233568 0
    outer loop
      vertex 26.849250093102455 31.347259052097797 0
      vertex 26.978325858712196 31.130642265081406 0.16
      vertex 26.978325858712196 31.130642265081406 0
    endloop
  endfacet
  facet normal 0.8796759302924253 0.47557360909133284 0
    outer loop
      vertex 26.978325858712196 31.130642265081406 0
      vertex 27.098499849438667 30.908354558050632 0.16
      vertex 27.098499849438667 30.908354558050632 0
    endloop
  endfacet
  facet normal 0.9938223741888612 0.11098237950961086 0
    outer loop
      vertex 27.81064200401306 28.37357648462057 0
      vertex 27.779485784471035 28.652573458850384 0
      vertex 27.81064200401306 28.37357648462057 0.16
    endloop
  endfacet
  facet normal 0.989430410511482 0.14500849201022803 0
    outer loop
      vertex 27.779485784471035 28.652573458850384 0
      vertex 27.739427790045738 28.925899505615234 0
      vertex 27.779485784471035 28.652573458850384 0.16
    endloop
  endfacet
  facet normal 0.9836783999801507 0.1799355590551538 0
    outer loop
      vertex 27.69046801328659 29.193554632365704 0
      vertex 27.739427790045738 28.925899505615234 0.16
      vertex 27.739427790045738 28.925899505615234 0
    endloop
  endfacet
  facet normal 0.9573282518208251 0.28900279975405546 0
    outer loop
      vertex 27.490178033709526 29.96249444037676 0
      vertex 27.565843135118484 29.711852096021175 0.16
      vertex 27.565843135118484 29.711852096021175 0
    endloop
  endfacet
  facet normal 0.9764681381771079 0.21566171455530198 0
    outer loop
      vertex 27.69046801328659 29.193554632365704 0
      vertex 27.632606461644173 29.45553883165121 0
      vertex 27.69046801328659 29.193554632365704 0.16
    endloop
  endfacet
  facet normal 0.9677103474501205 0.25206483974955146 0
    outer loop
      vertex 27.632606461644173 29.45553883165121 0
      vertex 27.565843135118484 29.711852096021175 0
      vertex 27.632606461644173 29.45553883165121 0.16
    endloop
  endfacet
  facet normal 0.931468041735794 0.36382315377788316 0
    outer loop
      vertex 27.405611149966717 30.20746585726738 0
      vertex 27.312142498791218 30.44676635414362 0
      vertex 27.405611149966717 30.20746585726738 0.16
    endloop
  endfacet
  facet normal 0.9452611660336198 0.32631476826641126 0
    outer loop
      vertex 27.490178033709526 29.96249444037676 0
      vertex 27.405611149966717 30.20746585726738 0
      vertex 27.490178033709526 29.96249444037676 0.16
    endloop
  endfacet
  facet normal 0.9159304345873912 0.40133706407028075 0
    outer loop
      vertex 27.209772057831287 30.680395916104317 0
      vertex 27.312142498791218 30.44676635414362 0.16
      vertex 27.312142498791218 30.44676635414362 0
    endloop
  endfacet
  facet normal 0.8368761986529679 0.5473922068573485 0
    outer loop
      vertex 26.711272552609444 31.558204911649227 0
      vertex 26.711272552609444 31.558204911649227 0.16
      vertex 26.849250093102455 31.347259052097797 0.16
    endloop
  endfacet
  facet normal 0.8796759302924253 0.47557360909133284 0
    outer loop
      vertex 26.978325858712196 31.130642265081406 0
      vertex 26.978325858712196 31.130642265081406 0.16
      vertex 27.098499849438667 30.908354558050632 0.16
    endloop
  endfacet
  facet normal 0.8986552192665092 0.43865567007057177 0
    outer loop
      vertex 27.098499849438667 30.908354558050632 0
      vertex 27.098499849438667 30.908354558050632 0.16
      vertex 27.209772057831287 30.680395916104317 0.16
    endloop
  endfacet
  facet normal 0.8590536453906205 0.5118855676233568 0
    outer loop
      vertex 26.849250093102455 31.347259052097797 0
      vertex 26.849250093102455 31.347259052097797 0.16
      vertex 26.978325858712196 31.130642265081406 0.16
    endloop
  endfacet
  facet normal 0.9938223741888612 0.11098237950961086 0
    outer loop
      vertex 27.779485784471035 28.652573458850384 0
      vertex 27.779485784471035 28.652573458850384 0.16
      vertex 27.81064200401306 28.37357648462057 0.16
    endloop
  endfacet
  facet normal 0.989430410511482 0.14500849201022803 0
    outer loop
      vertex 27.739427790045738 28.925899505615234 0
      vertex 27.739427790045738 28.925899505615234 0.16
      vertex 27.779485784471035 28.652573458850384 0.16
    endloop
  endfacet
  facet normal 0.9836783999801507 0.1799355590551538 0
    outer loop
      vertex 27.69046801328659 29.193554632365704 0
      vertex 27.69046801328659 29.193554632365704 0.16
      vertex 27.739427790045738 28.925899505615234 0.16
    endloop
  endfacet
  facet normal 0.9573282518208251 0.28900279975405546 0
    outer loop
      vertex 27.490178033709526 29.96249444037676 0
      vertex 27.490178033709526 29.96249444037676 0.16
      vertex 27.565843135118484 29.711852096021175 0.16
    endloop
  endfacet
  facet normal 0.9764681381771079 0.21566171455530198 0
    outer loop
      vertex 27.632606461644173 29.45553883165121 0
      vertex 27.632606461644173 29.45553883165121 0.16
      vertex 27.69046801328659 29.193554632365704 0.16
    endloop
  endfacet
  facet normal 0.9677103474501205 0.25206483974955146 0
    outer loop
      vertex 27.565843135118484 29.711852096021175 0
      vertex 27.565843135118484 29.711852096021175 0.16
      vertex 27.632606461644173 29.45553883165121 0.16
    endloop
  endfacet
  facet normal 0.931468041735794 0.36382315377788316 0
    outer loop
      vertex 27.312142498791218 30.44676635414362 0
      vertex 27.312142498791218 30.44676635414362 0.16
      vertex 27.405611149966717 30.20746585726738 0.16
    endloop
  endfacet
  facet normal 0.9452611660336198 0.32631476826641126 0
    outer loop
      vertex 27.405611149966717 30.20746585726738 0
      vertex 27.405611149966717 30.20746585726738 0.16
      vertex 27.490178033709526 29.96249444037676 0.16
    endloop
  endfacet
  facet normal 0.9159304345873912 0.40133706407028075 0
    outer loop
      vertex 27.209772057831287 30.680395916104317 0
      vertex 27.209772057831287 30.680395916104317 0.16
      vertex 27.312142498791218 30.44676635414362 0.16
    endloop
  endfacet
  facet normal 0.7073097354213539 0.7069037686829619 0
    outer loop
      vertex 25.88785818219185 32.52787031978369 0
      vertex 26.070344612002373 32.34527909010649 0.16
      vertex 26.070344612002373 32.34527909010649 0
    endloop
  endfacet
  facet normal 0.7351844143588037 0.6778671528285635 0
    outer loop
      vertex 26.070344612002373 32.34527909010649 0
      vertex 26.243929259479046 32.157016940414906 0.16
      vertex 26.243929259479046 32.157016940414906 0
    endloop
  endfacet
  facet normal 0.762250030196029 0.6472826982595417 0
    outer loop
      vertex 26.243929259479046 32.157016940414906 0
      vertex 26.40861213952303 31.96308385580778 0.16
      vertex 26.40861213952303 31.96308385580778 0
    endloop
  endfacet
  facet normal 0.6788066741403246 0.734317029043009 0
    outer loop
      vertex 25.696469977498055 32.704790621995926 0
      vertex 25.88785818219185 32.52787031978369 0.16
      vertex 25.88785818219185 32.52787031978369 0
    endloop
  endfacet
  facet normal 0.7883299609401927 0.6152526901071091 0
    outer loop
      vertex 26.40861213952303 31.96308385580778 0
      vertex 26.56439322978258 31.763479851186275 0.16
      vertex 26.56439322978258 31.763479851186275 0
    endloop
  endfacet
  facet normal 0.8132565613727636 0.581905289015445 0
    outer loop
      vertex 26.711272552609444 31.558204911649227 0
      vertex 26.56439322978258 31.763479851186275 0
      vertex 26.711272552609444 31.558204911649227 0.16
    endloop
  endfacet
  facet normal 0.7883299609401927 0.6152526901071091 0
    outer loop
      vertex 26.40861213952303 31.96308385580778 0
      vertex 26.40861213952303 31.96308385580778 0.16
      vertex 26.56439322978258 31.763479851186275 0.16
    endloop
  endfacet
  facet normal 0.7351844143588037 0.6778671528285635 0
    outer loop
      vertex 26.070344612002373 32.34527909010649 0
      vertex 26.070344612002373 32.34527909010649 0.16
      vertex 26.243929259479046 32.157016940414906 0.16
    endloop
  endfacet
  facet normal 0.762250030196029 0.6472826982595417 0
    outer loop
      vertex 26.243929259479046 32.157016940414906 0
      vertex 26.243929259479046 32.157016940414906 0.16
      vertex 26.40861213952303 31.96308385580778 0.16
    endloop
  endfacet
  facet normal 0.6788066741403246 0.734317029043009 0
    outer loop
      vertex 25.696469977498055 32.704790621995926 0
      vertex 25.696469977498055 32.704790621995926 0.16
      vertex 25.88785818219185 32.52787031978369 0.16
    endloop
  endfacet
  facet normal 0.7073097354213539 0.7069037686829619 0
    outer loop
      vertex 25.88785818219185 32.52787031978369 0
      vertex 25.88785818219185 32.52787031978369 0.16
      vertex 26.070344612002373 32.34527909010649 0.16
    endloop
  endfacet
  facet normal 0.8132565613727636 0.581905289015445 0
    outer loop
      vertex 26.56439322978258 31.763479851186275 0
      vertex 26.56439322978258 31.763479851186275 0.16
      vertex 26.711272552609444 31.558204911649227 0.16
    endloop
  endfacet
  facet normal 0 0 1
    outer loop
      vertex 21.859479658305645 28.899511754512787 0.16
      vertex 21.952798523008823 28.673280224204063 0.16
      vertex 26.849250093102455 31.347259052097797 0.16
    endloop
  endfacet
  facet normal 0 0 1
    outer loop
      vertex 22.09636601060629 28.179684162139893 0.16
      vertex 27.565843135118484 29.711852096021175 0.16
      vertex 22.03176064044237 28.433337695896626 0.16
    endloop
  endfacet
  facet normal 0 0 1
    outer loop
      vertex 22.146614633500576 27.912319622933865 0.16
      vertex 27.69046801328659 29.193554632365704 0.16
      vertex 22.09636601060629 28.179684162139893 0.16
    endloop
  endfacet
  facet normal 0 0 1
    outer loop
      vertex 22.03176064044237 28.433337695896626 0.16
      vertex 27.209772057831287 30.680395916104317 0.16
      vertex 21.952798523008823 28.673280224204063 0.16
    endloop
  endfacet
  facet normal 0 0 1
    outer loop
      vertex 21.751804046332836 29.112032286822796 0.16
      vertex 25.696469977498055 32.704790621995926 0.16
      vertex 21.629771679639816 29.31084181368351 0.16
    endloop
  endfacet
  facet normal 0 0 1
    outer loop
      vertex 21.751804046332836 29.112032286822796 0.16
      vertex 21.859479658305645 28.899511754512787 0.16
      vertex 26.243929259479046 32.157016940414906 0.16
    endloop
  endfacet
  facet normal 0 0 1
    outer loop
      vertex 22.03176064044237 28.433337695896626 0.16
      vertex 27.565843135118484 29.711852096021175 0.16
      vertex 27.490178033709526 29.96249444037676 0.16
    endloop
  endfacet
  facet normal 0 0 1
    outer loop
      vertex 22.03176064044237 28.433337695896626 0.16
      vertex 27.490178033709526 29.96249444037676 0.16
      vertex 27.405611149966717 30.20746585726738 0.16
    endloop
  endfacet
  facet normal 0 0 1
    outer loop
      vertex 22.03176064044237 28.433337695896626 0.16
      vertex 27.312142498791218 30.44676635414362 0.16
      vertex 27.209772057831287 30.680395916104317 0.16
    endloop
  endfacet
  facet normal 0 0 1
    outer loop
      vertex 22.03176064044237 28.433337695896626 0.16
      vertex 27.405611149966717 30.20746585726738 0.16
      vertex 27.312142498791218 30.44676635414362 0.16
    endloop
  endfacet
  facet normal 0 0 1
    outer loop
      vertex 21.751804046332836 29.112032286822796 0.16
      vertex 25.88785818219185 32.52787031978369 0.16
      vertex 25.696469977498055 32.704790621995926 0.16
    endloop
  endfacet
  facet normal 0 0 1
    outer loop
      vertex 21.751804046332836 29.112032286822796 0.16
      vertex 26.070344612002373 32.34527909010649 0.16
      vertex 25.88785818219185 32.52787031978369 0.16
    endloop
  endfacet
  facet normal 0 0 1
    outer loop
      vertex 21.859479658305645 28.899511754512787 0.16
      vertex 26.40861213952303 31.96308385580778 0.16
      vertex 26.243929259479046 32.157016940414906 0.16
    endloop
  endfacet
  facet normal 0 0 1
    outer loop
      vertex 21.751804046332836 29.112032286822796 0.16
      vertex 26.243929259479046 32.157016940414906 0.16
      vertex 26.070344612002373 32.34527909010649 0.16
    endloop
  endfacet
  facet normal 0 0 1
    outer loop
      vertex 21.859479658305645 28.899511754512787 0.16
      vertex 26.56439322978258 31.763479851186275 0.16
      vertex 26.40861213952303 31.96308385580778 0.16
    endloop
  endfacet
  facet normal 0 0 1
    outer loop
      vertex 21.952798523008823 28.673280224204063 0.16
      vertex 26.978325858712196 31.130642265081406 0.16
      vertex 26.849250093102455 31.347259052097797 0.16
    endloop
  endfacet
  facet normal 0 0 1
    outer loop
      vertex 21.952798523008823 28.673280224204063 0.16
      vertex 27.098499849438667 30.908354558050632 0.16
      vertex 26.978325858712196 31.130642265081406 0.16
    endloop
  endfacet
  facet normal 0 0 1
    outer loop
      vertex 21.859479658305645 28.899511754512787 0.16
      vertex 26.849250093102455 31.347259052097797 0.16
      vertex 26.711272552609444 31.558204911649227 0.16
    endloop
  endfacet
  facet normal 0 0 1
    outer loop
      vertex 21.859479658305645 28.899511754512787 0.16
      vertex 26.711272552609444 31.558204911649227 0.16
      vertex 26.56439322978258 31.763479851186275 0.16
    endloop
  endfacet
  facet normal 0 0 1
    outer loop
      vertex 21.952798523008823 28.673280224204063 0.16
      vertex 27.209772057831287 30.680395916104317 0.16
      vertex 27.098499849438667 30.908354558050632 0.16
    endloop
  endfacet
  facet normal 0 0 1
    outer loop
      vertex 21.342636711895466 29.667327865958214 0.16
      vertex 24.387231796979904 33.62658026814461 0.16
      vertex 24.144983626902103 33.75472128391266 0.16
    endloop
  endfacet
  facet normal 0 0 1
    outer loop
      vertex 21.493382573127747 29.49594034254551 0.16
      vertex 24.62266045063734 33.491116896271706 0.16
      vertex 24.387231796979904 33.62658026814461 0.16
    endloop
  endfacet
  facet normal 0 0 1
    outer loop
      vertex 21.177534103393555 29.825004383921623 0.16
      vertex 23.8959159553051 33.87553995847702 0.16
      vertex 23.64002877473831 33.98903629183769 0.16
    endloop
  endfacet
  facet normal 0 0 1
    outer loop
      vertex 21.342636711895466 29.667327865958214 0.16
      vertex 24.144983626902103 33.75472128391266 0.16
      vertex 23.8959159553051 33.87553995847702 0.16
    endloop
  endfacet
  facet normal 0 0 1
    outer loop
      vertex 21.493382573127747 29.49594034254551 0.16
      vertex 24.851269602775574 33.348331190645695 0.16
      vertex 24.62266045063734 33.491116896271706 0.16
    endloop
  endfacet
  facet normal 0 0 1
    outer loop
      vertex 21.493382573127747 29.49594034254551 0.16
      vertex 25.073059245944023 33.198223136365414 0.16
      vertex 24.851269602775574 33.348331190645695 0.16
    endloop
  endfacet
  facet normal 0 0 1
    outer loop
      vertex 21.629771679639816 29.31084181368351 0.16
      vertex 25.288029372692108 33.04079274088144 0.16
      vertex 25.073059245944023 33.198223136365414 0.16
    endloop
  endfacet
  facet normal 0 0 1
    outer loop
      vertex 21.629771679639816 29.31084181368351 0.16
      vertex 25.49617999792099 32.8760399967432 0.16
      vertex 25.288029372692108 33.04079274088144 0.16
    endloop
  endfacet
  facet normal 0 0 1
    outer loop
      vertex 21.629771679639816 29.31084181368351 0.16
      vertex 25.696469977498055 32.704790621995926 0.16
      vertex 25.49617999792099 32.8760399967432 0.16
    endloop
  endfacet
  facet normal 0 0 1
    outer loop
      vertex 22.146614633500576 27.912319622933865 0.16
      vertex 27.779485784471035 28.652573458850384 0.16
      vertex 27.739427790045738 28.925899505615234 0.16
    endloop
  endfacet
  facet normal 0 0 1
    outer loop
      vertex 22.146614633500576 27.912319622933865 0.16
      vertex 27.739427790045738 28.925899505615234 0.16
      vertex 27.69046801328659 29.193554632365704 0.16
    endloop
  endfacet
  facet normal 0 0 1
    outer loop
      vertex 22.09636601060629 28.179684162139893 0.16
      vertex 27.69046801328659 29.193554632365704 0.16
      vertex 27.632606461644173 29.45553883165121 0.16
    endloop
  endfacet
  facet normal 0 0 1
    outer loop
      vertex 22.09636601060629 28.179684162139893 0.16
      vertex 27.632606461644173 29.45553883165121 0.16
      vertex 27.565843135118484 29.711852096021175 0.16
    endloop
  endfacet
  facet normal 0 -1 0
    outer loop
      vertex 24.622100826024337 22.25 0
      vertex 7.932619996368885 22.25 0.16
      vertex 7.932619996368885 22.25 0
    endloop
  endfacet
  facet normal 0 -1 0
    outer loop
      vertex 24.622100826024337 22.25 0.16
      vertex 7.932619996368885 22.25 0.16
      vertex 24.622100826024337 22.25 0
    endloop
  endfacet
endsolid OpenSCAD_Model
