solid OpenSCAD_Model
  facet normal -1 0 0
    outer loop
      vertex 7.9516599997878075 9.198679998517036 0
      vertex 7.9516599997878075 9.198679998517036 0.16
      vertex 7.9516599997878075 21.75 0
    endloop
  endfacet
  facet normal 0 -1 0
    outer loop
      vertex 7.9516599997878075 9.198679998517036 0
      vertex 13.553060002624989 9.198679998517036 0
      vertex 7.9516599997878075 9.198679998517036 0.16
    endloop
  endfacet
  facet normal 0 -1 0
    outer loop
      vertex 13.553060002624989 9.198679998517036 0
      vertex 13.553060002624989 9.198679998517036 0.16
      vertex 7.9516599997878075 9.198679998517036 0.16
    endloop
  endfacet
  facet normal 0 0 -1
    outer loop
      vertex 7.9516599997878075 9.198679998517036 0
      vertex 13.553060002624989 19.2809199988842 0
      vertex 13.553060002624989 9.198679998517036 0
    endloop
  endfacet
  facet normal 0 0 1
    outer loop
      vertex 7.9516599997878075 9.198679998517036 0.16
      vertex 13.553060002624989 9.198679998517036 0.16
      vertex 13.553060002624989 19.2809199988842 0.16
    endloop
  endfacet
  facet normal -1 0 0
    outer loop
      vertex 7.9516599997878075 9.198679998517036 0.16
      vertex 7.9516599997878075 21.75 0.16
      vertex 7.9516599997878075 21.75 0
    endloop
  endfacet
  facet normal 0 0 -1
    outer loop
      vertex 7.9516599997878075 9.198679998517036 0
      vertex 7.9516599997878075 21.75 0
      vertex 13.553060002624989 19.2809199988842 0
    endloop
  endfacet
  facet normal 0 0 1
    outer loop
      vertex 7.9516599997878075 9.198679998517036 0.16
      vertex 13.553060002624989 19.2809199988842 0.16
      vertex 7.9516599997878075 21.75 0.16
    endloop
  endfacet
  facet normal 1 0 0
    outer loop
      vertex 13.553060002624989 9.198679998517036 0
      vertex 13.553060002624989 19.2809199988842 0
      vertex 13.553060002624989 9.198679998517036 0.16
    endloop
  endfacet
  facet normal 1 0 0
    outer loop
      vertex 13.553060002624989 19.2809199988842 0
      vertex 13.553060002624989 19.2809199988842 0.16
      vertex 13.553060002624989 9.198679998517036 0.16
    endloop
  endfacet
  facet normal 0 -1 0
    outer loop
      vertex 13.553060002624989 19.2809199988842 0
      vertex 20.445540003478527 19.2809199988842 0
      vertex 13.553060002624989 19.2809199988842 0.16
    endloop
  endfacet
  facet normal 0 0 -1
    outer loop
      vertex 13.553060002624989 19.2809199988842 0
      vertex 7.9516599997878075 21.75 0
      vertex 26.046659998595715 21.75 0
    endloop
  endfacet
  facet normal 0 0 1
    outer loop
      vertex 13.553060002624989 19.2809199988842 0.16
      vertex 20.445540003478527 19.2809199988842 0.16
      vertex 7.9516599997878075 21.75 0.16
    endloop
  endfacet
  facet normal -1 0 0
    outer loop
      vertex 20.445540003478527 9.198679998517036 0
      vertex 20.445540003478527 9.198679998517036 0.16
      vertex 20.445540003478527 19.2809199988842 0.16
    endloop
  endfacet
  facet normal 0 -1 0
    outer loop
      vertex 13.553060002624989 19.2809199988842 0.16
      vertex 20.445540003478527 19.2809199988842 0
      vertex 20.445540003478527 19.2809199988842 0.16
    endloop
  endfacet
  facet normal -1 0 0
    outer loop
      vertex 20.445540003478527 9.198679998517036 0
      vertex 20.445540003478527 19.2809199988842 0.16
      vertex 20.445540003478527 19.2809199988842 0
    endloop
  endfacet
  facet normal 0 0 -1
    outer loop
      vertex 13.553060002624989 19.2809199988842 0
      vertex 26.046659998595715 21.75 0
      vertex 20.445540003478527 19.2809199988842 0
    endloop
  endfacet
  facet normal 0 0 1
    outer loop
      vertex 20.445540003478527 19.2809199988842 0.16
      vertex 26.046659998595715 21.75 0.16
      vertex 7.9516599997878075 21.75 0.16
    endloop
  endfacet
  facet normal 0 -1 0
    outer loop
      vertex 20.445540003478527 9.198679998517036 0
      vertex 26.046659998595715 9.198679998517036 0
      vertex 20.445540003478527 9.198679998517036 0.16
    endloop
  endfacet
  facet normal 0 0 -1
    outer loop
      vertex 20.445540003478527 9.198679998517036 0
      vertex 20.445540003478527 19.2809199988842 0
      vertex 26.046659998595715 9.198679998517036 0
    endloop
  endfacet
  facet normal 0 -1 0
    outer loop
      vertex 26.046659998595715 9.198679998517036 0
      vertex 26.046659998595715 9.198679998517036 0.16
      vertex 20.445540003478527 9.198679998517036 0.16
    endloop
  endfacet
  facet normal 1 0 0
    outer loop
      vertex 26.046659998595715 9.198679998517036 0
      vertex 26.046659998595715 21.75 0.16
      vertex 26.046659998595715 9.198679998517036 0.16
    endloop
  endfacet
  facet normal 0 0 1
    outer loop
      vertex 20.445540003478527 9.198679998517036 0.16
      vertex 26.046659998595715 9.198679998517036 0.16
      vertex 20.445540003478527 19.2809199988842 0.16
    endloop
  endfacet
  facet normal 0 0 -1
    outer loop
      vertex 20.445540003478527 19.2809199988842 0
      vertex 26.046659998595715 21.75 0
      vertex 26.046659998595715 9.198679998517036 0
    endloop
  endfacet
  facet normal 1 0 0
    outer loop
      vertex 26.046659998595715 9.198679998517036 0
      vertex 26.046659998595715 21.75 0
      vertex 26.046659998595715 21.75 0.16
    endloop
  endfacet
  facet normal 0 0 1
    outer loop
      vertex 20.445540003478527 19.2809199988842 0.16
      vertex 26.046659998595715 9.198679998517036 0.16
      vertex 26.046659998595715 21.75 0.16
    endloop
  endfacet
  facet normal 0 1 0
    outer loop
      vertex 7.9516599997878075 21.75 0.16
      vertex 26.046659998595715 21.75 0.16
      vertex 7.9516599997878075 21.75 0
    endloop
  endfacet
  facet normal 0 1 0
    outer loop
      vertex 26.046659998595715 21.75 0
      vertex 7.9516599997878075 21.75 0
      vertex 26.046659998595715 21.75 0.16
    endloop
  endfacet
  facet normal 0 0 -1
    outer loop
      vertex 8.31257999688387 9.187200002372265 0.32
      vertex 8.31257999688387 13.516280002892017 0.32
      vertex 14.217500001192093 13.516280002892017 0.32
    endloop
  endfacet
  facet normal -1 0 0
    outer loop
      vertex 8.31257999688387 9.187200002372265 0.32
      vertex 8.31257999688387 13.516280002892017 0.48
      vertex 8.31257999688387 13.516280002892017 0.32
    endloop
  endfacet
  facet normal -1 0 0
    outer loop
      vertex 8.31257999688387 9.187200002372265 0.32
      vertex 8.31257999688387 9.187200002372265 0.48
      vertex 8.31257999688387 13.516280002892017 0.48
    endloop
  endfacet
  facet normal 0 0 1
    outer loop
      vertex 8.31257999688387 9.187200002372265 0.48
      vertex 14.217500001192093 13.516280002892017 0.48
      vertex 8.31257999688387 13.516280002892017 0.48
    endloop
  endfacet
  facet normal 0 1 0
    outer loop
      vertex 8.31257999688387 13.516280002892017 0.32
      vertex 8.31257999688387 13.516280002892017 0.48
      vertex 14.217500001192093 13.516280002892017 0.48
    endloop
  endfacet
  facet normal 0 0 -1
    outer loop
      vertex 8.31257999688387 9.187200002372265 0.32
      vertex 14.217500001192093 13.516280002892017 0.32
      vertex 19.79986000061035 13.516280002892017 0.32
    endloop
  endfacet
  facet normal 0 -1 0
    outer loop
      vertex 8.31257999688387 9.187200002372265 0.32
      vertex 25.705059997737408 9.187200002372265 0.32
      vertex 8.31257999688387 9.187200002372265 0.48
    endloop
  endfacet
  facet normal 0 0 1
    outer loop
      vertex 8.31257999688387 9.187200002372265 0.48
      vertex 19.79986000061035 13.516280002892017 0.48
      vertex 14.217500001192093 13.516280002892017 0.48
    endloop
  endfacet
  facet normal 0 1 0
    outer loop
      vertex 8.31257999688387 13.516280002892017 0.32
      vertex 14.217500001192093 13.516280002892017 0.48
      vertex 14.217500001192093 13.516280002892017 0.32
    endloop
  endfacet
  facet normal 0 0 -1
    outer loop
      vertex 14.217500001192093 13.516280002892017 0.32
      vertex 14.217500001192093 21.75 0.32
      vertex 19.79986000061035 21.75 0.32
    endloop
  endfacet
  facet normal -1 0 0
    outer loop
      vertex 14.217500001192093 13.516280002892017 0.32
      vertex 14.217500001192093 13.516280002892017 0.48
      vertex 14.217500001192093 21.75 0.32
    endloop
  endfacet
  facet normal -1 0 0
    outer loop
      vertex 14.217500001192093 13.516280002892017 0.48
      vertex 14.217500001192093 21.75 0.48
      vertex 14.217500001192093 21.75 0.32
    endloop
  endfacet
  facet normal 0 0 1
    outer loop
      vertex 14.217500001192093 13.516280002892017 0.48
      vertex 19.79986000061035 13.516280002892017 0.48
      vertex 14.217500001192093 21.75 0.48
    endloop
  endfacet
  facet normal 0 0 -1
    outer loop
      vertex 8.31257999688387 30.47224000096321 0.32
      vertex 8.31257999688387 34.801320001482964 0.32
      vertex 14.217500001192093 30.47224000096321 0.32
    endloop
  endfacet
  facet normal -1 0 0
    outer loop
      vertex 8.31257999688387 30.47224000096321 0.32
      vertex 8.31257999688387 34.801320001482964 0.48
      vertex 8.31257999688387 34.801320001482964 0.32
    endloop
  endfacet
  facet normal -1 0 0
    outer loop
      vertex 8.31257999688387 30.47224000096321 0.32
      vertex 8.31257999688387 30.47224000096321 0.48
      vertex 8.31257999688387 34.801320001482964 0.48
    endloop
  endfacet
  facet normal 0 -1 0
    outer loop
      vertex 8.31257999688387 30.47224000096321 0.32
      vertex 14.217500001192093 30.47224000096321 0.32
      vertex 8.31257999688387 30.47224000096321 0.48
    endloop
  endfacet
  facet normal 0 0 1
    outer loop
      vertex 8.31257999688387 30.47224000096321 0.48
      vertex 14.217500001192093 30.47224000096321 0.48
      vertex 8.31257999688387 34.801320001482964 0.48
    endloop
  endfacet
  facet normal 0 0 -1
    outer loop
      vertex 14.217500001192093 30.47224000096321 0.32
      vertex 19.79986000061035 30.47224000096321 0.32
      vertex 14.217500001192093 22.25 0.32
    endloop
  endfacet
  facet normal -1 0 0
    outer loop
      vertex 14.217500001192093 30.47224000096321 0.32
      vertex 14.217500001192093 22.25 0.32
      vertex 14.217500001192093 22.25 0.48
    endloop
  endfacet
  facet normal -1 0 0
    outer loop
      vertex 14.217500001192093 30.47224000096321 0.32
      vertex 14.217500001192093 22.25 0.48
      vertex 14.217500001192093 30.47224000096321 0.48
    endloop
  endfacet
  facet normal 0 0 1
    outer loop
      vertex 14.217500001192093 30.47224000096321 0.48
      vertex 14.217500001192093 22.25 0.48
      vertex 19.79986000061035 22.25 0.48
    endloop
  endfacet
  facet normal 0 0 -1
    outer loop
      vertex 8.31257999688387 34.801320001482964 0.32
      vertex 19.79986000061035 30.47224000096321 0.32
      vertex 14.217500001192093 30.47224000096321 0.32
    endloop
  endfacet
  facet normal 0 -1 0
    outer loop
      vertex 14.217500001192093 30.47224000096321 0.32
      vertex 14.217500001192093 30.47224000096321 0.48
      vertex 8.31257999688387 30.47224000096321 0.48
    endloop
  endfacet
  facet normal 0 0 1
    outer loop
      vertex 8.31257999688387 34.801320001482964 0.48
      vertex 14.217500001192093 30.47224000096321 0.48
      vertex 19.79986000061035 30.47224000096321 0.48
    endloop
  endfacet
  facet normal 0 1 0
    outer loop
      vertex 8.31257999688387 34.801320001482964 0.32
      vertex 8.31257999688387 34.801320001482964 0.48
      vertex 25.705059997737408 34.801320001482964 0.48
    endloop
  endfacet
  facet normal 0 0 -1
    outer loop
      vertex 8.31257999688387 9.187200002372265 0.32
      vertex 19.79986000061035 13.516280002892017 0.32
      vertex 25.705059997737408 9.187200002372265 0.32
    endloop
  endfacet
  facet normal 0 0 1
    outer loop
      vertex 8.31257999688387 9.187200002372265 0.48
      vertex 25.705059997737408 9.187200002372265 0.48
      vertex 19.79986000061035 13.516280002892017 0.48
    endloop
  endfacet
  facet normal 0 -1 0
    outer loop
      vertex 8.31257999688387 9.187200002372265 0.48
      vertex 25.705059997737408 9.187200002372265 0.32
      vertex 25.705059997737408 9.187200002372265 0.48
    endloop
  endfacet
  facet normal 0 0 -1
    outer loop
      vertex 14.217500001192093 13.516280002892017 0.32
      vertex 19.79986000061035 21.75 0.32
      vertex 19.79986000061035 13.516280002892017 0.32
    endloop
  endfacet
  facet normal 0 0 1
    outer loop
      vertex 19.79986000061035 13.516280002892017 0.48
      vertex 19.79986000061035 21.75 0.48
      vertex 14.217500001192093 21.75 0.48
    endloop
  endfacet
  facet normal 1 0 0
    outer loop
      vertex 19.79986000061035 13.516280002892017 0.32
      vertex 19.79986000061035 21.75 0.48
      vertex 19.79986000061035 13.516280002892017 0.48
    endloop
  endfacet
  facet normal 1 0 0
    outer loop
      vertex 19.79986000061035 13.516280002892017 0.32
      vertex 19.79986000061035 21.75 0.32
      vertex 19.79986000061035 21.75 0.48
    endloop
  endfacet
  facet normal 0 0 -1
    outer loop
      vertex 19.79986000061035 13.516280002892017 0.32
      vertex 25.705059997737408 13.516280002892017 0.32
      vertex 25.705059997737408 9.187200002372265 0.32
    endloop
  endfacet
  facet normal 0 1 0
    outer loop
      vertex 19.79986000061035 13.516280002892017 0.32
      vertex 19.79986000061035 13.516280002892017 0.48
      vertex 25.705059997737408 13.516280002892017 0.48
    endloop
  endfacet
  facet normal 1 0 0
    outer loop
      vertex 25.705059997737408 9.187200002372265 0.32
      vertex 25.705059997737408 13.516280002892017 0.32
      vertex 25.705059997737408 9.187200002372265 0.48
    endloop
  endfacet
  facet normal 0 0 1
    outer loop
      vertex 19.79986000061035 13.516280002892017 0.48
      vertex 25.705059997737408 9.187200002372265 0.48
      vertex 25.705059997737408 13.516280002892017 0.48
    endloop
  endfacet
  facet normal 1 0 0
    outer loop
      vertex 25.705059997737408 13.516280002892017 0.32
      vertex 25.705059997737408 13.516280002892017 0.48
      vertex 25.705059997737408 9.187200002372265 0.48
    endloop
  endfacet
  facet normal 0 1 0
    outer loop
      vertex 19.79986000061035 13.516280002892017 0.32
      vertex 25.705059997737408 13.516280002892017 0.48
      vertex 25.705059997737408 13.516280002892017 0.32
    endloop
  endfacet
  facet normal 0 0 -1
    outer loop
      vertex 19.79986000061035 30.47224000096321 0.32
      vertex 19.79986000061035 22.25 0.32
      vertex 14.217500001192093 22.25 0.32
    endloop
  endfacet
  facet normal 0 0 1
    outer loop
      vertex 14.217500001192093 30.47224000096321 0.48
      vertex 19.79986000061035 22.25 0.48
      vertex 19.79986000061035 30.47224000096321 0.48
    endloop
  endfacet
  facet normal 1 0 0
    outer loop
      vertex 19.79986000061035 30.47224000096321 0.48
      vertex 19.79986000061035 22.25 0.48
      vertex 19.79986000061035 22.25 0.32
    endloop
  endfacet
  facet normal 1 0 0
    outer loop
      vertex 19.79986000061035 30.47224000096321 0.32
      vertex 19.79986000061035 30.47224000096321 0.48
      vertex 19.79986000061035 22.25 0.32
    endloop
  endfacet
  facet normal 0 0 -1
    outer loop
      vertex 8.31257999688387 34.801320001482964 0.32
      vertex 25.705059997737408 34.801320001482964 0.32
      vertex 19.79986000061035 30.47224000096321 0.32
    endloop
  endfacet
  facet normal 0 0 1
    outer loop
      vertex 8.31257999688387 34.801320001482964 0.48
      vertex 19.79986000061035 30.47224000096321 0.48
      vertex 25.705059997737408 34.801320001482964 0.48
    endloop
  endfacet
  facet normal 0 1 0
    outer loop
      vertex 8.31257999688387 34.801320001482964 0.32
      vertex 25.705059997737408 34.801320001482964 0.48
      vertex 25.705059997737408 34.801320001482964 0.32
    endloop
  endfacet
  facet normal 0 0 -1
    outer loop
      vertex 19.79986000061035 30.47224000096321 0.32
      vertex 25.705059997737408 34.801320001482964 0.32
      vertex 25.705059997737408 30.47224000096321 0.32
    endloop
  endfacet
  facet normal 0 -1 0
    outer loop
      vertex 19.79986000061035 30.47224000096321 0.32
      vertex 25.705059997737408 30.47224000096321 0.32
      vertex 19.79986000061035 30.47224000096321 0.48
    endloop
  endfacet
  facet normal 0 -1 0
    outer loop
      vertex 25.705059997737408 30.47224000096321 0.32
      vertex 25.705059997737408 30.47224000096321 0.48
      vertex 19.79986000061035 30.47224000096321 0.48
    endloop
  endfacet
  facet normal 1 0 0
    outer loop
      vertex 25.705059997737408 30.47224000096321 0.32
      vertex 25.705059997737408 34.801320001482964 0.32
      vertex 25.705059997737408 30.47224000096321 0.48
    endloop
  endfacet
  facet normal 0 0 1
    outer loop
      vertex 19.79986000061035 30.47224000096321 0.48
      vertex 25.705059997737408 30.47224000096321 0.48
      vertex 25.705059997737408 34.801320001482964 0.48
    endloop
  endfacet
  facet normal 1 0 0
    outer loop
      vertex 25.705059997737408 34.801320001482964 0.32
      vertex 25.705059997737408 34.801320001482964 0.48
      vertex 25.705059997737408 30.47224000096321 0.48
    endloop
  endfacet
  facet normal 0 1 0
    outer loop
      vertex 14.217500001192093 21.75 0.48
      vertex 19.79986000061035 21.75 0.48
      vertex 14.217500001192093 21.75 0.32
    endloop
  endfacet
  facet normal 0 -1 0
    outer loop
      vertex 14.217500001192093 22.25 0.32
      vertex 19.79986000061035 22.25 0.32
      vertex 14.217500001192093 22.25 0.48
    endloop
  endfacet
  facet normal 0 1 0
    outer loop
      vertex 19.79986000061035 21.75 0.32
      vertex 14.217500001192093 21.75 0.32
      vertex 19.79986000061035 21.75 0.48
    endloop
  endfacet
  facet normal 0 -1 0
    outer loop
      vertex 19.79986000061035 22.25 0.48
      vertex 14.217500001192093 22.25 0.48
      vertex 19.79986000061035 22.25 0.32
    endloop
  endfacet
  facet normal -0.9877458957339618 0.15607064253316086 0
    outer loop
      vertex 7.268179997801781 26.98260000348091 0
      vertex 7.320862345397472 27.3160180747509 0.16
      vertex 7.320862345397472 27.3160180747509 0
    endloop
  endfacet
  facet normal -0.9840715824217037 0.17777266569988767 0
    outer loop
      vertex 7.320862345397472 27.3160180747509 0
      vertex 7.379862420260906 27.642616637051105 0.16
      vertex 7.379862420260906 27.642616637051105 0
    endloop
  endfacet
  facet normal -0.9797699614696541 0.20012701617161147 0
    outer loop
      vertex 7.379862420260906 27.642616637051105 0
      vertex 7.445180229842663 27.962395690381527 0.16
      vertex 7.445180229842663 27.962395690381527 0
    endloop
  endfacet
  facet normal -0.9747894969439198 0.22312650368752673 0
    outer loop
      vertex 7.445180229842663 27.962395690381527 0
      vertex 7.516815766692162 28.275355234742165 0.16
      vertex 7.516815766692162 28.275355234742165 0
    endloop
  endfacet
  facet normal -0.9690769546005524 0.24675870007381462 0
    outer loop
      vertex 7.516815766692162 28.275355234742165 0
      vertex 7.594769038259983 28.5814952775836 0.16
      vertex 7.594769038259983 28.5814952775836 0
    endloop
  endfacet
  facet normal 0 0 -1
    outer loop
      vertex 7.268179997801781 26.98260000348091 0
      vertex 7.320862345397472 27.3160180747509 0
      vertex 12.793420001864433 26.166120000183582 0
    endloop
  endfacet
  facet normal -0.1461852778802864 -0.9892572286979071 0
    outer loop
      vertex 7.268179997801781 26.98260000348091 0
      vertex 12.793420001864433 26.166120000183582 0
      vertex 7.268179997801781 26.98260000348091 0.16
    endloop
  endfacet
  facet normal 0 0 -1
    outer loop
      vertex 7.320862345397472 27.3160180747509 0
      vertex 7.379862420260906 27.642616637051105 0
      vertex 12.8273566365242 26.35879810899496 0
    endloop
  endfacet
  facet normal 0 0 -1
    outer loop
      vertex 7.379862420260906 27.642616637051105 0
      vertex 7.445180229842663 27.962395690381527 0
      vertex 12.86308654397726 26.5471698269248 0
    endloop
  endfacet
  facet normal 0 0 -1
    outer loop
      vertex 7.445180229842663 27.962395690381527 0
      vertex 7.516815766692162 28.275355234742165 0
      vertex 12.939926162362099 26.910994105041027 0
    endloop
  endfacet
  facet normal 0 0 -1
    outer loop
      vertex 7.516815766692162 28.275355234742165 0
      vertex 7.594769038259983 28.5814952775836 0
      vertex 12.981035880744457 27.086446657776833 0
    endloop
  endfacet
  facet normal 0 0 -1
    outer loop
      vertex 7.594769038259983 28.5814952775836 0
      vertex 7.679040037095547 28.88081580400467 0
      vertex 13.023938864469528 27.2575928196311 0
    endloop
  endfacet
  facet normal 0 0 -1
    outer loop
      vertex 7.679040037095547 28.88081580400467 0
      vertex 7.769628770649433 29.173316821455956 0
      vertex 13.068635120987892 27.42443259060383 0
    endloop
  endfacet
  facet normal -0.9877458957339618 0.15607064253316086 0
    outer loop
      vertex 7.268179997801781 26.98260000348091 0
      vertex 7.268179997801781 26.98260000348091 0.16
      vertex 7.320862345397472 27.3160180747509 0.16
    endloop
  endfacet
  facet normal -0.9840715824217037 0.17777266569988767 0
    outer loop
      vertex 7.320862345397472 27.3160180747509 0
      vertex 7.320862345397472 27.3160180747509 0.16
      vertex 7.379862420260906 27.642616637051105 0.16
    endloop
  endfacet
  facet normal -0.9797699614696541 0.20012701617161147 0
    outer loop
      vertex 7.379862420260906 27.642616637051105 0
      vertex 7.379862420260906 27.642616637051105 0.16
      vertex 7.445180229842663 27.962395690381527 0.16
    endloop
  endfacet
  facet normal -0.9747894969439198 0.22312650368752673 0
    outer loop
      vertex 7.445180229842663 27.962395690381527 0
      vertex 7.445180229842663 27.962395690381527 0.16
      vertex 7.516815766692162 28.275355234742165 0.16
    endloop
  endfacet
  facet normal -0.9690769546005524 0.24675870007381462 0
    outer loop
      vertex 7.516815766692162 28.275355234742165 0
      vertex 7.516815766692162 28.275355234742165 0.16
      vertex 7.594769038259983 28.5814952775836 0.16
    endloop
  endfacet
  facet normal 0 0 -1
    outer loop
      vertex 7.320862345397472 27.3160180747509 0
      vertex 12.8273566365242 26.35879810899496 0
      vertex 12.793420001864433 26.166120000183582 0
    endloop
  endfacet
  facet normal 0 0 -1
    outer loop
      vertex 7.379862420260906 27.642616637051105 0
      vertex 12.86308654397726 26.5471698269248 0
      vertex 12.8273566365242 26.35879810899496 0
    endloop
  endfacet
  facet normal 0 0 -1
    outer loop
      vertex 7.445180229842663 27.962395690381527 0
      vertex 12.900609716773033 26.731235161423683 0
      vertex 12.86308654397726 26.5471698269248 0
    endloop
  endfacet
  facet normal 0 0 -1
    outer loop
      vertex 7.445180229842663 27.962395690381527 0
      vertex 12.939926162362099 26.910994105041027 0
      vertex 12.900609716773033 26.731235161423683 0
    endloop
  endfacet
  facet normal 0 0 -1
    outer loop
      vertex 7.516815766692162 28.275355234742165 0
      vertex 12.981035880744457 27.086446657776833 0
      vertex 12.939926162362099 26.910994105041027 0
    endloop
  endfacet
  facet normal 0 0 -1
    outer loop
      vertex 7.594769038259983 28.5814952775836 0
      vertex 13.023938864469528 27.2575928196311 0
      vertex 12.981035880744457 27.086446657776833 0
    endloop
  endfacet
  facet normal 0 0 -1
    outer loop
      vertex 7.679040037095547 28.88081580400467 0
      vertex 13.068635120987892 27.42443259060383 0
      vertex 13.023938864469528 27.2575928196311 0
    endloop
  endfacet
  facet normal 0 0 -1
    outer loop
      vertex 7.769628770649433 29.173316821455956 0
      vertex 13.115124650299549 27.58696597069502 0
      vertex 13.068635120987892 27.42443259060383 0
    endloop
  endfacet
  facet normal 0 0 -1
    outer loop
      vertex 7.866535238921642 29.45899833738804 0
      vertex 13.163407444953918 27.74519296735525 0
      vertex 13.115124650299549 27.58696597069502 0
    endloop
  endfacet
  facet normal 0 0 -1
    outer loop
      vertex 7.969759434461594 29.737860336899757 0
      vertex 13.21348351240158 27.899113573133945 0
      vertex 13.163407444953918 27.74519296735525 0
    endloop
  endfacet
  facet normal -0.1461852778802864 -0.9892572286979071 0
    outer loop
      vertex 12.793420001864433 26.166120000183582 0
      vertex 12.793420001864433 26.166120000183582 0.16
      vertex 7.268179997801781 26.98260000348091 0.16
    endloop
  endfacet
  facet normal 0 0 1
    outer loop
      vertex 7.268179997801781 26.98260000348091 0.16
      vertex 12.793420001864433 26.166120000183582 0.16
      vertex 7.320862345397472 27.3160180747509 0.16
    endloop
  endfacet
  facet normal 0 0 1
    outer loop
      vertex 7.320862345397472 27.3160180747509 0.16
      vertex 12.8273566365242 26.35879810899496 0.16
      vertex 7.379862420260906 27.642616637051105 0.16
    endloop
  endfacet
  facet normal 0 0 1
    outer loop
      vertex 7.379862420260906 27.642616637051105 0.16
      vertex 12.86308654397726 26.5471698269248 0.16
      vertex 7.445180229842663 27.962395690381527 0.16
    endloop
  endfacet
  facet normal 0 0 1
    outer loop
      vertex 7.445180229842663 27.962395690381527 0.16
      vertex 12.939926162362099 26.910994105041027 0.16
      vertex 7.516815766692162 28.275355234742165 0.16
    endloop
  endfacet
  facet normal 0 0 1
    outer loop
      vertex 7.516815766692162 28.275355234742165 0.16
      vertex 12.981035880744457 27.086446657776833 0.16
      vertex 7.594769038259983 28.5814952775836 0.16
    endloop
  endfacet
  facet normal 0 0 1
    outer loop
      vertex 7.594769038259983 28.5814952775836 0.16
      vertex 13.023938864469528 27.2575928196311 0.16
      vertex 7.679040037095547 28.88081580400467 0.16
    endloop
  endfacet
  facet normal 0 0 1
    outer loop
      vertex 7.679040037095547 28.88081580400467 0.16
      vertex 13.068635120987892 27.42443259060383 0.16
      vertex 7.769628770649433 29.173316821455956 0.16
    endloop
  endfacet
  facet normal 0 0 1
    outer loop
      vertex 7.320862345397472 27.3160180747509 0.16
      vertex 12.793420001864433 26.166120000183582 0.16
      vertex 12.8273566365242 26.35879810899496 0.16
    endloop
  endfacet
  facet normal 0 0 1
    outer loop
      vertex 7.379862420260906 27.642616637051105 0.16
      vertex 12.8273566365242 26.35879810899496 0.16
      vertex 12.86308654397726 26.5471698269248 0.16
    endloop
  endfacet
  facet normal 0 0 1
    outer loop
      vertex 7.445180229842663 27.962395690381527 0.16
      vertex 12.86308654397726 26.5471698269248 0.16
      vertex 12.900609716773033 26.731235161423683 0.16
    endloop
  endfacet
  facet normal 0 0 1
    outer loop
      vertex 7.445180229842663 27.962395690381527 0.16
      vertex 12.900609716773033 26.731235161423683 0.16
      vertex 12.939926162362099 26.910994105041027 0.16
    endloop
  endfacet
  facet normal 0 0 1
    outer loop
      vertex 7.516815766692162 28.275355234742165 0.16
      vertex 12.939926162362099 26.910994105041027 0.16
      vertex 12.981035880744457 27.086446657776833 0.16
    endloop
  endfacet
  facet normal 0 0 1
    outer loop
      vertex 7.594769038259983 28.5814952775836 0.16
      vertex 12.981035880744457 27.086446657776833 0.16
      vertex 13.023938864469528 27.2575928196311 0.16
    endloop
  endfacet
  facet normal 0 0 1
    outer loop
      vertex 7.679040037095547 28.88081580400467 0.16
      vertex 13.023938864469528 27.2575928196311 0.16
      vertex 13.068635120987892 27.42443259060383 0.16
    endloop
  endfacet
  facet normal 0 0 1
    outer loop
      vertex 7.769628770649433 29.173316821455956 0.16
      vertex 13.068635120987892 27.42443259060383 0.16
      vertex 13.115124650299549 27.58696597069502 0.16
    endloop
  endfacet
  facet normal 0 0 1
    outer loop
      vertex 7.866535238921642 29.45899833738804 0.16
      vertex 13.115124650299549 27.58696597069502 0.16
      vertex 13.163407444953918 27.74519296735525 0.16
    endloop
  endfacet
  facet normal 0 0 1
    outer loop
      vertex 7.969759434461594 29.737860336899757 0.16
      vertex 13.163407444953918 27.74519296735525 0.16
      vertex 13.21348351240158 27.899113573133945 0.16
    endloop
  endfacet
  facet normal -0.962577900320368 0.2710051398310214 0
    outer loop
      vertex 7.594769038259983 28.5814952775836 0
      vertex 7.679040037095547 28.88081580400467 0.16
      vertex 7.679040037095547 28.88081580400467 0
    endloop
  endfacet
  facet normal -0.9552372604527476 0.29584079543350594 0
    outer loop
      vertex 7.679040037095547 28.88081580400467 0
      vertex 7.769628770649433 29.173316821455956 0.16
      vertex 7.769628770649433 29.173316821455956 0
    endloop
  endfacet
  facet normal -0.9470000691130888 0.3212333561444157 0
    outer loop
      vertex 7.769628770649433 29.173316821455956 0
      vertex 7.866535238921642 29.45899833738804 0.16
      vertex 7.866535238921642 29.45899833738804 0
    endloop
  endfacet
  facet normal -0.9378123018495617 0.34714274657498806 0
    outer loop
      vertex 7.866535238921642 29.45899833738804 0
      vertex 7.969759434461594 29.737860336899757 0.16
      vertex 7.969759434461594 29.737860336899757 0
    endloop
  endfacet
  facet normal -0.927621866132696 0.37352064664820656 0
    outer loop
      vertex 7.969759434461594 29.737860336899757 0
      vertex 8.079301364719868 30.009902834892273 0.16
      vertex 8.079301364719868 30.009902834892273 0
    endloop
  endfacet
  facet normal -0.9163797359584961 0.4003101042000276 0
    outer loop
      vertex 8.079301364719868 30.009902834892273 0
      vertex 8.195161022245884 30.275125823915005 0.16
      vertex 8.195161022245884 30.275125823915005 0
    endloop
  endfacet
  facet normal -0.9040411462728604 0.42744544195213124 0
    outer loop
      vertex 8.195161022245884 30.275125823915005 0
      vertex 8.317338414490223 30.533529303967953 0.16
      vertex 8.317338414490223 30.533529303967953 0
    endloop
  endfacet
  facet normal -0.8905669631508519 0.4548521563588211 0
    outer loop
      vertex 8.317338414490223 30.533529303967953 0
      vertex 8.445833534002304 30.785113267600536 0.16
      vertex 8.445833534002304 30.785113267600536 0
    endloop
  endfacet
  facet normal 0 0 -1
    outer loop
      vertex 7.769628770649433 29.173316821455956 0
      vertex 7.866535238921642 29.45899833738804 0
      vertex 13.115124650299549 27.58696597069502 0
    endloop
  endfacet
  facet normal -0.8759250065686066 0.4824472850662408 0
    outer loop
      vertex 8.445833534002304 30.785113267600536 0
      vertex 8.580646388232708 31.029877729713917 0.16
      vertex 8.580646388232708 31.029877729713917 0
    endloop
  endfacet
  facet normal -0.8600914445874236 0.5101398895866885 0
    outer loop
      vertex 8.580646388232708 31.029877729713917 0
      vertex 8.721776977181435 31.267822682857513 0.16
      vertex 8.721776977181435 31.267822682857513 0
    endloop
  endfacet
  facet normal -0.8430521490763555 0.5378318268173969 0
    outer loop
      vertex 8.721776977181435 31.267822682857513 0
      vertex 8.869225293397903 31.498948127031326 0.16
      vertex 8.869225293397903 31.498948127031326 0
    endloop
  endfacet
  facet normal -0.8248038490016004 0.5654189691477861 0
    outer loop
      vertex 8.869225293397903 31.498948127031326 0
      vertex 9.022991344332695 31.723254062235355 0.16
      vertex 9.022991344332695 31.723254062235355 0
    endloop
  endfacet
  facet normal -0.962577900320368 0.2710051398310214 0
    outer loop
      vertex 7.594769038259983 28.5814952775836 0
      vertex 7.594769038259983 28.5814952775836 0.16
      vertex 7.679040037095547 28.88081580400467 0.16
    endloop
  endfacet
  facet normal -0.9552372604527476 0.29584079543350594 0
    outer loop
      vertex 7.679040037095547 28.88081580400467 0
      vertex 7.679040037095547 28.88081580400467 0.16
      vertex 7.769628770649433 29.173316821455956 0.16
    endloop
  endfacet
  facet normal -0.9470000691130888 0.3212333561444157 0
    outer loop
      vertex 7.769628770649433 29.173316821455956 0
      vertex 7.769628770649433 29.173316821455956 0.16
      vertex 7.866535238921642 29.45899833738804 0.16
    endloop
  endfacet
  facet normal -0.9378123018495617 0.34714274657498806 0
    outer loop
      vertex 7.866535238921642 29.45899833738804 0
      vertex 7.866535238921642 29.45899833738804 0.16
      vertex 7.969759434461594 29.737860336899757 0.16
    endloop
  endfacet
  facet normal -0.927621866132696 0.37352064664820656 0
    outer loop
      vertex 7.969759434461594 29.737860336899757 0
      vertex 7.969759434461594 29.737860336899757 0.16
      vertex 8.079301364719868 30.009902834892273 0.16
    endloop
  endfacet
  facet normal -0.9163797359584961 0.4003101042000276 0
    outer loop
      vertex 8.079301364719868 30.009902834892273 0
      vertex 8.079301364719868 30.009902834892273 0.16
      vertex 8.195161022245884 30.275125823915005 0.16
    endloop
  endfacet
  facet normal -0.9040411462728604 0.42744544195213124 0
    outer loop
      vertex 8.195161022245884 30.275125823915005 0
      vertex 8.195161022245884 30.275125823915005 0.16
      vertex 8.317338414490223 30.533529303967953 0.16
    endloop
  endfacet
  facet normal -0.8905669631508519 0.4548521563588211 0
    outer loop
      vertex 8.317338414490223 30.533529303967953 0
      vertex 8.317338414490223 30.533529303967953 0.16
      vertex 8.445833534002304 30.785113267600536 0.16
    endloop
  endfacet
  facet normal -0.8759250065686066 0.4824472850662408 0
    outer loop
      vertex 8.445833534002304 30.785113267600536 0
      vertex 8.445833534002304 30.785113267600536 0.16
      vertex 8.580646388232708 31.029877729713917 0.16
    endloop
  endfacet
  facet normal -0.8600914445874236 0.5101398895866885 0
    outer loop
      vertex 8.580646388232708 31.029877729713917 0
      vertex 8.580646388232708 31.029877729713917 0.16
      vertex 8.721776977181435 31.267822682857513 0.16
    endloop
  endfacet
  facet normal -0.8430521490763555 0.5378318268173969 0
    outer loop
      vertex 8.721776977181435 31.267822682857513 0
      vertex 8.721776977181435 31.267822682857513 0.16
      vertex 8.869225293397903 31.498948127031326 0.16
    endloop
  endfacet
  facet normal -0.8248038490016004 0.5654189691477861 0
    outer loop
      vertex 8.869225293397903 31.498948127031326 0
      vertex 8.869225293397903 31.498948127031326 0.16
      vertex 9.022991344332695 31.723254062235355 0.16
    endloop
  endfacet
  facet normal -0.8053552636086824 0.5927924589413985 0
    outer loop
      vertex 9.022991344332695 31.723254062235355 0
      vertex 9.183075122535229 31.9407404884696 0.16
      vertex 9.183075122535229 31.9407404884696 0
    endloop
  endfacet
  facet normal -0.7847278107477789 0.6198405141961909 0
    outer loop
      vertex 9.183075122535229 31.9407404884696 0
      vertex 9.349476635456085 32.15140741318464 0.16
      vertex 9.349476635456085 32.15140741318464 0
    endloop
  endfacet
  facet normal -0.7629561489120473 0.646450241578807 0
    outer loop
      vertex 9.349476635456085 32.15140741318464 0
      vertex 9.522195875644684 32.35525482147932 0.16
      vertex 9.522195875644684 32.35525482147932 0
    endloop
  endfacet
  facet normal -0.8053552636086824 0.5927924589413985 0
    outer loop
      vertex 9.022991344332695 31.723254062235355 0
      vertex 9.022991344332695 31.723254062235355 0.16
      vertex 9.183075122535229 31.9407404884696 0.16
    endloop
  endfacet
  facet normal -0.7847278107477789 0.6198405141961909 0
    outer loop
      vertex 9.183075122535229 31.9407404884696 0
      vertex 9.183075122535229 31.9407404884696 0.16
      vertex 9.349476635456085 32.15140741318464 0.16
    endloop
  endfacet
  facet normal -0.7629561489120473 0.646450241578807 0
    outer loop
      vertex 9.349476635456085 32.15140741318464 0
      vertex 9.349476635456085 32.15140741318464 0.16
      vertex 9.522195875644684 32.35525482147932 0.16
    endloop
  endfacet
  facet normal -0.7400882981233232 0.6725097106963758 0
    outer loop
      vertex 9.522195875644684 32.35525482147932 0
      vertex 9.522195875644684 32.35525482147932 0.16
      vertex 9.701232858002186 32.552282720804214 0.16
    endloop
  endfacet
  facet normal 0 0 -1
    outer loop
      vertex 7.866535238921642 29.45899833738804 0
      vertex 7.969759434461594 29.737860336899757 0
      vertex 13.163407444953918 27.74519296735525 0
    endloop
  endfacet
  facet normal 0 0 -1
    outer loop
      vertex 7.969759434461594 29.737860336899757 0
      vertex 8.079301364719868 30.009902834892273 0
      vertex 13.21348351240158 27.899113573133945 0
    endloop
  endfacet
  facet normal 0 0 -1
    outer loop
      vertex 8.079301364719868 30.009902834892273 0
      vertex 8.195161022245884 30.275125823915005 0
      vertex 13.265352852642536 28.0487277880311 0
    endloop
  endfacet
  facet normal 0 0 -1
    outer loop
      vertex 8.195161022245884 30.275125823915005 0
      vertex 8.317338414490223 30.533529303967953 0
      vertex 13.319015465676785 28.19403561204672 0
    endloop
  endfacet
  facet normal 0 0 -1
    outer loop
      vertex 8.317338414490223 30.533529303967953 0
      vertex 8.445833534002304 30.785113267600536 0
      vertex 13.374471344053745 28.335037052631378 0
    endloop
  endfacet
  facet normal 0 0 -1
    outer loop
      vertex 8.445833534002304 30.785113267600536 0
      vertex 8.580646388232708 31.029877729713917 0
      vertex 13.431720487773418 28.47173209488392 0
    endloop
  endfacet
  facet normal 0 0 -1
    outer loop
      vertex 8.580646388232708 31.029877729713917 0
      vertex 8.721776977181435 31.267822682857513 0
      vertex 13.490762911736965 28.6041207537055 0
    endloop
  endfacet
  facet normal 0 0 -1
    outer loop
      vertex 8.721776977181435 31.267822682857513 0
      vertex 8.869225293397903 31.498948127031326 0
      vertex 13.551598601043224 28.732203021645546 0
    endloop
  endfacet
  facet normal 0 0 -1
    outer loop
      vertex 8.869225293397903 31.498948127031326 0
      vertex 9.022991344332695 31.723254062235355 0
      vertex 13.614227563142776 28.855978906154633 0
    endloop
  endfacet
  facet normal 0 0 -1
    outer loop
      vertex 9.022991344332695 31.723254062235355 0
      vertex 9.183075122535229 31.9407404884696 0
      vertex 13.614227563142776 28.855978906154633 0
    endloop
  endfacet
  facet normal 0 0 -1
    outer loop
      vertex 9.183075122535229 31.9407404884696 0
      vertex 9.349476635456085 32.15140741318464 0
      vertex 13.678649790585041 28.9754483923316 0
    endloop
  endfacet
  facet normal 0 0 -1
    outer loop
      vertex 8.079301364719868 30.009902834892273 0
      vertex 13.265352852642536 28.0487277880311 0
      vertex 13.21348351240158 27.899113573133945 0
    endloop
  endfacet
  facet normal 0 0 -1
    outer loop
      vertex 8.195161022245884 30.275125823915005 0
      vertex 13.319015465676785 28.19403561204672 0
      vertex 13.265352852642536 28.0487277880311 0
    endloop
  endfacet
  facet normal 0 0 -1
    outer loop
      vertex 8.317338414490223 30.533529303967953 0
      vertex 13.374471344053745 28.335037052631378 0
      vertex 13.319015465676785 28.19403561204672 0
    endloop
  endfacet
  facet normal 0 0 -1
    outer loop
      vertex 8.445833534002304 30.785113267600536 0
      vertex 13.431720487773418 28.47173209488392 0
      vertex 13.374471344053745 28.335037052631378 0
    endloop
  endfacet
  facet normal 0 0 -1
    outer loop
      vertex 8.580646388232708 31.029877729713917 0
      vertex 13.490762911736965 28.6041207537055 0
      vertex 13.431720487773418 28.47173209488392 0
    endloop
  endfacet
  facet normal 0 0 -1
    outer loop
      vertex 8.721776977181435 31.267822682857513 0
      vertex 13.551598601043224 28.732203021645546 0
      vertex 13.490762911736965 28.6041207537055 0
    endloop
  endfacet
  facet normal 0 0 -1
    outer loop
      vertex 9.349476635456085 32.15140741318464 0
      vertex 9.522195875644684 32.35525482147932 0
      vertex 13.744865290820599 29.09061149507761 0
    endloop
  endfacet
  facet normal 0 0 -1
    outer loop
      vertex 9.522195875644684 32.35525482147932 0
      vertex 9.701232858002186 32.552282720804214 0
      vertex 13.81287406384945 29.20146820694208 0
    endloop
  endfacet
  facet normal 0 0 -1
    outer loop
      vertex 9.701232858002186 32.552282720804214 0
      vertex 9.88658756017685 32.742491118609905 0
      vertex 13.882676102221012 29.308018527925014 0
    endloop
  endfacet
  facet normal 0 0 -1
    outer loop
      vertex 9.88658756017685 32.742491118609905 0
      vertex 10.078259997069836 32.92587999999523 0
      vertex 13.954271420836449 29.41026245802641 0
    endloop
  endfacet
  facet normal -0.7400882981233232 0.6725097106963758 0
    outer loop
      vertex 9.522195875644684 32.35525482147932 0
      vertex 9.701232858002186 32.552282720804214 0.16
      vertex 9.701232858002186 32.552282720804214 0
    endloop
  endfacet
  facet normal -0.7161854674425611 0.6979100058202922 0
    outer loop
      vertex 9.701232858002186 32.552282720804214 0
      vertex 9.88658756017685 32.742491118609905 0.16
      vertex 9.88658756017685 32.742491118609905 0
    endloop
  endfacet
  facet normal -0.6913211250528647 0.7225476469103207 0
    outer loop
      vertex 9.88658756017685 32.742491118609905 0
      vertex 10.078259997069836 32.92587999999523 0.16
      vertex 10.078259997069836 32.92587999999523 0
    endloop
  endfacet
  facet normal -0.6651463524372879 0.7467130170549937 0
    outer loop
      vertex 10.078259997069836 32.92587999999523 0
      vertex 10.275890775024891 33.1019227206707 0.16
      vertex 10.275890775024891 33.1019227206707 0
    endloop
  endfacet
  facet normal -0.637631814062245 0.7703412683322184 0
    outer loop
      vertex 10.275890775024891 33.1019227206707 0
      vertex 10.47912049293518 33.27014132589102 0.16
      vertex 10.47912049293518 33.27014132589102 0
    endloop
  endfacet
  facet normal -0.609130928638608 0.7930696764949893 0
    outer loop
      vertex 10.47912049293518 33.27014132589102 0
      vertex 10.687949150800705 33.430535800755024 0.16
      vertex 10.687949150800705 33.430535800755024 0
    endloop
  endfacet
  facet normal 0 0 -1
    outer loop
      vertex 10.078259997069836 32.92587999999523 0
      vertex 10.275890775024891 33.1019227206707 0
      vertex 13.954271420836449 29.41026245802641 0
    endloop
  endfacet
  facet normal 0 0 -1
    outer loop
      vertex 10.275890775024891 33.1019227206707 0
      vertex 10.47912049293518 33.27014132589102 0
      vertex 14.027659997344017 29.508199997246265 0
    endloop
  endfacet
  facet normal 0 0 -1
    outer loop
      vertex 10.47912049293518 33.27014132589102 0
      vertex 10.687949150800705 33.430535800755024 0
      vertex 14.102615311741829 29.60187826305628 0
    endloop
  endfacet
  facet normal 0 0 -1
    outer loop
      vertex 10.687949150800705 33.430535800755024 0
      vertex 10.902376748621464 33.58310616016388 0
      vertex 14.178862117230892 29.6913930401206 0
    endloop
  endfacet
  facet normal -0.5797471416376224 0.8147964480549768 0
    outer loop
      vertex 10.687949150800705 33.430535800755024 0
      vertex 10.902376748621464 33.58310616016388 0.16
      vertex 10.902376748621464 33.58310616016388 0
    endloop
  endfacet
  facet normal -0.5495951498539325 0.8354311289729593 0
    outer loop
      vertex 10.902376748621464 33.58310616016388 0
      vertex 11.122403286397457 33.727852404117584 0.16
      vertex 11.122403286397457 33.727852404117584 0
    endloop
  endfacet
  facet normal -0.5187987580842808 0.8548963964190094 0
    outer loop
      vertex 11.122403286397457 33.727852404117584 0
      vertex 11.348028771579266 33.86477451771498 0.16
      vertex 11.348028771579266 33.86477451771498 0
    endloop
  endfacet
  facet normal -0.4874885344978658 0.8731293883114478 0
    outer loop
      vertex 11.348028771579266 33.86477451771498 0
      vertex 11.579253196716309 33.99387251585722 0.16
      vertex 11.579253196716309 33.99387251585722 0
    endloop
  endfacet
  facet normal -0.4557987635779204 0.8900828540764276 0
    outer loop
      vertex 11.579253196716309 33.99387251585722 0
      vertex 11.816076561808586 34.11514639109373 0.16
      vertex 11.816076561808586 34.11514639109373 0
    endloop
  endfacet
  facet normal -0.7161854674425611 0.6979100058202922 0
    outer loop
      vertex 9.701232858002186 32.552282720804214 0
      vertex 9.701232858002186 32.552282720804214 0.16
      vertex 9.88658756017685 32.742491118609905 0.16
    endloop
  endfacet
  facet normal -0.6913211250528647 0.7225476469103207 0
    outer loop
      vertex 9.88658756017685 32.742491118609905 0
      vertex 9.88658756017685 32.742491118609905 0.16
      vertex 10.078259997069836 32.92587999999523 0.16
    endloop
  endfacet
  facet normal -0.6651463524372879 0.7467130170549937 0
    outer loop
      vertex 10.078259997069836 32.92587999999523 0
      vertex 10.078259997069836 32.92587999999523 0.16
      vertex 10.275890775024891 33.1019227206707 0.16
    endloop
  endfacet
  facet normal -0.637631814062245 0.7703412683322184 0
    outer loop
      vertex 10.275890775024891 33.1019227206707 0
      vertex 10.275890775024891 33.1019227206707 0.16
      vertex 10.47912049293518 33.27014132589102 0.16
    endloop
  endfacet
  facet normal -0.609130928638608 0.7930696764949893 0
    outer loop
      vertex 10.47912049293518 33.27014132589102 0
      vertex 10.47912049293518 33.27014132589102 0.16
      vertex 10.687949150800705 33.430535800755024 0.16
    endloop
  endfacet
  facet normal -0.5797471416376224 0.8147964480549768 0
    outer loop
      vertex 10.687949150800705 33.430535800755024 0
      vertex 10.687949150800705 33.430535800755024 0.16
      vertex 10.902376748621464 33.58310616016388 0.16
    endloop
  endfacet
  facet normal -0.5495951498539325 0.8354311289729593 0
    outer loop
      vertex 10.902376748621464 33.58310616016388 0
      vertex 10.902376748621464 33.58310616016388 0.16
      vertex 11.122403286397457 33.727852404117584 0.16
    endloop
  endfacet
  facet normal -0.5187987580842808 0.8548963964190094 0
    outer loop
      vertex 11.122403286397457 33.727852404117584 0
      vertex 11.122403286397457 33.727852404117584 0.16
      vertex 11.348028771579266 33.86477451771498 0.16
    endloop
  endfacet
  facet normal -0.4874885344978658 0.8731293883114478 0
    outer loop
      vertex 11.348028771579266 33.86477451771498 0
      vertex 11.348028771579266 33.86477451771498 0.16
      vertex 11.579253196716309 33.99387251585722 0.16
    endloop
  endfacet
  facet normal -0.4557987635779204 0.8900828540764276 0
    outer loop
      vertex 11.579253196716309 33.99387251585722 0
      vertex 11.579253196716309 33.99387251585722 0.16
      vertex 11.816076561808586 34.11514639109373 0.16
    endloop
  endfacet
  facet normal -0.4238649647188163 0.9057253952959012 0
    outer loop
      vertex 11.816076561808586 34.11514639109373 0
      vertex 11.816076561808586 34.11514639109373 0.16
      vertex 12.058498866856098 34.22859614342451 0.16
    endloop
  endfacet
  facet normal 0 0 1
    outer loop
      vertex 7.769628770649433 29.173316821455956 0.16
      vertex 13.115124650299549 27.58696597069502 0.16
      vertex 7.866535238921642 29.45899833738804 0.16
    endloop
  endfacet
  facet normal 0 0 1
    outer loop
      vertex 7.866535238921642 29.45899833738804 0.16
      vertex 13.163407444953918 27.74519296735525 0.16
      vertex 7.969759434461594 29.737860336899757 0.16
    endloop
  endfacet
  facet normal 0 0 1
    outer loop
      vertex 7.969759434461594 29.737860336899757 0.16
      vertex 13.21348351240158 27.899113573133945 0.16
      vertex 8.079301364719868 30.009902834892273 0.16
    endloop
  endfacet
  facet normal 0 0 1
    outer loop
      vertex 8.079301364719868 30.009902834892273 0.16
      vertex 13.265352852642536 28.0487277880311 0.16
      vertex 8.195161022245884 30.275125823915005 0.16
    endloop
  endfacet
  facet normal 0 0 1
    outer loop
      vertex 8.195161022245884 30.275125823915005 0.16
      vertex 13.319015465676785 28.19403561204672 0.16
      vertex 8.317338414490223 30.533529303967953 0.16
    endloop
  endfacet
  facet normal 0 0 1
    outer loop
      vertex 8.317338414490223 30.533529303967953 0.16
      vertex 13.374471344053745 28.335037052631378 0.16
      vertex 8.445833534002304 30.785113267600536 0.16
    endloop
  endfacet
  facet normal 0 0 1
    outer loop
      vertex 8.445833534002304 30.785113267600536 0.16
      vertex 13.431720487773418 28.47173209488392 0.16
      vertex 8.580646388232708 31.029877729713917 0.16
    endloop
  endfacet
  facet normal 0 0 1
    outer loop
      vertex 8.580646388232708 31.029877729713917 0.16
      vertex 13.490762911736965 28.6041207537055 0.16
      vertex 8.721776977181435 31.267822682857513 0.16
    endloop
  endfacet
  facet normal 0 0 1
    outer loop
      vertex 8.721776977181435 31.267822682857513 0.16
      vertex 13.551598601043224 28.732203021645546 0.16
      vertex 8.869225293397903 31.498948127031326 0.16
    endloop
  endfacet
  facet normal 0 0 1
    outer loop
      vertex 8.869225293397903 31.498948127031326 0.16
      vertex 13.614227563142776 28.855978906154633 0.16
      vertex 9.022991344332695 31.723254062235355 0.16
    endloop
  endfacet
  facet normal 0 0 1
    outer loop
      vertex 9.022991344332695 31.723254062235355 0.16
      vertex 13.614227563142776 28.855978906154633 0.16
      vertex 9.183075122535229 31.9407404884696 0.16
    endloop
  endfacet
  facet normal 0 0 1
    outer loop
      vertex 9.183075122535229 31.9407404884696 0.16
      vertex 13.678649790585041 28.9754483923316 0.16
      vertex 9.349476635456085 32.15140741318464 0.16
    endloop
  endfacet
  facet normal 0 0 1
    outer loop
      vertex 8.079301364719868 30.009902834892273 0.16
      vertex 13.21348351240158 27.899113573133945 0.16
      vertex 13.265352852642536 28.0487277880311 0.16
    endloop
  endfacet
  facet normal 0 0 1
    outer loop
      vertex 8.195161022245884 30.275125823915005 0.16
      vertex 13.265352852642536 28.0487277880311 0.16
      vertex 13.319015465676785 28.19403561204672 0.16
    endloop
  endfacet
  facet normal 0 0 1
    outer loop
      vertex 8.317338414490223 30.533529303967953 0.16
      vertex 13.319015465676785 28.19403561204672 0.16
      vertex 13.374471344053745 28.335037052631378 0.16
    endloop
  endfacet
  facet normal 0 0 1
    outer loop
      vertex 8.445833534002304 30.785113267600536 0.16
      vertex 13.374471344053745 28.335037052631378 0.16
      vertex 13.431720487773418 28.47173209488392 0.16
    endloop
  endfacet
  facet normal 0 0 1
    outer loop
      vertex 8.580646388232708 31.029877729713917 0.16
      vertex 13.431720487773418 28.47173209488392 0.16
      vertex 13.490762911736965 28.6041207537055 0.16
    endloop
  endfacet
  facet normal 0 0 1
    outer loop
      vertex 8.721776977181435 31.267822682857513 0.16
      vertex 13.490762911736965 28.6041207537055 0.16
      vertex 13.551598601043224 28.732203021645546 0.16
    endloop
  endfacet
  facet normal 0 0 1
    outer loop
      vertex 9.349476635456085 32.15140741318464 0.16
      vertex 13.744865290820599 29.09061149507761 0.16
      vertex 9.522195875644684 32.35525482147932 0.16
    endloop
  endfacet
  facet normal 0 0 1
    outer loop
      vertex 9.522195875644684 32.35525482147932 0.16
      vertex 13.81287406384945 29.20146820694208 0.16
      vertex 9.701232858002186 32.552282720804214 0.16
    endloop
  endfacet
  facet normal 0 0 1
    outer loop
      vertex 9.701232858002186 32.552282720804214 0.16
      vertex 13.882676102221012 29.308018527925014 0.16
      vertex 9.88658756017685 32.742491118609905 0.16
    endloop
  endfacet
  facet normal 0 0 1
    outer loop
      vertex 9.88658756017685 32.742491118609905 0.16
      vertex 13.954271420836449 29.41026245802641 0.16
      vertex 10.078259997069836 32.92587999999523 0.16
    endloop
  endfacet
  facet normal 0 0 1
    outer loop
      vertex 10.078259997069836 32.92587999999523 0.16
      vertex 13.954271420836449 29.41026245802641 0.16
      vertex 10.275890775024891 33.1019227206707 0.16
    endloop
  endfacet
  facet normal 0 0 1
    outer loop
      vertex 10.275890775024891 33.1019227206707 0.16
      vertex 14.027659997344017 29.508199997246265 0.16
      vertex 10.47912049293518 33.27014132589102 0.16
    endloop
  endfacet
  facet normal 0 0 1
    outer loop
      vertex 10.47912049293518 33.27014132589102 0.16
      vertex 14.102615311741829 29.60187826305628 0.16
      vertex 10.687949150800705 33.430535800755024 0.16
    endloop
  endfacet
  facet normal 0 0 1
    outer loop
      vertex 10.687949150800705 33.430535800755024 0.16
      vertex 14.178862117230892 29.6913930401206 0.16
      vertex 10.902376748621464 33.58310616016388 0.16
    endloop
  endfacet
  facet normal 0.9848407010823296 -0.1734612161022324 0
    outer loop
      vertex 12.793420001864433 26.166120000183582 0
      vertex 12.8273566365242 26.35879810899496 0
      vertex 12.793420001864433 26.166120000183582 0.16
    endloop
  endfacet
  facet normal 0.9824824786320676 -0.18635498163716685 0
    outer loop
      vertex 12.8273566365242 26.35879810899496 0
      vertex 12.86308654397726 26.5471698269248 0
      vertex 12.8273566365242 26.35879810899496 0.16
    endloop
  endfacet
  facet normal 0.9798469866032495 -0.19974955029869584 0
    outer loop
      vertex 12.86308654397726 26.5471698269248 0
      vertex 12.900609716773033 26.731235161423683 0
      vertex 12.86308654397726 26.5471698269248 0.16
    endloop
  endfacet
  facet normal 0.9769066235906346 -0.21366667682337848 0
    outer loop
      vertex 12.900609716773033 26.731235161423683 0
      vertex 12.939926162362099 26.910994105041027 0
      vertex 12.900609716773033 26.731235161423683 0.16
    endloop
  endfacet
  facet normal 0.9736310706530565 -0.22812833725555218 0
    outer loop
      vertex 12.939926162362099 26.910994105041027 0
      vertex 12.981035880744457 27.086446657776833 0
      vertex 12.939926162362099 26.910994105041027 0.16
    endloop
  endfacet
  facet normal 0.9699870182069535 -0.24315670772154951 0
    outer loop
      vertex 12.981035880744457 27.086446657776833 0
      vertex 13.023938864469528 27.2575928196311 0
      vertex 12.981035880744457 27.086446657776833 0.16
    endloop
  endfacet
  facet normal 0.9659378754251333 -0.25877407292690624 0
    outer loop
      vertex 13.023938864469528 27.2575928196311 0
      vertex 13.068635120987892 27.42443259060383 0
      vertex 13.023938864469528 27.2575928196311 0.16
    endloop
  endfacet
  facet normal 0.9614435591785301 -0.27500233183396855 0
    outer loop
      vertex 13.068635120987892 27.42443259060383 0
      vertex 13.115124650299549 27.58696597069502 0
      vertex 13.068635120987892 27.42443259060383 0.16
    endloop
  endfacet
  facet normal 0.9564602011014482 -0.2918627823292603 0
    outer loop
      vertex 13.115124650299549 27.58696597069502 0
      vertex 13.163407444953918 27.74519296735525 0
      vertex 13.115124650299549 27.58696597069502 0.16
    endloop
  endfacet
  facet normal 0.9509398241510827 -0.30937590540232474 0
    outer loop
      vertex 13.163407444953918 27.74519296735525 0
      vertex 13.21348351240158 27.899113573133945 0
      vertex 13.163407444953918 27.74519296735525 0.16
    endloop
  endfacet
  facet normal 0.944830180694697 -0.3275605740140687 0
    outer loop
      vertex 13.21348351240158 27.899113573133945 0
      vertex 13.265352852642536 28.0487277880311 0
      vertex 13.21348351240158 27.899113573133945 0.16
    endloop
  endfacet
  facet normal 0.9380744603548696 -0.3464336975958317 0
    outer loop
      vertex 13.265352852642536 28.0487277880311 0
      vertex 13.319015465676785 28.19403561204672 0
      vertex 13.265352852642536 28.0487277880311 0.16
    endloop
  endfacet
  facet normal 0.9306111383796409 -0.3660094385719425 0
    outer loop
      vertex 13.319015465676785 28.19403561204672 0
      vertex 13.374471344053745 28.335037052631378 0
      vertex 13.319015465676785 28.19403561204672 0.16
    endloop
  endfacet
  facet normal 0.922373766025571 -0.38629863544647075 0
    outer loop
      vertex 13.374471344053745 28.335037052631378 0
      vertex 13.431720487773418 28.47173209488392 0
      vertex 13.374471344053745 28.335037052631378 0.16
    endloop
  endfacet
  facet normal 0.9132910100250576 -0.4073076613659632 0
    outer loop
      vertex 13.431720487773418 28.47173209488392 0
      vertex 13.490762911736965 28.6041207537055 0
      vertex 13.431720487773418 28.47173209488392 0.16
    endloop
  endfacet
  facet normal 0.9848407010823296 -0.1734612161022324 0
    outer loop
      vertex 12.8273566365242 26.35879810899496 0
      vertex 12.8273566365242 26.35879810899496 0.16
      vertex 12.793420001864433 26.166120000183582 0.16
    endloop
  endfacet
  facet normal 0.9824824786320676 -0.18635498163716685 0
    outer loop
      vertex 12.86308654397726 26.5471698269248 0
      vertex 12.86308654397726 26.5471698269248 0.16
      vertex 12.8273566365242 26.35879810899496 0.16
    endloop
  endfacet
  facet normal 0.9798469866032495 -0.19974955029869584 0
    outer loop
      vertex 12.900609716773033 26.731235161423683 0
      vertex 12.900609716773033 26.731235161423683 0.16
      vertex 12.86308654397726 26.5471698269248 0.16
    endloop
  endfacet
  facet normal 0.9769066235906346 -0.21366667682337848 0
    outer loop
      vertex 12.939926162362099 26.910994105041027 0
      vertex 12.939926162362099 26.910994105041027 0.16
      vertex 12.900609716773033 26.731235161423683 0.16
    endloop
  endfacet
  facet normal 0.9736310706530565 -0.22812833725555218 0
    outer loop
      vertex 12.981035880744457 27.086446657776833 0
      vertex 12.981035880744457 27.086446657776833 0.16
      vertex 12.939926162362099 26.910994105041027 0.16
    endloop
  endfacet
  facet normal 0.9699870182069535 -0.24315670772154951 0
    outer loop
      vertex 13.023938864469528 27.2575928196311 0
      vertex 13.023938864469528 27.2575928196311 0.16
      vertex 12.981035880744457 27.086446657776833 0.16
    endloop
  endfacet
  facet normal 0.9659378754251333 -0.25877407292690624 0
    outer loop
      vertex 13.068635120987892 27.42443259060383 0
      vertex 13.068635120987892 27.42443259060383 0.16
      vertex 13.023938864469528 27.2575928196311 0.16
    endloop
  endfacet
  facet normal 0.9614435591785301 -0.27500233183396855 0
    outer loop
      vertex 13.115124650299549 27.58696597069502 0
      vertex 13.115124650299549 27.58696597069502 0.16
      vertex 13.068635120987892 27.42443259060383 0.16
    endloop
  endfacet
  facet normal 0.9564602011014482 -0.2918627823292603 0
    outer loop
      vertex 13.163407444953918 27.74519296735525 0
      vertex 13.163407444953918 27.74519296735525 0.16
      vertex 13.115124650299549 27.58696597069502 0.16
    endloop
  endfacet
  facet normal 0.9509398241510827 -0.30937590540232474 0
    outer loop
      vertex 13.21348351240158 27.899113573133945 0
      vertex 13.21348351240158 27.899113573133945 0.16
      vertex 13.163407444953918 27.74519296735525 0.16
    endloop
  endfacet
  facet normal 0.944830180694697 -0.3275605740140687 0
    outer loop
      vertex 13.265352852642536 28.0487277880311 0
      vertex 13.265352852642536 28.0487277880311 0.16
      vertex 13.21348351240158 27.899113573133945 0.16
    endloop
  endfacet
  facet normal 0.9380744603548696 -0.3464336975958317 0
    outer loop
      vertex 13.319015465676785 28.19403561204672 0
      vertex 13.319015465676785 28.19403561204672 0.16
      vertex 13.265352852642536 28.0487277880311 0.16
    endloop
  endfacet
  facet normal 0.9306111383796409 -0.3660094385719425 0
    outer loop
      vertex 13.374471344053745 28.335037052631378 0
      vertex 13.374471344053745 28.335037052631378 0.16
      vertex 13.319015465676785 28.19403561204672 0.16
    endloop
  endfacet
  facet normal 0.922373766025571 -0.38629863544647075 0
    outer loop
      vertex 13.431720487773418 28.47173209488392 0
      vertex 13.431720487773418 28.47173209488392 0.16
      vertex 13.374471344053745 28.335037052631378 0.16
    endloop
  endfacet
  facet normal 0 0 -1
    outer loop
      vertex 8.869225293397903 31.498948127031326 0
      vertex 13.614227563142776 28.855978906154633 0
      vertex 13.551598601043224 28.732203021645546 0
    endloop
  endfacet
  facet normal 0 0 -1
    outer loop
      vertex 9.183075122535229 31.9407404884696 0
      vertex 13.678649790585041 28.9754483923316 0
      vertex 13.614227563142776 28.855978906154633 0
    endloop
  endfacet
  facet normal 0 0 -1
    outer loop
      vertex 9.349476635456085 32.15140741318464 0
      vertex 13.744865290820599 29.09061149507761 0
      vertex 13.678649790585041 28.9754483923316 0
    endloop
  endfacet
  facet normal 0 0 -1
    outer loop
      vertex 9.522195875644684 32.35525482147932 0
      vertex 13.81287406384945 29.20146820694208 0
      vertex 13.744865290820599 29.09061149507761 0
    endloop
  endfacet
  facet normal 0 0 -1
    outer loop
      vertex 9.701232858002186 32.552282720804214 0
      vertex 13.882676102221012 29.308018527925014 0
      vertex 13.81287406384945 29.20146820694208 0
    endloop
  endfacet
  facet normal 0 0 -1
    outer loop
      vertex 9.88658756017685 32.742491118609905 0
      vertex 13.954271420836449 29.41026245802641 0
      vertex 13.882676102221012 29.308018527925014 0
    endloop
  endfacet
  facet normal 0 0 -1
    outer loop
      vertex 10.275890775024891 33.1019227206707 0
      vertex 14.027659997344017 29.508199997246265 0
      vertex 13.954271420836449 29.41026245802641 0
    endloop
  endfacet
  facet normal 0 0 -1
    outer loop
      vertex 10.47912049293518 33.27014132589102 0
      vertex 14.102615311741829 29.60187826305628 0
      vertex 14.027659997344017 29.508199997246265 0
    endloop
  endfacet
  facet normal 0 0 -1
    outer loop
      vertex 10.687949150800705 33.430535800755024 0
      vertex 14.178862117230892 29.6913930401206 0
      vertex 14.102615311741829 29.60187826305628 0
    endloop
  endfacet
  facet normal 0 0 -1
    outer loop
      vertex 10.902376748621464 33.58310616016388 0
      vertex 14.256400413811207 29.776744350790977 0
      vertex 14.178862117230892 29.6913930401206 0
    endloop
  endfacet
  facet normal 0.9032867641566743 -0.4290373197046668 0
    outer loop
      vertex 13.490762911736965 28.6041207537055 0
      vertex 13.551598601043224 28.732203021645546 0
      vertex 13.490762911736965 28.6041207537055 0.16
    endloop
  endfacet
  facet normal 0.8922802250333914 -0.4514820040869407 0
    outer loop
      vertex 13.551598601043224 28.732203021645546 0
      vertex 13.614227563142776 28.855978906154633 0
      vertex 13.551598601043224 28.732203021645546 0.16
    endloop
  endfacet
  facet normal 0.8801864536098153 -0.47462807215942954 0
    outer loop
      vertex 13.614227563142776 28.855978906154633 0
      vertex 13.678649790585041 28.9754483923316 0
      vertex 13.614227563142776 28.855978906154633 0.16
    endloop
  endfacet
  facet normal 0.8669169850106065 -0.4984525464877471 0
    outer loop
      vertex 13.678649790585041 28.9754483923316 0
      vertex 13.744865290820599 29.09061149507761 0
      vertex 13.678649790585041 28.9754483923316 0.16
    endloop
  endfacet
  facet normal 0.8523807751290954 -0.5229216138106384 0
    outer loop
      vertex 13.744865290820599 29.09061149507761 0
      vertex 13.81287406384945 29.20146820694208 0
      vertex 13.744865290820599 29.09061149507761 0.16
    endloop
  endfacet
  facet normal 0.8364855736309219 -0.547988946154343 0
    outer loop
      vertex 13.81287406384945 29.20146820694208 0
      vertex 13.882676102221012 29.308018527925014 0
      vertex 13.81287406384945 29.20146820694208 0.16
    endloop
  endfacet
  facet normal 0.8191394413662628 -0.5735944347691729 0
    outer loop
      vertex 13.882676102221012 29.308018527925014 0
      vertex 13.954271420836449 29.41026245802641 0
      vertex 13.882676102221012 29.308018527925014 0.16
    endloop
  endfacet
  facet normal 0.8002532102045034 -0.5996622378951229 0
    outer loop
      vertex 13.954271420836449 29.41026245802641 0
      vertex 14.027659997344017 29.508199997246265 0
      vertex 13.954271420836449 29.41026245802641 0.16
    endloop
  endfacet
  facet normal 0.7808171627355416 -0.6247596004685473 0
    outer loop
      vertex 14.027659997344017 29.508199997246265 0
      vertex 14.102615311741829 29.60187826305628 0
      vertex 14.027659997344017 29.508199997246265 0.16
    endloop
  endfacet
  facet normal 0.7612706146817492 -0.6484343075609678 0
    outer loop
      vertex 14.102615311741829 29.60187826305628 0
      vertex 14.178862117230892 29.6913930401206 0
      vertex 14.102615311741829 29.60187826305628 0.16
    endloop
  endfacet
  facet normal 0.7401722697260228 -0.6724172894331523 0
    outer loop
      vertex 14.178862117230892 29.6913930401206 0
      vertex 14.256400413811207 29.776744350790977 0
      vertex 14.178862117230892 29.6913930401206 0.16
    endloop
  endfacet
  facet normal 0.7174488453739443 -0.6966111930421405 0
    outer loop
      vertex 14.256400413811207 29.776744350790977 0
      vertex 14.335230208933353 29.857932172715664 0
      vertex 14.256400413811207 29.776744350790977 0.16
    endloop
  endfacet
  facet normal 0 0 -1
    outer loop
      vertex 11.348028771579266 33.86477451771498 0
      vertex 14.335230208933353 29.857932172715664 0
      vertex 14.256400413811207 29.776744350790977 0
    endloop
  endfacet
  facet normal 0 0 -1
    outer loop
      vertex 11.579253196716309 33.99387251585722 0
      vertex 14.415351495146751 29.934956520795822 0
      vertex 14.335230208933353 29.857932172715664 0
    endloop
  endfacet
  facet normal 0 0 -1
    outer loop
      vertex 11.816076561808586 34.11514639109373 0
      vertex 14.4967642724514 30.00781738758087 0
      vertex 14.415351495146751 29.934956520795822 0
    endloop
  endfacet
  facet normal 0 0 -1
    outer loop
      vertex 12.058498866856098 34.22859614342451 0
      vertex 14.579468540847301 30.076514780521393 0
      vertex 14.4967642724514 30.00781738758087 0
    endloop
  endfacet
  facet normal 0 0 -1
    outer loop
      vertex 12.306520111858845 34.33422178030014 0
      vertex 14.663464307785034 30.141048692166805 0
      vertex 14.579468540847301 30.076514780521393 0
    endloop
  endfacet
  facet normal 0 0 -1
    outer loop
      vertex 12.560140304267406 34.43202328681946 0
      vertex 14.748751565814018 30.20141912996769 0
      vertex 14.663464307785034 30.141048692166805 0
    endloop
  endfacet
  facet normal 0 0 -1
    outer loop
      vertex 12.819359429180622 34.522000677883625 0
      vertex 14.835330322384834 30.257626086473465 0
      vertex 14.748751565814018 30.20141912996769 0
    endloop
  endfacet
  facet normal 0 0 -1
    outer loop
      vertex 13.084177501499653 34.60415395349264 0
      vertex 14.923200570046902 30.30966956168413 0
      vertex 14.835330322384834 30.257626086473465 0
    endloop
  endfacet
  facet normal 0.9132910100250576 -0.4073076613659632 0
    outer loop
      vertex 13.490762911736965 28.6041207537055 0
      vertex 13.490762911736965 28.6041207537055 0.16
      vertex 13.431720487773418 28.47173209488392 0.16
    endloop
  endfacet
  facet normal 0.9032867641566743 -0.4290373197046668 0
    outer loop
      vertex 13.551598601043224 28.732203021645546 0
      vertex 13.551598601043224 28.732203021645546 0.16
      vertex 13.490762911736965 28.6041207537055 0.16
    endloop
  endfacet
  facet normal 0.8922802250333914 -0.4514820040869407 0
    outer loop
      vertex 13.614227563142776 28.855978906154633 0
      vertex 13.614227563142776 28.855978906154633 0.16
      vertex 13.551598601043224 28.732203021645546 0.16
    endloop
  endfacet
  facet normal 0.8801864536098153 -0.47462807215942954 0
    outer loop
      vertex 13.678649790585041 28.9754483923316 0
      vertex 13.678649790585041 28.9754483923316 0.16
      vertex 13.614227563142776 28.855978906154633 0.16
    endloop
  endfacet
  facet normal 0.8669169850106065 -0.4984525464877471 0
    outer loop
      vertex 13.744865290820599 29.09061149507761 0
      vertex 13.744865290820599 29.09061149507761 0.16
      vertex 13.678649790585041 28.9754483923316 0.16
    endloop
  endfacet
  facet normal 0.8523807751290954 -0.5229216138106384 0
    outer loop
      vertex 13.81287406384945 29.20146820694208 0
      vertex 13.81287406384945 29.20146820694208 0.16
      vertex 13.744865290820599 29.09061149507761 0.16
    endloop
  endfacet
  facet normal 0.8364855736309219 -0.547988946154343 0
    outer loop
      vertex 13.882676102221012 29.308018527925014 0
      vertex 13.882676102221012 29.308018527925014 0.16
      vertex 13.81287406384945 29.20146820694208 0.16
    endloop
  endfacet
  facet normal 0.8191394413662628 -0.5735944347691729 0
    outer loop
      vertex 13.954271420836449 29.41026245802641 0
      vertex 13.954271420836449 29.41026245802641 0.16
      vertex 13.882676102221012 29.308018527925014 0.16
    endloop
  endfacet
  facet normal 0.8002532102045034 -0.5996622378951229 0
    outer loop
      vertex 14.027659997344017 29.508199997246265 0
      vertex 14.027659997344017 29.508199997246265 0.16
      vertex 13.954271420836449 29.41026245802641 0.16
    endloop
  endfacet
  facet normal 0.7808171627355416 -0.6247596004685473 0
    outer loop
      vertex 14.102615311741829 29.60187826305628 0
      vertex 14.102615311741829 29.60187826305628 0.16
      vertex 14.027659997344017 29.508199997246265 0.16
    endloop
  endfacet
  facet normal 0.7612706146817492 -0.6484343075609678 0
    outer loop
      vertex 14.178862117230892 29.6913930401206 0
      vertex 14.178862117230892 29.6913930401206 0.16
      vertex 14.102615311741829 29.60187826305628 0.16
    endloop
  endfacet
  facet normal 0.7401722697260228 -0.6724172894331523 0
    outer loop
      vertex 14.256400413811207 29.776744350790977 0
      vertex 14.256400413811207 29.776744350790977 0.16
      vertex 14.178862117230892 29.6913930401206 0.16
    endloop
  endfacet
  facet normal 0.7174488453739443 -0.6966111930421405 0
    outer loop
      vertex 14.335230208933353 29.857932172715664 0
      vertex 14.335230208933353 29.857932172715664 0.16
      vertex 14.256400413811207 29.776744350790977 0.16
    endloop
  endfacet
  facet normal 0 0 -1
    outer loop
      vertex 10.902376748621464 33.58310616016388 0
      vertex 11.122403286397457 33.727852404117584 0
      vertex 14.256400413811207 29.776744350790977 0
    endloop
  endfacet
  facet normal 0 0 -1
    outer loop
      vertex 11.122403286397457 33.727852404117584 0
      vertex 11.348028771579266 33.86477451771498 0
      vertex 14.256400413811207 29.776744350790977 0
    endloop
  endfacet
  facet normal 0 0 -1
    outer loop
      vertex 11.348028771579266 33.86477451771498 0
      vertex 11.579253196716309 33.99387251585722 0
      vertex 14.335230208933353 29.857932172715664 0
    endloop
  endfacet
  facet normal 0 0 -1
    outer loop
      vertex 11.579253196716309 33.99387251585722 0
      vertex 11.816076561808586 34.11514639109373 0
      vertex 14.415351495146751 29.934956520795822 0
    endloop
  endfacet
  facet normal 0 0 -1
    outer loop
      vertex 11.816076561808586 34.11514639109373 0
      vertex 12.058498866856098 34.22859614342451 0
      vertex 14.4967642724514 30.00781738758087 0
    endloop
  endfacet
  facet normal 0 0 -1
    outer loop
      vertex 12.058498866856098 34.22859614342451 0
      vertex 12.306520111858845 34.33422178030014 0
      vertex 14.579468540847301 30.076514780521393 0
    endloop
  endfacet
  facet normal -0.4238649647188163 0.9057253952959012 0
    outer loop
      vertex 11.816076561808586 34.11514639109373 0
      vertex 12.058498866856098 34.22859614342451 0.16
      vertex 12.058498866856098 34.22859614342451 0
    endloop
  endfacet
  facet normal -0.39182111547788007 0.9200414194294025 0
    outer loop
      vertex 12.058498866856098 34.22859614342451 0
      vertex 12.306520111858845 34.33422178030014 0.16
      vertex 12.306520111858845 34.33422178030014 0
    endloop
  endfacet
  facet normal -0.35979705113480387 0.9330305900637446 0
    outer loop
      vertex 12.306520111858845 34.33422178030014 0
      vertex 12.560140304267406 34.43202328681946 0.16
      vertex 12.560140304267406 34.43202328681946 0
    endloop
  endfacet
  facet normal -0.3279165584084779 0.9447066903126807 0
    outer loop
      vertex 12.560140304267406 34.43202328681946 0
      vertex 12.819359429180622 34.522000677883625 0.16
      vertex 12.819359429180622 34.522000677883625 0
    endloop
  endfacet
  facet normal -0.29629511385314944 0.9550964378044499 0
    outer loop
      vertex 12.819359429180622 34.522000677883625 0
      vertex 13.084177501499653 34.60415395349264 0.16
      vertex 13.084177501499653 34.60415395349264 0
    endloop
  endfacet
  facet normal 0 0 -1
    outer loop
      vertex 12.306520111858845 34.33422178030014 0
      vertex 12.560140304267406 34.43202328681946 0
      vertex 14.663464307785034 30.141048692166805 0
    endloop
  endfacet
  facet normal 0 0 -1
    outer loop
      vertex 12.560140304267406 34.43202328681946 0
      vertex 12.819359429180622 34.522000677883625 0
      vertex 14.748751565814018 30.20141912996769 0
    endloop
  endfacet
  facet normal 0 0 -1
    outer loop
      vertex 12.819359429180622 34.522000677883625 0
      vertex 13.084177501499653 34.60415395349264 0
      vertex 14.835330322384834 30.257626086473465 0
    endloop
  endfacet
  facet normal 0 0 -1
    outer loop
      vertex 13.084177501499653 34.60415395349264 0
      vertex 13.354594521224499 34.678483098745346 0
      vertex 14.923200570046902 30.30966956168413 0
    endloop
  endfacet
  facet normal 0 0 -1
    outer loop
      vertex 13.354594521224499 34.678483098745346 0
      vertex 13.630610473453999 34.7449881285429 0
      vertex 15.01236230880022 30.35754956305027 0
    endloop
  endfacet
  facet normal 0 0 -1
    outer loop
      vertex 13.630610473453999 34.7449881285429 0
      vertex 13.912225365638733 34.80366903543472 0
      vertex 15.10281553864479 30.40126609057188 0
    endloop
  endfacet
  facet normal -0.2650386804016767 0.9642377807838365 0
    outer loop
      vertex 13.084177501499653 34.60415395349264 0
      vertex 13.354594521224499 34.678483098745346 0.16
      vertex 13.354594521224499 34.678483098745346 0
    endloop
  endfacet
  facet normal -0.23424275141358603 0.9721781387226277 0
    outer loop
      vertex 13.354594521224499 34.678483098745346 0
      vertex 13.630610473453999 34.7449881285429 0.16
      vertex 13.630610473453999 34.7449881285429 0
    endloop
  endfacet
  facet normal -0.20399136114678906 0.9789726883715807 0
    outer loop
      vertex 13.630610473453999 34.7449881285429 0
      vertex 13.912225365638733 34.80366903543472 0.16
      vertex 13.912225365638733 34.80366903543472 0
    endloop
  endfacet
  facet normal -0.1743571419401348 0.9846824803227016 0
    outer loop
      vertex 13.912225365638733 34.80366903543472 0
      vertex 14.199439205229282 34.854525819420815 0.16
      vertex 14.199439205229282 34.854525819420815 0
    endloop
  endfacet
  facet normal -0.39182111547788007 0.9200414194294025 0
    outer loop
      vertex 12.058498866856098 34.22859614342451 0
      vertex 12.058498866856098 34.22859614342451 0.16
      vertex 12.306520111858845 34.33422178030014 0.16
    endloop
  endfacet
  facet normal -0.35979705113480387 0.9330305900637446 0
    outer loop
      vertex 12.306520111858845 34.33422178030014 0
      vertex 12.306520111858845 34.33422178030014 0.16
      vertex 12.560140304267406 34.43202328681946 0.16
    endloop
  endfacet
  facet normal -0.3279165584084779 0.9447066903126807 0
    outer loop
      vertex 12.560140304267406 34.43202328681946 0
      vertex 12.560140304267406 34.43202328681946 0.16
      vertex 12.819359429180622 34.522000677883625 0.16
    endloop
  endfacet
  facet normal -0.29629511385314944 0.9550964378044499 0
    outer loop
      vertex 12.819359429180622 34.522000677883625 0
      vertex 12.819359429180622 34.522000677883625 0.16
      vertex 13.084177501499653 34.60415395349264 0.16
    endloop
  endfacet
  facet normal -0.2650386804016767 0.9642377807838365 0
    outer loop
      vertex 13.084177501499653 34.60415395349264 0
      vertex 13.084177501499653 34.60415395349264 0.16
      vertex 13.354594521224499 34.678483098745346 0.16
    endloop
  endfacet
  facet normal -0.23424275141358603 0.9721781387226277 0
    outer loop
      vertex 13.354594521224499 34.678483098745346 0
      vertex 13.354594521224499 34.678483098745346 0.16
      vertex 13.630610473453999 34.7449881285429 0.16
    endloop
  endfacet
  facet normal -0.20399136114678906 0.9789726883715807 0
    outer loop
      vertex 13.630610473453999 34.7449881285429 0
      vertex 13.630610473453999 34.7449881285429 0.16
      vertex 13.912225365638733 34.80366903543472 0.16
    endloop
  endfacet
  facet normal -0.1743571419401348 0.9846824803227016 0
    outer loop
      vertex 13.912225365638733 34.80366903543472 0
      vertex 13.912225365638733 34.80366903543472 0.16
      vertex 14.199439205229282 34.854525819420815 0.16
    endloop
  endfacet
  facet normal -0.14540127096023733 0.9893727661519433 0
    outer loop
      vertex 14.199439205229282 34.854525819420815 0
      vertex 14.199439205229282 34.854525819420815 0.16
      vertex 14.492251984775066 34.897558487951756 0.16
    endloop
  endfacet
  facet normal 0.6930369479553594 -0.7209020660039202 0
    outer loop
      vertex 14.335230208933353 29.857932172715664 0
      vertex 14.415351495146751 29.934956520795822 0
      vertex 14.335230208933353 29.857932172715664 0.16
    endloop
  endfacet
  facet normal 0.6668856205216642 -0.7451600963158418 0
    outer loop
      vertex 14.415351495146751 29.934956520795822 0
      vertex 14.4967642724514 30.00781738758087 0
      vertex 14.415351495146751 29.934956520795822 0.16
    endloop
  endfacet
  facet normal 0.6389604333490041 -0.7692396015640723 0
    outer loop
      vertex 14.4967642724514 30.00781738758087 0
      vertex 14.579468540847301 30.076514780521393 0
      vertex 14.4967642724514 30.00781738758087 0.16
    endloop
  endfacet
  facet normal 0.6092467402400079 -0.7929807119387736 0
    outer loop
      vertex 14.579468540847301 30.076514780521393 0
      vertex 14.663464307785034 30.141048692166805 0
      vertex 14.579468540847301 30.076514780521393 0.16
    endloop
  endfacet
  facet normal 0.5777536714249805 -0.8162111829391678 0
    outer loop
      vertex 14.663464307785034 30.141048692166805 0
      vertex 14.748751565814018 30.20141912996769 0
      vertex 14.663464307785034 30.141048692166805 0.16
    endloop
  endfacet
  facet normal 0.5445167486074542 -0.8387499689931238 0
    outer loop
      vertex 14.748751565814018 30.20141912996769 0
      vertex 14.835330322384834 30.257626086473465 0
      vertex 14.748751565814018 30.20141912996769 0.16
    endloop
  endfacet
  facet normal 0.5096010367475832 -0.8604108224248395 0
    outer loop
      vertex 14.835330322384834 30.257626086473465 0
      vertex 14.923200570046902 30.30966956168413 0
      vertex 14.835330322384834 30.257626086473465 0.16
    endloop
  endfacet
  facet normal 0.4731024444327145 -0.8810074216893918 0
    outer loop
      vertex 14.923200570046902 30.30966956168413 0
      vertex 15.01236230880022 30.35754956305027 0
      vertex 14.923200570046902 30.30966956168413 0.16
    endloop
  endfacet
  facet normal 0.43514821735532283 -0.9003588334283641 0
    outer loop
      vertex 15.01236230880022 30.35754956305027 0
      vertex 15.10281553864479 30.40126609057188 0
      vertex 15.01236230880022 30.35754956305027 0.16
    endloop
  endfacet
  facet normal 0.3958960069429989 -0.9182953510100054 0
    outer loop
      vertex 15.10281553864479 30.40126609057188 0
      vertex 15.194560267031193 30.4408191293478 0
      vertex 15.10281553864479 30.40126609057188 0.16
    endloop
  endfacet
  facet normal 0.3555320281441124 -0.9346640984673231 0
    outer loop
      vertex 15.194560267031193 30.4408191293478 0
      vertex 15.287596486508846 30.476208694279194 0
      vertex 15.194560267031193 30.4408191293478 0.16
    endloop
  endfacet
  facet normal 0.3142662664640393 -0.9493348796724754 0
    outer loop
      vertex 15.287596486508846 30.476208694279194 0
      vertex 15.381924197077751 30.50743478536606 0
      vertex 15.287596486508846 30.476208694279194 0.16
    endloop
  endfacet
  facet normal 0.27232770198614054 -0.9622045638693199 0
    outer loop
      vertex 15.381924197077751 30.50743478536606 0
      vertex 15.477543406188488 30.534497387707233 0
      vertex 15.381924197077751 30.50743478536606 0.16
    endloop
  endfacet
  facet normal 0.229958612827053 -0.9732004091586982 0
    outer loop
      vertex 15.477543406188488 30.534497387707233 0
      vertex 15.574454098939896 30.55739652365446 0
      vertex 15.477543406188488 30.534497387707233 0.16
    endloop
  endfacet
  facet normal 0.1874061757804253 -0.9822825078760979 0
    outer loop
      vertex 15.574454098939896 30.55739652365446 0
      vertex 15.672656297683716 30.576132170856 0
      vertex 15.574454098939896 30.55739652365446 0.16
    endloop
  endfacet
  facet normal 0.14491720495930363 -0.9894437850159975 0
    outer loop
      vertex 15.672656297683716 30.576132170856 0
      vertex 15.772149980068207 30.59070434421301 0
      vertex 15.672656297683716 30.576132170856 0.16
    endloop
  endfacet
  facet normal 0.10272968915296564 -0.9947093097817749 0
    outer loop
      vertex 15.772149980068207 30.59070434421301 0
      vertex 15.87293516099453 30.60111304372549 0
      vertex 15.772149980068207 30.59070434421301 0.16
    endloop
  endfacet
  facet normal 0.06106745329372709 -0.9981336414269476 0
    outer loop
      vertex 15.87293516099453 30.60111304372549 0
      vertex 15.975011833012104 30.607358261942863 0
      vertex 15.87293516099453 30.60111304372549 0.16
    endloop
  endfacet
  facet normal 0.020134968844700268 -0.9997972709652807 0
    outer loop
      vertex 15.975011833012104 30.607358261942863 0
      vertex 16.07838000357151 30.609439998865128 0
      vertex 15.975011833012104 30.607358261942863 0.16
    endloop
  endfacet
  facet normal -0.01772694936989869 -0.9998428652873597 0
    outer loop
      vertex 16.07838000357151 30.609439998865128 0
      vertex 16.197825141251087 30.607322268188 0
      vertex 16.07838000357151 30.609439998865128 0.16
    endloop
  endfacet
  facet normal -0.054086343032633814 -0.9985362624849216 0
    outer loop
      vertex 16.197825141251087 30.607322268188 0
      vertex 16.315117090940475 30.600969076156616 0
      vertex 16.197825141251087 30.607322268188 0.16
    endloop
  endfacet
  facet normal -0.0915779150435605 -0.9957979139746551 0
    outer loop
      vertex 16.315117090940475 30.600969076156616 0
      vertex 16.430255837738514 30.590380415320396 0
      vertex 16.315117090940475 30.600969076156616 0.16
    endloop
  endfacet
  facet normal -0.13008876677548653 -0.9915023513632396 0
    outer loop
      vertex 16.430255837738514 30.590380415320396 0
      vertex 16.543241396546364 30.57555629312992 0
      vertex 16.430255837738514 30.590380415320396 0.16
    endloop
  endfacet
  facet normal -0.1694799259760969 -0.9855336395532811 0
    outer loop
      vertex 16.543241396546364 30.57555629312992 0
      vertex 16.654073759913445 30.55649670958519 0
      vertex 16.543241396546364 30.57555629312992 0.16
    endloop
  endfacet
  facet normal 0.6930369479553594 -0.7209020660039202 0
    outer loop
      vertex 14.415351495146751 29.934956520795822 0
      vertex 14.415351495146751 29.934956520795822 0.16
      vertex 14.335230208933353 29.857932172715664 0.16
    endloop
  endfacet
  facet normal 0.6668856205216642 -0.7451600963158418 0
    outer loop
      vertex 14.4967642724514 30.00781738758087 0
      vertex 14.4967642724514 30.00781738758087 0.16
      vertex 14.415351495146751 29.934956520795822 0.16
    endloop
  endfacet
  facet normal 0.6389604333490041 -0.7692396015640723 0
    outer loop
      vertex 14.579468540847301 30.076514780521393 0
      vertex 14.579468540847301 30.076514780521393 0.16
      vertex 14.4967642724514 30.00781738758087 0.16
    endloop
  endfacet
  facet normal 0.6092467402400079 -0.7929807119387736 0
    outer loop
      vertex 14.663464307785034 30.141048692166805 0
      vertex 14.663464307785034 30.141048692166805 0.16
      vertex 14.579468540847301 30.076514780521393 0.16
    endloop
  endfacet
  facet normal 0.5777536714249805 -0.8162111829391678 0
    outer loop
      vertex 14.748751565814018 30.20141912996769 0
      vertex 14.748751565814018 30.20141912996769 0.16
      vertex 14.663464307785034 30.141048692166805 0.16
    endloop
  endfacet
  facet normal 0.5445167486074542 -0.8387499689931238 0
    outer loop
      vertex 14.835330322384834 30.257626086473465 0
      vertex 14.835330322384834 30.257626086473465 0.16
      vertex 14.748751565814018 30.20141912996769 0.16
    endloop
  endfacet
  facet normal 0.5096010367475832 -0.8604108224248395 0
    outer loop
      vertex 14.923200570046902 30.30966956168413 0
      vertex 14.923200570046902 30.30966956168413 0.16
      vertex 14.835330322384834 30.257626086473465 0.16
    endloop
  endfacet
  facet normal 0.4731024444327145 -0.8810074216893918 0
    outer loop
      vertex 15.01236230880022 30.35754956305027 0
      vertex 15.01236230880022 30.35754956305027 0.16
      vertex 14.923200570046902 30.30966956168413 0.16
    endloop
  endfacet
  facet normal 0.43514821735532283 -0.9003588334283641 0
    outer loop
      vertex 15.10281553864479 30.40126609057188 0
      vertex 15.10281553864479 30.40126609057188 0.16
      vertex 15.01236230880022 30.35754956305027 0.16
    endloop
  endfacet
  facet normal 0.3958960069429989 -0.9182953510100054 0
    outer loop
      vertex 15.194560267031193 30.4408191293478 0
      vertex 15.194560267031193 30.4408191293478 0.16
      vertex 15.10281553864479 30.40126609057188 0.16
    endloop
  endfacet
  facet normal 0.3555320281441124 -0.9346640984673231 0
    outer loop
      vertex 15.287596486508846 30.476208694279194 0
      vertex 15.287596486508846 30.476208694279194 0.16
      vertex 15.194560267031193 30.4408191293478 0.16
    endloop
  endfacet
  facet normal 0.3142662664640393 -0.9493348796724754 0
    outer loop
      vertex 15.381924197077751 30.50743478536606 0
      vertex 15.381924197077751 30.50743478536606 0.16
      vertex 15.287596486508846 30.476208694279194 0.16
    endloop
  endfacet
  facet normal 0.27232770198614054 -0.9622045638693199 0
    outer loop
      vertex 15.477543406188488 30.534497387707233 0
      vertex 15.477543406188488 30.534497387707233 0.16
      vertex 15.381924197077751 30.50743478536606 0.16
    endloop
  endfacet
  facet normal 0.229958612827053 -0.9732004091586982 0
    outer loop
      vertex 15.574454098939896 30.55739652365446 0
      vertex 15.574454098939896 30.55739652365446 0.16
      vertex 15.477543406188488 30.534497387707233 0.16
    endloop
  endfacet
  facet normal 0.1874061757804253 -0.9822825078760979 0
    outer loop
      vertex 15.672656297683716 30.576132170856 0
      vertex 15.672656297683716 30.576132170856 0.16
      vertex 15.574454098939896 30.55739652365446 0.16
    endloop
  endfacet
  facet normal 0.14491720495930363 -0.9894437850159975 0
    outer loop
      vertex 15.772149980068207 30.59070434421301 0
      vertex 15.772149980068207 30.59070434421301 0.16
      vertex 15.672656297683716 30.576132170856 0.16
    endloop
  endfacet
  facet normal 0.10272968915296564 -0.9947093097817749 0
    outer loop
      vertex 15.87293516099453 30.60111304372549 0
      vertex 15.87293516099453 30.60111304372549 0.16
      vertex 15.772149980068207 30.59070434421301 0.16
    endloop
  endfacet
  facet normal 0.06106745329372709 -0.9981336414269476 0
    outer loop
      vertex 15.87293516099453 30.60111304372549 0.16
      vertex 15.975011833012104 30.607358261942863 0
      vertex 15.975011833012104 30.607358261942863 0.16
    endloop
  endfacet
  facet normal 0.020134968844700268 -0.9997972709652807 0
    outer loop
      vertex 16.07838000357151 30.609439998865128 0
      vertex 16.07838000357151 30.609439998865128 0.16
      vertex 15.975011833012104 30.607358261942863 0.16
    endloop
  endfacet
  facet normal -0.01772694936989869 -0.9998428652873597 0
    outer loop
      vertex 16.197825141251087 30.607322268188 0
      vertex 16.197825141251087 30.607322268188 0.16
      vertex 16.07838000357151 30.609439998865128 0.16
    endloop
  endfacet
  facet normal -0.054086343032633814 -0.9985362624849216 0
    outer loop
      vertex 16.315117090940475 30.600969076156616 0
      vertex 16.315117090940475 30.600969076156616 0.16
      vertex 16.197825141251087 30.607322268188 0.16
    endloop
  endfacet
  facet normal -0.0915779150435605 -0.9957979139746551 0
    outer loop
      vertex 16.430255837738514 30.590380415320396 0
      vertex 16.430255837738514 30.590380415320396 0.16
      vertex 16.315117090940475 30.600969076156616 0.16
    endloop
  endfacet
  facet normal -0.13008876677548653 -0.9915023513632396 0
    outer loop
      vertex 16.543241396546364 30.57555629312992 0
      vertex 16.543241396546364 30.57555629312992 0.16
      vertex 16.430255837738514 30.590380415320396 0.16
    endloop
  endfacet
  facet normal -0.1694799259760969 -0.9855336395532811 0
    outer loop
      vertex 16.654073759913445 30.55649670958519 0
      vertex 16.654073759913445 30.55649670958519 0.16
      vertex 16.543241396546364 30.57555629312992 0.16
    endloop
  endfacet
  facet normal 0 0 -1
    outer loop
      vertex 13.354594521224499 34.678483098745346 0
      vertex 15.01236230880022 30.35754956305027 0
      vertex 14.923200570046902 30.30966956168413 0
    endloop
  endfacet
  facet normal 0 0 -1
    outer loop
      vertex 13.630610473453999 34.7449881285429 0
      vertex 15.10281553864479 30.40126609057188 0
      vertex 15.01236230880022 30.35754956305027 0
    endloop
  endfacet
  facet normal 0 0 -1
    outer loop
      vertex 15.10281553864479 30.40126609057188 0
      vertex 13.912225365638733 34.80366903543472 0
      vertex 15.194560267031193 30.4408191293478 0
    endloop
  endfacet
  facet normal 0 0 -1
    outer loop
      vertex 15.194560267031193 30.4408191293478 0
      vertex 14.199439205229282 34.854525819420815 0
      vertex 15.287596486508846 30.476208694279194 0
    endloop
  endfacet
  facet normal 0 0 -1
    outer loop
      vertex 15.194560267031193 30.4408191293478 0
      vertex 13.912225365638733 34.80366903543472 0
      vertex 14.199439205229282 34.854525819420815 0
    endloop
  endfacet
  facet normal 0 0 -1
    outer loop
      vertex 15.287596486508846 30.476208694279194 0
      vertex 14.492251984775066 34.897558487951756 0
      vertex 15.381924197077751 30.50743478536606 0
    endloop
  endfacet
  facet normal 0 0 -1
    outer loop
      vertex 15.381924197077751 30.50743478536606 0
      vertex 14.492251984775066 34.897558487951756 0
      vertex 15.477543406188488 30.534497387707233 0
    endloop
  endfacet
  facet normal 0 0 -1
    outer loop
      vertex 15.477543406188488 30.534497387707233 0
      vertex 14.790663704276085 34.932767033576965 0
      vertex 15.574454098939896 30.55739652365446 0
    endloop
  endfacet
  facet normal 0 0 -1
    outer loop
      vertex 15.574454098939896 30.55739652365446 0
      vertex 15.094674363732338 34.960151456296444 0
      vertex 15.672656297683716 30.576132170856 0
    endloop
  endfacet
  facet normal 0 0 -1
    outer loop
      vertex 15.287596486508846 30.476208694279194 0
      vertex 14.199439205229282 34.854525819420815 0
      vertex 14.492251984775066 34.897558487951756 0
    endloop
  endfacet
  facet normal 0 0 -1
    outer loop
      vertex 15.477543406188488 30.534497387707233 0
      vertex 14.492251984775066 34.897558487951756 0
      vertex 14.790663704276085 34.932767033576965 0
    endloop
  endfacet
  facet normal 0 0 -1
    outer loop
      vertex 15.574454098939896 30.55739652365446 0
      vertex 14.790663704276085 34.932767033576965 0
      vertex 15.094674363732338 34.960151456296444 0
    endloop
  endfacet
  facet normal 0 0 -1
    outer loop
      vertex 15.772149980068207 30.59070434421301 0
      vertex 15.094674363732338 34.960151456296444 0
      vertex 15.404283970594406 34.97971175611019 0
    endloop
  endfacet
  facet normal -0.14540127096023733 0.9893727661519433 0
    outer loop
      vertex 14.199439205229282 34.854525819420815 0
      vertex 14.492251984775066 34.897558487951756 0.16
      vertex 14.492251984775066 34.897558487951756 0
    endloop
  endfacet
  facet normal -0.11717371323005615 0.9931114342952055 0
    outer loop
      vertex 14.492251984775066 34.897558487951756 0
      vertex 14.790663704276085 34.932767033576965 0.16
      vertex 14.790663704276085 34.932767033576965 0
    endloop
  endfacet
  facet normal -0.08971394980987711 0.9959675733725024 0
    outer loop
      vertex 14.790663704276085 34.932767033576965 0
      vertex 15.094674363732338 34.960151456296444 0.16
      vertex 15.094674363732338 34.960151456296444 0
    endloop
  endfacet
  facet normal -0.06305159671268408 0.9980102685603895 0
    outer loop
      vertex 15.094674363732338 34.960151456296444 0
      vertex 15.404283970594406 34.97971175611019 0.16
      vertex 15.404283970594406 34.97971175611019 0
    endloop
  endfacet
  facet normal 0 0 -1
    outer loop
      vertex 15.672656297683716 30.576132170856 0
      vertex 15.094674363732338 34.960151456296444 0
      vertex 15.772149980068207 30.59070434421301 0
    endloop
  endfacet
  facet normal 0 0 -1
    outer loop
      vertex 15.772149980068207 30.59070434421301 0
      vertex 15.404283970594406 34.97971175611019 0
      vertex 15.87293516099453 30.60111304372549 0
    endloop
  endfacet
  facet normal 0 0 -1
    outer loop
      vertex 15.87293516099453 30.60111304372549 0
      vertex 15.719492517411709 34.99144794046879 0
      vertex 15.975011833012104 30.607358261942863 0
    endloop
  endfacet
  facet normal 0 0 -1
    outer loop
      vertex 15.719492517411709 34.99144794046879 0
      vertex 16.07838000357151 30.609439998865128 0
      vertex 15.975011833012104 30.607358261942863 0
    endloop
  endfacet
  facet normal 0 0 -1
    outer loop
      vertex 16.07838000357151 30.609439998865128 0
      vertex 16.040299996733665 34.995360001921654 0
      vertex 16.197825141251087 30.607322268188 0
    endloop
  endfacet
  facet normal 0 0 -1
    outer loop
      vertex 16.197825141251087 30.607322268188 0
      vertex 16.388677693903446 34.99090964347124 0
      vertex 16.315117090940475 30.600969076156616 0
    endloop
  endfacet
  facet normal 0 0 -1
    outer loop
      vertex 16.315117090940475 30.600969076156616 0
      vertex 16.73045077174902 34.97755856066942 0
      vertex 16.430255837738514 30.590380415320396 0
    endloop
  endfacet
  facet normal 0 0 -1
    outer loop
      vertex 15.87293516099453 30.60111304372549 0
      vertex 15.404283970594406 34.97971175611019 0
      vertex 15.719492517411709 34.99144794046879 0
    endloop
  endfacet
  facet normal 0 0 -1
    outer loop
      vertex 15.719492517411709 34.99144794046879 0
      vertex 16.040299996733665 34.995360001921654 0
      vertex 16.07838000357151 30.609439998865128 0
    endloop
  endfacet
  facet normal 0 0 -1
    outer loop
      vertex 16.197825141251087 30.607322268188 0
      vertex 16.040299996733665 34.995360001921654 0
      vertex 16.388677693903446 34.99090964347124 0
    endloop
  endfacet
  facet normal 0 0 -1
    outer loop
      vertex 16.315117090940475 30.600969076156616 0
      vertex 16.388677693903446 34.99090964347124 0
      vertex 16.73045077174902 34.97755856066942 0
    endloop
  endfacet
  facet normal -0.03720729649292327 0.9993075688133697 0
    outer loop
      vertex 15.404283970594406 34.97971175611019 0
      vertex 15.719492517411709 34.99144794046879 0.16
      vertex 15.719492517411709 34.99144794046879 0
    endloop
  endfacet
  facet normal -0.012193514391143299 0.9999256563399066 0
    outer loop
      vertex 15.719492517411709 34.99144794046879 0
      vertex 16.040299996733665 34.995360001921654 0.16
      vertex 16.040299996733665 34.995360001921654 0
    endloop
  endfacet
  facet normal 0.012773479495254895 0.9999184157827999 0
    outer loop
      vertex 16.040299996733665 34.995360001921654 0
      vertex 16.388677693903446 34.99090964347124 0.16
      vertex 16.388677693903446 34.99090964347124 0
    endloop
  endfacet
  facet normal 0.03903440139154454 0.9992378673308993 0
    outer loop
      vertex 16.388677693903446 34.99090964347124 0
      vertex 16.73045077174902 34.97755856066942 0.16
      vertex 16.73045077174902 34.97755856066942 0
    endloop
  endfacet
  facet normal -0.11717371323005615 0.9931114342952055 0
    outer loop
      vertex 14.492251984775066 34.897558487951756 0
      vertex 14.492251984775066 34.897558487951756 0.16
      vertex 14.790663704276085 34.932767033576965 0.16
    endloop
  endfacet
  facet normal -0.08971394980987711 0.9959675733725024 0
    outer loop
      vertex 14.790663704276085 34.932767033576965 0
      vertex 14.790663704276085 34.932767033576965 0.16
      vertex 15.094674363732338 34.960151456296444 0.16
    endloop
  endfacet
  facet normal -0.06305159671268408 0.9980102685603895 0
    outer loop
      vertex 15.094674363732338 34.960151456296444 0
      vertex 15.094674363732338 34.960151456296444 0.16
      vertex 15.404283970594406 34.97971175611019 0.16
    endloop
  endfacet
  facet normal -0.03720729649292327 0.9993075688133697 0
    outer loop
      vertex 15.404283970594406 34.97971175611019 0
      vertex 15.404283970594406 34.97971175611019 0.16
      vertex 15.719492517411709 34.99144794046879 0.16
    endloop
  endfacet
  facet normal -0.012193514391143299 0.9999256563399066 0
    outer loop
      vertex 15.719492517411709 34.99144794046879 0
      vertex 15.719492517411709 34.99144794046879 0.16
      vertex 16.040299996733665 34.995360001921654 0.16
    endloop
  endfacet
  facet normal 0.012773479495254895 0.9999184157827999 0
    outer loop
      vertex 16.040299996733665 34.995360001921654 0
      vertex 16.040299996733665 34.995360001921654 0.16
      vertex 16.388677693903446 34.99090964347124 0.16
    endloop
  endfacet
  facet normal 0.03903440139154454 0.9992378673308993 0
    outer loop
      vertex 16.388677693903446 34.99090964347124 0
      vertex 16.388677693903446 34.99090964347124 0.16
      vertex 16.73045077174902 34.97755856066942 0.16
    endloop
  endfacet
  facet normal 0 0 1
    outer loop
      vertex 8.869225293397903 31.498948127031326 0.16
      vertex 13.551598601043224 28.732203021645546 0.16
      vertex 13.614227563142776 28.855978906154633 0.16
    endloop
  endfacet
  facet normal 0 0 1
    outer loop
      vertex 9.183075122535229 31.9407404884696 0.16
      vertex 13.614227563142776 28.855978906154633 0.16
      vertex 13.678649790585041 28.9754483923316 0.16
    endloop
  endfacet
  facet normal 0 0 1
    outer loop
      vertex 9.349476635456085 32.15140741318464 0.16
      vertex 13.678649790585041 28.9754483923316 0.16
      vertex 13.744865290820599 29.09061149507761 0.16
    endloop
  endfacet
  facet normal 0 0 1
    outer loop
      vertex 9.522195875644684 32.35525482147932 0.16
      vertex 13.744865290820599 29.09061149507761 0.16
      vertex 13.81287406384945 29.20146820694208 0.16
    endloop
  endfacet
  facet normal 0 0 1
    outer loop
      vertex 9.701232858002186 32.552282720804214 0.16
      vertex 13.81287406384945 29.20146820694208 0.16
      vertex 13.882676102221012 29.308018527925014 0.16
    endloop
  endfacet
  facet normal 0 0 1
    outer loop
      vertex 9.88658756017685 32.742491118609905 0.16
      vertex 13.882676102221012 29.308018527925014 0.16
      vertex 13.954271420836449 29.41026245802641 0.16
    endloop
  endfacet
  facet normal 0 0 1
    outer loop
      vertex 10.275890775024891 33.1019227206707 0.16
      vertex 13.954271420836449 29.41026245802641 0.16
      vertex 14.027659997344017 29.508199997246265 0.16
    endloop
  endfacet
  facet normal 0 0 1
    outer loop
      vertex 10.47912049293518 33.27014132589102 0.16
      vertex 14.027659997344017 29.508199997246265 0.16
      vertex 14.102615311741829 29.60187826305628 0.16
    endloop
  endfacet
  facet normal 0 0 1
    outer loop
      vertex 10.687949150800705 33.430535800755024 0.16
      vertex 14.102615311741829 29.60187826305628 0.16
      vertex 14.178862117230892 29.6913930401206 0.16
    endloop
  endfacet
  facet normal 0 0 1
    outer loop
      vertex 10.902376748621464 33.58310616016388 0.16
      vertex 14.178862117230892 29.6913930401206 0.16
      vertex 14.256400413811207 29.776744350790977 0.16
    endloop
  endfacet
  facet normal 0 0 1
    outer loop
      vertex 11.348028771579266 33.86477451771498 0.16
      vertex 14.256400413811207 29.776744350790977 0.16
      vertex 14.335230208933353 29.857932172715664 0.16
    endloop
  endfacet
  facet normal 0 0 1
    outer loop
      vertex 11.579253196716309 33.99387251585722 0.16
      vertex 14.335230208933353 29.857932172715664 0.16
      vertex 14.415351495146751 29.934956520795822 0.16
    endloop
  endfacet
  facet normal 0 0 1
    outer loop
      vertex 11.816076561808586 34.11514639109373 0.16
      vertex 14.415351495146751 29.934956520795822 0.16
      vertex 14.4967642724514 30.00781738758087 0.16
    endloop
  endfacet
  facet normal 0 0 1
    outer loop
      vertex 12.058498866856098 34.22859614342451 0.16
      vertex 14.4967642724514 30.00781738758087 0.16
      vertex 14.579468540847301 30.076514780521393 0.16
    endloop
  endfacet
  facet normal 0 0 1
    outer loop
      vertex 12.306520111858845 34.33422178030014 0.16
      vertex 14.579468540847301 30.076514780521393 0.16
      vertex 14.663464307785034 30.141048692166805 0.16
    endloop
  endfacet
  facet normal 0 0 1
    outer loop
      vertex 12.560140304267406 34.43202328681946 0.16
      vertex 14.663464307785034 30.141048692166805 0.16
      vertex 14.748751565814018 30.20141912996769 0.16
    endloop
  endfacet
  facet normal 0 0 1
    outer loop
      vertex 12.819359429180622 34.522000677883625 0.16
      vertex 14.748751565814018 30.20141912996769 0.16
      vertex 14.835330322384834 30.257626086473465 0.16
    endloop
  endfacet
  facet normal 0 0 1
    outer loop
      vertex 13.084177501499653 34.60415395349264 0.16
      vertex 14.835330322384834 30.257626086473465 0.16
      vertex 14.923200570046902 30.30966956168413 0.16
    endloop
  endfacet
  facet normal 0 0 1
    outer loop
      vertex 10.902376748621464 33.58310616016388 0.16
      vertex 14.256400413811207 29.776744350790977 0.16
      vertex 11.122403286397457 33.727852404117584 0.16
    endloop
  endfacet
  facet normal 0 0 1
    outer loop
      vertex 11.122403286397457 33.727852404117584 0.16
      vertex 14.256400413811207 29.776744350790977 0.16
      vertex 11.348028771579266 33.86477451771498 0.16
    endloop
  endfacet
  facet normal 0 0 1
    outer loop
      vertex 11.348028771579266 33.86477451771498 0.16
      vertex 14.335230208933353 29.857932172715664 0.16
      vertex 11.579253196716309 33.99387251585722 0.16
    endloop
  endfacet
  facet normal 0 0 1
    outer loop
      vertex 11.579253196716309 33.99387251585722 0.16
      vertex 14.415351495146751 29.934956520795822 0.16
      vertex 11.816076561808586 34.11514639109373 0.16
    endloop
  endfacet
  facet normal 0 0 1
    outer loop
      vertex 11.816076561808586 34.11514639109373 0.16
      vertex 14.4967642724514 30.00781738758087 0.16
      vertex 12.058498866856098 34.22859614342451 0.16
    endloop
  endfacet
  facet normal 0 0 1
    outer loop
      vertex 12.058498866856098 34.22859614342451 0.16
      vertex 14.579468540847301 30.076514780521393 0.16
      vertex 12.306520111858845 34.33422178030014 0.16
    endloop
  endfacet
  facet normal 0 0 1
    outer loop
      vertex 12.306520111858845 34.33422178030014 0.16
      vertex 14.663464307785034 30.141048692166805 0.16
      vertex 12.560140304267406 34.43202328681946 0.16
    endloop
  endfacet
  facet normal 0 0 1
    outer loop
      vertex 12.560140304267406 34.43202328681946 0.16
      vertex 14.748751565814018 30.20141912996769 0.16
      vertex 12.819359429180622 34.522000677883625 0.16
    endloop
  endfacet
  facet normal 0 0 1
    outer loop
      vertex 12.819359429180622 34.522000677883625 0.16
      vertex 14.835330322384834 30.257626086473465 0.16
      vertex 13.084177501499653 34.60415395349264 0.16
    endloop
  endfacet
  facet normal 0 0 1
    outer loop
      vertex 13.084177501499653 34.60415395349264 0.16
      vertex 14.923200570046902 30.30966956168413 0.16
      vertex 13.354594521224499 34.678483098745346 0.16
    endloop
  endfacet
  facet normal 0 0 1
    outer loop
      vertex 13.354594521224499 34.678483098745346 0.16
      vertex 15.01236230880022 30.35754956305027 0.16
      vertex 13.630610473453999 34.7449881285429 0.16
    endloop
  endfacet
  facet normal 0 0 1
    outer loop
      vertex 13.630610473453999 34.7449881285429 0.16
      vertex 15.10281553864479 30.40126609057188 0.16
      vertex 13.912225365638733 34.80366903543472 0.16
    endloop
  endfacet
  facet normal 0 0 1
    outer loop
      vertex 13.354594521224499 34.678483098745346 0.16
      vertex 14.923200570046902 30.30966956168413 0.16
      vertex 15.01236230880022 30.35754956305027 0.16
    endloop
  endfacet
  facet normal 0 0 1
    outer loop
      vertex 13.630610473453999 34.7449881285429 0.16
      vertex 15.01236230880022 30.35754956305027 0.16
      vertex 15.10281553864479 30.40126609057188 0.16
    endloop
  endfacet
  facet normal 0 0 1
    outer loop
      vertex 15.10281553864479 30.40126609057188 0.16
      vertex 15.194560267031193 30.4408191293478 0.16
      vertex 13.912225365638733 34.80366903543472 0.16
    endloop
  endfacet
  facet normal 0 0 1
    outer loop
      vertex 15.194560267031193 30.4408191293478 0.16
      vertex 15.287596486508846 30.476208694279194 0.16
      vertex 14.199439205229282 34.854525819420815 0.16
    endloop
  endfacet
  facet normal 0 0 1
    outer loop
      vertex 15.194560267031193 30.4408191293478 0.16
      vertex 14.199439205229282 34.854525819420815 0.16
      vertex 13.912225365638733 34.80366903543472 0.16
    endloop
  endfacet
  facet normal 0 0 1
    outer loop
      vertex 15.287596486508846 30.476208694279194 0.16
      vertex 15.381924197077751 30.50743478536606 0.16
      vertex 14.492251984775066 34.897558487951756 0.16
    endloop
  endfacet
  facet normal 0 0 1
    outer loop
      vertex 15.381924197077751 30.50743478536606 0.16
      vertex 15.477543406188488 30.534497387707233 0.16
      vertex 14.492251984775066 34.897558487951756 0.16
    endloop
  endfacet
  facet normal 0 0 1
    outer loop
      vertex 15.477543406188488 30.534497387707233 0.16
      vertex 15.574454098939896 30.55739652365446 0.16
      vertex 14.790663704276085 34.932767033576965 0.16
    endloop
  endfacet
  facet normal 0 0 1
    outer loop
      vertex 15.574454098939896 30.55739652365446 0.16
      vertex 15.672656297683716 30.576132170856 0.16
      vertex 15.094674363732338 34.960151456296444 0.16
    endloop
  endfacet
  facet normal 0 0 1
    outer loop
      vertex 15.287596486508846 30.476208694279194 0.16
      vertex 14.492251984775066 34.897558487951756 0.16
      vertex 14.199439205229282 34.854525819420815 0.16
    endloop
  endfacet
  facet normal 0 0 1
    outer loop
      vertex 15.477543406188488 30.534497387707233 0.16
      vertex 14.790663704276085 34.932767033576965 0.16
      vertex 14.492251984775066 34.897558487951756 0.16
    endloop
  endfacet
  facet normal 0 0 1
    outer loop
      vertex 15.574454098939896 30.55739652365446 0.16
      vertex 15.094674363732338 34.960151456296444 0.16
      vertex 14.790663704276085 34.932767033576965 0.16
    endloop
  endfacet
  facet normal 0 0 1
    outer loop
      vertex 15.772149980068207 30.59070434421301 0.16
      vertex 15.404283970594406 34.97971175611019 0.16
      vertex 15.094674363732338 34.960151456296444 0.16
    endloop
  endfacet
  facet normal 0 0 1
    outer loop
      vertex 15.672656297683716 30.576132170856 0.16
      vertex 15.772149980068207 30.59070434421301 0.16
      vertex 15.094674363732338 34.960151456296444 0.16
    endloop
  endfacet
  facet normal 0 0 1
    outer loop
      vertex 15.772149980068207 30.59070434421301 0.16
      vertex 15.87293516099453 30.60111304372549 0.16
      vertex 15.404283970594406 34.97971175611019 0.16
    endloop
  endfacet
  facet normal 0 0 1
    outer loop
      vertex 15.87293516099453 30.60111304372549 0.16
      vertex 15.975011833012104 30.607358261942863 0.16
      vertex 15.719492517411709 34.99144794046879 0.16
    endloop
  endfacet
  facet normal 0 0 1
    outer loop
      vertex 15.719492517411709 34.99144794046879 0.16
      vertex 15.975011833012104 30.607358261942863 0.16
      vertex 16.07838000357151 30.609439998865128 0.16
    endloop
  endfacet
  facet normal 0 0 1
    outer loop
      vertex 16.07838000357151 30.609439998865128 0.16
      vertex 16.197825141251087 30.607322268188 0.16
      vertex 16.040299996733665 34.995360001921654 0.16
    endloop
  endfacet
  facet normal 0 0 1
    outer loop
      vertex 16.197825141251087 30.607322268188 0.16
      vertex 16.315117090940475 30.600969076156616 0.16
      vertex 16.388677693903446 34.99090964347124 0.16
    endloop
  endfacet
  facet normal 0 0 1
    outer loop
      vertex 16.315117090940475 30.600969076156616 0.16
      vertex 16.430255837738514 30.590380415320396 0.16
      vertex 16.73045077174902 34.97755856066942 0.16
    endloop
  endfacet
  facet normal 0 0 1
    outer loop
      vertex 15.87293516099453 30.60111304372549 0.16
      vertex 15.719492517411709 34.99144794046879 0.16
      vertex 15.404283970594406 34.97971175611019 0.16
    endloop
  endfacet
  facet normal 0 0 1
    outer loop
      vertex 15.719492517411709 34.99144794046879 0.16
      vertex 16.07838000357151 30.609439998865128 0.16
      vertex 16.040299996733665 34.995360001921654 0.16
    endloop
  endfacet
  facet normal 0 0 1
    outer loop
      vertex 16.197825141251087 30.607322268188 0.16
      vertex 16.388677693903446 34.99090964347124 0.16
      vertex 16.040299996733665 34.995360001921654 0.16
    endloop
  endfacet
  facet normal 0 0 1
    outer loop
      vertex 16.315117090940475 30.600969076156616 0.16
      vertex 16.73045077174902 34.97755856066942 0.16
      vertex 16.388677693903446 34.99090964347124 0.16
    endloop
  endfacet
  facet normal -0.9851423098535664 -0.1717400050552565 0
    outer loop
      vertex 18.998559810221195 27.615983821451664 0
      vertex 18.972321324050426 27.766494140028954 0.16
      vertex 18.972321324050426 27.766494140028954 0
    endloop
  endfacet
  facet normal -0.9806375989318471 -0.1958313038336359 0
    outer loop
      vertex 18.942995958030224 27.913342759013176 0
      vertex 18.972321324050426 27.766494140028954 0
      vertex 18.942995958030224 27.913342759013176 0.16
    endloop
  endfacet
  facet normal -0.9753241927545155 -0.22077753288718607 0
    outer loop
      vertex 18.942995958030224 27.913342759013176 0
      vertex 18.910583704710007 28.05652967840433 0.16
      vertex 18.910583704710007 28.05652967840433 0
    endloop
  endfacet
  facet normal -0.9619569137332566 -0.27320120080407373 0
    outer loop
      vertex 18.875084571540356 28.19605489820242 0
      vertex 18.83649856597185 28.33191841095686 0.16
      vertex 18.83649856597185 28.33191841095686 0
    endloop
  endfacet
  facet normal -0.9537380077940587 -0.3006390069319346 0
    outer loop
      vertex 18.794825673103333 28.464120224118233 0
      vertex 18.83649856597185 28.33191841095686 0
      vertex 18.794825673103333 28.464120224118233 0.16
    endloop
  endfacet
  facet normal -0.9691243618248705 -0.24657244638754242 0
    outer loop
      vertex 18.910583704710007 28.05652967840433 0
      vertex 18.875084571540356 28.19605489820242 0.16
      vertex 18.875084571540356 28.19605489820242 0
    endloop
  endfacet
  facet normal -0.9851423098535664 -0.1717400050552565 0
    outer loop
      vertex 18.998559810221195 27.615983821451664 0
      vertex 18.998559810221195 27.615983821451664 0.16
      vertex 18.972321324050426 27.766494140028954 0.16
    endloop
  endfacet
  facet normal -0.9806375989318471 -0.1958313038336359 0
    outer loop
      vertex 18.972321324050426 27.766494140028954 0
      vertex 18.972321324050426 27.766494140028954 0.16
      vertex 18.942995958030224 27.913342759013176 0.16
    endloop
  endfacet
  facet normal -0.9691243618248705 -0.24657244638754242 0
    outer loop
      vertex 18.910583704710007 28.05652967840433 0
      vertex 18.910583704710007 28.05652967840433 0.16
      vertex 18.875084571540356 28.19605489820242 0.16
    endloop
  endfacet
  facet normal -0.9753241927545155 -0.22077753288718607 0
    outer loop
      vertex 18.942995958030224 27.913342759013176 0
      vertex 18.942995958030224 27.913342759013176 0.16
      vertex 18.910583704710007 28.05652967840433 0.16
    endloop
  endfacet
  facet normal -0.9443823729031621 -0.3288494089241958 0
    outer loop
      vertex 18.794825673103333 28.464120224118233 0
      vertex 18.794825673103333 28.464120224118233 0.16
      vertex 18.75006590038538 28.59266033768654 0.16
    endloop
  endfacet
  facet normal -0.9537380077940587 -0.3006390069319346 0
    outer loop
      vertex 18.83649856597185 28.33191841095686 0
      vertex 18.83649856597185 28.33191841095686 0.16
      vertex 18.794825673103333 28.464120224118233 0.16
    endloop
  endfacet
  facet normal -0.9619569137332566 -0.27320120080407373 0
    outer loop
      vertex 18.875084571540356 28.19605489820242 0
      vertex 18.875084571540356 28.19605489820242 0.16
      vertex 18.83649856597185 28.33191841095686 0.16
    endloop
  endfacet
  facet normal -1 0 0
    outer loop
      vertex 19.097340002655983 26.280079998075962 0
      vertex 19.097340002655983 22.25 0
      vertex 19.097340002655983 22.25 0.16
    endloop
  endfacet
  facet normal 0 0 -1
    outer loop
      vertex 19.097340002655983 26.280079998075962 0
      vertex 24.67970000207424 26.147359997034073 0
      vertex 19.097340002655983 22.25 0
    endloop
  endfacet
  facet normal -1 0 0
    outer loop
      vertex 19.097340002655983 26.280079998075962 0
      vertex 19.097340002655983 22.25 0.16
      vertex 19.097340002655983 26.280079998075962 0.16
    endloop
  endfacet
  facet normal -0.9999631593653138 -0.00858370037571737 0
    outer loop
      vertex 19.097340002655983 26.280079998075962 0
      vertex 19.095796562731266 26.45988392829895 0.16
      vertex 19.095796562731266 26.45988392829895 0
    endloop
  endfacet
  facet normal -0.9996546643798926 -0.026278355799484912 0
    outer loop
      vertex 19.095796562731266 26.45988392829895 0
      vertex 19.091166235506535 26.63602615892887 0.16
      vertex 19.091166235506535 26.63602615892887 0
    endloop
  endfacet
  facet normal -0.9979583927904744 -0.06386741155748638 0
    outer loop
      vertex 19.08344903588295 26.808506689965725 0
      vertex 19.07264495640993 26.97732552140951 0.16
      vertex 19.07264495640993 26.97732552140951 0
    endloop
  endfacet
  facet normal -0.9990005574074602 -0.04469772141377814 0
    outer loop
      vertex 19.091166235506535 26.63602615892887 0
      vertex 19.08344903588295 26.808506689965725 0.16
      vertex 19.08344903588295 26.808506689965725 0
    endloop
  endfacet
  facet normal -0.9964816131885186 -0.08381166134379933 0
    outer loop
      vertex 19.07264495640993 26.97732552140951 0
      vertex 19.058753989636898 27.14248264580965 0.16
      vertex 19.058753989636898 27.14248264580965 0
    endloop
  endfacet
  facet normal -0.9945193385135374 -0.10455278725407491 0
    outer loop
      vertex 19.058753989636898 27.14248264580965 0
      vertex 19.04177614301443 27.303978070616722 0.16
      vertex 19.04177614301443 27.303978070616722 0
    endloop
  endfacet
  facet normal -0.9920161657187708 -0.12611077254790012 0
    outer loop
      vertex 19.02171141654253 27.461811795830727 0
      vertex 19.04177614301443 27.303978070616722 0
      vertex 19.02171141654253 27.461811795830727 0.16
    endloop
  endfacet
  facet normal -0.9889120600257254 -0.1485023149168937 0
    outer loop
      vertex 19.02171141654253 27.461811795830727 0
      vertex 18.998559810221195 27.615983821451664 0.16
      vertex 18.998559810221195 27.615983821451664 0
    endloop
  endfacet
  facet normal 0 0 -1
    outer loop
      vertex 19.097340002655983 26.280079998075962 0
      vertex 19.095796562731266 26.45988392829895 0
      vertex 24.675356559455395 26.503920152783394 0
    endloop
  endfacet
  facet normal 0 0 -1
    outer loop
      vertex 19.095796562731266 26.45988392829895 0
      vertex 19.091166235506535 26.63602615892887 0
      vertex 24.662326239049435 26.853732779622078 0
    endloop
  endfacet
  facet normal 0 0 -1
    outer loop
      vertex 19.091166235506535 26.63602615892887 0
      vertex 19.08344903588295 26.808506689965725 0
      vertex 24.64060903340578 27.196797885000706 0
    endloop
  endfacet
  facet normal 0 0 -1
    outer loop
      vertex 18.942995958030224 27.913342759013176 0
      vertex 24.327881321310997 29.113490507006645 0
      vertex 18.972321324050426 27.766494140028954 0
    endloop
  endfacet
  facet normal 0 0 -1
    outer loop
      vertex 18.942995958030224 27.913342759013176 0
      vertex 18.910583704710007 28.05652967840433 0
      vertex 24.24535595625639 29.409322947263718 0
    endloop
  endfacet
  facet normal 0 0 -1
    outer loop
      vertex 19.08344903588295 26.808506689965725 0
      vertex 19.07264495640993 26.97732552140951 0
      vertex 24.64060903340578 27.196797885000706 0
    endloop
  endfacet
  facet normal 0 0 -1
    outer loop
      vertex 19.07264495640993 26.97732552140951 0
      vertex 19.058753989636898 27.14248264580965 0
      vertex 24.610204949975014 27.533115461468697 0
    endloop
  endfacet
  facet normal 0 0 -1
    outer loop
      vertex 19.058753989636898 27.14248264580965 0
      vertex 19.04177614301443 27.303978070616722 0
      vertex 24.571113988757133 27.86268551647663 0
    endloop
  endfacet
  facet normal 0 0 -1
    outer loop
      vertex 19.02171141654253 27.461811795830727 0
      vertex 24.52333614230156 28.18550805002451 0
      vertex 19.04177614301443 27.303978070616722 0
    endloop
  endfacet
  facet normal 0 0 -1
    outer loop
      vertex 19.02171141654253 27.461811795830727 0
      vertex 18.998559810221195 27.615983821451664 0
      vertex 24.466871418058872 28.50158306211233 0
    endloop
  endfacet
  facet normal 0 0 -1
    outer loop
      vertex 18.998559810221195 27.615983821451664 0
      vertex 18.972321324050426 27.766494140028954 0
      vertex 24.40171980857849 28.810910545289516 0
    endloop
  endfacet
  facet normal -0.9999631593653138 -0.00858370037571737 0
    outer loop
      vertex 19.097340002655983 26.280079998075962 0
      vertex 19.097340002655983 26.280079998075962 0.16
      vertex 19.095796562731266 26.45988392829895 0.16
    endloop
  endfacet
  facet normal -0.9996546643798926 -0.026278355799484912 0
    outer loop
      vertex 19.095796562731266 26.45988392829895 0
      vertex 19.095796562731266 26.45988392829895 0.16
      vertex 19.091166235506535 26.63602615892887 0.16
    endloop
  endfacet
  facet normal -0.9990005574074602 -0.04469772141377814 0
    outer loop
      vertex 19.091166235506535 26.63602615892887 0
      vertex 19.091166235506535 26.63602615892887 0.16
      vertex 19.08344903588295 26.808506689965725 0.16
    endloop
  endfacet
  facet normal -0.9979583927904744 -0.06386741155748638 0
    outer loop
      vertex 19.08344903588295 26.808506689965725 0
      vertex 19.08344903588295 26.808506689965725 0.16
      vertex 19.07264495640993 26.97732552140951 0.16
    endloop
  endfacet
  facet normal -0.9964816131885186 -0.08381166134379933 0
    outer loop
      vertex 19.07264495640993 26.97732552140951 0
      vertex 19.07264495640993 26.97732552140951 0.16
      vertex 19.058753989636898 27.14248264580965 0.16
    endloop
  endfacet
  facet normal -0.9945193385135374 -0.10455278725407491 0
    outer loop
      vertex 19.058753989636898 27.14248264580965 0
      vertex 19.058753989636898 27.14248264580965 0.16
      vertex 19.04177614301443 27.303978070616722 0.16
    endloop
  endfacet
  facet normal -0.9920161657187708 -0.12611077254790012 0
    outer loop
      vertex 19.04177614301443 27.303978070616722 0
      vertex 19.04177614301443 27.303978070616722 0.16
      vertex 19.02171141654253 27.461811795830727 0.16
    endloop
  endfacet
  facet normal -0.9889120600257254 -0.1485023149168937 0
    outer loop
      vertex 19.02171141654253 27.461811795830727 0
      vertex 19.02171141654253 27.461811795830727 0.16
      vertex 18.998559810221195 27.615983821451664 0.16
    endloop
  endfacet
  facet normal 0 0 1
    outer loop
      vertex 19.097340002655983 26.280079998075962 0.16
      vertex 19.097340002655983 22.25 0.16
      vertex 24.67970000207424 22.25 0.16
    endloop
  endfacet
  facet normal 0 0 1
    outer loop
      vertex 19.097340002655983 26.280079998075962 0.16
      vertex 24.675356559455395 26.503920152783394 0.16
      vertex 19.095796562731266 26.45988392829895 0.16
    endloop
  endfacet
  facet normal 0 0 1
    outer loop
      vertex 19.095796562731266 26.45988392829895 0.16
      vertex 24.662326239049435 26.853732779622078 0.16
      vertex 19.091166235506535 26.63602615892887 0.16
    endloop
  endfacet
  facet normal 0 0 1
    outer loop
      vertex 19.091166235506535 26.63602615892887 0.16
      vertex 24.64060903340578 27.196797885000706 0.16
      vertex 19.08344903588295 26.808506689965725 0.16
    endloop
  endfacet
  facet normal 0 0 1
    outer loop
      vertex 18.942995958030224 27.913342759013176 0.16
      vertex 18.972321324050426 27.766494140028954 0.16
      vertex 24.327881321310997 29.113490507006645 0.16
    endloop
  endfacet
  facet normal 0 0 1
    outer loop
      vertex 18.942995958030224 27.913342759013176 0.16
      vertex 24.24535595625639 29.409322947263718 0.16
      vertex 18.910583704710007 28.05652967840433 0.16
    endloop
  endfacet
  facet normal 0 0 1
    outer loop
      vertex 19.08344903588295 26.808506689965725 0.16
      vertex 24.64060903340578 27.196797885000706 0.16
      vertex 19.07264495640993 26.97732552140951 0.16
    endloop
  endfacet
  facet normal 0 0 1
    outer loop
      vertex 19.07264495640993 26.97732552140951 0.16
      vertex 24.610204949975014 27.533115461468697 0.16
      vertex 19.058753989636898 27.14248264580965 0.16
    endloop
  endfacet
  facet normal 0 0 1
    outer loop
      vertex 19.058753989636898 27.14248264580965 0.16
      vertex 24.571113988757133 27.86268551647663 0.16
      vertex 19.04177614301443 27.303978070616722 0.16
    endloop
  endfacet
  facet normal 0 0 1
    outer loop
      vertex 19.02171141654253 27.461811795830727 0.16
      vertex 19.04177614301443 27.303978070616722 0.16
      vertex 24.52333614230156 28.18550805002451 0.16
    endloop
  endfacet
  facet normal 0 0 1
    outer loop
      vertex 19.02171141654253 27.461811795830727 0.16
      vertex 24.466871418058872 28.50158306211233 0.16
      vertex 18.998559810221195 27.615983821451664 0.16
    endloop
  endfacet
  facet normal 0 0 1
    outer loop
      vertex 18.998559810221195 27.615983821451664 0.16
      vertex 24.40171980857849 28.810910545289516 0.16
      vertex 18.972321324050426 27.766494140028954 0.16
    endloop
  endfacet
  facet normal -0.6016953654391459 -0.7987256645488817 0
    outer loop
      vertex 17.73111890256405 30.067300722002983 0
      vertex 17.64397168159485 30.132950395345688 0.16
      vertex 17.64397168159485 30.132950395345688 0
    endloop
  endfacet
  facet normal -0.6351117197408096 -0.7724202893812873 0
    outer loop
      vertex 17.73111890256405 30.067300722002983 0
      vertex 17.81611292809248 29.997415579855442 0
      vertex 17.73111890256405 30.067300722002983 0.16
    endloop
  endfacet
  facet normal -0.2095863071942725 -0.9777901512270759 0
    outer loop
      vertex 16.654073759913445 30.55649670958519 0
      vertex 16.762752927839756 30.533201664686203 0
      vertex 16.654073759913445 30.55649670958519 0.16
    endloop
  endfacet
  facet normal -0.2502183444874308 -0.9681894339859165 0
    outer loop
      vertex 16.762752927839756 30.533201664686203 0
      vertex 16.8692789003253 30.50567115098238 0
      vertex 16.762752927839756 30.533201664686203 0.16
    endloop
  endfacet
  facet normal -0.2911645098975988 -0.9566729996064963 0
    outer loop
      vertex 16.8692789003253 30.50567115098238 0
      vertex 16.973651684820652 30.4739051759243 0
      vertex 16.8692789003253 30.50567115098238 0.16
    endloop
  endfacet
  facet normal -0.33219593319758733 -0.9432104017487212 0
    outer loop
      vertex 16.973651684820652 30.4739051759243 0
      vertex 17.075871266424656 30.437903739511967 0
      vertex 16.973651684820652 30.4739051759243 0.16
    endloop
  endfacet
  facet normal -0.3730713399088177 -0.927802659695821 0
    outer loop
      vertex 17.075871266424656 30.437903739511967 0
      vertex 17.17593765258789 30.397666841745377 0
      vertex 17.075871266424656 30.437903739511967 0.16
    endloop
  endfacet
  facet normal -0.41354367657757174 -0.910484281886681 0
    outer loop
      vertex 17.17593765258789 30.397666841745377 0
      vertex 17.273850850760937 30.35319448262453 0
      vertex 17.17593765258789 30.397666841745377 0.16
    endloop
  endfacet
  facet normal -0.45336723116025657 -0.891323820903538 0
    outer loop
      vertex 17.273850850760937 30.35319448262453 0
      vertex 17.369610853493214 30.30448665469885 0
      vertex 17.273850850760937 30.35319448262453 0.16
    endloop
  endfacet
  facet normal -0.49230458365996427 -0.8704229988387194 0
    outer loop
      vertex 17.369610853493214 30.30448665469885 0
      vertex 17.46321765333414 30.25154336541891 0
      vertex 17.369610853493214 30.30448665469885 0.16
    endloop
  endfacet
  facet normal -0.5301338981279957 -0.8479139402413526 0
    outer loop
      vertex 17.46321765333414 30.25154336541891 0
      vertex 17.55467126518488 30.194364614784718 0
      vertex 17.46321765333414 30.25154336541891 0.16
    endloop
  endfacet
  facet normal -0.5666552717138716 -0.8239549763420805 0
    outer loop
      vertex 17.55467126518488 30.194364614784718 0
      vertex 17.64397168159485 30.132950395345688 0
      vertex 17.55467126518488 30.194364614784718 0.16
    endloop
  endfacet
  facet normal -0.7508271727819726 -0.6604987181003683 0
    outer loop
      vertex 18.134557090699673 29.67552037537098 0
      vertex 18.058175839483738 29.762347370386124 0.16
      vertex 18.058175839483738 29.762347370386124 0
    endloop
  endfacet
  facet normal -0.6966657534240378 -0.7173958656182218 0
    outer loop
      vertex 17.979641400277615 29.844938904047012 0
      vertex 17.89895375818014 29.923294968903065 0.16
      vertex 17.89895375818014 29.923294968903065 0
    endloop
  endfacet
  facet normal -0.6667942011716762 -0.7452419025281832 0
    outer loop
      vertex 17.81611292809248 29.997415579855442 0
      vertex 17.89895375818014 29.923294968903065 0
      vertex 17.81611292809248 29.997415579855442 0.16
    endloop
  endfacet
  facet normal -0.7246817844641464 -0.6890836750829761 0
    outer loop
      vertex 17.979641400277615 29.844938904047012 0
      vertex 18.058175839483738 29.762347370386124 0
      vertex 17.979641400277615 29.844938904047012 0.16
    endloop
  endfacet
  facet normal -0.775114051728131 -0.6318213408975674 0
    outer loop
      vertex 18.134557090699673 29.67552037537098 0
      vertex 18.208785139024258 29.58445791900158 0
      vertex 18.134557090699673 29.67552037537098 0.16
    endloop
  endfacet
  facet normal -0.7975774410961569 -0.6032165659649166 0
    outer loop
      vertex 18.280859999358654 29.489160001277924 0
      vertex 18.208785139024258 29.58445791900158 0.16
      vertex 18.208785139024258 29.58445791900158 0
    endloop
  endfacet
  facet normal -0.8193006858840908 -0.5733640955883602 0
    outer loop
      vertex 18.280859999358654 29.489160001277924 0
      vertex 18.35031481832266 29.389913499355316 0
      vertex 18.280859999358654 29.489160001277924 0.16
    endloop
  endfacet
  facet normal -0.8403876086467538 -0.5419858551964165 0
    outer loop
      vertex 18.41668275743723 29.28700529038906 0
      vertex 18.35031481832266 29.389913499355316 0.16
      vertex 18.35031481832266 29.389913499355316 0
    endloop
  endfacet
  facet normal -0.9086514708087573 -0.4175553910525908 0
    outer loop
      vertex 18.651285707950592 28.83875546604395 0
      vertex 18.597265295684338 28.956310473382473 0.16
      vertex 18.597265295684338 28.956310473382473 0
    endloop
  endfacet
  facet normal -0.9219209651889355 -0.38737802460271464 0
    outer loop
      vertex 18.651285707950592 28.83875546604395 0
      vertex 18.702219240367413 28.717538751661777 0
      vertex 18.651285707950592 28.83875546604395 0.16
    endloop
  endfacet
  facet normal -0.8939222738353707 -0.4482220078722158 0
    outer loop
      vertex 18.54015799611807 29.07020378112793 0
      vertex 18.597265295684338 28.956310473382473 0
      vertex 18.54015799611807 29.07020378112793 0.16
    endloop
  endfacet
  facet normal -0.8776683812173549 -0.4792684139512092 0
    outer loop
      vertex 18.54015799611807 29.07020378112793 0
      vertex 18.479963816702366 29.18043538928032 0.16
      vertex 18.479963816702366 29.18043538928032 0
    endloop
  endfacet
  facet normal -0.8598363945887535 -0.5105696568937617 0
    outer loop
      vertex 18.41668275743723 29.28700529038906 0
      vertex 18.479963816702366 29.18043538928032 0
      vertex 18.41668275743723 29.28700529038906 0.16
    endloop
  endfacet
  facet normal -0.9443823729031621 -0.3288494089241958 0
    outer loop
      vertex 18.794825673103333 28.464120224118233 0
      vertex 18.75006590038538 28.59266033768654 0.16
      vertex 18.75006590038538 28.59266033768654 0
    endloop
  endfacet
  facet normal -0.9338045830476068 -0.35778345501054837 0
    outer loop
      vertex 18.75006590038538 28.59266033768654 0
      vertex 18.702219240367413 28.717538751661777 0.16
      vertex 18.702219240367413 28.717538751661777 0
    endloop
  endfacet
  facet normal 0 0 -1
    outer loop
      vertex 17.273850850760937 30.35319448262453 0
      vertex 18.937933191657066 34.634880907833576 0
      vertex 17.369610853493214 30.30448665469885 0
    endloop
  endfacet
  facet normal 0 0 -1
    outer loop
      vertex 17.369610853493214 30.30448665469885 0
      vertex 19.226869374513626 34.55032408237457 0
      vertex 17.46321765333414 30.25154336541891 0
    endloop
  endfacet
  facet normal 0 0 -1
    outer loop
      vertex 17.46321765333414 30.25154336541891 0
      vertex 19.50920094549656 34.456866540014744 0
      vertex 17.55467126518488 30.194364614784718 0
    endloop
  endfacet
  facet normal 0 0 -1
    outer loop
      vertex 17.55467126518488 30.194364614784718 0
      vertex 19.784927904605865 34.35450828075409 0
      vertex 17.64397168159485 30.132950395345688 0
    endloop
  endfacet
  facet normal 0 0 -1
    outer loop
      vertex 17.73111890256405 30.067300722002983 0
      vertex 17.64397168159485 30.132950395345688 0
      vertex 20.054050244390965 34.24324929714203 0
    endloop
  endfacet
  facet normal 0 0 -1
    outer loop
      vertex 17.73111890256405 30.067300722002983 0
      vertex 20.316567979753017 34.12308960407972 0
      vertex 17.81611292809248 29.997415579855442 0
    endloop
  endfacet
  facet normal 0 0 -1
    outer loop
      vertex 17.81611292809248 29.997415579855442 0
      vertex 20.572481095790863 33.99402918666601 0
      vertex 17.89895375818014 29.923294968903065 0
    endloop
  endfacet
  facet normal 0 0 -1
    outer loop
      vertex 17.979641400277615 29.844938904047012 0
      vertex 17.89895375818014 29.923294968903065 0
      vertex 20.821789599955082 33.856068052351475 0
    endloop
  endfacet
  facet normal -0.5666552717138716 -0.8239549763420805 0
    outer loop
      vertex 17.64397168159485 30.132950395345688 0
      vertex 17.64397168159485 30.132950395345688 0.16
      vertex 17.55467126518488 30.194364614784718 0.16
    endloop
  endfacet
  facet normal -0.6016953654391459 -0.7987256645488817 0
    outer loop
      vertex 17.73111890256405 30.067300722002983 0
      vertex 17.73111890256405 30.067300722002983 0.16
      vertex 17.64397168159485 30.132950395345688 0.16
    endloop
  endfacet
  facet normal -0.6351117197408096 -0.7724202893812873 0
    outer loop
      vertex 17.81611292809248 29.997415579855442 0
      vertex 17.81611292809248 29.997415579855442 0.16
      vertex 17.73111890256405 30.067300722002983 0.16
    endloop
  endfacet
  facet normal -0.2095863071942725 -0.9777901512270759 0
    outer loop
      vertex 16.762752927839756 30.533201664686203 0
      vertex 16.762752927839756 30.533201664686203 0.16
      vertex 16.654073759913445 30.55649670958519 0.16
    endloop
  endfacet
  facet normal -0.2502183444874308 -0.9681894339859165 0
    outer loop
      vertex 16.8692789003253 30.50567115098238 0
      vertex 16.8692789003253 30.50567115098238 0.16
      vertex 16.762752927839756 30.533201664686203 0.16
    endloop
  endfacet
  facet normal -0.2911645098975988 -0.9566729996064963 0
    outer loop
      vertex 16.973651684820652 30.4739051759243 0
      vertex 16.973651684820652 30.4739051759243 0.16
      vertex 16.8692789003253 30.50567115098238 0.16
    endloop
  endfacet
  facet normal -0.33219593319758733 -0.9432104017487212 0
    outer loop
      vertex 17.075871266424656 30.437903739511967 0
      vertex 17.075871266424656 30.437903739511967 0.16
      vertex 16.973651684820652 30.4739051759243 0.16
    endloop
  endfacet
  facet normal -0.3730713399088177 -0.927802659695821 0
    outer loop
      vertex 17.17593765258789 30.397666841745377 0
      vertex 17.17593765258789 30.397666841745377 0.16
      vertex 17.075871266424656 30.437903739511967 0.16
    endloop
  endfacet
  facet normal -0.41354367657757174 -0.910484281886681 0
    outer loop
      vertex 17.273850850760937 30.35319448262453 0
      vertex 17.273850850760937 30.35319448262453 0.16
      vertex 17.17593765258789 30.397666841745377 0.16
    endloop
  endfacet
  facet normal -0.45336723116025657 -0.891323820903538 0
    outer loop
      vertex 17.369610853493214 30.30448665469885 0
      vertex 17.369610853493214 30.30448665469885 0.16
      vertex 17.273850850760937 30.35319448262453 0.16
    endloop
  endfacet
  facet normal -0.49230458365996427 -0.8704229988387194 0
    outer loop
      vertex 17.46321765333414 30.25154336541891 0
      vertex 17.46321765333414 30.25154336541891 0.16
      vertex 17.369610853493214 30.30448665469885 0.16
    endloop
  endfacet
  facet normal -0.5301338981279957 -0.8479139402413526 0
    outer loop
      vertex 17.55467126518488 30.194364614784718 0
      vertex 17.55467126518488 30.194364614784718 0.16
      vertex 17.46321765333414 30.25154336541891 0.16
    endloop
  endfacet
  facet normal -0.8403876086467538 -0.5419858551964165 0
    outer loop
      vertex 18.41668275743723 29.28700529038906 0
      vertex 18.41668275743723 29.28700529038906 0.16
      vertex 18.35031481832266 29.389913499355316 0.16
    endloop
  endfacet
  facet normal -0.7508271727819726 -0.6604987181003683 0
    outer loop
      vertex 18.134557090699673 29.67552037537098 0
      vertex 18.134557090699673 29.67552037537098 0.16
      vertex 18.058175839483738 29.762347370386124 0.16
    endloop
  endfacet
  facet normal -0.6667942011716762 -0.7452419025281832 0
    outer loop
      vertex 17.89895375818014 29.923294968903065 0
      vertex 17.89895375818014 29.923294968903065 0.16
      vertex 17.81611292809248 29.997415579855442 0.16
    endloop
  endfacet
  facet normal -0.6966657534240378 -0.7173958656182218 0
    outer loop
      vertex 17.979641400277615 29.844938904047012 0
      vertex 17.979641400277615 29.844938904047012 0.16
      vertex 17.89895375818014 29.923294968903065 0.16
    endloop
  endfacet
  facet normal -0.7246817844641464 -0.6890836750829761 0
    outer loop
      vertex 18.058175839483738 29.762347370386124 0
      vertex 18.058175839483738 29.762347370386124 0.16
      vertex 17.979641400277615 29.844938904047012 0.16
    endloop
  endfacet
  facet normal -0.7975774410961569 -0.6032165659649166 0
    outer loop
      vertex 18.280859999358654 29.489160001277924 0
      vertex 18.280859999358654 29.489160001277924 0.16
      vertex 18.208785139024258 29.58445791900158 0.16
    endloop
  endfacet
  facet normal -0.775114051728131 -0.6318213408975674 0
    outer loop
      vertex 18.208785139024258 29.58445791900158 0
      vertex 18.208785139024258 29.58445791900158 0.16
      vertex 18.134557090699673 29.67552037537098 0.16
    endloop
  endfacet
  facet normal -0.8193006858840908 -0.5733640955883602 0
    outer loop
      vertex 18.35031481832266 29.389913499355316 0
      vertex 18.35031481832266 29.389913499355316 0.16
      vertex 18.280859999358654 29.489160001277924 0.16
    endloop
  endfacet
  facet normal -0.9086514708087573 -0.4175553910525908 0
    outer loop
      vertex 18.651285707950592 28.83875546604395 0
      vertex 18.651285707950592 28.83875546604395 0.16
      vertex 18.597265295684338 28.956310473382473 0.16
    endloop
  endfacet
  facet normal -0.9219209651889355 -0.38737802460271464 0
    outer loop
      vertex 18.702219240367413 28.717538751661777 0
      vertex 18.702219240367413 28.717538751661777 0.16
      vertex 18.651285707950592 28.83875546604395 0.16
    endloop
  endfacet
  facet normal -0.8776683812173549 -0.4792684139512092 0
    outer loop
      vertex 18.54015799611807 29.07020378112793 0
      vertex 18.54015799611807 29.07020378112793 0.16
      vertex 18.479963816702366 29.18043538928032 0.16
    endloop
  endfacet
  facet normal -0.8598363945887535 -0.5105696568937617 0
    outer loop
      vertex 18.479963816702366 29.18043538928032 0
      vertex 18.479963816702366 29.18043538928032 0.16
      vertex 18.41668275743723 29.28700529038906 0.16
    endloop
  endfacet
  facet normal -0.8939222738353707 -0.4482220078722158 0
    outer loop
      vertex 18.597265295684338 28.956310473382473 0
      vertex 18.597265295684338 28.956310473382473 0.16
      vertex 18.54015799611807 29.07020378112793 0.16
    endloop
  endfacet
  facet normal -0.9338045830476068 -0.35778345501054837 0
    outer loop
      vertex 18.75006590038538 28.59266033768654 0
      vertex 18.75006590038538 28.59266033768654 0.16
      vertex 18.702219240367413 28.717538751661777 0.16
    endloop
  endfacet
  facet normal 0 0 -1
    outer loop
      vertex 16.430255837738514 30.590380415320396 0
      vertex 17.065619245171547 34.95530676841736 0
      vertex 16.543241396546364 30.57555629312992 0
    endloop
  endfacet
  facet normal 0 0 -1
    outer loop
      vertex 16.543241396546364 30.57555629312992 0
      vertex 17.065619245171547 34.95530676841736 0
      vertex 16.654073759913445 30.55649670958519 0
    endloop
  endfacet
  facet normal 0 0 -1
    outer loop
      vertex 16.654073759913445 30.55649670958519 0
      vertex 17.394183099269867 34.92415425181389 0
      vertex 16.762752927839756 30.533201664686203 0
    endloop
  endfacet
  facet normal 0 0 -1
    outer loop
      vertex 16.762752927839756 30.533201664686203 0
      vertex 17.71614234149456 34.88410101830959 0
      vertex 16.8692789003253 30.50567115098238 0
    endloop
  endfacet
  facet normal 0 0 -1
    outer loop
      vertex 16.8692789003253 30.50567115098238 0
      vertex 18.031496971845627 34.83514706790447 0
      vertex 16.973651684820652 30.4739051759243 0
    endloop
  endfacet
  facet normal 0 0 -1
    outer loop
      vertex 16.973651684820652 30.4739051759243 0
      vertex 18.031496971845627 34.83514706790447 0
      vertex 17.075871266424656 30.437903739511967 0
    endloop
  endfacet
  facet normal 0 0 -1
    outer loop
      vertex 17.075871266424656 30.437903739511967 0
      vertex 18.340246997773647 34.777292400598526 0
      vertex 17.17593765258789 30.397666841745377 0
    endloop
  endfacet
  facet normal 0 0 -1
    outer loop
      vertex 17.17593765258789 30.397666841745377 0
      vertex 18.64239240437746 34.710537016391754 0
      vertex 17.273850850760937 30.35319448262453 0
    endloop
  endfacet
  facet normal 0 0 -1
    outer loop
      vertex 17.075871266424656 30.437903739511967 0
      vertex 18.031496971845627 34.83514706790447 0
      vertex 18.340246997773647 34.777292400598526 0
    endloop
  endfacet
  facet normal 0 0 -1
    outer loop
      vertex 16.430255837738514 30.590380415320396 0
      vertex 16.73045077174902 34.97755856066942 0
      vertex 17.065619245171547 34.95530676841736 0
    endloop
  endfacet
  facet normal 0 0 -1
    outer loop
      vertex 16.654073759913445 30.55649670958519 0
      vertex 17.065619245171547 34.95530676841736 0
      vertex 17.394183099269867 34.92415425181389 0
    endloop
  endfacet
  facet normal 0 0 -1
    outer loop
      vertex 16.762752927839756 30.533201664686203 0
      vertex 17.394183099269867 34.92415425181389 0
      vertex 17.71614234149456 34.88410101830959 0
    endloop
  endfacet
  facet normal 0 0 -1
    outer loop
      vertex 16.8692789003253 30.50567115098238 0
      vertex 17.71614234149456 34.88410101830959 0
      vertex 18.031496971845627 34.83514706790447 0
    endloop
  endfacet
  facet normal 0.06624404399131938 0.9978034509038722 0
    outer loop
      vertex 16.73045077174902 34.97755856066942 0
      vertex 17.065619245171547 34.95530676841736 0.16
      vertex 17.065619245171547 34.95530676841736 0
    endloop
  endfacet
  facet normal 0.09439086778488277 0.995535214886353 0
    outer loop
      vertex 17.065619245171547 34.95530676841736 0
      vertex 17.394183099269867 34.92415425181389 0.16
      vertex 17.394183099269867 34.92415425181389 0
    endloop
  endfacet
  facet normal 0.12345302683792643 0.9923504170224116 0
    outer loop
      vertex 17.394183099269867 34.92415425181389 0
      vertex 17.71614234149456 34.88410101830959 0.16
      vertex 17.71614234149456 34.88410101830959 0
    endloop
  endfacet
  facet normal 0 0 -1
    outer loop
      vertex 17.17593765258789 30.397666841745377 0
      vertex 18.340246997773647 34.777292400598526 0
      vertex 18.64239240437746 34.710537016391754 0
    endloop
  endfacet
  facet normal 0 0 -1
    outer loop
      vertex 17.273850850760937 30.35319448262453 0
      vertex 18.64239240437746 34.710537016391754 0
      vertex 18.937933191657066 34.634880907833576 0
    endloop
  endfacet
  facet normal 0 0 -1
    outer loop
      vertex 17.369610853493214 30.30448665469885 0
      vertex 18.937933191657066 34.634880907833576 0
      vertex 19.226869374513626 34.55032408237457 0
    endloop
  endfacet
  facet normal 0 0 -1
    outer loop
      vertex 17.46321765333414 30.25154336541891 0
      vertex 19.226869374513626 34.55032408237457 0
      vertex 19.50920094549656 34.456866540014744 0
    endloop
  endfacet
  facet normal 0 0 -1
    outer loop
      vertex 17.55467126518488 30.194364614784718 0
      vertex 19.50920094549656 34.456866540014744 0
      vertex 19.784927904605865 34.35450828075409 0
    endloop
  endfacet
  facet normal 0.15339733646200748 0.9881645901196631 0
    outer loop
      vertex 17.71614234149456 34.88410101830959 0
      vertex 18.031496971845627 34.83514706790447 0.16
      vertex 18.031496971845627 34.83514706790447 0
    endloop
  endfacet
  facet normal 0.1841779367577976 0.9828929176729481 0
    outer loop
      vertex 18.031496971845627 34.83514706790447 0
      vertex 18.340246997773647 34.777292400598526 0.16
      vertex 18.340246997773647 34.777292400598526 0
    endloop
  endfacet
  facet normal 0.2157352706197174 0.9764518897573179 0
    outer loop
      vertex 18.340246997773647 34.777292400598526 0
      vertex 18.64239240437746 34.710537016391754 0.16
      vertex 18.64239240437746 34.710537016391754 0
    endloop
  endfacet
  facet normal 0.2479952332736753 0.9687612524629251 0
    outer loop
      vertex 18.64239240437746 34.710537016391754 0
      vertex 18.937933191657066 34.634880907833576 0.16
      vertex 18.937933191657066 34.634880907833576 0
    endloop
  endfacet
  facet normal 0.06624404399131938 0.9978034509038722 0
    outer loop
      vertex 16.73045077174902 34.97755856066942 0
      vertex 16.73045077174902 34.97755856066942 0.16
      vertex 17.065619245171547 34.95530676841736 0.16
    endloop
  endfacet
  facet normal 0.09439086778488277 0.995535214886353 0
    outer loop
      vertex 17.065619245171547 34.95530676841736 0
      vertex 17.065619245171547 34.95530676841736 0.16
      vertex 17.394183099269867 34.92415425181389 0.16
    endloop
  endfacet
  facet normal 0.12345302683792643 0.9923504170224116 0
    outer loop
      vertex 17.394183099269867 34.92415425181389 0
      vertex 17.394183099269867 34.92415425181389 0.16
      vertex 17.71614234149456 34.88410101830959 0.16
    endloop
  endfacet
  facet normal 0.15339733646200748 0.9881645901196631 0
    outer loop
      vertex 17.71614234149456 34.88410101830959 0
      vertex 17.71614234149456 34.88410101830959 0.16
      vertex 18.031496971845627 34.83514706790447 0.16
    endloop
  endfacet
  facet normal 0.1841779367577976 0.9828929176729481 0
    outer loop
      vertex 18.031496971845627 34.83514706790447 0
      vertex 18.031496971845627 34.83514706790447 0.16
      vertex 18.340246997773647 34.777292400598526 0.16
    endloop
  endfacet
  facet normal 0.2157352706197174 0.9764518897573179 0
    outer loop
      vertex 18.340246997773647 34.777292400598526 0
      vertex 18.340246997773647 34.777292400598526 0.16
      vertex 18.64239240437746 34.710537016391754 0.16
    endloop
  endfacet
  facet normal 0.2479952332736753 0.9687612524629251 0
    outer loop
      vertex 18.64239240437746 34.710537016391754 0
      vertex 18.64239240437746 34.710537016391754 0.16
      vertex 18.937933191657066 34.634880907833576 0.16
    endloop
  endfacet
  facet normal 0 0 -1
    outer loop
      vertex 18.54015799611807 29.07020378112793 0
      vertex 18.479963816702366 29.18043538928032 0
      vertex 22.942323818802834 31.996533535420895 0
    endloop
  endfacet
  facet normal 0 0 -1
    outer loop
      vertex 18.54015799611807 29.07020378112793 0
      vertex 23.111717998981476 31.768176332116127 0
      vertex 18.597265295684338 28.956310473382473 0
    endloop
  endfacet
  facet normal 0 0 -1
    outer loop
      vertex 18.651285707950592 28.83875546604395 0
      vertex 18.597265295684338 28.956310473382473 0
      vertex 23.272425293922424 31.533071607351303 0
    endloop
  endfacet
  facet normal 0 0 -1
    outer loop
      vertex 18.134557090699673 29.67552037537098 0
      vertex 21.75297750532627 33.21521633118391 0
      vertex 18.208785139024258 29.58445791900158 0
    endloop
  endfacet
  facet normal 0 0 -1
    outer loop
      vertex 18.280859999358654 29.489160001277924 0
      vertex 18.208785139024258 29.58445791900158 0
      vertex 21.969262950122356 33.032751604914665 0
    endloop
  endfacet
  facet normal 0 0 -1
    outer loop
      vertex 17.979641400277615 29.844938904047012 0
      vertex 21.064493499696255 33.70920620113611 0
      vertex 18.058175839483738 29.762347370386124 0
    endloop
  endfacet
  facet normal 0 0 -1
    outer loop
      vertex 18.134557090699673 29.67552037537098 0
      vertex 18.058175839483738 29.762347370386124 0
      vertex 21.30059278011322 33.553443633019924 0
    endloop
  endfacet
  facet normal 0 0 -1
    outer loop
      vertex 18.41668275743723 29.28700529038906 0
      vertex 18.35031481832266 29.389913499355316 0
      vertex 22.382019996643066 32.6411200016737 0
    endloop
  endfacet
  facet normal 0 0 -1
    outer loop
      vertex 18.41668275743723 29.28700529038906 0
      vertex 22.57747481763363 32.43300537019968 0
      vertex 18.479963816702366 29.18043538928032 0
    endloop
  endfacet
  facet normal 0 0 -1
    outer loop
      vertex 18.280859999358654 29.489160001277924 0
      vertex 22.178943783044815 32.841386161744595 0
      vertex 18.35031481832266 29.389913499355316 0
    endloop
  endfacet
  facet normal 0 0 -1
    outer loop
      vertex 18.794825673103333 28.464120224118233 0
      vertex 18.75006590038538 28.59266033768654 0
      vertex 23.828385673463345 30.525177463889122 0
    endloop
  endfacet
  facet normal 0 0 -1
    outer loop
      vertex 18.875084571540356 28.19605489820242 0
      vertex 18.83649856597185 28.33191841095686 0
      vertex 24.054244577884674 29.980745255947113 0
    endloop
  endfacet
  facet normal 0 0 -1
    outer loop
      vertex 18.910583704710007 28.05652967840433 0
      vertex 18.875084571540356 28.19605489820242 0
      vertex 24.15414370596409 29.698407866060734 0
    endloop
  endfacet
  facet normal 0 0 -1
    outer loop
      vertex 18.794825673103333 28.464120224118233 0
      vertex 23.945658564567566 30.256335124373436 0
      vertex 18.83649856597185 28.33191841095686 0
    endloop
  endfacet
  facet normal 0 0 -1
    outer loop
      vertex 18.651285707950592 28.83875546604395 0
      vertex 23.42444571107626 31.291219353675842 0
      vertex 18.702219240367413 28.717538751661777 0
    endloop
  endfacet
  facet normal 0 0 -1
    outer loop
      vertex 18.75006590038538 28.59266033768654 0
      vertex 18.702219240367413 28.717538751661777 0
      vertex 23.5677792429924 31.042619585990906 0
    endloop
  endfacet
  facet normal 0 0 -1
    outer loop
      vertex 18.35031481832266 29.389913499355316 0
      vertex 22.178943783044815 32.841386161744595 0
      vertex 22.382019996643066 32.6411200016737 0
    endloop
  endfacet
  facet normal 0 0 -1
    outer loop
      vertex 18.479963816702366 29.18043538928032 0
      vertex 22.57747481763363 32.43300537019968 0
      vertex 22.764242760837078 32.218143217265606 0
    endloop
  endfacet
  facet normal 0 0 -1
    outer loop
      vertex 18.41668275743723 29.28700529038906 0
      vertex 22.382019996643066 32.6411200016737 0
      vertex 22.57747481763363 32.43300537019968 0
    endloop
  endfacet
  facet normal 0 0 -1
    outer loop
      vertex 17.64397168159485 30.132950395345688 0
      vertex 19.784927904605865 34.35450828075409 0
      vertex 20.054050244390965 34.24324929714203 0
    endloop
  endfacet
  facet normal 0 0 -1
    outer loop
      vertex 17.73111890256405 30.067300722002983 0
      vertex 20.054050244390965 34.24324929714203 0
      vertex 20.316567979753017 34.12308960407972 0
    endloop
  endfacet
  facet normal 0 0 -1
    outer loop
      vertex 17.81611292809248 29.997415579855442 0
      vertex 20.316567979753017 34.12308960407972 0
      vertex 20.572481095790863 33.99402918666601 0
    endloop
  endfacet
  facet normal 0 0 -1
    outer loop
      vertex 17.979641400277615 29.844938904047012 0
      vertex 20.821789599955082 33.856068052351475 0
      vertex 21.064493499696255 33.70920620113611 0
    endloop
  endfacet
  facet normal 0 0 -1
    outer loop
      vertex 18.058175839483738 29.762347370386124 0
      vertex 21.064493499696255 33.70920620113611 0
      vertex 21.30059278011322 33.553443633019924 0
    endloop
  endfacet
  facet normal 0 0 -1
    outer loop
      vertex 17.89895375818014 29.923294968903065 0
      vertex 20.572481095790863 33.99402918666601 0
      vertex 20.821789599955082 33.856068052351475 0
    endloop
  endfacet
  facet normal 0.2808685790950327 0.9597462379593563 0
    outer loop
      vertex 18.937933191657066 34.634880907833576 0
      vertex 19.226869374513626 34.55032408237457 0.16
      vertex 19.226869374513626 34.55032408237457 0
    endloop
  endfacet
  facet normal 0.3142509952734389 0.9493399348861571 0
    outer loop
      vertex 19.226869374513626 34.55032408237457 0
      vertex 19.50920094549656 34.456866540014744 0.16
      vertex 19.50920094549656 34.456866540014744 0
    endloop
  endfacet
  facet normal 0.3480233540510439 0.9374858639121242 0
    outer loop
      vertex 19.50920094549656 34.456866540014744 0
      vertex 19.784927904605865 34.35450828075409 0.16
      vertex 19.784927904605865 34.35450828075409 0
    endloop
  endfacet
  facet normal 0.3820527649099659 0.9241405114075729 0
    outer loop
      vertex 19.784927904605865 34.35450828075409 0
      vertex 20.054050244390965 34.24324929714203 0.16
      vertex 20.054050244390965 34.24324929714203 0
    endloop
  endfacet
  facet normal 0 0 -1
    outer loop
      vertex 18.134557090699673 29.67552037537098 0
      vertex 21.30059278011322 33.553443633019924 0
      vertex 21.53008744865656 33.38878034055233 0
    endloop
  endfacet
  facet normal 0 0 -1
    outer loop
      vertex 18.134557090699673 29.67552037537098 0
      vertex 21.53008744865656 33.38878034055233 0
      vertex 21.75297750532627 33.21521633118391 0
    endloop
  endfacet
  facet normal 0 0 -1
    outer loop
      vertex 18.208785139024258 29.58445791900158 0
      vertex 21.75297750532627 33.21521633118391 0
      vertex 21.969262950122356 33.032751604914665 0
    endloop
  endfacet
  facet normal 0 0 -1
    outer loop
      vertex 18.280859999358654 29.489160001277924 0
      vertex 21.969262950122356 33.032751604914665 0
      vertex 22.178943783044815 32.841386161744595 0
    endloop
  endfacet
  facet normal 0.4161939986410098 0.9092758412578699 0
    outer loop
      vertex 20.316567979753017 34.12308960407972 0
      vertex 20.054050244390965 34.24324929714203 0
      vertex 20.316567979753017 34.12308960407972 0.16
    endloop
  endfacet
  facet normal 0.45029203606165613 0.8928813371660581 0
    outer loop
      vertex 20.316567979753017 34.12308960407972 0
      vertex 20.572481095790863 33.99402918666601 0.16
      vertex 20.572481095790863 33.99402918666601 0
    endloop
  endfacet
  facet normal 0.48418443265496675 0.8749659622948701 0
    outer loop
      vertex 20.572481095790863 33.99402918666601 0
      vertex 20.821789599955082 33.856068052351475 0.16
      vertex 20.821789599955082 33.856068052351475 0
    endloop
  endfacet
  facet normal 0.5177049532953781 0.8555592214063447 0
    outer loop
      vertex 20.821789599955082 33.856068052351475 0
      vertex 21.064493499696255 33.70920620113611 0.16
      vertex 21.064493499696255 33.70920620113611 0
    endloop
  endfacet
  facet normal 0.5506871558340894 0.8347117205355161 0
    outer loop
      vertex 21.064493499696255 33.70920620113611 0
      vertex 21.30059278011322 33.553443633019924 0.16
      vertex 21.30059278011322 33.553443633019924 0
    endloop
  endfacet
  facet normal 0.2808685790950327 0.9597462379593563 0
    outer loop
      vertex 18.937933191657066 34.634880907833576 0
      vertex 18.937933191657066 34.634880907833576 0.16
      vertex 19.226869374513626 34.55032408237457 0.16
    endloop
  endfacet
  facet normal 0.3142509952734389 0.9493399348861571 0
    outer loop
      vertex 19.226869374513626 34.55032408237457 0
      vertex 19.226869374513626 34.55032408237457 0.16
      vertex 19.50920094549656 34.456866540014744 0.16
    endloop
  endfacet
  facet normal 0.3480233540510439 0.9374858639121242 0
    outer loop
      vertex 19.50920094549656 34.456866540014744 0
      vertex 19.50920094549656 34.456866540014744 0.16
      vertex 19.784927904605865 34.35450828075409 0.16
    endloop
  endfacet
  facet normal 0.3820527649099659 0.9241405114075729 0
    outer loop
      vertex 19.784927904605865 34.35450828075409 0
      vertex 19.784927904605865 34.35450828075409 0.16
      vertex 20.054050244390965 34.24324929714203 0.16
    endloop
  endfacet
  facet normal 0.4161939986410098 0.9092758412578699 0
    outer loop
      vertex 20.054050244390965 34.24324929714203 0
      vertex 20.054050244390965 34.24324929714203 0.16
      vertex 20.316567979753017 34.12308960407972 0.16
    endloop
  endfacet
  facet normal 0.45029203606165613 0.8928813371660581 0
    outer loop
      vertex 20.316567979753017 34.12308960407972 0
      vertex 20.316567979753017 34.12308960407972 0.16
      vertex 20.572481095790863 33.99402918666601 0.16
    endloop
  endfacet
  facet normal 0.48418443265496675 0.8749659622948701 0
    outer loop
      vertex 20.572481095790863 33.99402918666601 0
      vertex 20.572481095790863 33.99402918666601 0.16
      vertex 20.821789599955082 33.856068052351475 0.16
    endloop
  endfacet
  facet normal 0.5177049532953781 0.8555592214063447 0
    outer loop
      vertex 20.821789599955082 33.856068052351475 0
      vertex 20.821789599955082 33.856068052351475 0.16
      vertex 21.064493499696255 33.70920620113611 0.16
    endloop
  endfacet
  facet normal 0.5506871558340894 0.8347117205355161 0
    outer loop
      vertex 21.064493499696255 33.70920620113611 0
      vertex 21.064493499696255 33.70920620113611 0.16
      vertex 21.30059278011322 33.553443633019924 0.16
    endloop
  endfacet
  facet normal 0 0 1
    outer loop
      vertex 17.273850850760937 30.35319448262453 0.16
      vertex 17.369610853493214 30.30448665469885 0.16
      vertex 18.937933191657066 34.634880907833576 0.16
    endloop
  endfacet
  facet normal 0 0 1
    outer loop
      vertex 17.369610853493214 30.30448665469885 0.16
      vertex 17.46321765333414 30.25154336541891 0.16
      vertex 19.226869374513626 34.55032408237457 0.16
    endloop
  endfacet
  facet normal 0 0 1
    outer loop
      vertex 17.46321765333414 30.25154336541891 0.16
      vertex 17.55467126518488 30.194364614784718 0.16
      vertex 19.50920094549656 34.456866540014744 0.16
    endloop
  endfacet
  facet normal 0 0 1
    outer loop
      vertex 17.55467126518488 30.194364614784718 0.16
      vertex 17.64397168159485 30.132950395345688 0.16
      vertex 19.784927904605865 34.35450828075409 0.16
    endloop
  endfacet
  facet normal 0 0 1
    outer loop
      vertex 17.73111890256405 30.067300722002983 0.16
      vertex 20.054050244390965 34.24324929714203 0.16
      vertex 17.64397168159485 30.132950395345688 0.16
    endloop
  endfacet
  facet normal 0 0 1
    outer loop
      vertex 17.73111890256405 30.067300722002983 0.16
      vertex 17.81611292809248 29.997415579855442 0.16
      vertex 20.316567979753017 34.12308960407972 0.16
    endloop
  endfacet
  facet normal 0 0 1
    outer loop
      vertex 17.81611292809248 29.997415579855442 0.16
      vertex 17.89895375818014 29.923294968903065 0.16
      vertex 20.572481095790863 33.99402918666601 0.16
    endloop
  endfacet
  facet normal 0 0 1
    outer loop
      vertex 17.979641400277615 29.844938904047012 0.16
      vertex 20.821789599955082 33.856068052351475 0.16
      vertex 17.89895375818014 29.923294968903065 0.16
    endloop
  endfacet
  facet normal 0 0 1
    outer loop
      vertex 16.430255837738514 30.590380415320396 0.16
      vertex 16.543241396546364 30.57555629312992 0.16
      vertex 17.065619245171547 34.95530676841736 0.16
    endloop
  endfacet
  facet normal 0 0 1
    outer loop
      vertex 16.543241396546364 30.57555629312992 0.16
      vertex 16.654073759913445 30.55649670958519 0.16
      vertex 17.065619245171547 34.95530676841736 0.16
    endloop
  endfacet
  facet normal 0 0 1
    outer loop
      vertex 16.654073759913445 30.55649670958519 0.16
      vertex 16.762752927839756 30.533201664686203 0.16
      vertex 17.394183099269867 34.92415425181389 0.16
    endloop
  endfacet
  facet normal 0 0 1
    outer loop
      vertex 16.762752927839756 30.533201664686203 0.16
      vertex 16.8692789003253 30.50567115098238 0.16
      vertex 17.71614234149456 34.88410101830959 0.16
    endloop
  endfacet
  facet normal 0 0 1
    outer loop
      vertex 16.8692789003253 30.50567115098238 0.16
      vertex 16.973651684820652 30.4739051759243 0.16
      vertex 18.031496971845627 34.83514706790447 0.16
    endloop
  endfacet
  facet normal 0 0 1
    outer loop
      vertex 16.973651684820652 30.4739051759243 0.16
      vertex 17.075871266424656 30.437903739511967 0.16
      vertex 18.031496971845627 34.83514706790447 0.16
    endloop
  endfacet
  facet normal 0 0 1
    outer loop
      vertex 17.075871266424656 30.437903739511967 0.16
      vertex 17.17593765258789 30.397666841745377 0.16
      vertex 18.340246997773647 34.777292400598526 0.16
    endloop
  endfacet
  facet normal 0 0 1
    outer loop
      vertex 17.17593765258789 30.397666841745377 0.16
      vertex 17.273850850760937 30.35319448262453 0.16
      vertex 18.64239240437746 34.710537016391754 0.16
    endloop
  endfacet
  facet normal 0 0 1
    outer loop
      vertex 17.075871266424656 30.437903739511967 0.16
      vertex 18.340246997773647 34.777292400598526 0.16
      vertex 18.031496971845627 34.83514706790447 0.16
    endloop
  endfacet
  facet normal 0 0 1
    outer loop
      vertex 16.430255837738514 30.590380415320396 0.16
      vertex 17.065619245171547 34.95530676841736 0.16
      vertex 16.73045077174902 34.97755856066942 0.16
    endloop
  endfacet
  facet normal 0 0 1
    outer loop
      vertex 16.654073759913445 30.55649670958519 0.16
      vertex 17.394183099269867 34.92415425181389 0.16
      vertex 17.065619245171547 34.95530676841736 0.16
    endloop
  endfacet
  facet normal 0 0 1
    outer loop
      vertex 16.762752927839756 30.533201664686203 0.16
      vertex 17.71614234149456 34.88410101830959 0.16
      vertex 17.394183099269867 34.92415425181389 0.16
    endloop
  endfacet
  facet normal 0 0 1
    outer loop
      vertex 16.8692789003253 30.50567115098238 0.16
      vertex 18.031496971845627 34.83514706790447 0.16
      vertex 17.71614234149456 34.88410101830959 0.16
    endloop
  endfacet
  facet normal 0 0 1
    outer loop
      vertex 17.17593765258789 30.397666841745377 0.16
      vertex 18.64239240437746 34.710537016391754 0.16
      vertex 18.340246997773647 34.777292400598526 0.16
    endloop
  endfacet
  facet normal 0 0 1
    outer loop
      vertex 17.273850850760937 30.35319448262453 0.16
      vertex 18.937933191657066 34.634880907833576 0.16
      vertex 18.64239240437746 34.710537016391754 0.16
    endloop
  endfacet
  facet normal 0 0 1
    outer loop
      vertex 17.369610853493214 30.30448665469885 0.16
      vertex 19.226869374513626 34.55032408237457 0.16
      vertex 18.937933191657066 34.634880907833576 0.16
    endloop
  endfacet
  facet normal 0 0 1
    outer loop
      vertex 17.46321765333414 30.25154336541891 0.16
      vertex 19.50920094549656 34.456866540014744 0.16
      vertex 19.226869374513626 34.55032408237457 0.16
    endloop
  endfacet
  facet normal 0 0 1
    outer loop
      vertex 17.55467126518488 30.194364614784718 0.16
      vertex 19.784927904605865 34.35450828075409 0.16
      vertex 19.50920094549656 34.456866540014744 0.16
    endloop
  endfacet
  facet normal 0 0 1
    outer loop
      vertex 18.54015799611807 29.07020378112793 0.16
      vertex 22.942323818802834 31.996533535420895 0.16
      vertex 18.479963816702366 29.18043538928032 0.16
    endloop
  endfacet
  facet normal 0 0 1
    outer loop
      vertex 18.54015799611807 29.07020378112793 0.16
      vertex 18.597265295684338 28.956310473382473 0.16
      vertex 23.111717998981476 31.768176332116127 0.16
    endloop
  endfacet
  facet normal 0 0 1
    outer loop
      vertex 18.651285707950592 28.83875546604395 0.16
      vertex 23.272425293922424 31.533071607351303 0.16
      vertex 18.597265295684338 28.956310473382473 0.16
    endloop
  endfacet
  facet normal 0 0 1
    outer loop
      vertex 18.134557090699673 29.67552037537098 0.16
      vertex 18.208785139024258 29.58445791900158 0.16
      vertex 21.75297750532627 33.21521633118391 0.16
    endloop
  endfacet
  facet normal 0 0 1
    outer loop
      vertex 18.280859999358654 29.489160001277924 0.16
      vertex 21.969262950122356 33.032751604914665 0.16
      vertex 18.208785139024258 29.58445791900158 0.16
    endloop
  endfacet
  facet normal 0 0 1
    outer loop
      vertex 17.979641400277615 29.844938904047012 0.16
      vertex 18.058175839483738 29.762347370386124 0.16
      vertex 21.064493499696255 33.70920620113611 0.16
    endloop
  endfacet
  facet normal 0 0 1
    outer loop
      vertex 18.134557090699673 29.67552037537098 0.16
      vertex 21.30059278011322 33.553443633019924 0.16
      vertex 18.058175839483738 29.762347370386124 0.16
    endloop
  endfacet
  facet normal 0 0 1
    outer loop
      vertex 18.41668275743723 29.28700529038906 0.16
      vertex 22.382019996643066 32.6411200016737 0.16
      vertex 18.35031481832266 29.389913499355316 0.16
    endloop
  endfacet
  facet normal 0 0 1
    outer loop
      vertex 18.41668275743723 29.28700529038906 0.16
      vertex 18.479963816702366 29.18043538928032 0.16
      vertex 22.57747481763363 32.43300537019968 0.16
    endloop
  endfacet
  facet normal 0 0 1
    outer loop
      vertex 18.280859999358654 29.489160001277924 0.16
      vertex 18.35031481832266 29.389913499355316 0.16
      vertex 22.178943783044815 32.841386161744595 0.16
    endloop
  endfacet
  facet normal 0 0 1
    outer loop
      vertex 18.794825673103333 28.464120224118233 0.16
      vertex 23.828385673463345 30.525177463889122 0.16
      vertex 18.75006590038538 28.59266033768654 0.16
    endloop
  endfacet
  facet normal 0 0 1
    outer loop
      vertex 18.875084571540356 28.19605489820242 0.16
      vertex 24.054244577884674 29.980745255947113 0.16
      vertex 18.83649856597185 28.33191841095686 0.16
    endloop
  endfacet
  facet normal 0 0 1
    outer loop
      vertex 18.910583704710007 28.05652967840433 0.16
      vertex 24.15414370596409 29.698407866060734 0.16
      vertex 18.875084571540356 28.19605489820242 0.16
    endloop
  endfacet
  facet normal 0 0 1
    outer loop
      vertex 18.794825673103333 28.464120224118233 0.16
      vertex 18.83649856597185 28.33191841095686 0.16
      vertex 23.945658564567566 30.256335124373436 0.16
    endloop
  endfacet
  facet normal 0 0 1
    outer loop
      vertex 18.651285707950592 28.83875546604395 0.16
      vertex 18.702219240367413 28.717538751661777 0.16
      vertex 23.42444571107626 31.291219353675842 0.16
    endloop
  endfacet
  facet normal 0 0 1
    outer loop
      vertex 18.75006590038538 28.59266033768654 0.16
      vertex 23.5677792429924 31.042619585990906 0.16
      vertex 18.702219240367413 28.717538751661777 0.16
    endloop
  endfacet
  facet normal 0 0 1
    outer loop
      vertex 18.35031481832266 29.389913499355316 0.16
      vertex 22.382019996643066 32.6411200016737 0.16
      vertex 22.178943783044815 32.841386161744595 0.16
    endloop
  endfacet
  facet normal 0 0 1
    outer loop
      vertex 18.479963816702366 29.18043538928032 0.16
      vertex 22.764242760837078 32.218143217265606 0.16
      vertex 22.57747481763363 32.43300537019968 0.16
    endloop
  endfacet
  facet normal 0 0 1
    outer loop
      vertex 18.41668275743723 29.28700529038906 0.16
      vertex 22.57747481763363 32.43300537019968 0.16
      vertex 22.382019996643066 32.6411200016737 0.16
    endloop
  endfacet
  facet normal 0 0 1
    outer loop
      vertex 17.64397168159485 30.132950395345688 0.16
      vertex 20.054050244390965 34.24324929714203 0.16
      vertex 19.784927904605865 34.35450828075409 0.16
    endloop
  endfacet
  facet normal 0 0 1
    outer loop
      vertex 17.73111890256405 30.067300722002983 0.16
      vertex 20.316567979753017 34.12308960407972 0.16
      vertex 20.054050244390965 34.24324929714203 0.16
    endloop
  endfacet
  facet normal 0 0 1
    outer loop
      vertex 17.81611292809248 29.997415579855442 0.16
      vertex 20.572481095790863 33.99402918666601 0.16
      vertex 20.316567979753017 34.12308960407972 0.16
    endloop
  endfacet
  facet normal 0 0 1
    outer loop
      vertex 17.979641400277615 29.844938904047012 0.16
      vertex 21.064493499696255 33.70920620113611 0.16
      vertex 20.821789599955082 33.856068052351475 0.16
    endloop
  endfacet
  facet normal 0 0 1
    outer loop
      vertex 18.058175839483738 29.762347370386124 0.16
      vertex 21.30059278011322 33.553443633019924 0.16
      vertex 21.064493499696255 33.70920620113611 0.16
    endloop
  endfacet
  facet normal 0 0 1
    outer loop
      vertex 17.89895375818014 29.923294968903065 0.16
      vertex 20.821789599955082 33.856068052351475 0.16
      vertex 20.572481095790863 33.99402918666601 0.16
    endloop
  endfacet
  facet normal 0 0 1
    outer loop
      vertex 18.134557090699673 29.67552037537098 0.16
      vertex 21.53008744865656 33.38878034055233 0.16
      vertex 21.30059278011322 33.553443633019924 0.16
    endloop
  endfacet
  facet normal 0 0 1
    outer loop
      vertex 18.134557090699673 29.67552037537098 0.16
      vertex 21.75297750532627 33.21521633118391 0.16
      vertex 21.53008744865656 33.38878034055233 0.16
    endloop
  endfacet
  facet normal 0 0 1
    outer loop
      vertex 18.208785139024258 29.58445791900158 0.16
      vertex 21.969262950122356 33.032751604914665 0.16
      vertex 21.75297750532627 33.21521633118391 0.16
    endloop
  endfacet
  facet normal 0 0 1
    outer loop
      vertex 18.280859999358654 29.489160001277924 0.16
      vertex 22.178943783044815 32.841386161744595 0.16
      vertex 21.969262950122356 33.032751604914665 0.16
    endloop
  endfacet
  facet normal 0 0 -1
    outer loop
      vertex 24.67970000207424 26.147359997034073 0
      vertex 24.67970000207424 22.25 0
      vertex 19.097340002655983 22.25 0
    endloop
  endfacet
  facet normal 0 0 -1
    outer loop
      vertex 19.097340002655983 26.280079998075962 0
      vertex 24.675356559455395 26.503920152783394 0
      vertex 24.67970000207424 26.147359997034073 0
    endloop
  endfacet
  facet normal 0 0 -1
    outer loop
      vertex 19.095796562731266 26.45988392829895 0
      vertex 24.662326239049435 26.853732779622078 0
      vertex 24.675356559455395 26.503920152783394 0
    endloop
  endfacet
  facet normal 0 0 -1
    outer loop
      vertex 19.091166235506535 26.63602615892887 0
      vertex 24.64060903340578 27.196797885000706 0
      vertex 24.662326239049435 26.853732779622078 0
    endloop
  endfacet
  facet normal 0 0 -1
    outer loop
      vertex 19.07264495640993 26.97732552140951 0
      vertex 24.610204949975014 27.533115461468697 0
      vertex 24.64060903340578 27.196797885000706 0
    endloop
  endfacet
  facet normal 0 0 -1
    outer loop
      vertex 19.058753989636898 27.14248264580965 0
      vertex 24.571113988757133 27.86268551647663 0
      vertex 24.610204949975014 27.533115461468697 0
    endloop
  endfacet
  facet normal 0 0 -1
    outer loop
      vertex 19.02171141654253 27.461811795830727 0
      vertex 24.466871418058872 28.50158306211233 0
      vertex 24.52333614230156 28.18550805002451 0
    endloop
  endfacet
  facet normal 0 0 -1
    outer loop
      vertex 19.04177614301443 27.303978070616722 0
      vertex 24.52333614230156 28.18550805002451 0
      vertex 24.571113988757133 27.86268551647663 0
    endloop
  endfacet
  facet normal 0 0 -1
    outer loop
      vertex 18.998559810221195 27.615983821451664 0
      vertex 24.40171980857849 28.810910545289516 0
      vertex 24.466871418058872 28.50158306211233 0
    endloop
  endfacet
  facet normal 1 0 0
    outer loop
      vertex 24.67970000207424 26.147359997034073 0
      vertex 24.67970000207424 26.147359997034073 0.16
      vertex 24.67970000207424 22.25 0
    endloop
  endfacet
  facet normal 1 0 0
    outer loop
      vertex 24.67970000207424 26.147359997034073 0.16
      vertex 24.67970000207424 22.25 0.16
      vertex 24.67970000207424 22.25 0
    endloop
  endfacet
  facet normal 0.9999258136115149 0.012180610549146249 0
    outer loop
      vertex 24.67970000207424 26.147359997034073 0
      vertex 24.675356559455395 26.503920152783394 0
      vertex 24.67970000207424 26.147359997034073 0.16
    endloop
  endfacet
  facet normal 0.9993069611615275 0.03722361312545123 0
    outer loop
      vertex 24.675356559455395 26.503920152783394 0
      vertex 24.662326239049435 26.853732779622078 0
      vertex 24.675356559455395 26.503920152783394 0.16
    endloop
  endfacet
  facet normal 0.9980023384048671 0.0631769937431129 0
    outer loop
      vertex 24.662326239049435 26.853732779622078 0
      vertex 24.64060903340578 27.196797885000706 0
      vertex 24.662326239049435 26.853732779622078 0.16
    endloop
  endfacet
  facet normal 0.9959385359620803 0.09003572949506268 0
    outer loop
      vertex 24.64060903340578 27.196797885000706 0
      vertex 24.610204949975014 27.533115461468697 0
      vertex 24.64060903340578 27.196797885000706 0.16
    endloop
  endfacet
  facet normal 0.9930389621017232 0.11778633090445043 0
    outer loop
      vertex 24.610204949975014 27.533115461468697 0
      vertex 24.571113988757133 27.86268551647663 0
      vertex 24.610204949975014 27.533115461468697 0.16
    endloop
  endfacet
  facet normal 0.9892246475743891 0.14640558948115948 0
    outer loop
      vertex 24.571113988757133 27.86268551647663 0
      vertex 24.52333614230156 28.18550805002451 0
      vertex 24.571113988757133 27.86268551647663 0.16
    endloop
  endfacet
  facet normal 0.9844153072534398 0.17585932686416028 0
    outer loop
      vertex 24.52333614230156 28.18550805002451 0
      vertex 24.466871418058872 28.50158306211233 0
      vertex 24.52333614230156 28.18550805002451 0.16
    endloop
  endfacet
  facet normal 0.9999258136115149 0.012180610549146249 0
    outer loop
      vertex 24.675356559455395 26.503920152783394 0
      vertex 24.675356559455395 26.503920152783394 0.16
      vertex 24.67970000207424 26.147359997034073 0.16
    endloop
  endfacet
  facet normal 0.9993069611615275 0.03722361312545123 0
    outer loop
      vertex 24.662326239049435 26.853732779622078 0
      vertex 24.662326239049435 26.853732779622078 0.16
      vertex 24.675356559455395 26.503920152783394 0.16
    endloop
  endfacet
  facet normal 0.9980023384048671 0.0631769937431129 0
    outer loop
      vertex 24.64060903340578 27.196797885000706 0
      vertex 24.64060903340578 27.196797885000706 0.16
      vertex 24.662326239049435 26.853732779622078 0.16
    endloop
  endfacet
  facet normal 0.9959385359620803 0.09003572949506268 0
    outer loop
      vertex 24.610204949975014 27.533115461468697 0
      vertex 24.610204949975014 27.533115461468697 0.16
      vertex 24.64060903340578 27.196797885000706 0.16
    endloop
  endfacet
  facet normal 0.9892246475743891 0.14640558948115948 0
    outer loop
      vertex 24.52333614230156 28.18550805002451 0
      vertex 24.52333614230156 28.18550805002451 0.16
      vertex 24.571113988757133 27.86268551647663 0.16
    endloop
  endfacet
  facet normal 0.9844153072534398 0.17585932686416028 0
    outer loop
      vertex 24.466871418058872 28.50158306211233 0
      vertex 24.466871418058872 28.50158306211233 0.16
      vertex 24.52333614230156 28.18550805002451 0.16
    endloop
  endfacet
  facet normal 0.9930389621017232 0.11778633090445043 0
    outer loop
      vertex 24.571113988757133 27.86268551647663 0
      vertex 24.571113988757133 27.86268551647663 0.16
      vertex 24.610204949975014 27.533115461468697 0.16
    endloop
  endfacet
  facet normal 0 0 1
    outer loop
      vertex 19.097340002655983 26.280079998075962 0.16
      vertex 24.67970000207424 22.25 0.16
      vertex 24.67970000207424 26.147359997034073 0.16
    endloop
  endfacet
  facet normal 0 0 1
    outer loop
      vertex 19.097340002655983 26.280079998075962 0.16
      vertex 24.67970000207424 26.147359997034073 0.16
      vertex 24.675356559455395 26.503920152783394 0.16
    endloop
  endfacet
  facet normal 0 0 1
    outer loop
      vertex 19.095796562731266 26.45988392829895 0.16
      vertex 24.675356559455395 26.503920152783394 0.16
      vertex 24.662326239049435 26.853732779622078 0.16
    endloop
  endfacet
  facet normal 0 0 1
    outer loop
      vertex 19.091166235506535 26.63602615892887 0.16
      vertex 24.662326239049435 26.853732779622078 0.16
      vertex 24.64060903340578 27.196797885000706 0.16
    endloop
  endfacet
  facet normal 0 0 1
    outer loop
      vertex 19.07264495640993 26.97732552140951 0.16
      vertex 24.64060903340578 27.196797885000706 0.16
      vertex 24.610204949975014 27.533115461468697 0.16
    endloop
  endfacet
  facet normal 0 0 1
    outer loop
      vertex 19.058753989636898 27.14248264580965 0.16
      vertex 24.610204949975014 27.533115461468697 0.16
      vertex 24.571113988757133 27.86268551647663 0.16
    endloop
  endfacet
  facet normal 0 0 1
    outer loop
      vertex 19.02171141654253 27.461811795830727 0.16
      vertex 24.52333614230156 28.18550805002451 0.16
      vertex 24.466871418058872 28.50158306211233 0.16
    endloop
  endfacet
  facet normal 0 0 1
    outer loop
      vertex 19.04177614301443 27.303978070616722 0.16
      vertex 24.571113988757133 27.86268551647663 0.16
      vertex 24.52333614230156 28.18550805002451 0.16
    endloop
  endfacet
  facet normal 0 0 1
    outer loop
      vertex 18.998559810221195 27.615983821451664 0.16
      vertex 24.466871418058872 28.50158306211233 0.16
      vertex 24.40171980857849 28.810910545289516 0.16
    endloop
  endfacet
  facet normal 0 0 -1
    outer loop
      vertex 18.942995958030224 27.913342759013176 0
      vertex 24.24535595625639 29.409322947263718 0
      vertex 24.327881321310997 29.113490507006645 0
    endloop
  endfacet
  facet normal 0 0 -1
    outer loop
      vertex 18.875084571540356 28.19605489820242 0
      vertex 24.054244577884674 29.980745255947113 0
      vertex 24.15414370596409 29.698407866060734 0
    endloop
  endfacet
  facet normal 0 0 -1
    outer loop
      vertex 18.910583704710007 28.05652967840433 0
      vertex 24.15414370596409 29.698407866060734 0
      vertex 24.24535595625639 29.409322947263718 0
    endloop
  endfacet
  facet normal 0 0 -1
    outer loop
      vertex 18.794825673103333 28.464120224118233 0
      vertex 23.828385673463345 30.525177463889122 0
      vertex 23.945658564567566 30.256335124373436 0
    endloop
  endfacet
  facet normal 0 0 -1
    outer loop
      vertex 18.75006590038538 28.59266033768654 0
      vertex 23.5677792429924 31.042619585990906 0
      vertex 23.70242589712143 30.787272289395332 0
    endloop
  endfacet
  facet normal 0 0 -1
    outer loop
      vertex 18.75006590038538 28.59266033768654 0
      vertex 23.70242589712143 30.787272289395332 0
      vertex 23.828385673463345 30.525177463889122 0
    endloop
  endfacet
  facet normal 0 0 -1
    outer loop
      vertex 18.83649856597185 28.33191841095686 0
      vertex 23.945658564567566 30.256335124373436 0
      vertex 24.054244577884674 29.980745255947113 0
    endloop
  endfacet
  facet normal 0 0 -1
    outer loop
      vertex 18.54015799611807 29.07020378112793 0
      vertex 22.942323818802834 31.996533535420895 0
      vertex 23.111717998981476 31.768176332116127 0
    endloop
  endfacet
  facet normal 0 0 -1
    outer loop
      vertex 18.651285707950592 28.83875546604395 0
      vertex 23.272425293922424 31.533071607351303 0
      vertex 23.42444571107626 31.291219353675842 0
    endloop
  endfacet
  facet normal 0 0 -1
    outer loop
      vertex 18.702219240367413 28.717538751661777 0
      vertex 23.42444571107626 31.291219353675842 0
      vertex 23.5677792429924 31.042619585990906 0
    endloop
  endfacet
  facet normal 0 0 -1
    outer loop
      vertex 18.597265295684338 28.956310473382473 0
      vertex 23.111717998981476 31.768176332116127 0
      vertex 23.272425293922424 31.533071607351303 0
    endloop
  endfacet
  facet normal 0 0 -1
    outer loop
      vertex 18.479963816702366 29.18043538928032 0
      vertex 22.764242760837078 32.218143217265606 0
      vertex 22.942323818802834 31.996533535420895 0
    endloop
  endfacet
  facet normal 0 0 -1
    outer loop
      vertex 18.972321324050426 27.766494140028954 0
      vertex 24.327881321310997 29.113490507006645 0
      vertex 24.40171980857849 28.810910545289516 0
    endloop
  endfacet
  facet normal 0.8845562535685484 0.46643352610288846 0
    outer loop
      vertex 23.5677792429924 31.042619585990906 0
      vertex 23.70242589712143 30.787272289395332 0.16
      vertex 23.70242589712143 30.787272289395332 0
    endloop
  endfacet
  facet normal 0.8255589214130682 0.5643159286031996 0
    outer loop
      vertex 23.272425293922424 31.533071607351303 0
      vertex 23.111717998981476 31.768176332116127 0
      vertex 23.272425293922424 31.533071607351303 0.16
    endloop
  endfacet
  facet normal 0.84663812556224 0.5321690373785916 0
    outer loop
      vertex 23.272425293922424 31.533071607351303 0
      vertex 23.42444571107626 31.291219353675842 0.16
      vertex 23.42444571107626 31.291219353675842 0
    endloop
  endfacet
  facet normal 0.8663204223734061 0.4994886643145799 0
    outer loop
      vertex 23.42444571107626 31.291219353675842 0
      vertex 23.5677792429924 31.042619585990906 0.16
      vertex 23.5677792429924 31.042619585990906 0
    endloop
  endfacet
  facet normal 0.8845562535685484 0.46643352610288846 0
    outer loop
      vertex 23.5677792429924 31.042619585990906 0
      vertex 23.5677792429924 31.042619585990906 0.16
      vertex 23.70242589712143 30.787272289395332 0.16
    endloop
  endfacet
  facet normal 0.8255589214130682 0.5643159286031996 0
    outer loop
      vertex 23.111717998981476 31.768176332116127 0
      vertex 23.111717998981476 31.768176332116127 0.16
      vertex 23.272425293922424 31.533071607351303 0.16
    endloop
  endfacet
  facet normal 0.84663812556224 0.5321690373785916 0
    outer loop
      vertex 23.272425293922424 31.533071607351303 0
      vertex 23.272425293922424 31.533071607351303 0.16
      vertex 23.42444571107626 31.291219353675842 0.16
    endloop
  endfacet
  facet normal 0.8663204223734061 0.4994886643145799 0
    outer loop
      vertex 23.42444571107626 31.291219353675842 0
      vertex 23.42444571107626 31.291219353675842 0.16
      vertex 23.5677792429924 31.042619585990906 0.16
    endloop
  endfacet
  facet normal 0.6143928306698893 0.7890002849311532 0
    outer loop
      vertex 21.75297750532627 33.21521633118391 0
      vertex 21.53008744865656 33.38878034055233 0
      vertex 21.75297750532627 33.21521633118391 0.16
    endloop
  endfacet
  facet normal 0.6448170223294291 0.7643369726201976 0
    outer loop
      vertex 21.75297750532627 33.21521633118391 0
      vertex 21.969262950122356 33.032751604914665 0.16
      vertex 21.969262950122356 33.032751604914665 0
    endloop
  endfacet
  facet normal 0.7289298708089389 0.68458837518794 0
    outer loop
      vertex 22.382019996643066 32.6411200016737 0
      vertex 22.57747481763363 32.43300537019968 0.16
      vertex 22.57747481763363 32.43300537019968 0
    endloop
  endfacet
  facet normal 0.6741112915452525 0.7386297899565057 0
    outer loop
      vertex 22.178943783044815 32.841386161744595 0
      vertex 21.969262950122356 33.032751604914665 0
      vertex 22.178943783044815 32.841386161744595 0.16
    endloop
  endfacet
  facet normal 0.7021633851457048 0.7120158569587652 0
    outer loop
      vertex 22.178943783044815 32.841386161744595 0
      vertex 22.382019996643066 32.6411200016737 0.16
      vertex 22.382019996643066 32.6411200016737 0
    endloop
  endfacet
  facet normal 0.5829682091951528 0.8124949643338084 0
    outer loop
      vertex 21.30059278011322 33.553443633019924 0
      vertex 21.53008744865656 33.38878034055233 0.16
      vertex 21.53008744865656 33.38878034055233 0
    endloop
  endfacet
  facet normal 0.7547250186195514 0.6560412687245504 0
    outer loop
      vertex 22.57747481763363 32.43300537019968 0
      vertex 22.764242760837078 32.218143217265606 0.16
      vertex 22.764242760837078 32.218143217265606 0
    endloop
  endfacet
  facet normal 0.7795057585370017 0.626395060970035 0
    outer loop
      vertex 22.764242760837078 32.218143217265606 0
      vertex 22.942323818802834 31.996533535420895 0.16
      vertex 22.942323818802834 31.996533535420895 0
    endloop
  endfacet
  facet normal 0.8031521032770033 0.5957740335074413 0
    outer loop
      vertex 22.942323818802834 31.996533535420895 0
      vertex 23.111717998981476 31.768176332116127 0.16
      vertex 23.111717998981476 31.768176332116127 0
    endloop
  endfacet
  facet normal 0.6143928306698893 0.7890002849311532 0
    outer loop
      vertex 21.53008744865656 33.38878034055233 0
      vertex 21.53008744865656 33.38878034055233 0.16
      vertex 21.75297750532627 33.21521633118391 0.16
    endloop
  endfacet
  facet normal 0.6448170223294291 0.7643369726201976 0
    outer loop
      vertex 21.75297750532627 33.21521633118391 0
      vertex 21.75297750532627 33.21521633118391 0.16
      vertex 21.969262950122356 33.032751604914665 0.16
    endloop
  endfacet
  facet normal 0.7289298708089389 0.68458837518794 0
    outer loop
      vertex 22.382019996643066 32.6411200016737 0
      vertex 22.382019996643066 32.6411200016737 0.16
      vertex 22.57747481763363 32.43300537019968 0.16
    endloop
  endfacet
  facet normal 0.6741112915452525 0.7386297899565057 0
    outer loop
      vertex 21.969262950122356 33.032751604914665 0
      vertex 21.969262950122356 33.032751604914665 0.16
      vertex 22.178943783044815 32.841386161744595 0.16
    endloop
  endfacet
  facet normal 0.7021633851457048 0.7120158569587652 0
    outer loop
      vertex 22.178943783044815 32.841386161744595 0
      vertex 22.178943783044815 32.841386161744595 0.16
      vertex 22.382019996643066 32.6411200016737 0.16
    endloop
  endfacet
  facet normal 0.5829682091951528 0.8124949643338084 0
    outer loop
      vertex 21.30059278011322 33.553443633019924 0
      vertex 21.30059278011322 33.553443633019924 0.16
      vertex 21.53008744865656 33.38878034055233 0.16
    endloop
  endfacet
  facet normal 0.7547250186195514 0.6560412687245504 0
    outer loop
      vertex 22.57747481763363 32.43300537019968 0
      vertex 22.57747481763363 32.43300537019968 0.16
      vertex 22.764242760837078 32.218143217265606 0.16
    endloop
  endfacet
  facet normal 0.7795057585370017 0.626395060970035 0
    outer loop
      vertex 22.764242760837078 32.218143217265606 0
      vertex 22.764242760837078 32.218143217265606 0.16
      vertex 22.942323818802834 31.996533535420895 0.16
    endloop
  endfacet
  facet normal 0.8031521032770033 0.5957740335074413 0
    outer loop
      vertex 22.942323818802834 31.996533535420895 0
      vertex 22.942323818802834 31.996533535420895 0.16
      vertex 23.111717998981476 31.768176332116127 0.16
    endloop
  endfacet
  facet normal 0.9536562634911607 0.30089820721313365 0
    outer loop
      vertex 24.24535595625639 29.409322947263718 0
      vertex 24.15414370596409 29.698407866060734 0
      vertex 24.24535595625639 29.409322947263718 0.16
    endloop
  endfacet
  facet normal 0.9427273879813438 0.33356419464605747 0
    outer loop
      vertex 24.054244577884674 29.980745255947113 0
      vertex 24.15414370596409 29.698407866060734 0.16
      vertex 24.15414370596409 29.698407866060734 0
    endloop
  endfacet
  facet normal 0.9303850114823379 0.3665838654510181 0
    outer loop
      vertex 24.054244577884674 29.980745255947113 0
      vertex 23.945658564567566 30.256335124373436 0
      vertex 24.054244577884674 29.980745255947113 0.16
    endloop
  endfacet
  facet normal 0.9714918779065922 0.23707283935854623 0
    outer loop
      vertex 24.40171980857849 28.810910545289516 0
      vertex 24.327881321310997 29.113490507006645 0
      vertex 24.40171980857849 28.810910545289516 0.16
    endloop
  endfacet
  facet normal 0.9785306275103582 0.2061014580835966 0
    outer loop
      vertex 24.40171980857849 28.810910545289516 0
      vertex 24.466871418058872 28.50158306211233 0.16
      vertex 24.466871418058872 28.50158306211233 0
    endloop
  endfacet
  facet normal 0.963223714867884 0.2687007166274653 0
    outer loop
      vertex 24.327881321310997 29.113490507006645 0
      vertex 24.24535595625639 29.409322947263718 0
      vertex 24.327881321310997 29.113490507006645 0.16
    endloop
  endfacet
  facet normal 0.9165895239145119 0.39982951948320217 0
    outer loop
      vertex 23.828385673463345 30.525177463889122 0
      vertex 23.945658564567566 30.256335124373436 0.16
      vertex 23.945658564567566 30.256335124373436 0
    endloop
  endfacet
  facet normal 0.9013160035493812 0.43316216564442916 0
    outer loop
      vertex 23.828385673463345 30.525177463889122 0
      vertex 23.70242589712143 30.787272289395332 0
      vertex 23.828385673463345 30.525177463889122 0.16
    endloop
  endfacet
  facet normal 0.963223714867884 0.2687007166274653 0
    outer loop
      vertex 24.24535595625639 29.409322947263718 0
      vertex 24.24535595625639 29.409322947263718 0.16
      vertex 24.327881321310997 29.113490507006645 0.16
    endloop
  endfacet
  facet normal 0.9536562634911607 0.30089820721313365 0
    outer loop
      vertex 24.15414370596409 29.698407866060734 0
      vertex 24.15414370596409 29.698407866060734 0.16
      vertex 24.24535595625639 29.409322947263718 0.16
    endloop
  endfacet
  facet normal 0.9427273879813438 0.33356419464605747 0
    outer loop
      vertex 24.054244577884674 29.980745255947113 0
      vertex 24.054244577884674 29.980745255947113 0.16
      vertex 24.15414370596409 29.698407866060734 0.16
    endloop
  endfacet
  facet normal 0.9785306275103582 0.2061014580835966 0
    outer loop
      vertex 24.40171980857849 28.810910545289516 0
      vertex 24.40171980857849 28.810910545289516 0.16
      vertex 24.466871418058872 28.50158306211233 0.16
    endloop
  endfacet
  facet normal 0.9714918779065922 0.23707283935854623 0
    outer loop
      vertex 24.327881321310997 29.113490507006645 0
      vertex 24.327881321310997 29.113490507006645 0.16
      vertex 24.40171980857849 28.810910545289516 0.16
    endloop
  endfacet
  facet normal 0.9303850114823379 0.3665838654510181 0
    outer loop
      vertex 23.945658564567566 30.256335124373436 0
      vertex 23.945658564567566 30.256335124373436 0.16
      vertex 24.054244577884674 29.980745255947113 0.16
    endloop
  endfacet
  facet normal 0.9165895239145119 0.39982951948320217 0
    outer loop
      vertex 23.828385673463345 30.525177463889122 0
      vertex 23.828385673463345 30.525177463889122 0.16
      vertex 23.945658564567566 30.256335124373436 0.16
    endloop
  endfacet
  facet normal 0.9013160035493812 0.43316216564442916 0
    outer loop
      vertex 23.70242589712143 30.787272289395332 0
      vertex 23.70242589712143 30.787272289395332 0.16
      vertex 23.828385673463345 30.525177463889122 0.16
    endloop
  endfacet
  facet normal 0 0 1
    outer loop
      vertex 18.942995958030224 27.913342759013176 0.16
      vertex 24.327881321310997 29.113490507006645 0.16
      vertex 24.24535595625639 29.409322947263718 0.16
    endloop
  endfacet
  facet normal 0 0 1
    outer loop
      vertex 18.875084571540356 28.19605489820242 0.16
      vertex 24.15414370596409 29.698407866060734 0.16
      vertex 24.054244577884674 29.980745255947113 0.16
    endloop
  endfacet
  facet normal 0 0 1
    outer loop
      vertex 18.910583704710007 28.05652967840433 0.16
      vertex 24.24535595625639 29.409322947263718 0.16
      vertex 24.15414370596409 29.698407866060734 0.16
    endloop
  endfacet
  facet normal 0 0 1
    outer loop
      vertex 18.794825673103333 28.464120224118233 0.16
      vertex 23.945658564567566 30.256335124373436 0.16
      vertex 23.828385673463345 30.525177463889122 0.16
    endloop
  endfacet
  facet normal 0 0 1
    outer loop
      vertex 18.75006590038538 28.59266033768654 0.16
      vertex 23.70242589712143 30.787272289395332 0.16
      vertex 23.5677792429924 31.042619585990906 0.16
    endloop
  endfacet
  facet normal 0 0 1
    outer loop
      vertex 18.75006590038538 28.59266033768654 0.16
      vertex 23.828385673463345 30.525177463889122 0.16
      vertex 23.70242589712143 30.787272289395332 0.16
    endloop
  endfacet
  facet normal 0 0 1
    outer loop
      vertex 18.83649856597185 28.33191841095686 0.16
      vertex 24.054244577884674 29.980745255947113 0.16
      vertex 23.945658564567566 30.256335124373436 0.16
    endloop
  endfacet
  facet normal 0 0 1
    outer loop
      vertex 18.54015799611807 29.07020378112793 0.16
      vertex 23.111717998981476 31.768176332116127 0.16
      vertex 22.942323818802834 31.996533535420895 0.16
    endloop
  endfacet
  facet normal 0 0 1
    outer loop
      vertex 18.651285707950592 28.83875546604395 0.16
      vertex 23.42444571107626 31.291219353675842 0.16
      vertex 23.272425293922424 31.533071607351303 0.16
    endloop
  endfacet
  facet normal 0 0 1
    outer loop
      vertex 18.702219240367413 28.717538751661777 0.16
      vertex 23.5677792429924 31.042619585990906 0.16
      vertex 23.42444571107626 31.291219353675842 0.16
    endloop
  endfacet
  facet normal 0 0 1
    outer loop
      vertex 18.597265295684338 28.956310473382473 0.16
      vertex 23.272425293922424 31.533071607351303 0.16
      vertex 23.111717998981476 31.768176332116127 0.16
    endloop
  endfacet
  facet normal 0 0 1
    outer loop
      vertex 18.479963816702366 29.18043538928032 0.16
      vertex 22.942323818802834 31.996533535420895 0.16
      vertex 22.764242760837078 32.218143217265606 0.16
    endloop
  endfacet
  facet normal 0 0 1
    outer loop
      vertex 18.972321324050426 27.766494140028954 0.16
      vertex 24.40171980857849 28.810910545289516 0.16
      vertex 24.327881321310997 29.113490507006645 0.16
    endloop
  endfacet
  facet normal 0 -1 0
    outer loop
      vertex 19.097340002655983 22.25 0
      vertex 24.67970000207424 22.25 0
      vertex 19.097340002655983 22.25 0.16
    endloop
  endfacet
  facet normal 0 -1 0
    outer loop
      vertex 24.67970000207424 22.25 0.16
      vertex 19.097340002655983 22.25 0.16
      vertex 24.67970000207424 22.25 0
    endloop
  endfacet
endsolid OpenSCAD_Model
