solid OpenSCAD_Model
  facet normal -1 0 0
    outer loop
      vertex 7.932619996368885 9.198679998517036 0
      vertex 7.932619996368885 9.198679998517036 0.16
      vertex 7.932619996368885 21.75 0
    endloop
  endfacet
  facet normal 0 -1 0
    outer loop
      vertex 7.932619996368885 9.198679998517036 0
      vertex 17.901179999113083 9.198679998517036 0
      vertex 7.932619996368885 9.198679998517036 0.16
    endloop
  endfacet
  facet normal 0 0 -1
    outer loop
      vertex 7.932619996368885 9.198679998517036 0
      vertex 13.534019999206066 19.413920000195503 0
      vertex 13.534019999206066 13.356959998607635 0
    endloop
  endfacet
  facet normal 0 0 1
    outer loop
      vertex 7.932619996368885 9.198679998517036 0.16
      vertex 13.534019999206066 13.356959998607635 0.16
      vertex 13.534019999206066 19.413920000195503 0.16
    endloop
  endfacet
  facet normal -1 0 0
    outer loop
      vertex 7.932619996368885 9.198679998517036 0.16
      vertex 7.932619996368885 21.75 0.16
      vertex 7.932619996368885 21.75 0
    endloop
  endfacet
  facet normal 0 0 -1
    outer loop
      vertex 7.932619996368885 9.198679998517036 0
      vertex 7.932619996368885 21.75 0
      vertex 13.534019999206066 19.413920000195503 0
    endloop
  endfacet
  facet normal 0 0 1
    outer loop
      vertex 7.932619996368885 9.198679998517036 0.16
      vertex 13.534019999206066 19.413920000195503 0.16
      vertex 7.932619996368885 21.75 0.16
    endloop
  endfacet
  facet normal 0 0 -1
    outer loop
      vertex 7.932619996368885 9.198679998517036 0
      vertex 13.534019999206066 13.356959998607635 0
      vertex 17.901179999113083 9.198679998517036 0
    endloop
  endfacet
  facet normal 0 -1 0
    outer loop
      vertex 7.932619996368885 9.198679998517036 0.16
      vertex 17.901179999113083 9.198679998517036 0
      vertex 17.901179999113083 9.198679998517036 0.16
    endloop
  endfacet
  facet normal 1 0 0
    outer loop
      vertex 13.534019999206066 13.356959998607635 0
      vertex 13.534019999206066 19.413920000195503 0.16
      vertex 13.534019999206066 13.356959998607635 0.16
    endloop
  endfacet
  facet normal 0 0 -1
    outer loop
      vertex 13.534019999206066 13.356959998607635 0
      vertex 17.50246000289917 13.356959998607635 0
      vertex 17.901179999113083 9.198679998517036 0
    endloop
  endfacet
  facet normal 0 1 0
    outer loop
      vertex 13.534019999206066 13.356959998607635 0
      vertex 13.534019999206066 13.356959998607635 0.16
      vertex 17.50246000289917 13.356959998607635 0
    endloop
  endfacet
  facet normal 0 1 0
    outer loop
      vertex 17.50246000289917 13.356959998607635 0
      vertex 13.534019999206066 13.356959998607635 0.16
      vertex 17.50246000289917 13.356959998607635 0.16
    endloop
  endfacet
  facet normal 0 0 1
    outer loop
      vertex 7.932619996368885 9.198679998517036 0.16
      vertex 17.901179999113083 9.198679998517036 0.16
      vertex 13.534019999206066 13.356959998607635 0.16
    endloop
  endfacet
  facet normal 0 0 1
    outer loop
      vertex 13.534019999206066 13.356959998607635 0.16
      vertex 17.901179999113083 9.198679998517036 0.16
      vertex 17.50246000289917 13.356959998607635 0.16
    endloop
  endfacet
  facet normal 1 0 0
    outer loop
      vertex 13.534019999206066 13.356959998607635 0
      vertex 13.534019999206066 19.413920000195503 0
      vertex 13.534019999206066 19.413920000195503 0.16
    endloop
  endfacet
  facet normal 0 0 -1
    outer loop
      vertex 13.534019999206066 19.413920000195503 0
      vertex 7.932619996368885 21.75 0
      vertex 21.381807808886435 21.75 0
    endloop
  endfacet
  facet normal 0 -1 0
    outer loop
      vertex 13.534019999206066 19.413920000195503 0
      vertex 17.54026000201702 19.413920000195503 0
      vertex 17.54026000201702 19.413920000195503 0.16
    endloop
  endfacet
  facet normal 0 -1 0
    outer loop
      vertex 13.534019999206066 19.413920000195503 0
      vertex 17.54026000201702 19.413920000195503 0.16
      vertex 13.534019999206066 19.413920000195503 0.16
    endloop
  endfacet
  facet normal 0 0 1
    outer loop
      vertex 13.534019999206066 19.413920000195503 0.16
      vertex 17.54026000201702 19.413920000195503 0.16
      vertex 7.932619996368885 21.75 0.16
    endloop
  endfacet
  facet normal 0 0 1
    outer loop
      vertex 17.54026000201702 19.413920000195503 0.16
      vertex 17.80678930133581 19.408213078975677 0.16
      vertex 7.932619996368885 21.75 0.16
    endloop
  endfacet
  facet normal 0 0 1
    outer loop
      vertex 17.80678930133581 19.408213078975677 0.16
      vertex 18.061472855508327 19.39109232276678 0.16
      vertex 7.932619996368885 21.75 0.16
    endloop
  endfacet
  facet normal 0 0 1
    outer loop
      vertex 18.061472855508327 19.39109232276678 0.16
      vertex 18.30431066453457 19.362557731568813 0.16
      vertex 7.932619996368885 21.75 0.16
    endloop
  endfacet
  facet normal 0 0 1
    outer loop
      vertex 18.30431066453457 19.362557731568813 0.16
      vertex 18.535302720963955 19.322609297931194 0.16
      vertex 7.932619996368885 21.75 0.16
    endloop
  endfacet
  facet normal 0 0 1
    outer loop
      vertex 18.535302720963955 19.322609297931194 0.16
      vertex 18.754805330570285 21.75 0.16
      vertex 7.932619996368885 21.75 0.16
    endloop
  endfacet
  facet normal 0.008818688508291235 -0.9999611146104601 0
    outer loop
      vertex 17.901179999113083 9.198679998517036 0
      vertex 18.257327295839787 9.201820872724056 0
      vertex 17.901179999113083 9.198679998517036 0.16
    endloop
  endfacet
  facet normal 0.027021995918603516 -0.9996348391970816 0
    outer loop
      vertex 18.257327295839787 9.201820872724056 0
      vertex 18.60590136051178 9.211243480443954 0
      vertex 18.257327295839787 9.201820872724056 0.16
    endloop
  endfacet
  facet normal 0 0 -1
    outer loop
      vertex 17.50246000289917 13.356959998607635 0
      vertex 17.77220480144024 13.362702913582325 0
      vertex 17.901179999113083 9.198679998517036 0
    endloop
  endfacet
  facet normal 0 0 -1
    outer loop
      vertex 17.77220480144024 13.362702913582325 0
      vertex 18.257327295839787 9.201820872724056 0
      vertex 17.901179999113083 9.198679998517036 0
    endloop
  endfacet
  facet normal 0 0 -1
    outer loop
      vertex 18.257327295839787 9.201820872724056 0
      vertex 18.029960945248604 13.379931643605232 0
      vertex 18.60590136051178 9.211243480443954 0
    endloop
  endfacet
  facet normal 0 0 -1
    outer loop
      vertex 17.77220480144024 13.362702913582325 0
      vertex 18.029960945248604 13.379931643605232 0
      vertex 18.257327295839787 9.201820872724056 0
    endloop
  endfacet
  facet normal 0 0 -1
    outer loop
      vertex 18.60590136051178 9.211243480443954 0
      vertex 18.029960945248604 13.379931643605232 0
      vertex 18.275728434324265 13.408646203577518 0
    endloop
  endfacet
  facet normal 0.04600493492736711 -0.9989412124656429 0
    outer loop
      vertex 18.60590136051178 9.211243480443954 0
      vertex 18.946902193129063 9.226947829127312 0
      vertex 18.60590136051178 9.211243480443954 0.16
    endloop
  endfacet
  facet normal 0.06579671085181252 -0.997833048581316 0
    outer loop
      vertex 18.946902193129063 9.226947829127312 0
      vertex 19.280329793691635 9.248933911323547 0
      vertex 18.946902193129063 9.226947829127312 0.16
    endloop
  endfacet
  facet normal 0.08642530081405321 -0.9962583336560856 0
    outer loop
      vertex 19.280329793691635 9.248933911323547 0
      vertex 19.606184162199497 9.277201741933823 0
      vertex 19.280329793691635 9.248933911323547 0.16
    endloop
  endfacet
  facet normal 0.10791652447005712 -0.994159958832734 0
    outer loop
      vertex 19.606184162199497 9.277201741933823 0
      vertex 19.92446529120207 9.311751306056976 0
      vertex 19.606184162199497 9.277201741933823 0.16
    endloop
  endfacet
  facet normal 0 0 -1
    outer loop
      vertex 18.60590136051178 9.211243480443954 0
      vertex 18.275728434324265 13.408646203577518 0
      vertex 18.946902193129063 9.226947829127312 0
    endloop
  endfacet
  facet normal 0 0 -1
    outer loop
      vertex 18.946902193129063 9.226947829127312 0
      vertex 18.50950726121664 13.448846578598022 0
      vertex 19.280329793691635 9.248933911323547 0
    endloop
  endfacet
  facet normal 0 0 -1
    outer loop
      vertex 18.946902193129063 9.226947829127312 0
      vertex 18.275728434324265 13.408646203577518 0
      vertex 18.50950726121664 13.448846578598022 0
    endloop
  endfacet
  facet normal 0 0 -1
    outer loop
      vertex 19.280329793691635 9.248933911323547 0
      vertex 18.50950726121664 13.448846578598022 0
      vertex 18.73129742592573 13.500532776117325 0
    endloop
  endfacet
  facet normal 0 0 -1
    outer loop
      vertex 19.280329793691635 9.248933911323547 0
      vertex 18.73129742592573 13.500532776117325 0
      vertex 19.606184162199497 9.277201741933823 0
    endloop
  endfacet
  facet normal 0 0 -1
    outer loop
      vertex 19.606184162199497 9.277201741933823 0
      vertex 18.9410989433527 13.563704803586006 0
      vertex 19.92446529120207 9.311751306056976 0
    endloop
  endfacet
  facet normal 0 0 -1
    outer loop
      vertex 19.92446529120207 9.311751306056976 0
      vertex 19.138911798596382 13.638362646102905 0
      vertex 20.23517319560051 9.352582611143589 0
    endloop
  endfacet
  facet normal 0.008818688508291235 -0.9999611146104601 0
    outer loop
      vertex 18.257327295839787 9.201820872724056 0
      vertex 18.257327295839787 9.201820872724056 0.16
      vertex 17.901179999113083 9.198679998517036 0.16
    endloop
  endfacet
  facet normal 0.027021995918603516 -0.9996348391970816 0
    outer loop
      vertex 18.60590136051178 9.211243480443954 0
      vertex 18.60590136051178 9.211243480443954 0.16
      vertex 18.257327295839787 9.201820872724056 0.16
    endloop
  endfacet
  facet normal 0.04600493492736711 -0.9989412124656429 0
    outer loop
      vertex 18.946902193129063 9.226947829127312 0
      vertex 18.946902193129063 9.226947829127312 0.16
      vertex 18.60590136051178 9.211243480443954 0.16
    endloop
  endfacet
  facet normal 0.06579671085181252 -0.997833048581316 0
    outer loop
      vertex 19.280329793691635 9.248933911323547 0
      vertex 19.280329793691635 9.248933911323547 0.16
      vertex 18.946902193129063 9.226947829127312 0.16
    endloop
  endfacet
  facet normal 0.08642530081405321 -0.9962583336560856 0
    outer loop
      vertex 19.606184162199497 9.277201741933823 0
      vertex 19.606184162199497 9.277201741933823 0.16
      vertex 19.280329793691635 9.248933911323547 0.16
    endloop
  endfacet
  facet normal -0.02128535526021541 0.9997734411612695 0
    outer loop
      vertex 17.50246000289917 13.356959998607635 0
      vertex 17.50246000289917 13.356959998607635 0.16
      vertex 17.77220480144024 13.362702913582325 0
    endloop
  endfacet
  facet normal -0.06669238396149021 0.9977735844977722 0
    outer loop
      vertex 17.77220480144024 13.362702913582325 0
      vertex 17.77220480144024 13.362702913582325 0.16
      vertex 18.029960945248604 13.379931643605232 0
    endloop
  endfacet
  facet normal -0.11604690628630283 0.9932437342069559 0
    outer loop
      vertex 18.029960945248604 13.379931643605232 0
      vertex 18.029960945248604 13.379931643605232 0.16
      vertex 18.275728434324265 13.408646203577518 0
    endloop
  endfacet
  facet normal -0.16947163167197776 0.9855350658695192 0
    outer loop
      vertex 18.275728434324265 13.408646203577518 0
      vertex 18.275728434324265 13.408646203577518 0.16
      vertex 18.50950726121664 13.448846578598022 0
    endloop
  endfacet
  facet normal 0 0 -1
    outer loop
      vertex 19.606184162199497 9.277201741933823 0
      vertex 18.73129742592573 13.500532776117325 0
      vertex 18.9410989433527 13.563704803586006 0
    endloop
  endfacet
  facet normal 0 0 -1
    outer loop
      vertex 19.92446529120207 9.311751306056976 0
      vertex 18.9410989433527 13.563704803586006 0
      vertex 19.138911798596382 13.638362646102905 0
    endloop
  endfacet
  facet normal 0 0 -1
    outer loop
      vertex 19.138911798596382 13.638362646102905 0
      vertex 19.32473599165678 13.724506311118603 0
      vertex 20.53830786049366 9.39969564974308 0
    endloop
  endfacet
  facet normal -0.2269595847392583 0.9739041774707529 0
    outer loop
      vertex 18.50950726121664 13.448846578598022 0
      vertex 18.50950726121664 13.448846578598022 0.16
      vertex 18.73129742592573 13.500532776117325 0
    endloop
  endfacet
  facet normal -0.28831736820737747 0.9575349054681879 0
    outer loop
      vertex 18.73129742592573 13.500532776117325 0
      vertex 18.73129742592573 13.500532776117325 0.16
      vertex 18.9410989433527 13.563704803586006 0
    endloop
  endfacet
  facet normal -0.35310478873400053 0.9355837793448093 0
    outer loop
      vertex 18.9410989433527 13.563704803586006 0
      vertex 18.9410989433527 13.563704803586006 0.16
      vertex 19.138911798596382 13.638362646102905 0
    endloop
  endfacet
  facet normal -0.4205816434525735 0.907254694774699 0
    outer loop
      vertex 19.138911798596382 13.638362646102905 0
      vertex 19.138911798596382 13.638362646102905 0.16
      vertex 19.32473599165678 13.724506311118603 0
    endloop
  endfacet
  facet normal -0.48967819783316147 0.8719032415164352 0
    outer loop
      vertex 19.32473599165678 13.724506311118603 0
      vertex 19.32473599165678 13.724506311118603 0.16
      vertex 19.498571529984474 13.82213580608368 0
    endloop
  endfacet
  facet normal -0.5590105254259538 0.8291605589166667 0
    outer loop
      vertex 19.498571529984474 13.82213580608368 0
      vertex 19.498571529984474 13.82213580608368 0.16
      vertex 19.660418413579464 13.931251116096973 0
    endloop
  endfacet
  facet normal -0.6269574744287333 0.7790534803580201 0
    outer loop
      vertex 19.660418413579464 13.931251116096973 0
      vertex 19.660418413579464 13.931251116096973 0.16
      vertex 19.81027663499117 14.051852248609066 0
    endloop
  endfacet
  facet normal -0.02128535526021541 0.9997734411612695 0
    outer loop
      vertex 17.77220480144024 13.362702913582325 0
      vertex 17.50246000289917 13.356959998607635 0.16
      vertex 17.77220480144024 13.362702913582325 0.16
    endloop
  endfacet
  facet normal -0.06669238396149021 0.9977735844977722 0
    outer loop
      vertex 17.77220480144024 13.362702913582325 0.16
      vertex 18.029960945248604 13.379931643605232 0.16
      vertex 18.029960945248604 13.379931643605232 0
    endloop
  endfacet
  facet normal -0.11604690628630283 0.9932437342069559 0
    outer loop
      vertex 18.275728434324265 13.408646203577518 0
      vertex 18.029960945248604 13.379931643605232 0.16
      vertex 18.275728434324265 13.408646203577518 0.16
    endloop
  endfacet
  facet normal -0.16947163167197776 0.9855350658695192 0
    outer loop
      vertex 18.50950726121664 13.448846578598022 0
      vertex 18.275728434324265 13.408646203577518 0.16
      vertex 18.50950726121664 13.448846578598022 0.16
    endloop
  endfacet
  facet normal -0.2269595847392583 0.9739041774707529 0
    outer loop
      vertex 18.73129742592573 13.500532776117325 0
      vertex 18.50950726121664 13.448846578598022 0.16
      vertex 18.73129742592573 13.500532776117325 0.16
    endloop
  endfacet
  facet normal -0.28831736820737747 0.9575349054681879 0
    outer loop
      vertex 18.9410989433527 13.563704803586006 0
      vertex 18.73129742592573 13.500532776117325 0.16
      vertex 18.9410989433527 13.563704803586006 0.16
    endloop
  endfacet
  facet normal -0.35310478873400053 0.9355837793448093 0
    outer loop
      vertex 19.138911798596382 13.638362646102905 0
      vertex 18.9410989433527 13.563704803586006 0.16
      vertex 19.138911798596382 13.638362646102905 0.16
    endloop
  endfacet
  facet normal -0.4205816434525735 0.907254694774699 0
    outer loop
      vertex 19.32473599165678 13.724506311118603 0
      vertex 19.138911798596382 13.638362646102905 0.16
      vertex 19.32473599165678 13.724506311118603 0.16
    endloop
  endfacet
  facet normal -0.48967819783316147 0.8719032415164352 0
    outer loop
      vertex 19.498571529984474 13.82213580608368 0
      vertex 19.32473599165678 13.724506311118603 0.16
      vertex 19.498571529984474 13.82213580608368 0.16
    endloop
  endfacet
  facet normal -0.5590105254259538 0.8291605589166667 0
    outer loop
      vertex 19.660418413579464 13.931251116096973 0
      vertex 19.498571529984474 13.82213580608368 0.16
      vertex 19.660418413579464 13.931251116096973 0.16
    endloop
  endfacet
  facet normal -0.6269574744287333 0.7790534803580201 0
    outer loop
      vertex 19.81027663499117 14.051852248609066 0
      vertex 19.660418413579464 13.931251116096973 0.16
      vertex 19.81027663499117 14.051852248609066 0.16
    endloop
  endfacet
  facet normal 0.1302935537293223 -0.9914754610461038 0
    outer loop
      vertex 19.92446529120207 9.311751306056976 0
      vertex 20.23517319560051 9.352582611143589 0
      vertex 19.92446529120207 9.311751306056976 0.16
    endloop
  endfacet
  facet normal 0.1535757414554837 -0.9881368789982481 0
    outer loop
      vertex 20.23517319560051 9.352582611143589 0
      vertex 20.53830786049366 9.39969564974308 0
      vertex 20.23517319560051 9.352582611143589 0.16
    endloop
  endfacet
  facet normal 0.17777773579783143 -0.9840706664943307 0
    outer loop
      vertex 20.53830786049366 9.39969564974308 0
      vertex 20.83386930078268 9.45309043675661 0
      vertex 20.53830786049366 9.39969564974308 0.16
    endloop
  endfacet
  facet normal 0.20290802707634245 -0.9791978005224411 0
    outer loop
      vertex 20.83386930078268 9.45309043675661 0
      vertex 21.12185750156641 9.51276695728302 0
      vertex 20.83386930078268 9.45309043675661 0.16
    endloop
  endfacet
  facet normal 0 0 -1
    outer loop
      vertex 20.23517319560051 9.352582611143589 0
      vertex 19.138911798596382 13.638362646102905 0
      vertex 20.53830786049366 9.39969564974308 0
    endloop
  endfacet
  facet normal 0 0 -1
    outer loop
      vertex 19.32473599165678 13.724506311118603 0
      vertex 20.83386930078268 9.45309043675661 0
      vertex 20.53830786049366 9.39969564974308 0
    endloop
  endfacet
  facet normal 0 0 -1
    outer loop
      vertex 19.498571529984474 13.82213580608368 0
      vertex 21.12185750156641 9.51276695728302 0
      vertex 20.83386930078268 9.45309043675661 0
    endloop
  endfacet
  facet normal 0 0 -1
    outer loop
      vertex 19.498571529984474 13.82213580608368 0
      vertex 21.40227247774601 9.578725218772888 0
      vertex 21.12185750156641 9.51276695728302 0
    endloop
  endfacet
  facet normal 0 0 -1
    outer loop
      vertex 19.660418413579464 13.931251116096973 0
      vertex 21.67511421442032 9.650965213775635 0
      vertex 21.40227247774601 9.578725218772888 0
    endloop
  endfacet
  facet normal 0.22896784709222495 -0.9734339859476612 0
    outer loop
      vertex 21.12185750156641 9.51276695728302 0
      vertex 21.40227247774601 9.578725218772888 0
      vertex 21.12185750156641 9.51276695728302 0.16
    endloop
  endfacet
  facet normal 0.2559494513599867 -0.9666901666762323 0
    outer loop
      vertex 21.40227247774601 9.578725218772888 0
      vertex 21.67511421442032 9.650965213775635 0
      vertex 21.40227247774601 9.578725218772888 0.16
    endloop
  endfacet
  facet normal 0.2838346687154988 -0.9588732350186666 0
    outer loop
      vertex 21.67511421442032 9.650965213775635 0
      vertex 21.940382719039917 9.729486957192421 0
      vertex 21.67511421442032 9.650965213775635 0.16
    endloop
  endfacet
  facet normal 0.3125929761064062 -0.9498871676620017 0
    outer loop
      vertex 21.940382719039917 9.729486957192421 0
      vertex 22.198077999055386 9.814290434122086 0
      vertex 21.940382719039917 9.729486957192421 0.16
    endloop
  endfacet
  facet normal 0.34218016334637197 -0.9396343628306971 0
    outer loop
      vertex 22.198077999055386 9.814290434122086 0
      vertex 22.448200039565563 9.90537565201521 0
      vertex 22.198077999055386 9.814290434122086 0.16
    endloop
  endfacet
  facet normal 0 0 -1
    outer loop
      vertex 19.81027663499117 14.051852248609066 0
      vertex 21.940382719039917 9.729486957192421 0
      vertex 21.67511421442032 9.650965213775635 0
    endloop
  endfacet
  facet normal 0 0 -1
    outer loop
      vertex 19.81027663499117 14.051852248609066 0
      vertex 22.198077999055386 9.814290434122086 0
      vertex 21.940382719039917 9.729486957192421 0
    endloop
  endfacet
  facet normal 0 0 -1
    outer loop
      vertex 19.94814620167017 14.183939203619957 0
      vertex 22.448200039565563 9.90537565201521 0
      vertex 22.198077999055386 9.814290434122086 0
    endloop
  endfacet
  facet normal 0 0 -1
    outer loop
      vertex 19.94814620167017 14.183939203619957 0
      vertex 22.69074884802103 10.002742610871792 0
      vertex 22.448200039565563 9.90537565201521 0
    endloop
  endfacet
  facet normal 0 0 -1
    outer loop
      vertex 20.074027106165886 14.327511988580227 0
      vertex 22.925724424421787 10.106391303241253 0
      vertex 22.69074884802103 10.002742610871792 0
    endloop
  endfacet
  facet normal 0 0 -1
    outer loop
      vertex 20.074027106165886 14.327511988580227 0
      vertex 23.153126768767834 10.216321736574173 0
      vertex 22.925724424421787 10.106391303241253 0
    endloop
  endfacet
  facet normal 0 0 -1
    outer loop
      vertex 20.074027106165886 14.327511988580227 0
      vertex 23.37295588105917 10.332533910870552 0
      vertex 23.153126768767834 10.216321736574173 0
    endloop
  endfacet
  facet normal 0 0 -1
    outer loop
      vertex 20.187919355928898 14.482570588588715 0
      vertex 23.585211761295795 10.45502782613039 0
      vertex 23.37295588105917 10.332533910870552 0
    endloop
  endfacet
  facet normal 0.10791652447005712 -0.994159958832734 0
    outer loop
      vertex 19.92446529120207 9.311751306056976 0
      vertex 19.92446529120207 9.311751306056976 0.16
      vertex 19.606184162199497 9.277201741933823 0.16
    endloop
  endfacet
  facet normal 0.1302935537293223 -0.9914754610461038 0
    outer loop
      vertex 20.23517319560051 9.352582611143589 0
      vertex 20.23517319560051 9.352582611143589 0.16
      vertex 19.92446529120207 9.311751306056976 0.16
    endloop
  endfacet
  facet normal 0.1535757414554837 -0.9881368789982481 0
    outer loop
      vertex 20.53830786049366 9.39969564974308 0
      vertex 20.53830786049366 9.39969564974308 0.16
      vertex 20.23517319560051 9.352582611143589 0.16
    endloop
  endfacet
  facet normal 0.17777773579783143 -0.9840706664943307 0
    outer loop
      vertex 20.83386930078268 9.45309043675661 0
      vertex 20.83386930078268 9.45309043675661 0.16
      vertex 20.53830786049366 9.39969564974308 0.16
    endloop
  endfacet
  facet normal 0.20290802707634245 -0.9791978005224411 0
    outer loop
      vertex 21.12185750156641 9.51276695728302 0
      vertex 21.12185750156641 9.51276695728302 0.16
      vertex 20.83386930078268 9.45309043675661 0.16
    endloop
  endfacet
  facet normal 0.22896784709222495 -0.9734339859476612 0
    outer loop
      vertex 21.40227247774601 9.578725218772888 0
      vertex 21.40227247774601 9.578725218772888 0.16
      vertex 21.12185750156641 9.51276695728302 0.16
    endloop
  endfacet
  facet normal 0.2559494513599867 -0.9666901666762323 0
    outer loop
      vertex 21.67511421442032 9.650965213775635 0
      vertex 21.67511421442032 9.650965213775635 0.16
      vertex 21.40227247774601 9.578725218772888 0.16
    endloop
  endfacet
  facet normal 0.2838346687154988 -0.9588732350186666 0
    outer loop
      vertex 21.940382719039917 9.729486957192421 0
      vertex 21.940382719039917 9.729486957192421 0.16
      vertex 21.67511421442032 9.650965213775635 0.16
    endloop
  endfacet
  facet normal 0.3125929761064062 -0.9498871676620017 0
    outer loop
      vertex 22.198077999055386 9.814290434122086 0
      vertex 22.198077999055386 9.814290434122086 0.16
      vertex 21.940382719039917 9.729486957192421 0.16
    endloop
  endfacet
  facet normal 0.34218016334637197 -0.9396343628306971 0
    outer loop
      vertex 22.448200039565563 9.90537565201521 0
      vertex 22.448200039565563 9.90537565201521 0.16
      vertex 22.198077999055386 9.814290434122086 0.16
    endloop
  endfacet
  facet normal 0 0 -1
    outer loop
      vertex 19.32473599165678 13.724506311118603 0
      vertex 19.498571529984474 13.82213580608368 0
      vertex 20.83386930078268 9.45309043675661 0
    endloop
  endfacet
  facet normal 0 0 -1
    outer loop
      vertex 19.498571529984474 13.82213580608368 0
      vertex 19.660418413579464 13.931251116096973 0
      vertex 21.40227247774601 9.578725218772888 0
    endloop
  endfacet
  facet normal 0 0 -1
    outer loop
      vertex 19.660418413579464 13.931251116096973 0
      vertex 19.81027663499117 14.051852248609066 0
      vertex 21.67511421442032 9.650965213775635 0
    endloop
  endfacet
  facet normal 0 0 -1
    outer loop
      vertex 19.81027663499117 14.051852248609066 0
      vertex 19.94814620167017 14.183939203619957 0
      vertex 22.198077999055386 9.814290434122086 0
    endloop
  endfacet
  facet normal 0 0 -1
    outer loop
      vertex 19.94814620167017 14.183939203619957 0
      vertex 20.074027106165886 14.327511988580227 0
      vertex 22.69074884802103 10.002742610871792 0
    endloop
  endfacet
  facet normal -0.691801484858061 0.7220877408931563 0
    outer loop
      vertex 19.81027663499117 14.051852248609066 0
      vertex 19.81027663499117 14.051852248609066 0.16
      vertex 19.94814620167017 14.183939203619957 0
    endloop
  endfacet
  facet normal -0.7519152181515101 0.659259815787499 0
    outer loop
      vertex 19.94814620167017 14.183939203619957 0
      vertex 19.94814620167017 14.183939203619957 0.16
      vertex 20.074027106165886 14.327511988580227 0
    endloop
  endfacet
  facet normal -0.805952127687347 0.5919807157975995 0
    outer loop
      vertex 20.074027106165886 14.327511988580227 0
      vertex 20.074027106165886 14.327511988580227 0.16
      vertex 20.187919355928898 14.482570588588715 0
    endloop
  endfacet
  facet normal -0.8529935440929496 0.5219214631874697 0
    outer loop
      vertex 20.187919355928898 14.482570588588715 0
      vertex 20.187919355928898 14.482570588588715 0.16
      vertex 20.289822950959206 14.649115011096 0
    endloop
  endfacet
  facet normal -0.8926153066873799 0.4508191591618471 0
    outer loop
      vertex 20.289822950959206 14.649115011096 0
      vertex 20.289822950959206 14.649115011096 0.16
      vertex 20.37973788380623 14.827145256102085 0
    endloop
  endfacet
  facet normal -0.9248665524550104 0.38029180920706634 0
    outer loop
      vertex 20.37973788380623 14.827145256102085 0
      vertex 20.37973788380623 14.827145256102085 0.16
      vertex 20.457664161920547 15.016661323606968 0
    endloop
  endfacet
  facet normal -0.9501800481190962 0.3117015818958768 0
    outer loop
      vertex 20.457664161920547 15.016661323606968 0
      vertex 20.457664161920547 15.016661323606968 0.16
      vertex 20.52360177785158 15.217663213610649 0
    endloop
  endfacet
  facet normal -0.9692483663393463 0.24608454715505437 0
    outer loop
      vertex 20.52360177785158 15.217663213610649 0
      vertex 20.52360177785158 15.217663213610649 0.16
      vertex 20.57755073904991 15.430150926113129 0
    endloop
  endfacet
  facet normal 0 0 -1
    outer loop
      vertex 20.074027106165886 14.327511988580227 0
      vertex 20.187919355928898 14.482570588588715 0
      vertex 23.37295588105917 10.332533910870552 0
    endloop
  endfacet
  facet normal 0 0 -1
    outer loop
      vertex 20.187919355928898 14.482570588588715 0
      vertex 20.289822950959206 14.649115011096 0
      vertex 23.987003818154335 10.718860872089863 0
    endloop
  endfacet
  facet normal 0 0 -1
    outer loop
      vertex 20.289822950959206 14.649115011096 0
      vertex 20.37973788380623 14.827145256102085 0
      vertex 24.697446390986443 11.318281061947346 0
    endloop
  endfacet
  facet normal 0 0 -1
    outer loop
      vertex 20.37973788380623 14.827145256102085 0
      vertex 20.457664161920547 15.016661323606968 0
      vertex 25.404102340340614 12.191589944064617 0
    endloop
  endfacet
  facet normal 0 0 -1
    outer loop
      vertex 20.457664161920547 15.016661323606968 0
      vertex 20.52360177785158 15.217663213610649 0
      vertex 25.908856600522995 13.202199392020702 0
    endloop
  endfacet
  facet normal -0.691801484858061 0.7220877408931563 0
    outer loop
      vertex 19.94814620167017 14.183939203619957 0
      vertex 19.81027663499117 14.051852248609066 0.16
      vertex 19.94814620167017 14.183939203619957 0.16
    endloop
  endfacet
  facet normal -0.7519152181515101 0.659259815787499 0
    outer loop
      vertex 20.074027106165886 14.327511988580227 0
      vertex 19.94814620167017 14.183939203619957 0.16
      vertex 20.074027106165886 14.327511988580227 0.16
    endloop
  endfacet
  facet normal -0.805952127687347 0.5919807157975995 0
    outer loop
      vertex 20.187919355928898 14.482570588588715 0
      vertex 20.074027106165886 14.327511988580227 0.16
      vertex 20.187919355928898 14.482570588588715 0.16
    endloop
  endfacet
  facet normal -0.8529935440929496 0.5219214631874697 0
    outer loop
      vertex 20.289822950959206 14.649115011096 0
      vertex 20.187919355928898 14.482570588588715 0.16
      vertex 20.289822950959206 14.649115011096 0.16
    endloop
  endfacet
  facet normal -0.8926153066873799 0.4508191591618471 0
    outer loop
      vertex 20.37973788380623 14.827145256102085 0
      vertex 20.289822950959206 14.649115011096 0.16
      vertex 20.37973788380623 14.827145256102085 0.16
    endloop
  endfacet
  facet normal -0.9248665524550104 0.38029180920706634 0
    outer loop
      vertex 20.457664161920547 15.016661323606968 0
      vertex 20.37973788380623 14.827145256102085 0.16
      vertex 20.457664161920547 15.016661323606968 0.16
    endloop
  endfacet
  facet normal -0.9501800481190962 0.3117015818958768 0
    outer loop
      vertex 20.52360177785158 15.217663213610649 0
      vertex 20.457664161920547 15.016661323606968 0.16
      vertex 20.52360177785158 15.217663213610649 0.16
    endloop
  endfacet
  facet normal -0.9692483663393463 0.24608454715505437 0
    outer loop
      vertex 20.57755073904991 15.430150926113129 0
      vertex 20.52360177785158 15.217663213610649 0.16
      vertex 20.57755073904991 15.430150926113129 0.16
    endloop
  endfacet
  facet normal 0 0 1
    outer loop
      vertex 17.50246000289917 13.356959998607635 0.16
      vertex 17.901179999113083 9.198679998517036 0.16
      vertex 17.77220480144024 13.362702913582325 0.16
    endloop
  endfacet
  facet normal 0 0 1
    outer loop
      vertex 17.77220480144024 13.362702913582325 0.16
      vertex 17.901179999113083 9.198679998517036 0.16
      vertex 18.257327295839787 9.201820872724056 0.16
    endloop
  endfacet
  facet normal 0 0 1
    outer loop
      vertex 18.257327295839787 9.201820872724056 0.16
      vertex 18.60590136051178 9.211243480443954 0.16
      vertex 18.029960945248604 13.379931643605232 0.16
    endloop
  endfacet
  facet normal 0 0 1
    outer loop
      vertex 17.77220480144024 13.362702913582325 0.16
      vertex 18.257327295839787 9.201820872724056 0.16
      vertex 18.029960945248604 13.379931643605232 0.16
    endloop
  endfacet
  facet normal 0 0 1
    outer loop
      vertex 18.60590136051178 9.211243480443954 0.16
      vertex 18.275728434324265 13.408646203577518 0.16
      vertex 18.029960945248604 13.379931643605232 0.16
    endloop
  endfacet
  facet normal 0 0 1
    outer loop
      vertex 18.60590136051178 9.211243480443954 0.16
      vertex 18.946902193129063 9.226947829127312 0.16
      vertex 18.275728434324265 13.408646203577518 0.16
    endloop
  endfacet
  facet normal 0 0 1
    outer loop
      vertex 18.946902193129063 9.226947829127312 0.16
      vertex 19.280329793691635 9.248933911323547 0.16
      vertex 18.50950726121664 13.448846578598022 0.16
    endloop
  endfacet
  facet normal 0 0 1
    outer loop
      vertex 18.946902193129063 9.226947829127312 0.16
      vertex 18.50950726121664 13.448846578598022 0.16
      vertex 18.275728434324265 13.408646203577518 0.16
    endloop
  endfacet
  facet normal 0 0 1
    outer loop
      vertex 19.280329793691635 9.248933911323547 0.16
      vertex 18.73129742592573 13.500532776117325 0.16
      vertex 18.50950726121664 13.448846578598022 0.16
    endloop
  endfacet
  facet normal 0 0 1
    outer loop
      vertex 19.280329793691635 9.248933911323547 0.16
      vertex 19.606184162199497 9.277201741933823 0.16
      vertex 18.73129742592573 13.500532776117325 0.16
    endloop
  endfacet
  facet normal 0 0 1
    outer loop
      vertex 19.606184162199497 9.277201741933823 0.16
      vertex 19.92446529120207 9.311751306056976 0.16
      vertex 18.9410989433527 13.563704803586006 0.16
    endloop
  endfacet
  facet normal 0 0 1
    outer loop
      vertex 19.92446529120207 9.311751306056976 0.16
      vertex 20.23517319560051 9.352582611143589 0.16
      vertex 19.138911798596382 13.638362646102905 0.16
    endloop
  endfacet
  facet normal 0 0 1
    outer loop
      vertex 19.606184162199497 9.277201741933823 0.16
      vertex 18.9410989433527 13.563704803586006 0.16
      vertex 18.73129742592573 13.500532776117325 0.16
    endloop
  endfacet
  facet normal 0 0 1
    outer loop
      vertex 19.92446529120207 9.311751306056976 0.16
      vertex 19.138911798596382 13.638362646102905 0.16
      vertex 18.9410989433527 13.563704803586006 0.16
    endloop
  endfacet
  facet normal 0 0 1
    outer loop
      vertex 19.138911798596382 13.638362646102905 0.16
      vertex 20.53830786049366 9.39969564974308 0.16
      vertex 19.32473599165678 13.724506311118603 0.16
    endloop
  endfacet
  facet normal 0 0 1
    outer loop
      vertex 20.23517319560051 9.352582611143589 0.16
      vertex 20.53830786049366 9.39969564974308 0.16
      vertex 19.138911798596382 13.638362646102905 0.16
    endloop
  endfacet
  facet normal 0 0 1
    outer loop
      vertex 19.32473599165678 13.724506311118603 0.16
      vertex 20.53830786049366 9.39969564974308 0.16
      vertex 20.83386930078268 9.45309043675661 0.16
    endloop
  endfacet
  facet normal 0 0 1
    outer loop
      vertex 19.498571529984474 13.82213580608368 0.16
      vertex 20.83386930078268 9.45309043675661 0.16
      vertex 21.12185750156641 9.51276695728302 0.16
    endloop
  endfacet
  facet normal 0 0 1
    outer loop
      vertex 19.498571529984474 13.82213580608368 0.16
      vertex 21.12185750156641 9.51276695728302 0.16
      vertex 21.40227247774601 9.578725218772888 0.16
    endloop
  endfacet
  facet normal 0 0 1
    outer loop
      vertex 19.660418413579464 13.931251116096973 0.16
      vertex 21.40227247774601 9.578725218772888 0.16
      vertex 21.67511421442032 9.650965213775635 0.16
    endloop
  endfacet
  facet normal 0 0 1
    outer loop
      vertex 19.81027663499117 14.051852248609066 0.16
      vertex 21.67511421442032 9.650965213775635 0.16
      vertex 21.940382719039917 9.729486957192421 0.16
    endloop
  endfacet
  facet normal 0 0 1
    outer loop
      vertex 19.81027663499117 14.051852248609066 0.16
      vertex 21.940382719039917 9.729486957192421 0.16
      vertex 22.198077999055386 9.814290434122086 0.16
    endloop
  endfacet
  facet normal 0 0 1
    outer loop
      vertex 19.94814620167017 14.183939203619957 0.16
      vertex 22.198077999055386 9.814290434122086 0.16
      vertex 22.448200039565563 9.90537565201521 0.16
    endloop
  endfacet
  facet normal 0 0 1
    outer loop
      vertex 19.94814620167017 14.183939203619957 0.16
      vertex 22.448200039565563 9.90537565201521 0.16
      vertex 22.69074884802103 10.002742610871792 0.16
    endloop
  endfacet
  facet normal 0 0 1
    outer loop
      vertex 20.074027106165886 14.327511988580227 0.16
      vertex 22.69074884802103 10.002742610871792 0.16
      vertex 22.925724424421787 10.106391303241253 0.16
    endloop
  endfacet
  facet normal 0 0 1
    outer loop
      vertex 20.074027106165886 14.327511988580227 0.16
      vertex 22.925724424421787 10.106391303241253 0.16
      vertex 23.153126768767834 10.216321736574173 0.16
    endloop
  endfacet
  facet normal 0 0 1
    outer loop
      vertex 20.074027106165886 14.327511988580227 0.16
      vertex 23.153126768767834 10.216321736574173 0.16
      vertex 23.37295588105917 10.332533910870552 0.16
    endloop
  endfacet
  facet normal 0 0 1
    outer loop
      vertex 20.187919355928898 14.482570588588715 0.16
      vertex 23.37295588105917 10.332533910870552 0.16
      vertex 23.585211761295795 10.45502782613039 0.16
    endloop
  endfacet
  facet normal 0 0 1
    outer loop
      vertex 19.32473599165678 13.724506311118603 0.16
      vertex 20.83386930078268 9.45309043675661 0.16
      vertex 19.498571529984474 13.82213580608368 0.16
    endloop
  endfacet
  facet normal 0 0 1
    outer loop
      vertex 19.498571529984474 13.82213580608368 0.16
      vertex 21.40227247774601 9.578725218772888 0.16
      vertex 19.660418413579464 13.931251116096973 0.16
    endloop
  endfacet
  facet normal 0 0 1
    outer loop
      vertex 19.660418413579464 13.931251116096973 0.16
      vertex 21.67511421442032 9.650965213775635 0.16
      vertex 19.81027663499117 14.051852248609066 0.16
    endloop
  endfacet
  facet normal 0 0 1
    outer loop
      vertex 19.81027663499117 14.051852248609066 0.16
      vertex 22.198077999055386 9.814290434122086 0.16
      vertex 19.94814620167017 14.183939203619957 0.16
    endloop
  endfacet
  facet normal 0 0 1
    outer loop
      vertex 19.94814620167017 14.183939203619957 0.16
      vertex 22.69074884802103 10.002742610871792 0.16
      vertex 20.074027106165886 14.327511988580227 0.16
    endloop
  endfacet
  facet normal 0 0 1
    outer loop
      vertex 20.074027106165886 14.327511988580227 0.16
      vertex 23.37295588105917 10.332533910870552 0.16
      vertex 20.187919355928898 14.482570588588715 0.16
    endloop
  endfacet
  facet normal 0 0 1
    outer loop
      vertex 20.187919355928898 14.482570588588715 0.16
      vertex 23.987003818154335 10.718860872089863 0.16
      vertex 20.289822950959206 14.649115011096 0.16
    endloop
  endfacet
  facet normal 0 0 1
    outer loop
      vertex 20.289822950959206 14.649115011096 0.16
      vertex 24.697446390986443 11.318281061947346 0.16
      vertex 20.37973788380623 14.827145256102085 0.16
    endloop
  endfacet
  facet normal 0 0 1
    outer loop
      vertex 20.37973788380623 14.827145256102085 0.16
      vertex 25.404102340340614 12.191589944064617 0.16
      vertex 20.457664161920547 15.016661323606968 0.16
    endloop
  endfacet
  facet normal 0 0 1
    outer loop
      vertex 20.457664161920547 15.016661323606968 0.16
      vertex 25.908856600522995 13.202199392020702 0.16
      vertex 20.52360177785158 15.217663213610649 0.16
    endloop
  endfacet
  facet normal 0 0 -1
    outer loop
      vertex 13.534019999206066 19.413920000195503 0
      vertex 21.381807808886435 21.75 0
      vertex 17.54026000201702 19.413920000195503 0
    endloop
  endfacet
  facet normal -0.021407077755455448 -0.9997708422543499 0
    outer loop
      vertex 17.54026000201702 19.413920000195503 0
      vertex 17.80678930133581 19.408213078975677 0
      vertex 17.80678930133581 19.408213078975677 0.16
    endloop
  endfacet
  facet normal -0.06707226299250807 -0.997748120287412 0
    outer loop
      vertex 17.80678930133581 19.408213078975677 0
      vertex 18.061472855508327 19.39109232276678 0
      vertex 18.061472855508327 19.39109232276678 0.16
    endloop
  endfacet
  facet normal -0.1167018199630458 -0.9931669976480859 0
    outer loop
      vertex 18.061472855508327 19.39109232276678 0
      vertex 18.30431066453457 19.362557731568813 0
      vertex 18.30431066453457 19.362557731568813 0.16
    endloop
  endfacet
  facet normal -0.17041320027853585 -0.985372691508562 0
    outer loop
      vertex 18.30431066453457 19.362557731568813 0
      vertex 18.535302720963955 19.322609297931194 0
      vertex 18.535302720963955 19.322609297931194 0.16
    endloop
  endfacet
  facet normal 0 0 -1
    outer loop
      vertex 17.54026000201702 19.413920000195503 0
      vertex 21.381807808886435 21.75 0
      vertex 17.80678930133581 19.408213078975677 0
    endloop
  endfacet
  facet normal 0 0 -1
    outer loop
      vertex 17.80678930133581 19.408213078975677 0
      vertex 21.381807808886435 21.75 0
      vertex 18.061472855508327 19.39109232276678 0
    endloop
  endfacet
  facet normal 0 0 -1
    outer loop
      vertex 18.061472855508327 19.39109232276678 0
      vertex 21.381807808886435 21.75 0
      vertex 18.30431066453457 19.362557731568813 0
    endloop
  endfacet
  facet normal 0 0 -1
    outer loop
      vertex 18.30431066453457 19.362557731568813 0
      vertex 21.381807808886435 21.75 0
      vertex 18.535302720963955 19.322609297931194 0
    endloop
  endfacet
  facet normal 0 0 -1
    outer loop
      vertex 18.535302720963955 19.322609297931194 0
      vertex 21.381807808886435 21.75 0
      vertex 18.754449032247066 19.271247029304504 0
    endloop
  endfacet
  facet normal 0 0 -1
    outer loop
      vertex 18.754449032247066 19.271247029304504 0
      vertex 21.381807808886435 21.75 0
      vertex 18.961749605834484 19.208470925688744 0
    endloop
  endfacet
  facet normal -0.2281906991597436 -0.9736164567307741 0
    outer loop
      vertex 18.535302720963955 19.322609297931194 0
      vertex 18.754449032247066 19.271247029304504 0
      vertex 18.754449032247066 19.271247029304504 0.16
    endloop
  endfacet
  facet normal -0.2898287247952202 -0.9570785287966587 0
    outer loop
      vertex 18.754449032247066 19.271247029304504 0
      vertex 18.961749605834484 19.208470925688744 0
      vertex 18.961749605834484 19.208470925688744 0.16
    endloop
  endfacet
  facet normal -0.35487129566593356 -0.9349151638049206 0
    outer loop
      vertex 18.961749605834484 19.208470925688744 0
      vertex 19.157204426825047 19.13428097963333 0
      vertex 19.157204426825047 19.13428097963333 0.16
    endloop
  endfacet
  facet normal -0.4225593329430017 -0.9063352636539997 0
    outer loop
      vertex 19.157204426825047 19.13428097963333 0
      vertex 19.340813495218754 19.048677198588848 0
      vertex 19.340813495218754 19.048677198588848 0.16
    endloop
  endfacet
  facet normal -0.49180365134634974 -0.8707061321263322 0
    outer loop
      vertex 19.340813495218754 19.048677198588848 0
      vertex 19.512576825916767 18.951659582555294 0
      vertex 19.512576825916767 18.951659582555294 0.16
    endloop
  endfacet
  facet normal -0.5612035267756725 -0.8276778368027908 0
    outer loop
      vertex 19.512576825916767 18.951659582555294 0
      vertex 19.672494404017925 18.84322813153267 0
      vertex 19.672494404017925 18.84322813153267 0.16
    endloop
  endfacet
  facet normal -0.6291272503715551 -0.7773023239640588 0
    outer loop
      vertex 19.82056623697281 18.723382838070393 0
      vertex 19.82056623697281 18.723382838070393 0.16
      vertex 19.672494404017925 18.84322813153267 0
    endloop
  endfacet
  facet normal -0.021407077755455448 -0.9997708422543499 0
    outer loop
      vertex 17.54026000201702 19.413920000195503 0
      vertex 17.80678930133581 19.408213078975677 0.16
      vertex 17.54026000201702 19.413920000195503 0.16
    endloop
  endfacet
  facet normal -0.06707226299250807 -0.997748120287412 0
    outer loop
      vertex 17.80678930133581 19.408213078975677 0
      vertex 18.061472855508327 19.39109232276678 0.16
      vertex 17.80678930133581 19.408213078975677 0.16
    endloop
  endfacet
  facet normal -0.1167018199630458 -0.9931669976480859 0
    outer loop
      vertex 18.061472855508327 19.39109232276678 0
      vertex 18.30431066453457 19.362557731568813 0.16
      vertex 18.061472855508327 19.39109232276678 0.16
    endloop
  endfacet
  facet normal -0.17041320027853585 -0.985372691508562 0
    outer loop
      vertex 18.30431066453457 19.362557731568813 0
      vertex 18.535302720963955 19.322609297931194 0.16
      vertex 18.30431066453457 19.362557731568813 0.16
    endloop
  endfacet
  facet normal -0.2281906991597436 -0.9736164567307741 0
    outer loop
      vertex 18.535302720963955 19.322609297931194 0
      vertex 18.754449032247066 19.271247029304504 0.16
      vertex 18.535302720963955 19.322609297931194 0.16
    endloop
  endfacet
  facet normal -0.2898287247952202 -0.9570785287966587 0
    outer loop
      vertex 18.754449032247066 19.271247029304504 0
      vertex 18.961749605834484 19.208470925688744 0.16
      vertex 18.754449032247066 19.271247029304504 0.16
    endloop
  endfacet
  facet normal -0.35487129566593356 -0.9349151638049206 0
    outer loop
      vertex 18.961749605834484 19.208470925688744 0
      vertex 19.157204426825047 19.13428097963333 0.16
      vertex 18.961749605834484 19.208470925688744 0.16
    endloop
  endfacet
  facet normal -0.4225593329430017 -0.9063352636539997 0
    outer loop
      vertex 19.157204426825047 19.13428097963333 0
      vertex 19.340813495218754 19.048677198588848 0.16
      vertex 19.157204426825047 19.13428097963333 0.16
    endloop
  endfacet
  facet normal -0.49180365134634974 -0.8707061321263322 0
    outer loop
      vertex 19.340813495218754 19.048677198588848 0
      vertex 19.512576825916767 18.951659582555294 0.16
      vertex 19.340813495218754 19.048677198588848 0.16
    endloop
  endfacet
  facet normal -0.5612035267756725 -0.8276778368027908 0
    outer loop
      vertex 19.512576825916767 18.951659582555294 0
      vertex 19.672494404017925 18.84322813153267 0.16
      vertex 19.512576825916767 18.951659582555294 0.16
    endloop
  endfacet
  facet normal -0.6291272503715551 -0.7773023239640588 0
    outer loop
      vertex 19.672494404017925 18.84322813153267 0
      vertex 19.82056623697281 18.723382838070393 0.16
      vertex 19.672494404017925 18.84322813153267 0.16
    endloop
  endfacet
  facet normal -0.9828997894788143 0.18414126056509614 0
    outer loop
      vertex 20.57755073904991 15.430150926113129 0
      vertex 20.57755073904991 15.430150926113129 0.16
      vertex 20.619511038064957 15.654124461114407 0
    endloop
  endfacet
  facet normal -0.9919957536292764 0.1262712349725146 0
    outer loop
      vertex 20.619511038064957 15.654124461114407 0
      vertex 20.619511038064957 15.654124461114407 0.16
      vertex 20.649482682347298 15.889583818614483 0
    endloop
  endfacet
  facet normal -0.9973589929361162 0.07262946516019561 0
    outer loop
      vertex 20.649482682347298 15.889583818614483 0
      vertex 20.649482682347298 15.889583818614483 0.16
      vertex 20.667465671896935 16.136528998613358 0
    endloop
  endfacet
  facet normal -0.9997311026663538 0.023188841314656997 0
    outer loop
      vertex 20.667465671896935 16.136528998613358 0
      vertex 20.667465671896935 16.136528998613358 0.16
      vertex 20.673459999263287 16.39496000111103 0
    endloop
  endfacet
  facet normal -0.9997341518067852 -0.0230570100222873 0
    outer loop
      vertex 20.673459999263287 16.39496000111103 0
      vertex 20.673459999263287 16.39496000111103 0.16
      vertex 20.66753712296486 16.65177134424448 0
    endloop
  endfacet
  facet normal -0.9973888415515207 -0.07221841003868434 0
    outer loop
      vertex 20.66753712296486 16.65177134424448 0
      vertex 20.66753712296486 16.65177134424448 0.16
      vertex 20.649768508970737 16.897168844938278 0
    endloop
  endfacet
  facet normal -0.9920854898845121 -0.12556424953229162 0
    outer loop
      vertex 20.649768508970737 16.897168844938278 0
      vertex 20.649768508970737 16.897168844938278 0.16
      vertex 20.62015414237976 17.131152510643005 0
    endloop
  endfacet
  facet normal -0.9256262628457189 -0.37843892708106536 0
    outer loop
      vertex 20.460236556828022 17.76462049037218 0
      vertex 20.460236556828022 17.76462049037218 0.16
      vertex 20.383239209651947 17.952948808670044 0
    endloop
  endfacet
  facet normal -0.6938568514924944 -0.7201129561651578 0
    outer loop
      vertex 19.82056623697281 18.723382838070393 0
      vertex 19.956792324781418 18.592123702168465 0
      vertex 19.956792324781418 18.592123702168465 0.16
    endloop
  endfacet
  facet normal -0.753775910041819 -0.6571315526138032 0
    outer loop
      vertex 19.956792324781418 18.592123702168465 0
      vertex 20.081172667443752 18.449450738728046 0
      vertex 20.081172667443752 18.449450738728046 0.16
    endloop
  endfacet
  facet normal -0.8543147152753404 -0.5197560651536584 0
    outer loop
      vertex 20.19370725750923 18.295363932847977 0
      vertex 20.294396102428436 18.129863291978836 0
      vertex 20.294396102428436 18.129863291978836 0.16
    endloop
  endfacet
  facet normal -0.8936461844020959 -0.4487722107078103 0
    outer loop
      vertex 20.294396102428436 18.129863291978836 0
      vertex 20.383239209651947 17.952948808670044 0
      vertex 20.383239209651947 17.952948808670044 0.16
    endloop
  endfacet
  facet normal -0.807559130154082 -0.5897866150607204 0
    outer loop
      vertex 20.19370725750923 18.295363932847977 0
      vertex 20.19370725750923 18.295363932847977 0.16
      vertex 20.081172667443752 18.449450738728046 0
    endloop
  endfacet
  facet normal -0.9830888982801775 -0.18312896569976755 0
    outer loop
      vertex 20.62015414237976 17.131152510643005 0
      vertex 20.62015414237976 17.131152510643005 0.16
      vertex 20.57869402319193 17.35372234135866 0
    endloop
  endfacet
  facet normal -0.969581505829855 -0.24476867355262347 0
    outer loop
      vertex 20.525388166308403 17.564878337085247 0
      vertex 20.57869402319193 17.35372234135866 0
      vertex 20.57869402319193 17.35372234135866 0.16
    endloop
  endfacet
  facet normal -0.9507041652789349 -0.31009932299391385 0
    outer loop
      vertex 20.525388166308403 17.564878337085247 0
      vertex 20.525388166308403 17.564878337085247 0.16
      vertex 20.460236556828022 17.76462049037218 0
    endloop
  endfacet
  facet normal 0 0 -1
    outer loop
      vertex 20.525388166308403 17.564878337085247 0
      vertex 20.460236556828022 17.76462049037218 0
      vertex 23.552415765821934 20.520182006061077 0
    endloop
  endfacet
  facet normal 0 0 -1
    outer loop
      vertex 20.525388166308403 17.564878337085247 0
      vertex 23.872293271124363 20.332028351724148 0
      vertex 20.57869402319193 17.35372234135866 0
    endloop
  endfacet
  facet normal 0 0 -1
    outer loop
      vertex 20.649768508970737 16.897168844938278 0
      vertex 20.62015414237976 17.131152510643005 0
      vertex 24.94787436723709 19.43730714917183 0
    endloop
  endfacet
  facet normal 0 0 -1
    outer loop
      vertex 20.66753712296486 16.65177134424448 0
      vertex 20.649768508970737 16.897168844938278 0
      vertex 25.545055612921715 18.628698900341988 0
    endloop
  endfacet
  facet normal 0 0 -1
    outer loop
      vertex 20.62015414237976 17.131152510643005 0
      vertex 20.57869402319193 17.35372234135866 0
      vertex 24.450869604945183 19.91308907419443 0
    endloop
  endfacet
  facet normal -0.9828997894788143 0.18414126056509614 0
    outer loop
      vertex 20.619511038064957 15.654124461114407 0
      vertex 20.57755073904991 15.430150926113129 0.16
      vertex 20.619511038064957 15.654124461114407 0.16
    endloop
  endfacet
  facet normal -0.9919957536292764 0.1262712349725146 0
    outer loop
      vertex 20.649482682347298 15.889583818614483 0
      vertex 20.619511038064957 15.654124461114407 0.16
      vertex 20.649482682347298 15.889583818614483 0.16
    endloop
  endfacet
  facet normal -0.9973589929361162 0.07262946516019561 0
    outer loop
      vertex 20.667465671896935 16.136528998613358 0
      vertex 20.649482682347298 15.889583818614483 0.16
      vertex 20.667465671896935 16.136528998613358 0.16
    endloop
  endfacet
  facet normal -0.9997311026663538 0.023188841314656997 0
    outer loop
      vertex 20.673459999263287 16.39496000111103 0
      vertex 20.667465671896935 16.136528998613358 0.16
      vertex 20.673459999263287 16.39496000111103 0.16
    endloop
  endfacet
  facet normal -0.9997341518067852 -0.0230570100222873 0
    outer loop
      vertex 20.66753712296486 16.65177134424448 0
      vertex 20.673459999263287 16.39496000111103 0.16
      vertex 20.66753712296486 16.65177134424448 0.16
    endloop
  endfacet
  facet normal -0.9973888415515207 -0.07221841003868434 0
    outer loop
      vertex 20.649768508970737 16.897168844938278 0
      vertex 20.66753712296486 16.65177134424448 0.16
      vertex 20.649768508970737 16.897168844938278 0.16
    endloop
  endfacet
  facet normal -0.9920854898845121 -0.12556424953229162 0
    outer loop
      vertex 20.62015414237976 17.131152510643005 0
      vertex 20.649768508970737 16.897168844938278 0.16
      vertex 20.62015414237976 17.131152510643005 0.16
    endloop
  endfacet
  facet normal -0.6938568514924944 -0.7201129561651578 0
    outer loop
      vertex 19.82056623697281 18.723382838070393 0
      vertex 19.956792324781418 18.592123702168465 0.16
      vertex 19.82056623697281 18.723382838070393 0.16
    endloop
  endfacet
  facet normal -0.807559130154082 -0.5897866150607204 0
    outer loop
      vertex 20.081172667443752 18.449450738728046 0
      vertex 20.19370725750923 18.295363932847977 0.16
      vertex 20.081172667443752 18.449450738728046 0.16
    endloop
  endfacet
  facet normal -0.753775910041819 -0.6571315526138032 0
    outer loop
      vertex 19.956792324781418 18.592123702168465 0
      vertex 20.081172667443752 18.449450738728046 0.16
      vertex 19.956792324781418 18.592123702168465 0.16
    endloop
  endfacet
  facet normal -0.8543147152753404 -0.5197560651536584 0
    outer loop
      vertex 20.19370725750923 18.295363932847977 0
      vertex 20.294396102428436 18.129863291978836 0.16
      vertex 20.19370725750923 18.295363932847977 0.16
    endloop
  endfacet
  facet normal -0.8936461844020959 -0.4487722107078103 0
    outer loop
      vertex 20.294396102428436 18.129863291978836 0
      vertex 20.383239209651947 17.952948808670044 0.16
      vertex 20.294396102428436 18.129863291978836 0.16
    endloop
  endfacet
  facet normal -0.9256262628457189 -0.37843892708106536 0
    outer loop
      vertex 20.383239209651947 17.952948808670044 0
      vertex 20.460236556828022 17.76462049037218 0.16
      vertex 20.383239209651947 17.952948808670044 0.16
    endloop
  endfacet
  facet normal -0.9830888982801775 -0.18312896569976755 0
    outer loop
      vertex 20.57869402319193 17.35372234135866 0
      vertex 20.62015414237976 17.131152510643005 0.16
      vertex 20.57869402319193 17.35372234135866 0.16
    endloop
  endfacet
  facet normal -0.969581505829855 -0.24476867355262347 0
    outer loop
      vertex 20.525388166308403 17.564878337085247 0
      vertex 20.57869402319193 17.35372234135866 0.16
      vertex 20.525388166308403 17.564878337085247 0.16
    endloop
  endfacet
  facet normal -0.9507041652789349 -0.31009932299391385 0
    outer loop
      vertex 20.460236556828022 17.76462049037218 0
      vertex 20.525388166308403 17.564878337085247 0.16
      vertex 20.460236556828022 17.76462049037218 0.16
    endloop
  endfacet
  facet normal 0 0 -1
    outer loop
      vertex 19.157204426825047 19.13428097963333 0
      vertex 21.20489999651909 21.350680001080036 0
      vertex 19.340813495218754 19.048677198588848 0
    endloop
  endfacet
  facet normal 0 0 -1
    outer loop
      vertex 19.512576825916767 18.951659582555294 0
      vertex 21.20489999651909 21.350680001080036 0
      vertex 19.672494404017925 18.84322813153267 0
    endloop
  endfacet
  facet normal 0 0 -1
    outer loop
      vertex 19.340813495218754 19.048677198588848 0
      vertex 21.20489999651909 21.350680001080036 0
      vertex 19.512576825916767 18.951659582555294 0
    endloop
  endfacet
  facet normal 0 0 -1
    outer loop
      vertex 18.961749605834484 19.208470925688744 0
      vertex 21.381807808886435 21.75 0
      vertex 19.157204426825047 19.13428097963333 0
    endloop
  endfacet
  facet normal 0 0 -1
    outer loop
      vertex 19.82056623697281 18.723382838070393 0
      vertex 19.672494404017925 18.84322813153267 0
      vertex 21.20489999651909 21.350680001080036 0
    endloop
  endfacet
  facet normal 0 0 -1
    outer loop
      vertex 19.82056623697281 18.723382838070393 0
      vertex 21.42856653779745 21.301011495292187 0
      vertex 19.956792324781418 18.592123702168465 0
    endloop
  endfacet
  facet normal 0 0 -1
    outer loop
      vertex 19.956792324781418 18.592123702168465 0
      vertex 21.647134855389595 21.247790321707726 0
      vertex 20.081172667443752 18.449450738728046 0
    endloop
  endfacet
  facet normal 0 0 -1
    outer loop
      vertex 20.19370725750923 18.295363932847977 0
      vertex 20.081172667443752 18.449450738728046 0
      vertex 21.86060494929552 21.191016480326653 0
    endloop
  endfacet
  facet normal 0 0 -1
    outer loop
      vertex 20.19370725750923 18.295363932847977 0
      vertex 22.272250473499298 21.066810816526413 0
      vertex 20.294396102428436 18.129863291978836 0
    endloop
  endfacet
  facet normal 0 0 -1
    outer loop
      vertex 19.157204426825047 19.13428097963333 0
      vertex 21.381807808886435 21.75 0
      vertex 21.20489999651909 21.350680001080036 0
    endloop
  endfacet
  facet normal 0 0 -1
    outer loop
      vertex 19.82056623697281 18.723382838070393 0
      vertex 21.20489999651909 21.350680001080036 0
      vertex 21.42856653779745 21.301011495292187 0
    endloop
  endfacet
  facet normal 0 0 -1
    outer loop
      vertex 19.956792324781418 18.592123702168465 0
      vertex 21.42856653779745 21.301011495292187 0
      vertex 21.647134855389595 21.247790321707726 0
    endloop
  endfacet
  facet normal 0 0 -1
    outer loop
      vertex 20.294396102428436 18.129863291978836 0
      vertex 22.663503102958202 20.928394481539726 0
      vertex 20.383239209651947 17.952948808670044 0
    endloop
  endfacet
  facet normal 0 0 -1
    outer loop
      vertex 20.460236556828022 17.76462049037218 0
      vertex 20.383239209651947 17.952948808670044 0
      vertex 23.034362837672234 20.775767482817173 0
    endloop
  endfacet
  facet normal 0 0 -1
    outer loop
      vertex 20.081172667443752 18.449450738728046 0
      vertex 21.647134855389595 21.247790321707726 0
      vertex 21.86060494929552 21.191016480326653 0
    endloop
  endfacet
  facet normal 0 0 -1
    outer loop
      vertex 20.19370725750923 18.295363932847977 0
      vertex 21.86060494929552 21.191016480326653 0
      vertex 22.06897682696581 21.13068997859955 0
    endloop
  endfacet
  facet normal 0 0 -1
    outer loop
      vertex 20.19370725750923 18.295363932847977 0
      vertex 22.06897682696581 21.13068997859955 0
      vertex 22.272250473499298 21.066810816526413 0
    endloop
  endfacet
  facet normal 0 0 -1
    outer loop
      vertex 20.294396102428436 18.129863291978836 0
      vertex 22.272250473499298 21.066810816526413 0
      vertex 22.47042589634657 20.999378979206085 0
    endloop
  endfacet
  facet normal 0 0 -1
    outer loop
      vertex 20.383239209651947 17.952948808670044 0
      vertex 22.663503102958202 20.928394481539726 0
      vertex 22.851482078433037 20.853857316076756 0
    endloop
  endfacet
  facet normal 0 0 -1
    outer loop
      vertex 20.294396102428436 18.129863291978836 0
      vertex 22.47042589634657 20.999378979206085 0
      vertex 22.663503102958202 20.928394481539726 0
    endloop
  endfacet
  facet normal 0 0 -1
    outer loop
      vertex 20.383239209651947 17.952948808670044 0
      vertex 22.851482078433037 20.853857316076756 0
      vertex 23.034362837672234 20.775767482817173 0
    endloop
  endfacet
  facet normal 0 0 -1
    outer loop
      vertex 20.460236556828022 17.76462049037218 0
      vertex 23.034362837672234 20.775767482817173 0
      vertex 23.21214536577463 20.69412498921156 0
    endloop
  endfacet
  facet normal 0 0 -1
    outer loop
      vertex 20.460236556828022 17.76462049037218 0
      vertex 23.21214536577463 20.69412498921156 0
      vertex 23.38482967764139 20.608929827809334 0
    endloop
  endfacet
  facet normal 0 0 -1
    outer loop
      vertex 21.20489999651909 21.350680001080036 0
      vertex 21.381807808886435 21.75 0
      vertex 21.48431194573641 21.38277731835842 0
    endloop
  endfacet
  facet normal 0 0 -1
    outer loop
      vertex 21.48431194573641 21.38277731835842 0
      vertex 21.381807808886435 21.75 0
      vertex 23.30926575685637 21.75 0
    endloop
  endfacet
  facet normal 0 0 -1
    outer loop
      vertex 21.48431194573641 21.38277731835842 0
      vertex 23.30926575685637 21.75 0
      vertex 21.757873006165028 21.419611871242523 0
    endloop
  endfacet
  facet normal 0 0 -1
    outer loop
      vertex 21.757873006165028 21.419611871242523 0
      vertex 23.30926575685637 21.75 0
      vertex 22.025583177804947 21.461183667182922 0
    endloop
  endfacet
  facet normal 0.11412400206114029 -0.9934665128496023 0
    outer loop
      vertex 21.20489999651909 21.350680001080036 0
      vertex 21.48431194573641 21.38277731835842 0
      vertex 21.20489999651909 21.350680001080036 0.16
    endloop
  endfacet
  facet normal 0.21678417517069784 0.9762195559378845 0
    outer loop
      vertex 21.20489999651909 21.350680001080036 0
      vertex 21.42856653779745 21.301011495292187 0.16
      vertex 21.42856653779745 21.301011495292187 0
    endloop
  endfacet
  facet normal 0.23658621532818147 0.9716104994887033 0
    outer loop
      vertex 21.42856653779745 21.301011495292187 0
      vertex 21.647134855389595 21.247790321707726 0.16
      vertex 21.647134855389595 21.247790321707726 0
    endloop
  endfacet
  facet normal 0.13344412772113037 -0.9910563378419749 0
    outer loop
      vertex 21.48431194573641 21.38277731835842 0
      vertex 21.757873006165028 21.419611871242523 0
      vertex 21.48431194573641 21.38277731835842 0.16
    endloop
  endfacet
  facet normal 0.278093492707318 0.9605540116588159 0
    outer loop
      vertex 21.86060494929552 21.191016480326653 0
      vertex 22.06897682696581 21.13068997859955 0.16
      vertex 22.06897682696581 21.13068997859955 0
    endloop
  endfacet
  facet normal 0.29979737613957086 0.954002900026949 0
    outer loop
      vertex 22.06897682696581 21.13068997859955 0
      vertex 22.272250473499298 21.066810816526413 0.16
      vertex 22.272250473499298 21.066810816526413 0
    endloop
  endfacet
  facet normal 0.25702219713993035 0.9664054998691609 0
    outer loop
      vertex 21.86060494929552 21.191016480326653 0
      vertex 21.647134855389595 21.247790321707726 0
      vertex 21.86060494929552 21.191016480326653 0.16
    endloop
  endfacet
  facet normal 0.15344748670375907 -0.988156803763603 0
    outer loop
      vertex 21.757873006165028 21.419611871242523 0
      vertex 22.025583177804947 21.461183667182922 0
      vertex 21.757873006165028 21.419611871242523 0.16
    endloop
  endfacet
  facet normal 0.17414482604178302 -0.9847200513663146 0
    outer loop
      vertex 22.025583177804947 21.461183667182922 0
      vertex 22.287442460656166 21.50749270617962 0
      vertex 22.025583177804947 21.461183667182922 0.16
    endloop
  endfacet
  facet normal 0.19554369458661716 -0.9806949900491059 0
    outer loop
      vertex 22.287442460656166 21.50749270617962 0
      vertex 22.543450847268105 21.558538980782032 0
      vertex 22.287442460656166 21.50749270617962 0.16
    endloop
  endfacet
  facet normal 0.21678417517069784 0.9762195559378845 0
    outer loop
      vertex 21.20489999651909 21.350680001080036 0
      vertex 21.20489999651909 21.350680001080036 0.16
      vertex 21.42856653779745 21.301011495292187 0.16
    endloop
  endfacet
  facet normal 0.11412400206114029 -0.9934665128496023 0
    outer loop
      vertex 21.48431194573641 21.38277731835842 0
      vertex 21.48431194573641 21.38277731835842 0.16
      vertex 21.20489999651909 21.350680001080036 0.16
    endloop
  endfacet
  facet normal 0.23658621532818147 0.9716104994887033 0
    outer loop
      vertex 21.42856653779745 21.301011495292187 0
      vertex 21.42856653779745 21.301011495292187 0.16
      vertex 21.647134855389595 21.247790321707726 0.16
    endloop
  endfacet
  facet normal 0.25702219713993035 0.9664054998691609 0
    outer loop
      vertex 21.647134855389595 21.247790321707726 0
      vertex 21.647134855389595 21.247790321707726 0.16
      vertex 21.86060494929552 21.191016480326653 0.16
    endloop
  endfacet
  facet normal 0.13344412772113037 -0.9910563378419749 0
    outer loop
      vertex 21.757873006165028 21.419611871242523 0
      vertex 21.757873006165028 21.419611871242523 0.16
      vertex 21.48431194573641 21.38277731835842 0.16
    endloop
  endfacet
  facet normal 0.278093492707318 0.9605540116588159 0
    outer loop
      vertex 21.86060494929552 21.191016480326653 0
      vertex 21.86060494929552 21.191016480326653 0.16
      vertex 22.06897682696581 21.13068997859955 0.16
    endloop
  endfacet
  facet normal 0.29979737613957086 0.954002900026949 0
    outer loop
      vertex 22.06897682696581 21.13068997859955 0
      vertex 22.06897682696581 21.13068997859955 0.16
      vertex 22.272250473499298 21.066810816526413 0.16
    endloop
  endfacet
  facet normal 0.32212622010438424 0.946696729856643 0
    outer loop
      vertex 22.272250473499298 21.066810816526413 0
      vertex 22.272250473499298 21.066810816526413 0.16
      vertex 22.47042589634657 20.999378979206085 0.16
    endloop
  endfacet
  facet normal 0.15344748670375907 -0.988156803763603 0
    outer loop
      vertex 22.025583177804947 21.461183667182922 0
      vertex 22.025583177804947 21.461183667182922 0.16
      vertex 21.757873006165028 21.419611871242523 0.16
    endloop
  endfacet
  facet normal 0.17414482604178302 -0.9847200513663146 0
    outer loop
      vertex 22.287442460656166 21.50749270617962 0
      vertex 22.287442460656166 21.50749270617962 0.16
      vertex 22.025583177804947 21.461183667182922 0.16
    endloop
  endfacet
  facet normal 0 0 1
    outer loop
      vertex 18.535302720963955 19.322609297931194 0.16
      vertex 18.754449032247066 19.271247029304504 0.16
      vertex 18.754805330570285 21.75 0.16
    endloop
  endfacet
  facet normal 0 0 1
    outer loop
      vertex 18.754449032247066 19.271247029304504 0.16
      vertex 18.961749605834484 19.208470925688744 0.16
      vertex 18.754805330570285 21.75 0.16
    endloop
  endfacet
  facet normal 0 0 1
    outer loop
      vertex 18.961749605834484 19.208470925688744 0.16
      vertex 19.157204426825047 19.13428097963333 0.16
      vertex 18.754805330570285 21.75 0.16
    endloop
  endfacet
  facet normal 0 0 1
    outer loop
      vertex 19.157204426825047 19.13428097963333 0.16
      vertex 21.20489999651909 21.350680001080036 0.16
      vertex 18.754805330570285 21.75 0.16
    endloop
  endfacet
  facet normal 0 0 1
    outer loop
      vertex 20.525388166308403 17.564878337085247 0.16
      vertex 23.552415765821934 20.520182006061077 0.16
      vertex 20.460236556828022 17.76462049037218 0.16
    endloop
  endfacet
  facet normal 0 0 1
    outer loop
      vertex 20.525388166308403 17.564878337085247 0.16
      vertex 20.57869402319193 17.35372234135866 0.16
      vertex 23.872293271124363 20.332028351724148 0.16
    endloop
  endfacet
  facet normal 0 0 1
    outer loop
      vertex 20.649768508970737 16.897168844938278 0.16
      vertex 24.94787436723709 19.43730714917183 0.16
      vertex 20.62015414237976 17.131152510643005 0.16
    endloop
  endfacet
  facet normal 0 0 1
    outer loop
      vertex 20.66753712296486 16.65177134424448 0.16
      vertex 25.545055612921715 18.628698900341988 0.16
      vertex 20.649768508970737 16.897168844938278 0.16
    endloop
  endfacet
  facet normal 0 0 1
    outer loop
      vertex 20.62015414237976 17.131152510643005 0.16
      vertex 24.450869604945183 19.91308907419443 0.16
      vertex 20.57869402319193 17.35372234135866 0.16
    endloop
  endfacet
  facet normal 0 0 1
    outer loop
      vertex 19.157204426825047 19.13428097963333 0.16
      vertex 19.340813495218754 19.048677198588848 0.16
      vertex 21.20489999651909 21.350680001080036 0.16
    endloop
  endfacet
  facet normal 0 0 1
    outer loop
      vertex 19.512576825916767 18.951659582555294 0.16
      vertex 19.672494404017925 18.84322813153267 0.16
      vertex 21.20489999651909 21.350680001080036 0.16
    endloop
  endfacet
  facet normal 0 0 1
    outer loop
      vertex 19.340813495218754 19.048677198588848 0.16
      vertex 19.512576825916767 18.951659582555294 0.16
      vertex 21.20489999651909 21.350680001080036 0.16
    endloop
  endfacet
  facet normal 0 0 1
    outer loop
      vertex 19.82056623697281 18.723382838070393 0.16
      vertex 21.20489999651909 21.350680001080036 0.16
      vertex 19.672494404017925 18.84322813153267 0.16
    endloop
  endfacet
  facet normal 0 0 1
    outer loop
      vertex 19.82056623697281 18.723382838070393 0.16
      vertex 19.956792324781418 18.592123702168465 0.16
      vertex 21.42856653779745 21.301011495292187 0.16
    endloop
  endfacet
  facet normal 0 0 1
    outer loop
      vertex 19.956792324781418 18.592123702168465 0.16
      vertex 20.081172667443752 18.449450738728046 0.16
      vertex 21.647134855389595 21.247790321707726 0.16
    endloop
  endfacet
  facet normal 0 0 1
    outer loop
      vertex 20.19370725750923 18.295363932847977 0.16
      vertex 21.86060494929552 21.191016480326653 0.16
      vertex 20.081172667443752 18.449450738728046 0.16
    endloop
  endfacet
  facet normal 0 0 1
    outer loop
      vertex 20.19370725750923 18.295363932847977 0.16
      vertex 20.294396102428436 18.129863291978836 0.16
      vertex 22.272250473499298 21.066810816526413 0.16
    endloop
  endfacet
  facet normal 0 0 1
    outer loop
      vertex 19.82056623697281 18.723382838070393 0.16
      vertex 21.42856653779745 21.301011495292187 0.16
      vertex 21.20489999651909 21.350680001080036 0.16
    endloop
  endfacet
  facet normal 0 0 1
    outer loop
      vertex 19.956792324781418 18.592123702168465 0.16
      vertex 21.647134855389595 21.247790321707726 0.16
      vertex 21.42856653779745 21.301011495292187 0.16
    endloop
  endfacet
  facet normal 0 0 1
    outer loop
      vertex 21.20489999651909 21.350680001080036 0.16
      vertex 21.48431194573641 21.38277731835842 0.16
      vertex 18.754805330570285 21.75 0.16
    endloop
  endfacet
  facet normal 0 0 1
    outer loop
      vertex 21.48431194573641 21.38277731835842 0.16
      vertex 21.757873006165028 21.419611871242523 0.16
      vertex 18.754805330570285 21.75 0.16
    endloop
  endfacet
  facet normal 0 0 1
    outer loop
      vertex 21.757873006165028 21.419611871242523 0.16
      vertex 22.025583177804947 21.461183667182922 0.16
      vertex 18.754805330570285 21.75 0.16
    endloop
  endfacet
  facet normal 0 0 1
    outer loop
      vertex 22.025583177804947 21.461183667182922 0.16
      vertex 22.287442460656166 21.50749270617962 0.16
      vertex 18.754805330570285 21.75 0.16
    endloop
  endfacet
  facet normal 0 0 1
    outer loop
      vertex 20.294396102428436 18.129863291978836 0.16
      vertex 20.383239209651947 17.952948808670044 0.16
      vertex 22.663503102958202 20.928394481539726 0.16
    endloop
  endfacet
  facet normal 0 0 1
    outer loop
      vertex 20.460236556828022 17.76462049037218 0.16
      vertex 23.034362837672234 20.775767482817173 0.16
      vertex 20.383239209651947 17.952948808670044 0.16
    endloop
  endfacet
  facet normal 0 0 1
    outer loop
      vertex 20.081172667443752 18.449450738728046 0.16
      vertex 21.86060494929552 21.191016480326653 0.16
      vertex 21.647134855389595 21.247790321707726 0.16
    endloop
  endfacet
  facet normal 0 0 1
    outer loop
      vertex 20.19370725750923 18.295363932847977 0.16
      vertex 22.06897682696581 21.13068997859955 0.16
      vertex 21.86060494929552 21.191016480326653 0.16
    endloop
  endfacet
  facet normal 0 0 1
    outer loop
      vertex 20.19370725750923 18.295363932847977 0.16
      vertex 22.272250473499298 21.066810816526413 0.16
      vertex 22.06897682696581 21.13068997859955 0.16
    endloop
  endfacet
  facet normal 0 0 1
    outer loop
      vertex 20.294396102428436 18.129863291978836 0.16
      vertex 22.47042589634657 20.999378979206085 0.16
      vertex 22.272250473499298 21.066810816526413 0.16
    endloop
  endfacet
  facet normal 0 0 1
    outer loop
      vertex 20.383239209651947 17.952948808670044 0.16
      vertex 22.851482078433037 20.853857316076756 0.16
      vertex 22.663503102958202 20.928394481539726 0.16
    endloop
  endfacet
  facet normal 0 0 1
    outer loop
      vertex 20.294396102428436 18.129863291978836 0.16
      vertex 22.663503102958202 20.928394481539726 0.16
      vertex 22.47042589634657 20.999378979206085 0.16
    endloop
  endfacet
  facet normal 0 0 1
    outer loop
      vertex 20.383239209651947 17.952948808670044 0.16
      vertex 23.034362837672234 20.775767482817173 0.16
      vertex 22.851482078433037 20.853857316076756 0.16
    endloop
  endfacet
  facet normal 0 0 1
    outer loop
      vertex 20.460236556828022 17.76462049037218 0.16
      vertex 23.21214536577463 20.69412498921156 0.16
      vertex 23.034362837672234 20.775767482817173 0.16
    endloop
  endfacet
  facet normal 0 0 1
    outer loop
      vertex 20.460236556828022 17.76462049037218 0.16
      vertex 23.38482967764139 20.608929827809334 0.16
      vertex 23.21214536577463 20.69412498921156 0.16
    endloop
  endfacet
  facet normal 0 0 1
    outer loop
      vertex 22.287442460656166 21.50749270617962 0.16
      vertex 22.543450847268105 21.558538980782032 0.16
      vertex 18.754805330570285 21.75 0.16
    endloop
  endfacet
  facet normal 0 0 1
    outer loop
      vertex 22.543450847268105 21.558538980782032 0.16
      vertex 22.793608352541924 21.614322498440742 0.16
      vertex 18.754805330570285 21.75 0.16
    endloop
  endfacet
  facet normal 0 0 1
    outer loop
      vertex 22.793608352541924 21.614322498440742 0.16
      vertex 23.037914969027042 21.67484325170517 0.16
      vertex 18.754805330570285 21.75 0.16
    endloop
  endfacet
  facet normal 0 0 1
    outer loop
      vertex 23.037914969027042 21.67484325170517 0.16
      vertex 23.27637069672346 21.740101248025894 0.16
      vertex 18.754805330570285 21.75 0.16
    endloop
  endfacet
  facet normal 0 0 1
    outer loop
      vertex 23.27637069672346 21.740101248025894 0.16
      vertex 23.30926575685637 21.75 0.16
      vertex 18.754805330570285 21.75 0.16
    endloop
  endfacet
  facet normal 0.3725363634374156 -0.9280175956935438 0
    outer loop
      vertex 22.448200039565563 9.90537565201521 0
      vertex 22.69074884802103 10.002742610871792 0
      vertex 22.448200039565563 9.90537565201521 0.16
    endloop
  endfacet
  facet normal 0.4035847862518619 -0.914942249710898 0
    outer loop
      vertex 22.69074884802103 10.002742610871792 0
      vertex 22.925724424421787 10.106391303241253 0
      vertex 22.69074884802103 10.002742610871792 0.16
    endloop
  endfacet
  facet normal 0.4352306015851948 -0.9003190120417258 0
    outer loop
      vertex 22.925724424421787 10.106391303241253 0
      vertex 23.153126768767834 10.216321736574173 0
      vertex 22.925724424421787 10.106391303241253 0.16
    endloop
  endfacet
  facet normal 0.46736009080689683 -0.8840670480913588 0
    outer loop
      vertex 23.153126768767834 10.216321736574173 0
      vertex 23.37295588105917 10.332533910870552 0
      vertex 23.153126768767834 10.216321736574173 0.16
    endloop
  endfacet
  facet normal 0.4998406232107942 -0.8661174004649975 0
    outer loop
      vertex 23.37295588105917 10.332533910870552 0
      vertex 23.585211761295795 10.45502782613039 0
      vertex 23.37295588105917 10.332533910870552 0.16
    endloop
  endfacet
  facet normal 0 0 -1
    outer loop
      vertex 20.187919355928898 14.482570588588715 0
      vertex 23.78989440202713 10.583803474903107 0
      vertex 23.585211761295795 10.45502782613039 0
    endloop
  endfacet
  facet normal 0 0 -1
    outer loop
      vertex 20.187919355928898 14.482570588588715 0
      vertex 23.987003818154335 10.718860872089863 0
      vertex 23.78989440202713 10.583803474903107 0
    endloop
  endfacet
  facet normal 0 0 -1
    outer loop
      vertex 20.289822950959206 14.649115011096 0
      vertex 24.17654000222683 10.860200002789497 0
      vertex 23.987003818154335 10.718860872089863 0
    endloop
  endfacet
  facet normal 0.5325212341750758 -0.846416643948271 0
    outer loop
      vertex 23.585211761295795 10.45502782613039 0
      vertex 23.78989440202713 10.583803474903107 0
      vertex 23.585211761295795 10.45502782613039 0.16
    endloop
  endfacet
  facet normal 0.5652341328201262 -0.824930527435541 0
    outer loop
      vertex 23.78989440202713 10.583803474903107 0
      vertex 23.987003818154335 10.718860872089863 0
      vertex 23.78989440202713 10.583803474903107 0.16
    endloop
  endfacet
  facet normal 0.5977970047999324 -0.8016475167130686 0
    outer loop
      vertex 23.987003818154335 10.718860872089863 0
      vertex 24.17654000222683 10.860200002789497 0
      vertex 23.987003818154335 10.718860872089863 0.16
    endloop
  endfacet
  facet normal 0.6294612885002205 -0.7770318438002668 0
    outer loop
      vertex 24.17654000222683 10.860200002789497 0
      vertex 24.35825153440237 11.007401660084724 0
      vertex 24.17654000222683 10.860200002789497 0.16
    endloop
  endfacet
  facet normal 0.6603706775553617 -0.7509397900132022 0
    outer loop
      vertex 24.35825153440237 11.007401660084724 0
      vertex 24.531886994838715 11.1600953489542 0
      vertex 24.35825153440237 11.007401660084724 0.16
    endloop
  endfacet
  facet normal 0.6908224155060546 -0.7230244741600246 0
    outer loop
      vertex 24.531886994838715 11.1600953489542 0
      vertex 24.697446390986443 11.318281061947346 0
      vertex 24.531886994838715 11.1600953489542 0.16
    endloop
  endfacet
  facet normal 0.7206111039332205 -0.6933394817029718 0
    outer loop
      vertex 24.697446390986443 11.318281061947346 0
      vertex 24.854929715394974 11.481958791613579 0
      vertex 24.697446390986443 11.318281061947346 0.16
    endloop
  endfacet
  facet normal 0.7495304161781284 -0.6619699050741216 0
    outer loop
      vertex 24.854929715394974 11.481958791613579 0
      vertex 25.00433697551489 11.65112854540348 0
      vertex 24.854929715394974 11.481958791613579 0.16
    endloop
  endfacet
  facet normal 0.3725363634374156 -0.9280175956935438 0
    outer loop
      vertex 22.69074884802103 10.002742610871792 0
      vertex 22.69074884802103 10.002742610871792 0.16
      vertex 22.448200039565563 9.90537565201521 0.16
    endloop
  endfacet
  facet normal 0.4035847862518619 -0.914942249710898 0
    outer loop
      vertex 22.925724424421787 10.106391303241253 0
      vertex 22.925724424421787 10.106391303241253 0.16
      vertex 22.69074884802103 10.002742610871792 0.16
    endloop
  endfacet
  facet normal 0.4352306015851948 -0.9003190120417258 0
    outer loop
      vertex 23.153126768767834 10.216321736574173 0
      vertex 23.153126768767834 10.216321736574173 0.16
      vertex 22.925724424421787 10.106391303241253 0.16
    endloop
  endfacet
  facet normal 0.46736009080689683 -0.8840670480913588 0
    outer loop
      vertex 23.37295588105917 10.332533910870552 0
      vertex 23.37295588105917 10.332533910870552 0.16
      vertex 23.153126768767834 10.216321736574173 0.16
    endloop
  endfacet
  facet normal 0.4998406232107942 -0.8661174004649975 0
    outer loop
      vertex 23.585211761295795 10.45502782613039 0
      vertex 23.585211761295795 10.45502782613039 0.16
      vertex 23.37295588105917 10.332533910870552 0.16
    endloop
  endfacet
  facet normal 0.5325212341750758 -0.846416643948271 0
    outer loop
      vertex 23.78989440202713 10.583803474903107 0
      vertex 23.78989440202713 10.583803474903107 0.16
      vertex 23.585211761295795 10.45502782613039 0.16
    endloop
  endfacet
  facet normal 0.5652341328201262 -0.824930527435541 0
    outer loop
      vertex 23.987003818154335 10.718860872089863 0
      vertex 23.987003818154335 10.718860872089863 0.16
      vertex 23.78989440202713 10.583803474903107 0.16
    endloop
  endfacet
  facet normal 0.5977970047999324 -0.8016475167130686 0
    outer loop
      vertex 24.17654000222683 10.860200002789497 0
      vertex 24.17654000222683 10.860200002789497 0.16
      vertex 23.987003818154335 10.718860872089863 0.16
    endloop
  endfacet
  facet normal 0.6294612885002205 -0.7770318438002668 0
    outer loop
      vertex 24.35825153440237 11.007401660084724 0
      vertex 24.35825153440237 11.007401660084724 0.16
      vertex 24.17654000222683 10.860200002789497 0.16
    endloop
  endfacet
  facet normal 0.6603706775553617 -0.7509397900132022 0
    outer loop
      vertex 24.531886994838715 11.1600953489542 0
      vertex 24.531886994838715 11.1600953489542 0.16
      vertex 24.35825153440237 11.007401660084724 0.16
    endloop
  endfacet
  facet normal 0.6908224155060546 -0.7230244741600246 0
    outer loop
      vertex 24.697446390986443 11.318281061947346 0
      vertex 24.697446390986443 11.318281061947346 0.16
      vertex 24.531886994838715 11.1600953489542 0.16
    endloop
  endfacet
  facet normal 0.7206111039332205 -0.6933394817029718 0
    outer loop
      vertex 24.854929715394974 11.481958791613579 0
      vertex 24.854929715394974 11.481958791613579 0.16
      vertex 24.697446390986443 11.318281061947346 0.16
    endloop
  endfacet
  facet normal 0.7495304161781284 -0.6619699050741216 0
    outer loop
      vertex 25.00433697551489 11.65112854540348 0
      vertex 25.00433697551489 11.65112854540348 0.16
      vertex 24.854929715394974 11.481958791613579 0.16
    endloop
  endfacet
  facet normal 0 0 -1
    outer loop
      vertex 20.289822950959206 14.649115011096 0
      vertex 24.35825153440237 11.007401660084724 0
      vertex 24.17654000222683 10.860200002789497 0
    endloop
  endfacet
  facet normal 0 0 -1
    outer loop
      vertex 20.289822950959206 14.649115011096 0
      vertex 24.531886994838715 11.1600953489542 0
      vertex 24.35825153440237 11.007401660084724 0
    endloop
  endfacet
  facet normal 0 0 -1
    outer loop
      vertex 20.289822950959206 14.649115011096 0
      vertex 24.697446390986443 11.318281061947346 0
      vertex 24.531886994838715 11.1600953489542 0
    endloop
  endfacet
  facet normal 0 0 -1
    outer loop
      vertex 20.37973788380623 14.827145256102085 0
      vertex 24.854929715394974 11.481958791613579 0
      vertex 24.697446390986443 11.318281061947346 0
    endloop
  endfacet
  facet normal 0 0 -1
    outer loop
      vertex 20.37973788380623 14.827145256102085 0
      vertex 25.00433697551489 11.65112854540348 0
      vertex 24.854929715394974 11.481958791613579 0
    endloop
  endfacet
  facet normal 0 0 -1
    outer loop
      vertex 20.37973788380623 14.827145256102085 0
      vertex 25.145668163895607 11.825790323317051 0
      vertex 25.00433697551489 11.65112854540348 0
    endloop
  endfacet
  facet normal 0 0 -1
    outer loop
      vertex 20.37973788380623 14.827145256102085 0
      vertex 25.27892328798771 12.00594411790371 0
      vertex 25.145668163895607 11.825790323317051 0
    endloop
  endfacet
  facet normal 0 0 -1
    outer loop
      vertex 20.37973788380623 14.827145256102085 0
      vertex 25.404102340340614 12.191589944064617 0
      vertex 25.27892328798771 12.00594411790371 0
    endloop
  endfacet
  facet normal 0 0 -1
    outer loop
      vertex 20.52360177785158 15.217663213610649 0
      vertex 20.57755073904991 15.430150926113129 0
      vertex 26.114796333014965 13.874469339847565 0
    endloop
  endfacet
  facet normal 0 0 -1
    outer loop
      vertex 20.57755073904991 15.430150926113129 0
      vertex 20.619511038064957 15.654124461114407 0
      vertex 26.248051457107067 14.596167482435703 0
    endloop
  endfacet
  facet normal 0 0 -1
    outer loop
      vertex 20.457664161920547 15.016661323606968 0
      vertex 25.521205328404903 12.382727786898613 0
      vertex 25.404102340340614 12.191589944064617 0
    endloop
  endfacet
  facet normal 0 0 -1
    outer loop
      vertex 20.457664161920547 15.016661323606968 0
      vertex 25.630232252180576 12.579357653856277 0
      vertex 25.521205328404903 12.382727786898613 0
    endloop
  endfacet
  facet normal 0 0 -1
    outer loop
      vertex 20.457664161920547 15.016661323606968 0
      vertex 25.731183096766472 12.78147954493761 0
      vertex 25.630232252180576 12.579357653856277 0
    endloop
  endfacet
  facet normal 0 0 -1
    outer loop
      vertex 20.457664161920547 15.016661323606968 0
      vertex 25.824057884514332 12.989093460142612 0
      vertex 25.731183096766472 12.78147954493761 0
    endloop
  endfacet
  facet normal 0 0 -1
    outer loop
      vertex 20.457664161920547 15.016661323606968 0
      vertex 25.908856600522995 13.202199392020702 0
      vertex 25.824057884514332 12.989093460142612 0
    endloop
  endfacet
  facet normal 0 0 -1
    outer loop
      vertex 20.52360177785158 15.217663213610649 0
      vertex 25.98557924479246 13.420797355473042 0
      vertex 25.908856600522995 13.202199392020702 0
    endloop
  endfacet
  facet normal 0 0 -1
    outer loop
      vertex 20.52360177785158 15.217663213610649 0
      vertex 26.05422582477331 13.644887335598469 0
      vertex 25.98557924479246 13.420797355473042 0
    endloop
  endfacet
  facet normal 0 0 -1
    outer loop
      vertex 20.52360177785158 15.217663213610649 0
      vertex 26.114796333014965 13.874469339847565 0
      vertex 26.05422582477331 13.644887335598469 0
    endloop
  endfacet
  facet normal 0 0 -1
    outer loop
      vertex 20.57755073904991 15.430150926113129 0
      vertex 26.167290776968002 14.10954336822033 0
      vertex 26.114796333014965 13.874469339847565 0
    endloop
  endfacet
  facet normal 0 0 -1
    outer loop
      vertex 20.57755073904991 15.430150926113129 0
      vertex 26.211709149181843 14.350109413266182 0
      vertex 26.167290776968002 14.10954336822033 0
    endloop
  endfacet
  facet normal 0 0 -1
    outer loop
      vertex 20.57755073904991 15.430150926113129 0
      vertex 26.248051457107067 14.596167482435703 0
      vertex 26.211709149181843 14.350109413266182 0
    endloop
  endfacet
  facet normal 0 0 -1
    outer loop
      vertex 20.619511038064957 15.654124461114407 0
      vertex 26.276317693293095 14.847717583179474 0
      vertex 26.248051457107067 14.596167482435703 0
    endloop
  endfacet
  facet normal 0 0 -1
    outer loop
      vertex 20.619511038064957 15.654124461114407 0
      vertex 26.296507865190506 15.104759700596333 0
      vertex 26.276317693293095 14.847717583179474 0
    endloop
  endfacet
  facet normal 0 0 -1
    outer loop
      vertex 20.619511038064957 15.654124461114407 0
      vertex 26.30862196534872 15.36729383468628 0
      vertex 26.296507865190506 15.104759700596333 0
    endloop
  endfacet
  facet normal 0.7773791050455013 -0.629032373601435 0
    outer loop
      vertex 25.00433697551489 11.65112854540348 0
      vertex 25.145668163895607 11.825790323317051 0
      vertex 25.00433697551489 11.65112854540348 0.16
    endloop
  endfacet
  facet normal 0.8039671051822859 -0.5946737708902381 0
    outer loop
      vertex 25.145668163895607 11.825790323317051 0
      vertex 25.27892328798771 12.00594411790371 0
      vertex 25.145668163895607 11.825790323317051 0.16
    endloop
  endfacet
  facet normal 0.8291217039867976 -0.559068153249699 0
    outer loop
      vertex 25.27892328798771 12.00594411790371 0
      vertex 25.404102340340614 12.191589944064617 0
      vertex 25.27892328798771 12.00594411790371 0.16
    endloop
  endfacet
  facet normal 0.7773791050455013 -0.629032373601435 0
    outer loop
      vertex 25.145668163895607 11.825790323317051 0
      vertex 25.145668163895607 11.825790323317051 0.16
      vertex 25.00433697551489 11.65112854540348 0.16
    endloop
  endfacet
  facet normal 0.8039671051822859 -0.5946737708902381 0
    outer loop
      vertex 25.27892328798771 12.00594411790371 0
      vertex 25.27892328798771 12.00594411790371 0.16
      vertex 25.145668163895607 11.825790323317051 0.16
    endloop
  endfacet
  facet normal 0.8526926937150887 -0.5224128349159369 0
    outer loop
      vertex 25.404102340340614 12.191589944064617 0
      vertex 25.521205328404903 12.382727786898613 0
      vertex 25.404102340340614 12.191589944064617 0.16
    endloop
  endfacet
  facet normal 0.8745570699740424 -0.48492260347236665 0
    outer loop
      vertex 25.521205328404903 12.382727786898613 0
      vertex 25.630232252180576 12.579357653856277 0
      vertex 25.521205328404903 12.382727786898613 0.16
    endloop
  endfacet
  facet normal 0.8946220354208871 -0.4468236942457159 0
    outer loop
      vertex 25.630232252180576 12.579357653856277 0
      vertex 25.731183096766472 12.78147954493761 0
      vertex 25.630232252180576 12.579357653856277 0.16
    endloop
  endfacet
  facet normal 0.9128266458912258 -0.4083472964903464 0
    outer loop
      vertex 25.731183096766472 12.78147954493761 0
      vertex 25.824057884514332 12.989093460142612 0
      vertex 25.731183096766472 12.78147954493761 0.16
    endloop
  endfacet
  facet normal 0.9291422086532234 -0.36972253934404636 0
    outer loop
      vertex 25.824057884514332 12.989093460142612 0
      vertex 25.908856600522995 13.202199392020702 0
      vertex 25.824057884514332 12.989093460142612 0.16
    endloop
  endfacet
  facet normal 0.9435708442970505 -0.3311707441676443 0
    outer loop
      vertex 25.908856600522995 13.202199392020702 0
      vertex 25.98557924479246 13.420797355473042 0
      vertex 25.908856600522995 13.202199392020702 0.16
    endloop
  endfacet
  facet normal 0.9561430837263577 -0.2928999888054814 0
    outer loop
      vertex 25.98557924479246 13.420797355473042 0
      vertex 26.05422582477331 13.644887335598469 0
      vertex 25.98557924479246 13.420797355473042 0.16
    endloop
  endfacet
  facet normal 0.9669145208942812 -0.25510058660023255 0
    outer loop
      vertex 26.05422582477331 13.644887335598469 0
      vertex 26.114796333014965 13.874469339847565 0
      vertex 26.05422582477331 13.644887335598469 0.16
    endloop
  endfacet
  facet normal 0.9759616649600963 -0.2179422596201038 0
    outer loop
      vertex 26.114796333014965 13.874469339847565 0
      vertex 26.167290776968002 14.10954336822033 0
      vertex 26.114796333014965 13.874469339847565 0.16
    endloop
  endfacet
  facet normal 0.9833776704985239 -0.18157190632060005 0
    outer loop
      vertex 26.167290776968002 14.10954336822033 0
      vertex 26.211709149181843 14.350109413266182 0
      vertex 26.167290776968002 14.10954336822033 0.16
    endloop
  endfacet
  facet normal 0.9892679089196137 -0.1461129849870117 0
    outer loop
      vertex 26.211709149181843 14.350109413266182 0
      vertex 26.248051457107067 14.596167482435703 0
      vertex 26.211709149181843 14.350109413266182 0.16
    endloop
  endfacet
  facet normal 0.9937458565306091 -0.11166544957257797 0
    outer loop
      vertex 26.248051457107067 14.596167482435703 0
      vertex 26.276317693293095 14.847717583179474 0
      vertex 26.248051457107067 14.596167482435703 0.16
    endloop
  endfacet
  facet normal 0.9969292993314864 -0.07830690987666292 0
    outer loop
      vertex 26.276317693293095 14.847717583179474 0
      vertex 26.296507865190506 15.104759700596333 0
      vertex 26.276317693293095 14.847717583179474 0.16
    endloop
  endfacet
  facet normal 0.998937110957789 -0.04609390796304666 0
    outer loop
      vertex 26.296507865190506 15.104759700596333 0
      vertex 26.30862196534872 15.36729383468628 0
      vertex 26.296507865190506 15.104759700596333 0.16
    endloop
  endfacet
  facet normal 0.8291217039867976 -0.559068153249699 0
    outer loop
      vertex 25.404102340340614 12.191589944064617 0
      vertex 25.404102340340614 12.191589944064617 0.16
      vertex 25.27892328798771 12.00594411790371 0.16
    endloop
  endfacet
  facet normal 0.8526926937150887 -0.5224128349159369 0
    outer loop
      vertex 25.521205328404903 12.382727786898613 0
      vertex 25.521205328404903 12.382727786898613 0.16
      vertex 25.404102340340614 12.191589944064617 0.16
    endloop
  endfacet
  facet normal 0.8745570699740424 -0.48492260347236665 0
    outer loop
      vertex 25.630232252180576 12.579357653856277 0
      vertex 25.630232252180576 12.579357653856277 0.16
      vertex 25.521205328404903 12.382727786898613 0.16
    endloop
  endfacet
  facet normal 0.8946220354208871 -0.4468236942457159 0
    outer loop
      vertex 25.731183096766472 12.78147954493761 0
      vertex 25.731183096766472 12.78147954493761 0.16
      vertex 25.630232252180576 12.579357653856277 0.16
    endloop
  endfacet
  facet normal 0.9128266458912258 -0.4083472964903464 0
    outer loop
      vertex 25.824057884514332 12.989093460142612 0
      vertex 25.824057884514332 12.989093460142612 0.16
      vertex 25.731183096766472 12.78147954493761 0.16
    endloop
  endfacet
  facet normal 0.9291422086532234 -0.36972253934404636 0
    outer loop
      vertex 25.908856600522995 13.202199392020702 0
      vertex 25.908856600522995 13.202199392020702 0.16
      vertex 25.824057884514332 12.989093460142612 0.16
    endloop
  endfacet
  facet normal 0.9435708442970505 -0.3311707441676443 0
    outer loop
      vertex 25.98557924479246 13.420797355473042 0
      vertex 25.98557924479246 13.420797355473042 0.16
      vertex 25.908856600522995 13.202199392020702 0.16
    endloop
  endfacet
  facet normal 0.9561430837263577 -0.2928999888054814 0
    outer loop
      vertex 26.05422582477331 13.644887335598469 0
      vertex 26.05422582477331 13.644887335598469 0.16
      vertex 25.98557924479246 13.420797355473042 0.16
    endloop
  endfacet
  facet normal 0.9669145208942812 -0.25510058660023255 0
    outer loop
      vertex 26.114796333014965 13.874469339847565 0
      vertex 26.114796333014965 13.874469339847565 0.16
      vertex 26.05422582477331 13.644887335598469 0.16
    endloop
  endfacet
  facet normal 0.9759616649600963 -0.2179422596201038 0
    outer loop
      vertex 26.167290776968002 14.10954336822033 0
      vertex 26.167290776968002 14.10954336822033 0.16
      vertex 26.114796333014965 13.874469339847565 0.16
    endloop
  endfacet
  facet normal 0.9833776704985239 -0.18157190632060005 0
    outer loop
      vertex 26.211709149181843 14.350109413266182 0
      vertex 26.211709149181843 14.350109413266182 0.16
      vertex 26.167290776968002 14.10954336822033 0.16
    endloop
  endfacet
  facet normal 0.9892679089196137 -0.1461129849870117 0
    outer loop
      vertex 26.248051457107067 14.596167482435703 0
      vertex 26.248051457107067 14.596167482435703 0.16
      vertex 26.211709149181843 14.350109413266182 0.16
    endloop
  endfacet
  facet normal 0.9937458565306091 -0.11166544957257797 0
    outer loop
      vertex 26.276317693293095 14.847717583179474 0
      vertex 26.276317693293095 14.847717583179474 0.16
      vertex 26.248051457107067 14.596167482435703 0.16
    endloop
  endfacet
  facet normal 0.9969292993314864 -0.07830690987666292 0
    outer loop
      vertex 26.296507865190506 15.104759700596333 0
      vertex 26.296507865190506 15.104759700596333 0.16
      vertex 26.276317693293095 14.847717583179474 0.16
    endloop
  endfacet
  facet normal 0.998937110957789 -0.04609390796304666 0
    outer loop
      vertex 26.30862196534872 15.36729383468628 0
      vertex 26.30862196534872 15.36729383468628 0.16
      vertex 26.296507865190506 15.104759700596333 0.16
    endloop
  endfacet
  facet normal 0 0 1
    outer loop
      vertex 20.187919355928898 14.482570588588715 0.16
      vertex 23.585211761295795 10.45502782613039 0.16
      vertex 23.78989440202713 10.583803474903107 0.16
    endloop
  endfacet
  facet normal 0 0 1
    outer loop
      vertex 20.187919355928898 14.482570588588715 0.16
      vertex 23.78989440202713 10.583803474903107 0.16
      vertex 23.987003818154335 10.718860872089863 0.16
    endloop
  endfacet
  facet normal 0 0 1
    outer loop
      vertex 20.289822950959206 14.649115011096 0.16
      vertex 23.987003818154335 10.718860872089863 0.16
      vertex 24.17654000222683 10.860200002789497 0.16
    endloop
  endfacet
  facet normal 0 0 1
    outer loop
      vertex 20.289822950959206 14.649115011096 0.16
      vertex 24.17654000222683 10.860200002789497 0.16
      vertex 24.35825153440237 11.007401660084724 0.16
    endloop
  endfacet
  facet normal 0 0 1
    outer loop
      vertex 20.289822950959206 14.649115011096 0.16
      vertex 24.35825153440237 11.007401660084724 0.16
      vertex 24.531886994838715 11.1600953489542 0.16
    endloop
  endfacet
  facet normal 0 0 1
    outer loop
      vertex 20.289822950959206 14.649115011096 0.16
      vertex 24.531886994838715 11.1600953489542 0.16
      vertex 24.697446390986443 11.318281061947346 0.16
    endloop
  endfacet
  facet normal 0 0 1
    outer loop
      vertex 20.37973788380623 14.827145256102085 0.16
      vertex 24.697446390986443 11.318281061947346 0.16
      vertex 24.854929715394974 11.481958791613579 0.16
    endloop
  endfacet
  facet normal 0 0 1
    outer loop
      vertex 20.37973788380623 14.827145256102085 0.16
      vertex 24.854929715394974 11.481958791613579 0.16
      vertex 25.00433697551489 11.65112854540348 0.16
    endloop
  endfacet
  facet normal 0 0 1
    outer loop
      vertex 20.37973788380623 14.827145256102085 0.16
      vertex 25.00433697551489 11.65112854540348 0.16
      vertex 25.145668163895607 11.825790323317051 0.16
    endloop
  endfacet
  facet normal 0 0 1
    outer loop
      vertex 20.37973788380623 14.827145256102085 0.16
      vertex 25.145668163895607 11.825790323317051 0.16
      vertex 25.27892328798771 12.00594411790371 0.16
    endloop
  endfacet
  facet normal 0 0 1
    outer loop
      vertex 20.37973788380623 14.827145256102085 0.16
      vertex 25.27892328798771 12.00594411790371 0.16
      vertex 25.404102340340614 12.191589944064617 0.16
    endloop
  endfacet
  facet normal 0 0 1
    outer loop
      vertex 20.52360177785158 15.217663213610649 0.16
      vertex 26.114796333014965 13.874469339847565 0.16
      vertex 20.57755073904991 15.430150926113129 0.16
    endloop
  endfacet
  facet normal 0 0 1
    outer loop
      vertex 20.57755073904991 15.430150926113129 0.16
      vertex 26.248051457107067 14.596167482435703 0.16
      vertex 20.619511038064957 15.654124461114407 0.16
    endloop
  endfacet
  facet normal 0 0 1
    outer loop
      vertex 20.457664161920547 15.016661323606968 0.16
      vertex 25.404102340340614 12.191589944064617 0.16
      vertex 25.521205328404903 12.382727786898613 0.16
    endloop
  endfacet
  facet normal 0 0 1
    outer loop
      vertex 20.457664161920547 15.016661323606968 0.16
      vertex 25.521205328404903 12.382727786898613 0.16
      vertex 25.630232252180576 12.579357653856277 0.16
    endloop
  endfacet
  facet normal 0 0 1
    outer loop
      vertex 20.457664161920547 15.016661323606968 0.16
      vertex 25.630232252180576 12.579357653856277 0.16
      vertex 25.731183096766472 12.78147954493761 0.16
    endloop
  endfacet
  facet normal 0 0 1
    outer loop
      vertex 20.457664161920547 15.016661323606968 0.16
      vertex 25.731183096766472 12.78147954493761 0.16
      vertex 25.824057884514332 12.989093460142612 0.16
    endloop
  endfacet
  facet normal 0 0 1
    outer loop
      vertex 20.457664161920547 15.016661323606968 0.16
      vertex 25.824057884514332 12.989093460142612 0.16
      vertex 25.908856600522995 13.202199392020702 0.16
    endloop
  endfacet
  facet normal 0 0 1
    outer loop
      vertex 20.52360177785158 15.217663213610649 0.16
      vertex 25.908856600522995 13.202199392020702 0.16
      vertex 25.98557924479246 13.420797355473042 0.16
    endloop
  endfacet
  facet normal 0 0 1
    outer loop
      vertex 20.52360177785158 15.217663213610649 0.16
      vertex 25.98557924479246 13.420797355473042 0.16
      vertex 26.05422582477331 13.644887335598469 0.16
    endloop
  endfacet
  facet normal 0 0 1
    outer loop
      vertex 20.52360177785158 15.217663213610649 0.16
      vertex 26.05422582477331 13.644887335598469 0.16
      vertex 26.114796333014965 13.874469339847565 0.16
    endloop
  endfacet
  facet normal 0 0 1
    outer loop
      vertex 20.57755073904991 15.430150926113129 0.16
      vertex 26.114796333014965 13.874469339847565 0.16
      vertex 26.167290776968002 14.10954336822033 0.16
    endloop
  endfacet
  facet normal 0 0 1
    outer loop
      vertex 20.57755073904991 15.430150926113129 0.16
      vertex 26.167290776968002 14.10954336822033 0.16
      vertex 26.211709149181843 14.350109413266182 0.16
    endloop
  endfacet
  facet normal 0 0 1
    outer loop
      vertex 20.57755073904991 15.430150926113129 0.16
      vertex 26.211709149181843 14.350109413266182 0.16
      vertex 26.248051457107067 14.596167482435703 0.16
    endloop
  endfacet
  facet normal 0 0 1
    outer loop
      vertex 20.619511038064957 15.654124461114407 0.16
      vertex 26.248051457107067 14.596167482435703 0.16
      vertex 26.276317693293095 14.847717583179474 0.16
    endloop
  endfacet
  facet normal 0 0 1
    outer loop
      vertex 20.619511038064957 15.654124461114407 0.16
      vertex 26.276317693293095 14.847717583179474 0.16
      vertex 26.296507865190506 15.104759700596333 0.16
    endloop
  endfacet
  facet normal 0 0 1
    outer loop
      vertex 20.619511038064957 15.654124461114407 0.16
      vertex 26.296507865190506 15.104759700596333 0.16
      vertex 26.30862196534872 15.36729383468628 0.16
    endloop
  endfacet
  facet normal 0 0 -1
    outer loop
      vertex 20.619511038064957 15.654124461114407 0
      vertex 20.649482682347298 15.889583818614483 0
      vertex 26.30862196534872 15.36729383468628 0
    endloop
  endfacet
  facet normal 0 0 -1
    outer loop
      vertex 20.649482682347298 15.889583818614483 0
      vertex 20.667465671896935 16.136528998613358 0
      vertex 26.303183399140835 16.009855195879936 0
    endloop
  endfacet
  facet normal 0 0 -1
    outer loop
      vertex 20.667465671896935 16.136528998613358 0
      vertex 20.673459999263287 16.39496000111103 0
      vertex 26.274753607809544 16.373906008899212 0
    endloop
  endfacet
  facet normal 0 0 -1
    outer loop
      vertex 20.673459999263287 16.39496000111103 0
      vertex 20.66753712296486 16.65177134424448 0
      vertex 25.971502497792244 17.72526540607214 0
    endloop
  endfacet
  facet normal 0 0 -1
    outer loop
      vertex 20.649768508970737 16.897168844938278 0
      vertex 25.165991723537445 19.178565971553326 0
      vertex 25.267865143716335 19.04503084719181 0
    endloop
  endfacet
  facet normal 0 0 -1
    outer loop
      vertex 20.649768508970737 16.897168844938278 0
      vertex 25.059380002319813 19.309479996562004 0
      vertex 25.165991723537445 19.178565971553326 0
    endloop
  endfacet
  facet normal 0 0 -1
    outer loop
      vertex 20.649768508970737 16.897168844938278 0
      vertex 24.94787436723709 19.43730714917183 0
      vertex 25.059380002319813 19.309479996562004 0
    endloop
  endfacet
  facet normal 0 0 -1
    outer loop
      vertex 20.673459999263287 16.39496000111103 0
      vertex 26.16103444248438 17.070554479956627 0
      vertex 26.196571685373783 16.900324009358883 0
    endloop
  endfacet
  facet normal 0 0 -1
    outer loop
      vertex 20.673459999263287 16.39496000111103 0
      vertex 26.120758906006813 17.238163858652115 0
      vertex 26.16103444248438 17.070554479956627 0
    endloop
  endfacet
  facet normal 0 0 -1
    outer loop
      vertex 20.673459999263287 16.39496000111103 0
      vertex 26.075745068490505 17.403152137994766 0
      vertex 26.120758906006813 17.238163858652115 0
    endloop
  endfacet
  facet normal 0 0 -1
    outer loop
      vertex 20.649482682347298 15.889583818614483 0
      vertex 26.31266000121832 15.635320000350475 0
      vertex 26.30862196534872 15.36729383468628 0
    endloop
  endfacet
  facet normal 0 0 -1
    outer loop
      vertex 20.649482682347298 15.889583818614483 0
      vertex 26.310290850698948 15.823898144066334 0
      vertex 26.31266000121832 15.635320000350475 0
    endloop
  endfacet
  facet normal 0 0 -1
    outer loop
      vertex 20.649482682347298 15.889583818614483 0
      vertex 26.303183399140835 16.009855195879936 0
      vertex 26.310290850698948 15.823898144066334 0
    endloop
  endfacet
  facet normal 0 0 -1
    outer loop
      vertex 20.667465671896935 16.136528998613358 0
      vertex 26.29133765399456 16.193191155791283 0
      vertex 26.303183399140835 16.009855195879936 0
    endloop
  endfacet
  facet normal 0 0 -1
    outer loop
      vertex 20.667465671896935 16.136528998613358 0
      vertex 26.274753607809544 16.373906008899212 0
      vertex 26.29133765399456 16.193191155791283 0
    endloop
  endfacet
  facet normal 0 0 -1
    outer loop
      vertex 20.673459999263287 16.39496000111103 0
      vertex 26.253431268036366 16.551999770104885 0
      vertex 26.274753607809544 16.373906008899212 0
    endloop
  endfacet
  facet normal 0 0 -1
    outer loop
      vertex 20.673459999263287 16.39496000111103 0
      vertex 26.227370627224445 16.727472439408302 0
      vertex 26.253431268036366 16.551999770104885 0
    endloop
  endfacet
  facet normal 0 0 -1
    outer loop
      vertex 20.673459999263287 16.39496000111103 0
      vertex 26.196571685373783 16.900324009358883 0
      vertex 26.227370627224445 16.727472439408302 0
    endloop
  endfacet
  facet normal 0 0 -1
    outer loop
      vertex 20.66753712296486 16.65177134424448 0
      vertex 25.627975843846798 18.484679393470287 0
      vertex 25.70615776628256 18.33803878724575 0
    endloop
  endfacet
  facet normal 0 0 -1
    outer loop
      vertex 20.673459999263287 16.39496000111103 0
      vertex 26.025992929935455 17.56551931798458 0
      vertex 26.075745068490505 17.403152137994766 0
    endloop
  endfacet
  facet normal 0 0 -1
    outer loop
      vertex 20.673459999263287 16.39496000111103 0
      vertex 25.971502497792244 17.72526540607214 0
      vertex 26.025992929935455 17.56551931798458 0
    endloop
  endfacet
  facet normal 0 0 -1
    outer loop
      vertex 20.66753712296486 16.65177134424448 0
      vertex 25.91227376461029 17.882390394806862 0
      vertex 25.971502497792244 17.72526540607214 0
    endloop
  endfacet
  facet normal 0 0 -1
    outer loop
      vertex 20.66753712296486 16.65177134424448 0
      vertex 25.779601402580738 18.188777089118958 0
      vertex 25.848306730389595 18.036894291639328 0
    endloop
  endfacet
  facet normal 0 0 -1
    outer loop
      vertex 20.66753712296486 16.65177134424448 0
      vertex 25.848306730389595 18.036894291639328 0
      vertex 25.91227376461029 17.882390394806862 0
    endloop
  endfacet
  facet normal 0 0 -1
    outer loop
      vertex 20.66753712296486 16.65177134424448 0
      vertex 25.70615776628256 18.33803878724575 0
      vertex 25.779601402580738 18.188777089118958 0
    endloop
  endfacet
  facet normal 0 0 -1
    outer loop
      vertex 20.649768508970737 16.897168844938278 0
      vertex 25.267865143716335 19.04503084719181 0
      vertex 25.365000262856483 18.90887463092804 0
    endloop
  endfacet
  facet normal 0 0 -1
    outer loop
      vertex 20.649768508970737 16.897168844938278 0
      vertex 25.365000262856483 18.90887463092804 0
      vertex 25.45739708840847 18.770097315311432 0
    endloop
  endfacet
  facet normal 0 0 -1
    outer loop
      vertex 20.66753712296486 16.65177134424448 0
      vertex 25.545055612921715 18.628698900341988 0
      vertex 25.627975843846798 18.484679393470287 0
    endloop
  endfacet
  facet normal 0 0 -1
    outer loop
      vertex 20.649768508970737 16.897168844938278 0
      vertex 25.45739708840847 18.770097315311432 0
      vertex 25.545055612921715 18.628698900341988 0
    endloop
  endfacet
  facet normal 0 0 -1
    outer loop
      vertex 20.525388166308403 17.564878337085247 0
      vertex 23.552415765821934 20.520182006061077 0
      vertex 23.714903630316257 20.427881509065628 0
    endloop
  endfacet
  facet normal 0 0 -1
    outer loop
      vertex 20.525388166308403 17.564878337085247 0
      vertex 23.714903630316257 20.427881509065628 0
      vertex 23.872293271124363 20.332028351724148 0
    endloop
  endfacet
  facet normal 0 0 -1
    outer loop
      vertex 20.57869402319193 17.35372234135866 0
      vertex 23.872293271124363 20.332028351724148 0
      vertex 24.02458468824625 20.232622534036636 0
    endloop
  endfacet
  facet normal 0 0 -1
    outer loop
      vertex 20.57869402319193 17.35372234135866 0
      vertex 24.02458468824625 20.232622534036636 0
      vertex 24.17177788168192 20.129664048552513 0
    endloop
  endfacet
  facet normal 0 0 -1
    outer loop
      vertex 20.57869402319193 17.35372234135866 0
      vertex 24.17177788168192 20.129664048552513 0
      vertex 24.31387285143137 20.023152895271778 0
    endloop
  endfacet
  facet normal 0 0 -1
    outer loop
      vertex 20.460236556828022 17.76462049037218 0
      vertex 23.38482967764139 20.608929827809334 0
      vertex 23.552415765821934 20.520182006061077 0
    endloop
  endfacet
  facet normal 0 0 -1
    outer loop
      vertex 20.57869402319193 17.35372234135866 0
      vertex 24.31387285143137 20.023152895271778 0
      vertex 24.450869604945183 19.91308907419443 0
    endloop
  endfacet
  facet normal 0 0 -1
    outer loop
      vertex 20.62015414237976 17.131152510643005 0
      vertex 24.582768127322197 19.799472592771053 0
      vertex 24.709568433463573 19.682303443551064 0
    endloop
  endfacet
  facet normal 0 0 -1
    outer loop
      vertex 20.62015414237976 17.131152510643005 0
      vertex 24.450869604945183 19.91308907419443 0
      vertex 24.582768127322197 19.799472592771053 0
    endloop
  endfacet
  facet normal 0 0 -1
    outer loop
      vertex 20.62015414237976 17.131152510643005 0
      vertex 24.709568433463573 19.682303443551064 0
      vertex 24.83127050846815 19.561581626534462 0
    endloop
  endfacet
  facet normal 0 0 -1
    outer loop
      vertex 20.62015414237976 17.131152510643005 0
      vertex 24.83127050846815 19.561581626534462 0
      vertex 24.94787436723709 19.43730714917183 0
    endloop
  endfacet
  facet normal 0 0 -1
    outer loop
      vertex 22.025583177804947 21.461183667182922 0
      vertex 23.30926575685637 21.75 0
      vertex 22.287442460656166 21.50749270617962 0
    endloop
  endfacet
  facet normal 0 0 -1
    outer loop
      vertex 22.287442460656166 21.50749270617962 0
      vertex 23.30926575685637 21.75 0
      vertex 22.543450847268105 21.558538980782032 0
    endloop
  endfacet
  facet normal 0 0 -1
    outer loop
      vertex 22.543450847268105 21.558538980782032 0
      vertex 23.30926575685637 21.75 0
      vertex 22.793608352541924 21.614322498440742 0
    endloop
  endfacet
  facet normal 0 0 -1
    outer loop
      vertex 22.793608352541924 21.614322498440742 0
      vertex 23.30926575685637 21.75 0
      vertex 23.037914969027042 21.67484325170517 0
    endloop
  endfacet
  facet normal 0 0 -1
    outer loop
      vertex 23.037914969027042 21.67484325170517 0
      vertex 23.30926575685637 21.75 0
      vertex 23.27637069672346 21.740101248025894 0
    endloop
  endfacet
  facet normal 0.32212622010438424 0.946696729856643 0
    outer loop
      vertex 22.272250473499298 21.066810816526413 0
      vertex 22.47042589634657 20.999378979206085 0.16
      vertex 22.47042589634657 20.999378979206085 0
    endloop
  endfacet
  facet normal 0.34506663183646213 0.9385781904524735 0
    outer loop
      vertex 22.47042589634657 20.999378979206085 0
      vertex 22.663503102958202 20.928394481539726 0.16
      vertex 22.663503102958202 20.928394481539726 0
    endloop
  endfacet
  facet normal 0.36859913501500774 0.9295884453166295 0
    outer loop
      vertex 22.663503102958202 20.928394481539726 0
      vertex 22.851482078433037 20.853857316076756 0.16
      vertex 22.851482078433037 20.853857316076756 0
    endloop
  endfacet
  facet normal 0.3926969458856508 0.9196679339261983 0
    outer loop
      vertex 22.851482078433037 20.853857316076756 0
      vertex 23.034362837672234 20.775767482817173 0.16
      vertex 23.034362837672234 20.775767482817173 0
    endloop
  endfacet
  facet normal 0.21764783650768638 -0.9760273660423275 0
    outer loop
      vertex 22.543450847268105 21.558538980782032 0
      vertex 22.793608352541924 21.614322498440742 0
      vertex 22.543450847268105 21.558538980782032 0.16
    endloop
  endfacet
  facet normal 0.24045632770602635 -0.9706599582068544 0
    outer loop
      vertex 22.793608352541924 21.614322498440742 0
      vertex 23.037914969027042 21.67484325170517 0
      vertex 22.793608352541924 21.614322498440742 0.16
    endloop
  endfacet
  facet normal 0.4173255534600745 0.9087570535788113 0
    outer loop
      vertex 23.034362837672234 20.775767482817173 0
      vertex 23.21214536577463 20.69412498921156 0.16
      vertex 23.21214536577463 20.69412498921156 0
    endloop
  endfacet
  facet normal 0.442441921649037 0.8967971598792602 0
    outer loop
      vertex 23.21214536577463 20.69412498921156 0
      vertex 23.38482967764139 20.608929827809334 0.16
      vertex 23.38482967764139 20.608929827809334 0
    endloop
  endfacet
  facet normal 0.4679938813067162 0.8837317053605551 0
    outer loop
      vertex 23.38482967764139 20.608929827809334 0
      vertex 23.552415765821934 20.520182006061077 0.16
      vertex 23.552415765821934 20.520182006061077 0
    endloop
  endfacet
  facet normal 0.49391978883086285 0.8695074710439675 0
    outer loop
      vertex 23.552415765821934 20.520182006061077 0
      vertex 23.714903630316257 20.427881509065628 0.16
      vertex 23.714903630316257 20.427881509065628 0
    endloop
  endfacet
  facet normal 0.2639629574025775 -0.9645328180623431 0
    outer loop
      vertex 23.037914969027042 21.67484325170517 0
      vertex 23.27637069672346 21.740101248025894 0
      vertex 23.037914969027042 21.67484325170517 0.16
    endloop
  endfacet
  facet normal 0.28815523084745137 -0.9575837106672461 0
    outer loop
      vertex 23.27637069672346 21.740101248025894 0
      vertex 23.30926575685637 21.75 0
      vertex 23.30926575685637 21.75 0.16
    endloop
  endfacet
  facet normal 0.5465969177194856 0.837395849965569 0
    outer loop
      vertex 23.872293271124363 20.332028351724148 0
      vertex 24.02458468824625 20.232622534036636 0.16
      vertex 24.02458468824625 20.232622534036636 0
    endloop
  endfacet
  facet normal 0.573175550151616 0.819432601687529 0
    outer loop
      vertex 24.02458468824625 20.232622534036636 0
      vertex 24.17177788168192 20.129664048552513 0.16
      vertex 24.17177788168192 20.129664048552513 0
    endloop
  endfacet
  facet normal 0.5997834739109188 0.8001623487913877 0
    outer loop
      vertex 24.17177788168192 20.129664048552513 0
      vertex 24.31387285143137 20.023152895271778 0.16
      vertex 24.31387285143137 20.023152895271778 0
    endloop
  endfacet
  facet normal 0.7292544887635607 0.6842425670902079 0
    outer loop
      vertex 24.83127050846815 19.561581626534462 0
      vertex 24.94787436723709 19.43730714917183 0.16
      vertex 24.94787436723709 19.43730714917183 0
    endloop
  endfacet
  facet normal 0.6786637824713001 0.7344490931043128 0
    outer loop
      vertex 24.582768127322197 19.799472592771053 0
      vertex 24.709568433463573 19.682303443551064 0.16
      vertex 24.709568433463573 19.682303443551064 0
    endloop
  endfacet
  facet normal 0.6526458233581643 0.7576631370557392 0
    outer loop
      vertex 24.582768127322197 19.799472592771053 0
      vertex 24.450869604945183 19.91308907419443 0
      vertex 24.582768127322197 19.799472592771053 0.16
    endloop
  endfacet
  facet normal 0.6263120762152325 0.7795724361385314 0
    outer loop
      vertex 24.31387285143137 20.023152895271778 0
      vertex 24.450869604945183 19.91308907419443 0.16
      vertex 24.450869604945183 19.91308907419443 0
    endloop
  endfacet
  facet normal 0.7042417880729 0.7099602129217414 0
    outer loop
      vertex 24.709568433463573 19.682303443551064 0
      vertex 24.83127050846815 19.561581626534462 0.16
      vertex 24.83127050846815 19.561581626534462 0
    endloop
  endfacet
  facet normal 0.5201479445351492 0.8540761768108623 0
    outer loop
      vertex 23.872293271124363 20.332028351724148 0
      vertex 23.714903630316257 20.427881509065628 0
      vertex 23.872293271124363 20.332028351724148 0.16
    endloop
  endfacet
  facet normal 0.34506663183646213 0.9385781904524735 0
    outer loop
      vertex 22.47042589634657 20.999378979206085 0
      vertex 22.47042589634657 20.999378979206085 0.16
      vertex 22.663503102958202 20.928394481539726 0.16
    endloop
  endfacet
  facet normal 0.36859913501500774 0.9295884453166295 0
    outer loop
      vertex 22.663503102958202 20.928394481539726 0
      vertex 22.663503102958202 20.928394481539726 0.16
      vertex 22.851482078433037 20.853857316076756 0.16
    endloop
  endfacet
  facet normal 0.3926969458856508 0.9196679339261983 0
    outer loop
      vertex 22.851482078433037 20.853857316076756 0
      vertex 22.851482078433037 20.853857316076756 0.16
      vertex 23.034362837672234 20.775767482817173 0.16
    endloop
  endfacet
  facet normal 0.19554369458661716 -0.9806949900491059 0
    outer loop
      vertex 22.543450847268105 21.558538980782032 0
      vertex 22.543450847268105 21.558538980782032 0.16
      vertex 22.287442460656166 21.50749270617962 0.16
    endloop
  endfacet
  facet normal 0.21764783650768638 -0.9760273660423275 0
    outer loop
      vertex 22.793608352541924 21.614322498440742 0
      vertex 22.793608352541924 21.614322498440742 0.16
      vertex 22.543450847268105 21.558538980782032 0.16
    endloop
  endfacet
  facet normal 0.24045632770602635 -0.9706599582068544 0
    outer loop
      vertex 23.037914969027042 21.67484325170517 0
      vertex 23.037914969027042 21.67484325170517 0.16
      vertex 22.793608352541924 21.614322498440742 0.16
    endloop
  endfacet
  facet normal 0.4173255534600745 0.9087570535788113 0
    outer loop
      vertex 23.034362837672234 20.775767482817173 0
      vertex 23.034362837672234 20.775767482817173 0.16
      vertex 23.21214536577463 20.69412498921156 0.16
    endloop
  endfacet
  facet normal 0.442441921649037 0.8967971598792602 0
    outer loop
      vertex 23.21214536577463 20.69412498921156 0
      vertex 23.21214536577463 20.69412498921156 0.16
      vertex 23.38482967764139 20.608929827809334 0.16
    endloop
  endfacet
  facet normal 0.4679938813067162 0.8837317053605551 0
    outer loop
      vertex 23.38482967764139 20.608929827809334 0
      vertex 23.38482967764139 20.608929827809334 0.16
      vertex 23.552415765821934 20.520182006061077 0.16
    endloop
  endfacet
  facet normal 0.49391978883086285 0.8695074710439675 0
    outer loop
      vertex 23.552415765821934 20.520182006061077 0
      vertex 23.552415765821934 20.520182006061077 0.16
      vertex 23.714903630316257 20.427881509065628 0.16
    endloop
  endfacet
  facet normal 0.2639629574025775 -0.9645328180623431 0
    outer loop
      vertex 23.27637069672346 21.740101248025894 0
      vertex 23.27637069672346 21.740101248025894 0.16
      vertex 23.037914969027042 21.67484325170517 0.16
    endloop
  endfacet
  facet normal 0.28815523084745137 -0.9575837106672461 0
    outer loop
      vertex 23.27637069672346 21.740101248025894 0
      vertex 23.30926575685637 21.75 0.16
      vertex 23.27637069672346 21.740101248025894 0.16
    endloop
  endfacet
  facet normal 0.5465969177194856 0.837395849965569 0
    outer loop
      vertex 23.872293271124363 20.332028351724148 0
      vertex 23.872293271124363 20.332028351724148 0.16
      vertex 24.02458468824625 20.232622534036636 0.16
    endloop
  endfacet
  facet normal 0.573175550151616 0.819432601687529 0
    outer loop
      vertex 24.02458468824625 20.232622534036636 0
      vertex 24.02458468824625 20.232622534036636 0.16
      vertex 24.17177788168192 20.129664048552513 0.16
    endloop
  endfacet
  facet normal 0.5997834739109188 0.8001623487913877 0
    outer loop
      vertex 24.17177788168192 20.129664048552513 0
      vertex 24.17177788168192 20.129664048552513 0.16
      vertex 24.31387285143137 20.023152895271778 0.16
    endloop
  endfacet
  facet normal 0.7292544887635607 0.6842425670902079 0
    outer loop
      vertex 24.83127050846815 19.561581626534462 0
      vertex 24.83127050846815 19.561581626534462 0.16
      vertex 24.94787436723709 19.43730714917183 0.16
    endloop
  endfacet
  facet normal 0.7535782784911894 0.6573581810445926 0
    outer loop
      vertex 24.94787436723709 19.43730714917183 0
      vertex 24.94787436723709 19.43730714917183 0.16
      vertex 25.059380002319813 19.309479996562004 0.16
    endloop
  endfacet
  facet normal 0.6526458233581643 0.7576631370557392 0
    outer loop
      vertex 24.450869604945183 19.91308907419443 0
      vertex 24.450869604945183 19.91308907419443 0.16
      vertex 24.582768127322197 19.799472592771053 0.16
    endloop
  endfacet
  facet normal 0.6786637824713001 0.7344490931043128 0
    outer loop
      vertex 24.582768127322197 19.799472592771053 0
      vertex 24.582768127322197 19.799472592771053 0.16
      vertex 24.709568433463573 19.682303443551064 0.16
    endloop
  endfacet
  facet normal 0.6263120762152325 0.7795724361385314 0
    outer loop
      vertex 24.31387285143137 20.023152895271778 0
      vertex 24.31387285143137 20.023152895271778 0.16
      vertex 24.450869604945183 19.91308907419443 0.16
    endloop
  endfacet
  facet normal 0.7042417880729 0.7099602129217414 0
    outer loop
      vertex 24.709568433463573 19.682303443551064 0
      vertex 24.709568433463573 19.682303443551064 0.16
      vertex 24.83127050846815 19.561581626534462 0.16
    endloop
  endfacet
  facet normal 0.5201479445351492 0.8540761768108623 0
    outer loop
      vertex 23.714903630316257 20.427881509065628 0
      vertex 23.714903630316257 20.427881509065628 0.16
      vertex 23.872293271124363 20.332028351724148 0.16
    endloop
  endfacet
  facet normal 0.9958156235190951 0.09138514077942825 0
    outer loop
      vertex 26.29133765399456 16.193191155791283 0
      vertex 26.274753607809544 16.373906008899212 0
      vertex 26.29133765399456 16.193191155791283 0.16
    endloop
  endfacet
  facet normal 0.9929090606117502 0.11887639528136608 0
    outer loop
      vertex 26.274753607809544 16.373906008899212 0
      vertex 26.253431268036366 16.551999770104885 0
      vertex 26.274753607809544 16.373906008899212 0.16
    endloop
  endfacet
  facet normal 0.9891505344576451 0.14690548043607807 0
    outer loop
      vertex 26.253431268036366 16.551999770104885 0
      vertex 26.227370627224445 16.727472439408302 0
      vertex 26.253431268036366 16.551999770104885 0.16
    endloop
  endfacet
  facet normal 0.9844939472532221 0.17541855039239734 0
    outer loop
      vertex 26.227370627224445 16.727472439408302 0
      vertex 26.196571685373783 16.900324009358883 0
      vertex 26.227370627224445 16.727472439408302 0.16
    endloop
  endfacet
  facet normal 0.9788970250500506 0.2043541395425124 0
    outer loop
      vertex 26.196571685373783 16.900324009358883 0
      vertex 26.16103444248438 17.070554479956627 0
      vertex 26.196571685373783 16.900324009358883 0.16
    endloop
  endfacet
  facet normal 0.8499255529900787 0.526902794046975 0
    outer loop
      vertex 25.45739708840847 18.770097315311432 0
      vertex 25.545055612921715 18.628698900341988 0.16
      vertex 25.545055612921715 18.628698900341988 0
    endloop
  endfacet
  facet normal 0.8666226942112734 0.49896403264964284 0
    outer loop
      vertex 25.627975843846798 18.484679393470287 0
      vertex 25.545055612921715 18.628698900341988 0
      vertex 25.627975843846798 18.484679393470287 0.16
    endloop
  endfacet
  facet normal 0.9357269984789497 0.3527250831987649 0
    outer loop
      vertex 25.971502497792244 17.72526540607214 0
      vertex 25.91227376461029 17.882390394806862 0
      vertex 25.971502497792244 17.72526540607214 0.16
    endloop
  endfacet
  facet normal 0.9647385328130642 0.2632101124685298 0
    outer loop
      vertex 26.120758906006813 17.238163858652115 0
      vertex 26.075745068490505 17.403152137994766 0
      vertex 26.120758906006813 17.238163858652115 0.16
    endloop
  endfacet
  facet normal 0.9561209727970595 0.2929721580246229 0
    outer loop
      vertex 26.075745068490505 17.403152137994766 0
      vertex 26.025992929935455 17.56551931798458 0
      vertex 26.075745068490505 17.403152137994766 0.16
    endloop
  endfacet
  facet normal 0.9723223827739044 0.23364328356894182 0
    outer loop
      vertex 26.16103444248438 17.070554479956627 0
      vertex 26.120758906006813 17.238163858652115 0
      vertex 26.16103444248438 17.070554479956627 0.16
    endloop
  endfacet
  facet normal 0.9464531045732228 0.3228413245600816 0
    outer loop
      vertex 25.971502497792244 17.72526540607214 0
      vertex 26.025992929935455 17.56551931798458 0.16
      vertex 26.025992929935455 17.56551931798458 0
    endloop
  endfacet
  facet normal 0.8972636669567932 0.4414950871292329 0
    outer loop
      vertex 25.779601402580738 18.188777089118958 0
      vertex 25.70615776628256 18.33803878724575 0
      vertex 25.779601402580738 18.188777089118958 0.16
    endloop
  endfacet
  facet normal 0.9239441638675089 0.3825273611850135 0
    outer loop
      vertex 25.91227376461029 17.882390394806862 0
      vertex 25.848306730389595 18.036894291639328 0
      vertex 25.91227376461029 17.882390394806862 0.16
    endloop
  endfacet
  facet normal 0.9111159350955906 0.4121501580915475 0
    outer loop
      vertex 25.779601402580738 18.188777089118958 0
      vertex 25.848306730389595 18.036894291639328 0.16
      vertex 25.848306730389595 18.036894291639328 0
    endloop
  endfacet
  facet normal 0.8824188988529262 0.4704645437726302 0
    outer loop
      vertex 25.627975843846798 18.484679393470287 0
      vertex 25.70615776628256 18.33803878724575 0.16
      vertex 25.70615776628256 18.33803878724575 0
    endloop
  endfacet
  facet normal 0.9998865297431 -0.015064117574585926 0
    outer loop
      vertex 26.30862196534872 15.36729383468628 0
      vertex 26.31266000121832 15.635320000350475 0
      vertex 26.30862196534872 15.36729383468628 0.16
    endloop
  endfacet
  facet normal 0.999921091971552 0.012562238272659563 0
    outer loop
      vertex 26.31266000121832 15.635320000350475 0
      vertex 26.310290850698948 15.823898144066334 0
      vertex 26.31266000121832 15.635320000350475 0.16
    endloop
  endfacet
  facet normal 0.999270379531451 0.03819304375236153 0
    outer loop
      vertex 26.310290850698948 15.823898144066334 0
      vertex 26.303183399140835 16.009855195879936 0
      vertex 26.310290850698948 15.823898144066334 0.16
    endloop
  endfacet
  facet normal 0.9979191429057822 0.06447778084106812 0
    outer loop
      vertex 26.29133765399456 16.193191155791283 0
      vertex 26.303183399140835 16.009855195879936 0.16
      vertex 26.303183399140835 16.009855195879936 0
    endloop
  endfacet
  facet normal 0.9958156235190951 0.09138514077942825 0
    outer loop
      vertex 26.274753607809544 16.373906008899212 0
      vertex 26.274753607809544 16.373906008899212 0.16
      vertex 26.29133765399456 16.193191155791283 0.16
    endloop
  endfacet
  facet normal 0.9929090606117502 0.11887639528136608 0
    outer loop
      vertex 26.253431268036366 16.551999770104885 0
      vertex 26.253431268036366 16.551999770104885 0.16
      vertex 26.274753607809544 16.373906008899212 0.16
    endloop
  endfacet
  facet normal 0.9844939472532221 0.17541855039239734 0
    outer loop
      vertex 26.196571685373783 16.900324009358883 0
      vertex 26.196571685373783 16.900324009358883 0.16
      vertex 26.227370627224445 16.727472439408302 0.16
    endloop
  endfacet
  facet normal 0.9891505344576451 0.14690548043607807 0
    outer loop
      vertex 26.227370627224445 16.727472439408302 0
      vertex 26.227370627224445 16.727472439408302 0.16
      vertex 26.253431268036366 16.551999770104885 0.16
    endloop
  endfacet
  facet normal 0.9788970250500506 0.2043541395425124 0
    outer loop
      vertex 26.16103444248438 17.070554479956627 0
      vertex 26.16103444248438 17.070554479956627 0.16
      vertex 26.196571685373783 16.900324009358883 0.16
    endloop
  endfacet
  facet normal 0.8666226942112734 0.49896403264964284 0
    outer loop
      vertex 25.545055612921715 18.628698900341988 0
      vertex 25.545055612921715 18.628698900341988 0.16
      vertex 25.627975843846798 18.484679393470287 0.16
    endloop
  endfacet
  facet normal 0.9357269984789497 0.3527250831987649 0
    outer loop
      vertex 25.91227376461029 17.882390394806862 0
      vertex 25.91227376461029 17.882390394806862 0.16
      vertex 25.971502497792244 17.72526540607214 0.16
    endloop
  endfacet
  facet normal 0.9647385328130642 0.2632101124685298 0
    outer loop
      vertex 26.075745068490505 17.403152137994766 0
      vertex 26.075745068490505 17.403152137994766 0.16
      vertex 26.120758906006813 17.238163858652115 0.16
    endloop
  endfacet
  facet normal 0.9723223827739044 0.23364328356894182 0
    outer loop
      vertex 26.120758906006813 17.238163858652115 0
      vertex 26.120758906006813 17.238163858652115 0.16
      vertex 26.16103444248438 17.070554479956627 0.16
    endloop
  endfacet
  facet normal 0.9561209727970595 0.2929721580246229 0
    outer loop
      vertex 26.025992929935455 17.56551931798458 0
      vertex 26.025992929935455 17.56551931798458 0.16
      vertex 26.075745068490505 17.403152137994766 0.16
    endloop
  endfacet
  facet normal 0.9464531045732228 0.3228413245600816 0
    outer loop
      vertex 25.971502497792244 17.72526540607214 0
      vertex 25.971502497792244 17.72526540607214 0.16
      vertex 26.025992929935455 17.56551931798458 0.16
    endloop
  endfacet
  facet normal 0.9111159350955906 0.4121501580915475 0
    outer loop
      vertex 25.779601402580738 18.188777089118958 0
      vertex 25.779601402580738 18.188777089118958 0.16
      vertex 25.848306730389595 18.036894291639328 0.16
    endloop
  endfacet
  facet normal 0.8972636669567932 0.4414950871292329 0
    outer loop
      vertex 25.70615776628256 18.33803878724575 0
      vertex 25.70615776628256 18.33803878724575 0.16
      vertex 25.779601402580738 18.188777089118958 0.16
    endloop
  endfacet
  facet normal 0.9239441638675089 0.3825273611850135 0
    outer loop
      vertex 25.848306730389595 18.036894291639328 0
      vertex 25.848306730389595 18.036894291639328 0.16
      vertex 25.91227376461029 17.882390394806862 0.16
    endloop
  endfacet
  facet normal 0.8824188988529262 0.4704645437726302 0
    outer loop
      vertex 25.627975843846798 18.484679393470287 0
      vertex 25.627975843846798 18.484679393470287 0.16
      vertex 25.70615776628256 18.33803878724575 0.16
    endloop
  endfacet
  facet normal 0.9998865297431 -0.015064117574585926 0
    outer loop
      vertex 26.31266000121832 15.635320000350475 0
      vertex 26.31266000121832 15.635320000350475 0.16
      vertex 26.30862196534872 15.36729383468628 0.16
    endloop
  endfacet
  facet normal 0.999921091971552 0.012562238272659563 0
    outer loop
      vertex 26.310290850698948 15.823898144066334 0
      vertex 26.310290850698948 15.823898144066334 0.16
      vertex 26.31266000121832 15.635320000350475 0.16
    endloop
  endfacet
  facet normal 0.999270379531451 0.03819304375236153 0
    outer loop
      vertex 26.303183399140835 16.009855195879936 0
      vertex 26.303183399140835 16.009855195879936 0.16
      vertex 26.310290850698948 15.823898144066334 0.16
    endloop
  endfacet
  facet normal 0.9979191429057822 0.06447778084106812 0
    outer loop
      vertex 26.29133765399456 16.193191155791283 0
      vertex 26.29133765399456 16.193191155791283 0.16
      vertex 26.303183399140835 16.009855195879936 0.16
    endloop
  endfacet
  facet normal 0.7950516317197662 0.606541756930005 0
    outer loop
      vertex 25.165991723537445 19.178565971553326 0
      vertex 25.267865143716335 19.04503084719181 0.16
      vertex 25.267865143716335 19.04503084719181 0
    endloop
  endfacet
  facet normal 0.7754059858068738 0.6314630291433303 0
    outer loop
      vertex 25.165991723537445 19.178565971553326 0
      vertex 25.059380002319813 19.309479996562004 0
      vertex 25.165991723537445 19.178565971553326 0.16
    endloop
  endfacet
  facet normal 0.7535782784911894 0.6573581810445926 0
    outer loop
      vertex 24.94787436723709 19.43730714917183 0
      vertex 25.059380002319813 19.309479996562004 0.16
      vertex 25.059380002319813 19.309479996562004 0
    endloop
  endfacet
  facet normal 0.8323861722372181 0.5541960485859425 0
    outer loop
      vertex 25.45739708840847 18.770097315311432 0
      vertex 25.365000262856483 18.90887463092804 0
      vertex 25.45739708840847 18.770097315311432 0.16
    endloop
  endfacet
  facet normal 0.8140707597162193 0.5807656998954548 0
    outer loop
      vertex 25.267865143716335 19.04503084719181 0
      vertex 25.365000262856483 18.90887463092804 0.16
      vertex 25.365000262856483 18.90887463092804 0
    endloop
  endfacet
  facet normal 0.8140707597162193 0.5807656998954548 0
    outer loop
      vertex 25.267865143716335 19.04503084719181 0
      vertex 25.267865143716335 19.04503084719181 0.16
      vertex 25.365000262856483 18.90887463092804 0.16
    endloop
  endfacet
  facet normal 0.7754059858068738 0.6314630291433303 0
    outer loop
      vertex 25.059380002319813 19.309479996562004 0
      vertex 25.059380002319813 19.309479996562004 0.16
      vertex 25.165991723537445 19.178565971553326 0.16
    endloop
  endfacet
  facet normal 0.7950516317197662 0.606541756930005 0
    outer loop
      vertex 25.165991723537445 19.178565971553326 0
      vertex 25.165991723537445 19.178565971553326 0.16
      vertex 25.267865143716335 19.04503084719181 0.16
    endloop
  endfacet
  facet normal 0.8323861722372181 0.5541960485859425 0
    outer loop
      vertex 25.365000262856483 18.90887463092804 0
      vertex 25.365000262856483 18.90887463092804 0.16
      vertex 25.45739708840847 18.770097315311432 0.16
    endloop
  endfacet
  facet normal 0.8499255529900787 0.526902794046975 0
    outer loop
      vertex 25.45739708840847 18.770097315311432 0
      vertex 25.45739708840847 18.770097315311432 0.16
      vertex 25.545055612921715 18.628698900341988 0.16
    endloop
  endfacet
  facet normal 0 0 1
    outer loop
      vertex 20.619511038064957 15.654124461114407 0.16
      vertex 26.30862196534872 15.36729383468628 0.16
      vertex 20.649482682347298 15.889583818614483 0.16
    endloop
  endfacet
  facet normal 0 0 1
    outer loop
      vertex 20.649482682347298 15.889583818614483 0.16
      vertex 26.303183399140835 16.009855195879936 0.16
      vertex 20.667465671896935 16.136528998613358 0.16
    endloop
  endfacet
  facet normal 0 0 1
    outer loop
      vertex 20.667465671896935 16.136528998613358 0.16
      vertex 26.274753607809544 16.373906008899212 0.16
      vertex 20.673459999263287 16.39496000111103 0.16
    endloop
  endfacet
  facet normal 0 0 1
    outer loop
      vertex 20.673459999263287 16.39496000111103 0.16
      vertex 25.971502497792244 17.72526540607214 0.16
      vertex 20.66753712296486 16.65177134424448 0.16
    endloop
  endfacet
  facet normal 0 0 1
    outer loop
      vertex 20.649768508970737 16.897168844938278 0.16
      vertex 25.267865143716335 19.04503084719181 0.16
      vertex 25.165991723537445 19.178565971553326 0.16
    endloop
  endfacet
  facet normal 0 0 1
    outer loop
      vertex 20.649768508970737 16.897168844938278 0.16
      vertex 25.165991723537445 19.178565971553326 0.16
      vertex 25.059380002319813 19.309479996562004 0.16
    endloop
  endfacet
  facet normal 0 0 1
    outer loop
      vertex 20.649768508970737 16.897168844938278 0.16
      vertex 25.059380002319813 19.309479996562004 0.16
      vertex 24.94787436723709 19.43730714917183 0.16
    endloop
  endfacet
  facet normal 0 0 1
    outer loop
      vertex 20.673459999263287 16.39496000111103 0.16
      vertex 26.196571685373783 16.900324009358883 0.16
      vertex 26.16103444248438 17.070554479956627 0.16
    endloop
  endfacet
  facet normal 0 0 1
    outer loop
      vertex 20.673459999263287 16.39496000111103 0.16
      vertex 26.16103444248438 17.070554479956627 0.16
      vertex 26.120758906006813 17.238163858652115 0.16
    endloop
  endfacet
  facet normal 0 0 1
    outer loop
      vertex 20.673459999263287 16.39496000111103 0.16
      vertex 26.120758906006813 17.238163858652115 0.16
      vertex 26.075745068490505 17.403152137994766 0.16
    endloop
  endfacet
  facet normal 0 0 1
    outer loop
      vertex 20.649482682347298 15.889583818614483 0.16
      vertex 26.30862196534872 15.36729383468628 0.16
      vertex 26.31266000121832 15.635320000350475 0.16
    endloop
  endfacet
  facet normal 0 0 1
    outer loop
      vertex 20.649482682347298 15.889583818614483 0.16
      vertex 26.31266000121832 15.635320000350475 0.16
      vertex 26.310290850698948 15.823898144066334 0.16
    endloop
  endfacet
  facet normal 0 0 1
    outer loop
      vertex 20.649482682347298 15.889583818614483 0.16
      vertex 26.310290850698948 15.823898144066334 0.16
      vertex 26.303183399140835 16.009855195879936 0.16
    endloop
  endfacet
  facet normal 0 0 1
    outer loop
      vertex 20.667465671896935 16.136528998613358 0.16
      vertex 26.303183399140835 16.009855195879936 0.16
      vertex 26.29133765399456 16.193191155791283 0.16
    endloop
  endfacet
  facet normal 0 0 1
    outer loop
      vertex 20.667465671896935 16.136528998613358 0.16
      vertex 26.29133765399456 16.193191155791283 0.16
      vertex 26.274753607809544 16.373906008899212 0.16
    endloop
  endfacet
  facet normal 0 0 1
    outer loop
      vertex 20.673459999263287 16.39496000111103 0.16
      vertex 26.274753607809544 16.373906008899212 0.16
      vertex 26.253431268036366 16.551999770104885 0.16
    endloop
  endfacet
  facet normal 0 0 1
    outer loop
      vertex 20.673459999263287 16.39496000111103 0.16
      vertex 26.253431268036366 16.551999770104885 0.16
      vertex 26.227370627224445 16.727472439408302 0.16
    endloop
  endfacet
  facet normal 0 0 1
    outer loop
      vertex 20.673459999263287 16.39496000111103 0.16
      vertex 26.227370627224445 16.727472439408302 0.16
      vertex 26.196571685373783 16.900324009358883 0.16
    endloop
  endfacet
  facet normal 0 0 1
    outer loop
      vertex 20.66753712296486 16.65177134424448 0.16
      vertex 25.70615776628256 18.33803878724575 0.16
      vertex 25.627975843846798 18.484679393470287 0.16
    endloop
  endfacet
  facet normal 0 0 1
    outer loop
      vertex 20.673459999263287 16.39496000111103 0.16
      vertex 26.075745068490505 17.403152137994766 0.16
      vertex 26.025992929935455 17.56551931798458 0.16
    endloop
  endfacet
  facet normal 0 0 1
    outer loop
      vertex 20.673459999263287 16.39496000111103 0.16
      vertex 26.025992929935455 17.56551931798458 0.16
      vertex 25.971502497792244 17.72526540607214 0.16
    endloop
  endfacet
  facet normal 0 0 1
    outer loop
      vertex 20.66753712296486 16.65177134424448 0.16
      vertex 25.971502497792244 17.72526540607214 0.16
      vertex 25.91227376461029 17.882390394806862 0.16
    endloop
  endfacet
  facet normal 0 0 1
    outer loop
      vertex 20.66753712296486 16.65177134424448 0.16
      vertex 25.848306730389595 18.036894291639328 0.16
      vertex 25.779601402580738 18.188777089118958 0.16
    endloop
  endfacet
  facet normal 0 0 1
    outer loop
      vertex 20.66753712296486 16.65177134424448 0.16
      vertex 25.91227376461029 17.882390394806862 0.16
      vertex 25.848306730389595 18.036894291639328 0.16
    endloop
  endfacet
  facet normal 0 0 1
    outer loop
      vertex 20.66753712296486 16.65177134424448 0.16
      vertex 25.779601402580738 18.188777089118958 0.16
      vertex 25.70615776628256 18.33803878724575 0.16
    endloop
  endfacet
  facet normal 0 0 1
    outer loop
      vertex 20.649768508970737 16.897168844938278 0.16
      vertex 25.365000262856483 18.90887463092804 0.16
      vertex 25.267865143716335 19.04503084719181 0.16
    endloop
  endfacet
  facet normal 0 0 1
    outer loop
      vertex 20.649768508970737 16.897168844938278 0.16
      vertex 25.45739708840847 18.770097315311432 0.16
      vertex 25.365000262856483 18.90887463092804 0.16
    endloop
  endfacet
  facet normal 0 0 1
    outer loop
      vertex 20.66753712296486 16.65177134424448 0.16
      vertex 25.627975843846798 18.484679393470287 0.16
      vertex 25.545055612921715 18.628698900341988 0.16
    endloop
  endfacet
  facet normal 0 0 1
    outer loop
      vertex 20.649768508970737 16.897168844938278 0.16
      vertex 25.545055612921715 18.628698900341988 0.16
      vertex 25.45739708840847 18.770097315311432 0.16
    endloop
  endfacet
  facet normal 0 0 1
    outer loop
      vertex 20.525388166308403 17.564878337085247 0.16
      vertex 23.714903630316257 20.427881509065628 0.16
      vertex 23.552415765821934 20.520182006061077 0.16
    endloop
  endfacet
  facet normal 0 0 1
    outer loop
      vertex 20.525388166308403 17.564878337085247 0.16
      vertex 23.872293271124363 20.332028351724148 0.16
      vertex 23.714903630316257 20.427881509065628 0.16
    endloop
  endfacet
  facet normal 0 0 1
    outer loop
      vertex 20.57869402319193 17.35372234135866 0.16
      vertex 24.02458468824625 20.232622534036636 0.16
      vertex 23.872293271124363 20.332028351724148 0.16
    endloop
  endfacet
  facet normal 0 0 1
    outer loop
      vertex 20.57869402319193 17.35372234135866 0.16
      vertex 24.17177788168192 20.129664048552513 0.16
      vertex 24.02458468824625 20.232622534036636 0.16
    endloop
  endfacet
  facet normal 0 0 1
    outer loop
      vertex 20.57869402319193 17.35372234135866 0.16
      vertex 24.31387285143137 20.023152895271778 0.16
      vertex 24.17177788168192 20.129664048552513 0.16
    endloop
  endfacet
  facet normal 0 0 1
    outer loop
      vertex 20.460236556828022 17.76462049037218 0.16
      vertex 23.552415765821934 20.520182006061077 0.16
      vertex 23.38482967764139 20.608929827809334 0.16
    endloop
  endfacet
  facet normal 0 0 1
    outer loop
      vertex 20.57869402319193 17.35372234135866 0.16
      vertex 24.450869604945183 19.91308907419443 0.16
      vertex 24.31387285143137 20.023152895271778 0.16
    endloop
  endfacet
  facet normal 0 0 1
    outer loop
      vertex 20.62015414237976 17.131152510643005 0.16
      vertex 24.709568433463573 19.682303443551064 0.16
      vertex 24.582768127322197 19.799472592771053 0.16
    endloop
  endfacet
  facet normal 0 0 1
    outer loop
      vertex 20.62015414237976 17.131152510643005 0.16
      vertex 24.582768127322197 19.799472592771053 0.16
      vertex 24.450869604945183 19.91308907419443 0.16
    endloop
  endfacet
  facet normal 0 0 1
    outer loop
      vertex 20.62015414237976 17.131152510643005 0.16
      vertex 24.83127050846815 19.561581626534462 0.16
      vertex 24.709568433463573 19.682303443551064 0.16
    endloop
  endfacet
  facet normal 0 0 1
    outer loop
      vertex 20.62015414237976 17.131152510643005 0.16
      vertex 24.94787436723709 19.43730714917183 0.16
      vertex 24.83127050846815 19.561581626534462 0.16
    endloop
  endfacet
  facet normal 0 1 0
    outer loop
      vertex 7.932619996368885 21.75 0.16
      vertex 18.754805330570285 21.75 0.16
      vertex 7.932619996368885 21.75 0
    endloop
  endfacet
  facet normal 0 1 0
    outer loop
      vertex 18.754805330570285 21.75 0.16
      vertex 23.30926575685637 21.75 0.16
      vertex 7.932619996368885 21.75 0
    endloop
  endfacet
  facet normal 0 1 0
    outer loop
      vertex 21.381807808886435 21.75 0
      vertex 7.932619996368885 21.75 0
      vertex 23.30926575685637 21.75 0.16
    endloop
  endfacet
  facet normal 0 1 0
    outer loop
      vertex 21.381807808886435 21.75 0
      vertex 23.30926575685637 21.75 0.16
      vertex 23.30926575685637 21.75 0
    endloop
  endfacet
  facet normal 0 0 -1
    outer loop
      vertex 8.041584461927414 14.934631377458572 0.32
      vertex 13.360819093883038 16.62859220802784 0.32
      vertex 8.2057004570961 14.550803780555725 0.32
    endloop
  endfacet
  facet normal 0 0 -1
    outer loop
      vertex 8.2057004570961 14.550803780555725 0.32
      vertex 13.360819093883038 16.62859220802784 0.32
      vertex 8.380404576659203 14.178855806589127 0.32
    endloop
  endfacet
  facet normal 0 0 -1
    outer loop
      vertex 8.76157720386982 13.470598712563515 0.32
      vertex 8.565696820616722 13.818787448108196 0.32
      vertex 13.55177591741085 16.166546694934368 0.32
    endloop
  endfacet
  facet normal 0 0 -1
    outer loop
      vertex 9.185102343559265 12.809860110282898 0.32
      vertex 8.968045711517334 13.134289599955082 0.32
      vertex 13.762833461165428 15.734070017933846 0.32
    endloop
  endfacet
  facet normal 0 0 -1
    outer loop
      vertex 8.76157720386982 13.470598712563515 0.32
      vertex 13.654792100191116 15.946612246334553 0.32
      vertex 8.968045711517334 13.134289599955082 0.32
    endloop
  endfacet
  facet normal 0 0 -1
    outer loop
      vertex 8.380404576659203 14.178855806589127 0.32
      vertex 13.45378491282463 16.39387334883213 0.32
      vertex 8.565696820616722 13.818787448108196 0.32
    endloop
  endfacet
  facet normal 0 0 -1
    outer loop
      vertex 9.412747107446194 12.497310243546963 0.32
      vertex 13.993955194950104 15.331869341433048 0.32
      vertex 9.65098000317812 12.196639999747276 0.32
    endloop
  endfacet
  facet normal 0 0 -1
    outer loop
      vertex 9.412747107446194 12.497310243546963 0.32
      vertex 9.185102343559265 12.809860110282898 0.32
      vertex 13.875900000333786 15.528920002281666 0.32
    endloop
  endfacet
  facet normal 0 0 -1
    outer loop
      vertex 9.899322532117367 11.908340565860271 0.32
      vertex 9.65098000317812 12.196639999747276 0.32
      vertex 13.993955194950104 15.331869341433048 0.32
    endloop
  endfacet
  facet normal 0 0 -1
    outer loop
      vertex 9.899322532117367 11.908340565860271 0.32
      vertex 14.116962529718876 15.143576480448246 0.32
      vertex 10.15724752098322 11.63285443931818 0.32
    endloop
  endfacet
  facet normal 0 0 -1
    outer loop
      vertex 10.15724752098322 11.63285443931818 0.32
      vertex 14.244922004640102 14.96404143422842 0.32
      vertex 10.424754969775677 11.370181627571583 0.32
    endloop
  endfacet
  facet normal 0 0 -1
    outer loop
      vertex 10.70184487849474 11.120322115719318 0.32
      vertex 10.424754969775677 11.370181627571583 0.32
      vertex 14.377833612263203 14.79326419532299 0.32
    endloop
  endfacet
  facet normal 0 0 -1
    outer loop
      vertex 10.70184487849474 11.120322115719318 0.32
      vertex 14.377833612263203 14.79326419532299 0.32
      vertex 10.988517239689827 10.883275918662548 0.32
    endloop
  endfacet
  facet normal 0 0 -1
    outer loop
      vertex 8.76157720386982 13.470598712563515 0.32
      vertex 13.55177591741085 16.166546694934368 0.32
      vertex 13.654792100191116 15.946612246334553 0.32
    endloop
  endfacet
  facet normal -0.9194756406196637 -0.3931469779955828 0
    outer loop
      vertex 8.041584461927414 14.934631377458572 0.32
      vertex 8.2057004570961 14.550803780555725 0.32
      vertex 8.041584461927414 14.934631377458572 0.48
    endloop
  endfacet
  facet normal -0.9322895255578914 -0.36171292558469886 0
    outer loop
      vertex 8.041584461927414 14.934631377458572 0.32
      vertex 7.888056598603725 15.330338604748249 0.48
      vertex 7.888056598603725 15.330338604748249 0.32
    endloop
  endfacet
  facet normal -0.8715496314006024 -0.4903072914055779 0
    outer loop
      vertex 8.76157720386982 13.470598712563515 0.32
      vertex 8.565696820616722 13.818787448108196 0.48
      vertex 8.565696820616722 13.818787448108196 0.32
    endloop
  endfacet
  facet normal -0.8083228200326319 -0.5887395167767264 0
    outer loop
      vertex 9.412747107446194 12.497310243546963 0.32
      vertex 9.185102343559265 12.809860110282898 0.48
      vertex 9.185102343559265 12.809860110282898 0.32
    endloop
  endfacet
  facet normal -0.8311383707388278 -0.5560656514168152 0
    outer loop
      vertex 9.185102343559265 12.809860110282898 0.32
      vertex 8.968045711517334 13.134289599955082 0.48
      vertex 8.968045711517334 13.134289599955082 0.32
    endloop
  endfacet
  facet normal -0.8522131300989169 -0.5231947829317556 0
    outer loop
      vertex 8.76157720386982 13.470598712563515 0.32
      vertex 8.968045711517334 13.134289599955082 0.32
      vertex 8.76157720386982 13.470598712563515 0.48
    endloop
  endfacet
  facet normal -0.8891730449867834 -0.45757108307773525 0
    outer loop
      vertex 8.380404576659203 14.178855806589127 0.32
      vertex 8.565696820616722 13.818787448108196 0.32
      vertex 8.380404576659203 14.178855806589127 0.48
    endloop
  endfacet
  facet normal -0.9051280601276632 -0.42513902992966107 0
    outer loop
      vertex 8.2057004570961 14.550803780555725 0.32
      vertex 8.380404576659203 14.178855806589127 0.32
      vertex 8.2057004570961 14.550803780555725 0.48
    endloop
  endfacet
  facet normal -0.9322895255578914 -0.36171292558469886 0
    outer loop
      vertex 8.041584461927414 14.934631377458572 0.32
      vertex 8.041584461927414 14.934631377458572 0.48
      vertex 7.888056598603725 15.330338604748249 0.48
    endloop
  endfacet
  facet normal -0.8715496314006024 -0.4903072914055779 0
    outer loop
      vertex 8.76157720386982 13.470598712563515 0.32
      vertex 8.76157720386982 13.470598712563515 0.48
      vertex 8.565696820616722 13.818787448108196 0.48
    endloop
  endfacet
  facet normal -0.8311383707388278 -0.5560656514168152 0
    outer loop
      vertex 9.185102343559265 12.809860110282898 0.32
      vertex 9.185102343559265 12.809860110282898 0.48
      vertex 8.968045711517334 13.134289599955082 0.48
    endloop
  endfacet
  facet normal -0.8083228200326319 -0.5887395167767264 0
    outer loop
      vertex 9.412747107446194 12.497310243546963 0.32
      vertex 9.412747107446194 12.497310243546963 0.48
      vertex 9.185102343559265 12.809860110282898 0.48
    endloop
  endfacet
  facet normal -0.8522131300989169 -0.5231947829317556 0
    outer loop
      vertex 8.968045711517334 13.134289599955082 0.32
      vertex 8.968045711517334 13.134289599955082 0.48
      vertex 8.76157720386982 13.470598712563515 0.48
    endloop
  endfacet
  facet normal -0.9051280601276632 -0.42513902992966107 0
    outer loop
      vertex 8.380404576659203 14.178855806589127 0.32
      vertex 8.380404576659203 14.178855806589127 0.48
      vertex 8.2057004570961 14.550803780555725 0.48
    endloop
  endfacet
  facet normal -0.8891730449867834 -0.45757108307773525 0
    outer loop
      vertex 8.565696820616722 13.818787448108196 0.32
      vertex 8.565696820616722 13.818787448108196 0.48
      vertex 8.380404576659203 14.178855806589127 0.48
    endloop
  endfacet
  facet normal -0.9194756406196637 -0.3931469779955828 0
    outer loop
      vertex 8.2057004570961 14.550803780555725 0.32
      vertex 8.2057004570961 14.550803780555725 0.48
      vertex 8.041584461927414 14.934631377458572 0.48
    endloop
  endfacet
  facet normal -0.7576587493952996 -0.6526509170029184 0
    outer loop
      vertex 9.899322532117367 11.908340565860271 0.32
      vertex 9.65098000317812 12.196639999747276 0.48
      vertex 9.65098000317812 12.196639999747276 0.32
    endloop
  endfacet
  facet normal -0.7299908810971942 -0.6834568848983396 0
    outer loop
      vertex 9.899322532117367 11.908340565860271 0.32
      vertex 10.15724752098322 11.63285443931818 0.32
      vertex 9.899322532117367 11.908340565860271 0.48
    endloop
  endfacet
  facet normal -0.7006296475056907 -0.7135251201156493 0
    outer loop
      vertex 10.15724752098322 11.63285443931818 0.32
      vertex 10.424754969775677 11.370181627571583 0.32
      vertex 10.15724752098322 11.63285443931818 0.48
    endloop
  endfacet
  facet normal -0.6696731165030816 -0.7426559883506293 0
    outer loop
      vertex 10.70184487849474 11.120322115719318 0.32
      vertex 10.424754969775677 11.370181627571583 0.48
      vertex 10.424754969775677 11.370181627571583 0.32
    endloop
  endfacet
  facet normal -0.5328299169371407 -0.846222358258608 0
    outer loop
      vertex 11.590609341859818 10.447623439133167 0.32
      vertex 11.90602907538414 10.249017164111137 0.32
      vertex 11.590609341859818 10.447623439133167 0.48
    endloop
  endfacet
  facet normal -0.49629484769578364 -0.8681540325026538 0
    outer loop
      vertex 11.90602907538414 10.249017164111137 0.32
      vertex 12.231031268835068 10.063224196434021 0.32
      vertex 11.90602907538414 10.249017164111137 0.48
    endloop
  endfacet
  facet normal -0.6372487230730182 -0.7706582024099968 0
    outer loop
      vertex 10.70184487849474 11.120322115719318 0.32
      vertex 10.988517239689827 10.883275918662548 0.32
      vertex 10.70184487849474 11.120322115719318 0.48
    endloop
  endfacet
  facet normal -0.6035112249202275 -0.7973545017087987 0
    outer loop
      vertex 10.988517239689827 10.883275918662548 0.32
      vertex 11.28477206081152 10.65904302150011 0.32
      vertex 10.988517239689827 10.883275918662548 0.48
    endloop
  endfacet
  facet normal -0.5686390770749005 -0.8225871382555197 0
    outer loop
      vertex 11.590609341859818 10.447623439133167 0.32
      vertex 11.28477206081152 10.65904302150011 0.48
      vertex 11.28477206081152 10.65904302150011 0.32
    endloop
  endfacet
  facet normal -0.7576587493952996 -0.6526509170029184 0
    outer loop
      vertex 9.899322532117367 11.908340565860271 0.32
      vertex 9.899322532117367 11.908340565860271 0.48
      vertex 9.65098000317812 12.196639999747276 0.48
    endloop
  endfacet
  facet normal -0.7299908810971942 -0.6834568848983396 0
    outer loop
      vertex 10.15724752098322 11.63285443931818 0.32
      vertex 10.15724752098322 11.63285443931818 0.48
      vertex 9.899322532117367 11.908340565860271 0.48
    endloop
  endfacet
  facet normal -0.6696731165030816 -0.7426559883506293 0
    outer loop
      vertex 10.70184487849474 11.120322115719318 0.32
      vertex 10.70184487849474 11.120322115719318 0.48
      vertex 10.424754969775677 11.370181627571583 0.48
    endloop
  endfacet
  facet normal -0.7006296475056907 -0.7135251201156493 0
    outer loop
      vertex 10.424754969775677 11.370181627571583 0.32
      vertex 10.424754969775677 11.370181627571583 0.48
      vertex 10.15724752098322 11.63285443931818 0.48
    endloop
  endfacet
  facet normal -0.5328299169371407 -0.846222358258608 0
    outer loop
      vertex 11.90602907538414 10.249017164111137 0.32
      vertex 11.90602907538414 10.249017164111137 0.48
      vertex 11.590609341859818 10.447623439133167 0.48
    endloop
  endfacet
  facet normal -0.6372487230730182 -0.7706582024099968 0
    outer loop
      vertex 10.988517239689827 10.883275918662548 0.32
      vertex 10.988517239689827 10.883275918662548 0.48
      vertex 10.70184487849474 11.120322115719318 0.48
    endloop
  endfacet
  facet normal -0.6035112249202275 -0.7973545017087987 0
    outer loop
      vertex 11.28477206081152 10.65904302150011 0.32
      vertex 11.28477206081152 10.65904302150011 0.48
      vertex 10.988517239689827 10.883275918662548 0.48
    endloop
  endfacet
  facet normal -0.5686390770749005 -0.8225871382555197 0
    outer loop
      vertex 11.590609341859818 10.447623439133167 0.32
      vertex 11.590609341859818 10.447623439133167 0.48
      vertex 11.28477206081152 10.65904302150011 0.48
    endloop
  endfacet
  facet normal -0.7837891318446457 -0.6210270499762603 0
    outer loop
      vertex 9.412747107446194 12.497310243546963 0.32
      vertex 9.65098000317812 12.196639999747276 0.32
      vertex 9.412747107446194 12.497310243546963 0.48
    endloop
  endfacet
  facet normal -0.7837891318446457 -0.6210270499762603 0
    outer loop
      vertex 9.65098000317812 12.196639999747276 0.32
      vertex 9.65098000317812 12.196639999747276 0.48
      vertex 9.412747107446194 12.497310243546963 0.48
    endloop
  endfacet
  facet normal 0 0 1
    outer loop
      vertex 8.041584461927414 14.934631377458572 0.48
      vertex 8.2057004570961 14.550803780555725 0.48
      vertex 13.360819093883038 16.62859220802784 0.48
    endloop
  endfacet
  facet normal 0 0 1
    outer loop
      vertex 8.2057004570961 14.550803780555725 0.48
      vertex 8.380404576659203 14.178855806589127 0.48
      vertex 13.360819093883038 16.62859220802784 0.48
    endloop
  endfacet
  facet normal 0 0 1
    outer loop
      vertex 8.76157720386982 13.470598712563515 0.48
      vertex 13.55177591741085 16.166546694934368 0.48
      vertex 8.565696820616722 13.818787448108196 0.48
    endloop
  endfacet
  facet normal 0 0 1
    outer loop
      vertex 9.185102343559265 12.809860110282898 0.48
      vertex 13.762833461165428 15.734070017933846 0.48
      vertex 8.968045711517334 13.134289599955082 0.48
    endloop
  endfacet
  facet normal 0 0 1
    outer loop
      vertex 8.76157720386982 13.470598712563515 0.48
      vertex 8.968045711517334 13.134289599955082 0.48
      vertex 13.654792100191116 15.946612246334553 0.48
    endloop
  endfacet
  facet normal 0 0 1
    outer loop
      vertex 8.380404576659203 14.178855806589127 0.48
      vertex 8.565696820616722 13.818787448108196 0.48
      vertex 13.45378491282463 16.39387334883213 0.48
    endloop
  endfacet
  facet normal 0 0 1
    outer loop
      vertex 9.412747107446194 12.497310243546963 0.48
      vertex 9.65098000317812 12.196639999747276 0.48
      vertex 13.993955194950104 15.331869341433048 0.48
    endloop
  endfacet
  facet normal 0 0 1
    outer loop
      vertex 9.412747107446194 12.497310243546963 0.48
      vertex 13.875900000333786 15.528920002281666 0.48
      vertex 9.185102343559265 12.809860110282898 0.48
    endloop
  endfacet
  facet normal 0 0 1
    outer loop
      vertex 9.899322532117367 11.908340565860271 0.48
      vertex 13.993955194950104 15.331869341433048 0.48
      vertex 9.65098000317812 12.196639999747276 0.48
    endloop
  endfacet
  facet normal 0 0 1
    outer loop
      vertex 9.899322532117367 11.908340565860271 0.48
      vertex 10.15724752098322 11.63285443931818 0.48
      vertex 14.116962529718876 15.143576480448246 0.48
    endloop
  endfacet
  facet normal 0 0 1
    outer loop
      vertex 10.15724752098322 11.63285443931818 0.48
      vertex 10.424754969775677 11.370181627571583 0.48
      vertex 14.244922004640102 14.96404143422842 0.48
    endloop
  endfacet
  facet normal 0 0 1
    outer loop
      vertex 10.70184487849474 11.120322115719318 0.48
      vertex 14.377833612263203 14.79326419532299 0.48
      vertex 10.424754969775677 11.370181627571583 0.48
    endloop
  endfacet
  facet normal 0 0 1
    outer loop
      vertex 10.70184487849474 11.120322115719318 0.48
      vertex 10.988517239689827 10.883275918662548 0.48
      vertex 14.377833612263203 14.79326419532299 0.48
    endloop
  endfacet
  facet normal 0 0 1
    outer loop
      vertex 8.76157720386982 13.470598712563515 0.48
      vertex 13.654792100191116 15.946612246334553 0.48
      vertex 13.55177591741085 16.166546694934368 0.48
    endloop
  endfacet
  facet normal 0 0 -1
    outer loop
      vertex 7.491001777350903 16.58873799443245 0.32
      vertex 12.971367672085762 17.91306971758604 0.32
      vertex 7.612765252590179 16.157391905784607 0.32
    endloop
  endfacet
  facet normal 0 0 -1
    outer loop
      vertex 7.491001777350903 16.58873799443245 0.32
      vertex 7.3798264265060425 17.03196370601654 0.32
      vertex 12.908552929759026 18.192141853272915 0.32
    endloop
  endfacet
  facet normal 0 0 -1
    outer loop
      vertex 7.3798264265060425 17.03196370601654 0.32
      vertex 7.27923920750618 17.4870690330863 0.32
      vertex 12.850763365626335 18.478606201708317 0.32
    endloop
  endfacet
  facet normal 0 0 -1
    outer loop
      vertex 7.27923920750618 17.4870690330863 0.32
      vertex 7.189240112900734 17.95405399054289 0.32
      vertex 12.79799897968769 18.772462762892246 0.32
    endloop
  endfacet
  facet normal 0 0 -1
    outer loop
      vertex 7.1098291501402855 18.432918563485146 0.32
      vertex 12.750259771943092 19.073711529374123 0.32
      vertex 7.189240112900734 17.95405399054289 0.32
    endloop
  endfacet
  facet normal 0 0 -1
    outer loop
      vertex 7.1098291501402855 18.432918563485146 0.32
      vertex 7.041006311774254 18.92366275936365 0.32
      vertex 12.70754574984312 19.382352516055107 0.32
    endloop
  endfacet
  facet normal 0 0 -1
    outer loop
      vertex 7.041006311774254 18.92366275936365 0.32
      vertex 6.98277160525322 19.426286578178406 0.32
      vertex 12.669856898486614 19.69838570803404 0.32
    endloop
  endfacet
  facet normal 0 0 -1
    outer loop
      vertex 6.98277160525322 19.426286578178406 0.32
      vertex 6.935125030577183 19.94079001992941 0.32
      vertex 12.6095547452569 20.352628730237484 0.32
    endloop
  endfacet
  facet normal 0 0 -1
    outer loop
      vertex 6.898066580295563 20.46717308461666 0.32
      vertex 6.8715962544083595 21.00543576478958 0.32
      vertex 12.569353304803371 21.03644060343504 0.32
    endloop
  endfacet
  facet normal 0 0 -1
    outer loop
      vertex 6.8715962544083595 21.00543576478958 0.32
      vertex 6.855714067816734 21.55557807534933 0.32
      vertex 12.556790359318256 21.38943485915661 0.32
    endloop
  endfacet
  facet normal 0 0 -1
    outer loop
      vertex 6.855714067816734 21.55557807534933 0.32
      vertex 6.853882674480534 21.75 0.32
      vertex 12.549251371322997 21.75 0.32
    endloop
  endfacet
  facet normal 0 0 -1
    outer loop
      vertex 6.935125030577183 19.94079001992941 0.32
      vertex 6.898066580295563 20.46717308461666 0.32
      vertex 12.586941435933113 20.690838560461998 0.32
    endloop
  endfacet
  facet normal 0 0 -1
    outer loop
      vertex 8.041584461927414 14.934631377458572 0.32
      vertex 7.888056598603725 15.330338604748249 0.32
      vertex 13.27287845313549 16.870703287422657 0.32
    endloop
  endfacet
  facet normal 0 0 -1
    outer loop
      vertex 7.888056598603725 15.330338604748249 0.32
      vertex 7.745116859674454 15.737925447523594 0.32
      vertex 13.189962983131409 17.120206579566002 0.32
    endloop
  endfacet
  facet normal 0 0 -1
    outer loop
      vertex 7.745116859674454 15.737925447523594 0.32
      vertex 7.612765252590179 16.157391905784607 0.32
      vertex 13.112072706222534 17.377102077007294 0.32
    endloop
  endfacet
  facet normal 0 0 -1
    outer loop
      vertex 7.745116859674454 15.737925447523594 0.32
      vertex 13.112072706222534 17.377102077007294 0.32
      vertex 13.189962983131409 17.120206579566002 0.32
    endloop
  endfacet
  facet normal 0 0 -1
    outer loop
      vertex 8.041584461927414 14.934631377458572 0.32
      vertex 13.27287845313549 16.870703287422657 0.32
      vertex 13.360819093883038 16.62859220802784 0.32
    endloop
  endfacet
  facet normal 0 0 -1
    outer loop
      vertex 8.565696820616722 13.818787448108196 0.32
      vertex 13.45378491282463 16.39387334883213 0.32
      vertex 13.55177591741085 16.166546694934368 0.32
    endloop
  endfacet
  facet normal 0 0 -1
    outer loop
      vertex 8.380404576659203 14.178855806589127 0.32
      vertex 13.360819093883038 16.62859220802784 0.32
      vertex 13.45378491282463 16.39387334883213 0.32
    endloop
  endfacet
  facet normal 0 0 -1
    outer loop
      vertex 7.888056598603725 15.330338604748249 0.32
      vertex 13.189962983131409 17.120206579566002 0.32
      vertex 13.27287845313549 16.870703287422657 0.32
    endloop
  endfacet
  facet normal 0 0 -1
    outer loop
      vertex 7.612765252590179 16.157391905784607 0.32
      vertex 12.971367672085762 17.91306971758604 0.32
      vertex 13.039207600057125 17.641389794647694 0.32
    endloop
  endfacet
  facet normal 0 0 -1
    outer loop
      vertex 7.612765252590179 16.157391905784607 0.32
      vertex 13.039207600057125 17.641389794647694 0.32
      vertex 13.112072706222534 17.377102077007294 0.32
    endloop
  endfacet
  facet normal 0 0 -1
    outer loop
      vertex 7.491001777350903 16.58873799443245 0.32
      vertex 12.908552929759026 18.192141853272915 0.32
      vertex 12.971367672085762 17.91306971758604 0.32
    endloop
  endfacet
  facet normal 0 0 -1
    outer loop
      vertex 7.3798264265060425 17.03196370601654 0.32
      vertex 12.850763365626335 18.478606201708317 0.32
      vertex 12.908552929759026 18.192141853272915 0.32
    endloop
  endfacet
  facet normal 0 0 -1
    outer loop
      vertex 7.27923920750618 17.4870690330863 0.32
      vertex 12.79799897968769 18.772462762892246 0.32
      vertex 12.850763365626335 18.478606201708317 0.32
    endloop
  endfacet
  facet normal 0 0 -1
    outer loop
      vertex 7.189240112900734 17.95405399054289 0.32
      vertex 12.750259771943092 19.073711529374123 0.32
      vertex 12.79799897968769 18.772462762892246 0.32
    endloop
  endfacet
  facet normal 0 0 -1
    outer loop
      vertex 6.935125030577183 19.94079001992941 0.32
      vertex 12.586941435933113 20.690838560461998 0.32
      vertex 12.6095547452569 20.352628730237484 0.32
    endloop
  endfacet
  facet normal 0 0 -1
    outer loop
      vertex 6.898066580295563 20.46717308461666 0.32
      vertex 12.569353304803371 21.03644060343504 0.32
      vertex 12.586941435933113 20.690838560461998 0.32
    endloop
  endfacet
  facet normal 0 0 -1
    outer loop
      vertex 6.8715962544083595 21.00543576478958 0.32
      vertex 12.556790359318256 21.38943485915661 0.32
      vertex 12.569353304803371 21.03644060343504 0.32
    endloop
  endfacet
  facet normal 0 0 -1
    outer loop
      vertex 6.855714067816734 21.55557807534933 0.32
      vertex 12.549252592027187 21.749821320176125 0.32
      vertex 12.556790359318256 21.38943485915661 0.32
    endloop
  endfacet
  facet normal 0 0 -1
    outer loop
      vertex 6.855714067816734 21.55557807534933 0.32
      vertex 12.549251371322997 21.75 0.32
      vertex 12.549252592027187 21.749821320176125 0.32
    endloop
  endfacet
  facet normal 0 0 -1
    outer loop
      vertex 7.1098291501402855 18.432918563485146 0.32
      vertex 12.70754574984312 19.382352516055107 0.32
      vertex 12.750259771943092 19.073711529374123 0.32
    endloop
  endfacet
  facet normal 0 0 -1
    outer loop
      vertex 7.041006311774254 18.92366275936365 0.32
      vertex 12.669856898486614 19.69838570803404 0.32
      vertex 12.70754574984312 19.382352516055107 0.32
    endloop
  endfacet
  facet normal 0 0 -1
    outer loop
      vertex 6.98277160525322 19.426286578178406 0.32
      vertex 12.637193232774734 20.021811112761497 0.32
      vertex 12.669856898486614 19.69838570803404 0.32
    endloop
  endfacet
  facet normal 0 0 -1
    outer loop
      vertex 6.98277160525322 19.426286578178406 0.32
      vertex 12.6095547452569 20.352628730237484 0.32
      vertex 12.637193232774734 20.021811112761497 0.32
    endloop
  endfacet
  facet normal -0.9699522382016774 -0.2432954081102982 0
    outer loop
      vertex 7.491001777350903 16.58873799443245 0.32
      vertex 7.3798264265060425 17.03196370601654 0.48
      vertex 7.3798264265060425 17.03196370601654 0.32
    endloop
  endfacet
  facet normal -0.9436529077790817 -0.33093683632996146 0
    outer loop
      vertex 7.888056598603725 15.330338604748249 0.32
      vertex 7.745116859674454 15.737925447523594 0.48
      vertex 7.745116859674454 15.737925447523594 0.32
    endloop
  endfacet
  facet normal -0.953655419454456 -0.3009008822604975 0
    outer loop
      vertex 7.745116859674454 15.737925447523594 0.32
      vertex 7.612765252590179 16.157391905784607 0.48
      vertex 7.612765252590179 16.157391905784607 0.32
    endloop
  endfacet
  facet normal -0.9623903361997519 -0.271670463593907 0
    outer loop
      vertex 7.491001777350903 16.58873799443245 0.32
      vertex 7.612765252590179 16.157391905784607 0.32
      vertex 7.491001777350903 16.58873799443245 0.48
    endloop
  endfacet
  facet normal -0.9764350806119881 -0.21581133739973066 0
    outer loop
      vertex 7.3798264265060425 17.03196370601654 0.32
      vertex 7.27923920750618 17.4870690330863 0.48
      vertex 7.27923920750618 17.4870690330863 0.32
    endloop
  endfacet
  facet normal -0.9819306035703469 -0.18924135322908214 0
    outer loop
      vertex 7.27923920750618 17.4870690330863 0.32
      vertex 7.189240112900734 17.95405399054289 0.48
      vertex 7.189240112900734 17.95405399054289 0.32
    endloop
  endfacet
  facet normal -0.9865271618607647 -0.16359755166549503 0
    outer loop
      vertex 7.1098291501402855 18.432918563485146 0.32
      vertex 7.189240112900734 17.95405399054289 0.32
      vertex 7.1098291501402855 18.432918563485146 0.48
    endloop
  endfacet
  facet normal -0.9699522382016774 -0.2432954081102982 0
    outer loop
      vertex 7.491001777350903 16.58873799443245 0.32
      vertex 7.491001777350903 16.58873799443245 0.48
      vertex 7.3798264265060425 17.03196370601654 0.48
    endloop
  endfacet
  facet normal -0.953655419454456 -0.3009008822604975 0
    outer loop
      vertex 7.745116859674454 15.737925447523594 0.32
      vertex 7.745116859674454 15.737925447523594 0.48
      vertex 7.612765252590179 16.157391905784607 0.48
    endloop
  endfacet
  facet normal -0.9436529077790817 -0.33093683632996146 0
    outer loop
      vertex 7.888056598603725 15.330338604748249 0.32
      vertex 7.888056598603725 15.330338604748249 0.48
      vertex 7.745116859674454 15.737925447523594 0.48
    endloop
  endfacet
  facet normal -0.9623903361997519 -0.271670463593907 0
    outer loop
      vertex 7.612765252590179 16.157391905784607 0.32
      vertex 7.612765252590179 16.157391905784607 0.48
      vertex 7.491001777350903 16.58873799443245 0.48
    endloop
  endfacet
  facet normal -0.9764350806119881 -0.21581133739973066 0
    outer loop
      vertex 7.3798264265060425 17.03196370601654 0.32
      vertex 7.3798264265060425 17.03196370601654 0.48
      vertex 7.27923920750618 17.4870690330863 0.48
    endloop
  endfacet
  facet normal -0.9819306035703469 -0.18924135322908214 0
    outer loop
      vertex 7.27923920750618 17.4870690330863 0.32
      vertex 7.27923920750618 17.4870690330863 0.48
      vertex 7.189240112900734 17.95405399054289 0.48
    endloop
  endfacet
  facet normal -0.9865271618607647 -0.16359755166549503 0
    outer loop
      vertex 7.189240112900734 17.95405399054289 0.32
      vertex 7.189240112900734 17.95405399054289 0.48
      vertex 7.1098291501402855 18.432918563485146 0.48
    endloop
  endfacet
  facet normal -0.9903088423845662 -0.13888267240710955 0
    outer loop
      vertex 7.1098291501402855 18.432918563485146 0.32
      vertex 7.1098291501402855 18.432918563485146 0.48
      vertex 7.041006311774254 18.92366275936365 0.48
    endloop
  endfacet
  facet normal 0 0 1
    outer loop
      vertex 7.491001777350903 16.58873799443245 0.48
      vertex 7.612765252590179 16.157391905784607 0.48
      vertex 12.971367672085762 17.91306971758604 0.48
    endloop
  endfacet
  facet normal 0 0 1
    outer loop
      vertex 7.491001777350903 16.58873799443245 0.48
      vertex 12.908552929759026 18.192141853272915 0.48
      vertex 7.3798264265060425 17.03196370601654 0.48
    endloop
  endfacet
  facet normal 0 0 1
    outer loop
      vertex 7.3798264265060425 17.03196370601654 0.48
      vertex 12.850763365626335 18.478606201708317 0.48
      vertex 7.27923920750618 17.4870690330863 0.48
    endloop
  endfacet
  facet normal 0 0 1
    outer loop
      vertex 7.27923920750618 17.4870690330863 0.48
      vertex 12.79799897968769 18.772462762892246 0.48
      vertex 7.189240112900734 17.95405399054289 0.48
    endloop
  endfacet
  facet normal 0 0 1
    outer loop
      vertex 7.1098291501402855 18.432918563485146 0.48
      vertex 7.189240112900734 17.95405399054289 0.48
      vertex 12.750259771943092 19.073711529374123 0.48
    endloop
  endfacet
  facet normal -0.9903088423845662 -0.13888267240710955 0
    outer loop
      vertex 7.1098291501402855 18.432918563485146 0.32
      vertex 7.041006311774254 18.92366275936365 0.48
      vertex 7.041006311774254 18.92366275936365 0.32
    endloop
  endfacet
  facet normal -0.9933548942563452 -0.11509150297465598 0
    outer loop
      vertex 7.041006311774254 18.92366275936365 0.32
      vertex 6.98277160525322 19.426286578178406 0.48
      vertex 6.98277160525322 19.426286578178406 0.32
    endloop
  endfacet
  facet normal -0.9957393650055321 -0.09221234721218086 0
    outer loop
      vertex 6.98277160525322 19.426286578178406 0.32
      vertex 6.935125030577183 19.94079001992941 0.48
      vertex 6.935125030577183 19.94079001992941 0.32
    endloop
  endfacet
  facet normal -0.9975309497282412 -0.07022823032280677 0
    outer loop
      vertex 6.935125030577183 19.94079001992941 0.32
      vertex 6.898066580295563 20.46717308461666 0.48
      vertex 6.898066580295563 20.46717308461666 0.32
    endloop
  endfacet
  facet normal -0.9987929835569297 -0.0491179803885167 0
    outer loop
      vertex 6.898066580295563 20.46717308461666 0.32
      vertex 6.8715962544083595 21.00543576478958 0.48
      vertex 6.8715962544083595 21.00543576478958 0.32
    endloop
  endfacet
  facet normal -0.9995835439885847 -0.02885721031598515 0
    outer loop
      vertex 6.8715962544083595 21.00543576478958 0.32
      vertex 6.855714067816734 21.55557807534933 0.48
      vertex 6.855714067816734 21.55557807534933 0.32
    endloop
  endfacet
  facet normal -0.9999556377170742 -0.009419267372758012 0
    outer loop
      vertex 6.855714067816734 21.55557807534933 0.32
      vertex 6.855714067816734 21.55557807534933 0.48
      vertex 6.853882674480534 21.75 0.32
    endloop
  endfacet
  facet normal -0.9933548942563452 -0.11509150297465598 0
    outer loop
      vertex 7.041006311774254 18.92366275936365 0.32
      vertex 7.041006311774254 18.92366275936365 0.48
      vertex 6.98277160525322 19.426286578178406 0.48
    endloop
  endfacet
  facet normal -0.9957393650055321 -0.09221234721218086 0
    outer loop
      vertex 6.98277160525322 19.426286578178406 0.32
      vertex 6.98277160525322 19.426286578178406 0.48
      vertex 6.935125030577183 19.94079001992941 0.48
    endloop
  endfacet
  facet normal -0.9975309497282412 -0.07022823032280677 0
    outer loop
      vertex 6.935125030577183 19.94079001992941 0.32
      vertex 6.935125030577183 19.94079001992941 0.48
      vertex 6.898066580295563 20.46717308461666 0.48
    endloop
  endfacet
  facet normal -0.9987929835569297 -0.0491179803885167 0
    outer loop
      vertex 6.898066580295563 20.46717308461666 0.32
      vertex 6.898066580295563 20.46717308461666 0.48
      vertex 6.8715962544083595 21.00543576478958 0.48
    endloop
  endfacet
  facet normal -0.9995835439885847 -0.02885721031598515 0
    outer loop
      vertex 6.8715962544083595 21.00543576478958 0.32
      vertex 6.8715962544083595 21.00543576478958 0.48
      vertex 6.855714067816734 21.55557807534933 0.48
    endloop
  endfacet
  facet normal -0.9999556377170742 -0.009419267372758012 0
    outer loop
      vertex 6.855714067816734 21.55557807534933 0.48
      vertex 6.853882674480534 21.75 0.48
      vertex 6.853882674480534 21.75 0.32
    endloop
  endfacet
  facet normal 0 0 1
    outer loop
      vertex 7.1098291501402855 18.432918563485146 0.48
      vertex 12.70754574984312 19.382352516055107 0.48
      vertex 7.041006311774254 18.92366275936365 0.48
    endloop
  endfacet
  facet normal 0 0 1
    outer loop
      vertex 7.041006311774254 18.92366275936365 0.48
      vertex 12.669856898486614 19.69838570803404 0.48
      vertex 6.98277160525322 19.426286578178406 0.48
    endloop
  endfacet
  facet normal 0 0 1
    outer loop
      vertex 6.98277160525322 19.426286578178406 0.48
      vertex 12.6095547452569 20.352628730237484 0.48
      vertex 6.935125030577183 19.94079001992941 0.48
    endloop
  endfacet
  facet normal 0 0 1
    outer loop
      vertex 6.898066580295563 20.46717308461666 0.48
      vertex 12.569353304803371 21.03644060343504 0.48
      vertex 6.8715962544083595 21.00543576478958 0.48
    endloop
  endfacet
  facet normal 0 0 1
    outer loop
      vertex 6.8715962544083595 21.00543576478958 0.48
      vertex 12.556790359318256 21.38943485915661 0.48
      vertex 6.855714067816734 21.55557807534933 0.48
    endloop
  endfacet
  facet normal 0 0 1
    outer loop
      vertex 6.855714067816734 21.55557807534933 0.48
      vertex 12.549252592027187 21.749821320176125 0.48
      vertex 6.853882674480534 21.75 0.48
    endloop
  endfacet
  facet normal 0 0 1
    outer loop
      vertex 6.935125030577183 19.94079001992941 0.48
      vertex 12.586941435933113 20.690838560461998 0.48
      vertex 6.898066580295563 20.46717308461666 0.48
    endloop
  endfacet
  facet normal 0 0 1
    outer loop
      vertex 8.041584461927414 14.934631377458572 0.48
      vertex 13.27287845313549 16.870703287422657 0.48
      vertex 7.888056598603725 15.330338604748249 0.48
    endloop
  endfacet
  facet normal 0 0 1
    outer loop
      vertex 7.888056598603725 15.330338604748249 0.48
      vertex 13.189962983131409 17.120206579566002 0.48
      vertex 7.745116859674454 15.737925447523594 0.48
    endloop
  endfacet
  facet normal 0 0 1
    outer loop
      vertex 7.745116859674454 15.737925447523594 0.48
      vertex 13.112072706222534 17.377102077007294 0.48
      vertex 7.612765252590179 16.157391905784607 0.48
    endloop
  endfacet
  facet normal 0 0 1
    outer loop
      vertex 7.745116859674454 15.737925447523594 0.48
      vertex 13.189962983131409 17.120206579566002 0.48
      vertex 13.112072706222534 17.377102077007294 0.48
    endloop
  endfacet
  facet normal 0 0 1
    outer loop
      vertex 8.041584461927414 14.934631377458572 0.48
      vertex 13.360819093883038 16.62859220802784 0.48
      vertex 13.27287845313549 16.870703287422657 0.48
    endloop
  endfacet
  facet normal 0 0 1
    outer loop
      vertex 8.565696820616722 13.818787448108196 0.48
      vertex 13.55177591741085 16.166546694934368 0.48
      vertex 13.45378491282463 16.39387334883213 0.48
    endloop
  endfacet
  facet normal 0 0 1
    outer loop
      vertex 8.380404576659203 14.178855806589127 0.48
      vertex 13.45378491282463 16.39387334883213 0.48
      vertex 13.360819093883038 16.62859220802784 0.48
    endloop
  endfacet
  facet normal 0 0 1
    outer loop
      vertex 7.888056598603725 15.330338604748249 0.48
      vertex 13.27287845313549 16.870703287422657 0.48
      vertex 13.189962983131409 17.120206579566002 0.48
    endloop
  endfacet
  facet normal 0 0 1
    outer loop
      vertex 7.612765252590179 16.157391905784607 0.48
      vertex 13.039207600057125 17.641389794647694 0.48
      vertex 12.971367672085762 17.91306971758604 0.48
    endloop
  endfacet
  facet normal 0 0 1
    outer loop
      vertex 7.612765252590179 16.157391905784607 0.48
      vertex 13.112072706222534 17.377102077007294 0.48
      vertex 13.039207600057125 17.641389794647694 0.48
    endloop
  endfacet
  facet normal 0 0 1
    outer loop
      vertex 7.491001777350903 16.58873799443245 0.48
      vertex 12.971367672085762 17.91306971758604 0.48
      vertex 12.908552929759026 18.192141853272915 0.48
    endloop
  endfacet
  facet normal 0 0 1
    outer loop
      vertex 7.3798264265060425 17.03196370601654 0.48
      vertex 12.908552929759026 18.192141853272915 0.48
      vertex 12.850763365626335 18.478606201708317 0.48
    endloop
  endfacet
  facet normal 0 0 1
    outer loop
      vertex 7.27923920750618 17.4870690330863 0.48
      vertex 12.850763365626335 18.478606201708317 0.48
      vertex 12.79799897968769 18.772462762892246 0.48
    endloop
  endfacet
  facet normal 0 0 1
    outer loop
      vertex 7.189240112900734 17.95405399054289 0.48
      vertex 12.79799897968769 18.772462762892246 0.48
      vertex 12.750259771943092 19.073711529374123 0.48
    endloop
  endfacet
  facet normal 0 0 1
    outer loop
      vertex 6.935125030577183 19.94079001992941 0.48
      vertex 12.6095547452569 20.352628730237484 0.48
      vertex 12.586941435933113 20.690838560461998 0.48
    endloop
  endfacet
  facet normal 0 0 1
    outer loop
      vertex 6.898066580295563 20.46717308461666 0.48
      vertex 12.586941435933113 20.690838560461998 0.48
      vertex 12.569353304803371 21.03644060343504 0.48
    endloop
  endfacet
  facet normal 0 0 1
    outer loop
      vertex 6.8715962544083595 21.00543576478958 0.48
      vertex 12.569353304803371 21.03644060343504 0.48
      vertex 12.556790359318256 21.38943485915661 0.48
    endloop
  endfacet
  facet normal 0 0 1
    outer loop
      vertex 6.855714067816734 21.55557807534933 0.48
      vertex 12.556790359318256 21.38943485915661 0.48
      vertex 12.549252592027187 21.749821320176125 0.48
    endloop
  endfacet
  facet normal 0 0 1
    outer loop
      vertex 12.549252592027187 21.749821320176125 0.48
      vertex 12.549251371322997 21.75 0.48
      vertex 6.853882674480534 21.75 0.48
    endloop
  endfacet
  facet normal 0 0 1
    outer loop
      vertex 7.1098291501402855 18.432918563485146 0.48
      vertex 12.750259771943092 19.073711529374123 0.48
      vertex 12.70754574984312 19.382352516055107 0.48
    endloop
  endfacet
  facet normal 0 0 1
    outer loop
      vertex 7.041006311774254 18.92366275936365 0.48
      vertex 12.70754574984312 19.382352516055107 0.48
      vertex 12.669856898486614 19.69838570803404 0.48
    endloop
  endfacet
  facet normal 0 0 1
    outer loop
      vertex 6.98277160525322 19.426286578178406 0.48
      vertex 12.669856898486614 19.69838570803404 0.48
      vertex 12.637193232774734 20.021811112761497 0.48
    endloop
  endfacet
  facet normal 0 0 1
    outer loop
      vertex 6.98277160525322 19.426286578178406 0.48
      vertex 12.637193232774734 20.021811112761497 0.48
      vertex 12.6095547452569 20.352628730237484 0.48
    endloop
  endfacet
  facet normal 0 0 -1
    outer loop
      vertex 10.988517239689827 10.883275918662548 0.32
      vertex 14.515697352588177 14.631244763731956 0.32
      vertex 11.28477206081152 10.65904302150011 0.32
    endloop
  endfacet
  facet normal 0 0 -1
    outer loop
      vertex 11.590609341859818 10.447623439133167 0.32
      vertex 11.28477206081152 10.65904302150011 0.32
      vertex 14.658513233065605 14.477983139455318 0.32
    endloop
  endfacet
  facet normal 0 0 -1
    outer loop
      vertex 11.590609341859818 10.447623439133167 0.32
      vertex 14.806281246244907 14.333479322493076 0.32
      vertex 11.90602907538414 10.249017164111137 0.32
    endloop
  endfacet
  facet normal 0 0 -1
    outer loop
      vertex 11.90602907538414 10.249017164111137 0.32
      vertex 14.959001399576664 14.19773330539465 0.32
      vertex 12.231031268835068 10.063224196434021 0.32
    endloop
  endfacet
  facet normal 0 0 -1
    outer loop
      vertex 12.231031268835068 10.063224196434021 0.32
      vertex 14.959001399576664 14.19773330539465 0.32
      vertex 12.56561591476202 9.890244536101818 0.32
    endloop
  endfacet
  facet normal 0 0 -1
    outer loop
      vertex 12.56561591476202 9.890244536101818 0.32
      vertex 15.116673685610294 14.0707451030612 0.32
      vertex 12.909783028066158 9.730078183114529 0.32
    endloop
  endfacet
  facet normal 0 0 -1
    outer loop
      vertex 13.26353258639574 9.582725144922733 0.32
      vertex 12.909783028066158 9.730078183114529 0.32
      vertex 15.279298111796379 13.952514708042145 0.32
    endloop
  endfacet
  facet normal 0 0 -1
    outer loop
      vertex 13.26353258639574 9.582725144922733 0.32
      vertex 15.446874670684338 13.843042120337486 0.32
      vertex 13.626864612102509 9.44818540662527 0.32
    endloop
  endfacet
  facet normal 0 0 -1
    outer loop
      vertex 13.626864612102509 9.44818540662527 0.32
      vertex 15.61940336227417 13.742327332496643 0.32
      vertex 13.999779090285301 9.326458975672722 0.32
    endloop
  endfacet
  facet normal 0 0 -1
    outer loop
      vertex 10.424754969775677 11.370181627571583 0.32
      vertex 14.244922004640102 14.96404143422842 0.32
      vertex 14.377833612263203 14.79326419532299 0.32
    endloop
  endfacet
  facet normal 0 0 -1
    outer loop
      vertex 10.988517239689827 10.883275918662548 0.32
      vertex 14.377833612263203 14.79326419532299 0.32
      vertex 14.515697352588177 14.631244763731956 0.32
    endloop
  endfacet
  facet normal 0 0 -1
    outer loop
      vertex 9.899322532117367 11.908340565860271 0.32
      vertex 13.993955194950104 15.331869341433048 0.32
      vertex 14.116962529718876 15.143576480448246 0.32
    endloop
  endfacet
  facet normal 0 0 -1
    outer loop
      vertex 9.412747107446194 12.497310243546963 0.32
      vertex 13.875900000333786 15.528920002281666 0.32
      vertex 13.993955194950104 15.331869341433048 0.32
    endloop
  endfacet
  facet normal 0 0 -1
    outer loop
      vertex 8.968045711517334 13.134289599955082 0.32
      vertex 13.654792100191116 15.946612246334553 0.32
      vertex 13.762833461165428 15.734070017933846 0.32
    endloop
  endfacet
  facet normal 0 0 -1
    outer loop
      vertex 9.185102343559265 12.809860110282898 0.32
      vertex 13.762833461165428 15.734070017933846 0.32
      vertex 13.875900000333786 15.528920002281666 0.32
    endloop
  endfacet
  facet normal 0 0 -1
    outer loop
      vertex 10.15724752098322 11.63285443931818 0.32
      vertex 14.116962529718876 15.143576480448246 0.32
      vertex 14.244922004640102 14.96404143422842 0.32
    endloop
  endfacet
  facet normal 0 0 -1
    outer loop
      vertex 11.90602907538414 10.249017164111137 0.32
      vertex 14.806281246244907 14.333479322493076 0.32
      vertex 14.959001399576664 14.19773330539465 0.32
    endloop
  endfacet
  facet normal 0 0 -1
    outer loop
      vertex 11.28477206081152 10.65904302150011 0.32
      vertex 14.515697352588177 14.631244763731956 0.32
      vertex 14.658513233065605 14.477983139455318 0.32
    endloop
  endfacet
  facet normal 0 0 -1
    outer loop
      vertex 11.590609341859818 10.447623439133167 0.32
      vertex 14.658513233065605 14.477983139455318 0.32
      vertex 14.806281246244907 14.333479322493076 0.32
    endloop
  endfacet
  facet normal 0 0 -1
    outer loop
      vertex 12.56561591476202 9.890244536101818 0.32
      vertex 14.959001399576664 14.19773330539465 0.32
      vertex 15.116673685610294 14.0707451030612 0.32
    endloop
  endfacet
  facet normal 0 0 -1
    outer loop
      vertex 12.909783028066158 9.730078183114529 0.32
      vertex 15.116673685610294 14.0707451030612 0.32
      vertex 15.279298111796379 13.952514708042145 0.32
    endloop
  endfacet
  facet normal 0 0 -1
    outer loop
      vertex 13.999779090285301 9.326458975672722 0.32
      vertex 15.796884194016457 13.650370359420776 0.32
      vertex 14.382276028394699 9.217545859515667 0.32
    endloop
  endfacet
  facet normal 0 0 -1
    outer loop
      vertex 14.382276028394699 9.217545859515667 0.32
      vertex 16.166702270507812 13.49272982776165 0.32
      vertex 14.774355426430702 9.121446050703526 0.32
    endloop
  endfacet
  facet normal 0 0 -1
    outer loop
      vertex 14.774355426430702 9.121446050703526 0.32
      vertex 16.3590395078063 13.427046276628971 0.32
      vertex 15.17601727694273 9.038159549236298 0.32
    endloop
  endfacet
  facet normal 0 0 -1
    outer loop
      vertex 15.17601727694273 9.038159549236298 0.32
      vertex 16.556328885257244 13.370120532810688 0.32
      vertex 15.587261587381363 8.967686355113983 0.32
    endloop
  endfacet
  facet normal 0 0 -1
    outer loop
      vertex 14.382276028394699 9.217545859515667 0.32
      vertex 15.979317165911198 13.567171193659306 0.32
      vertex 16.166702270507812 13.49272982776165 0.32
    endloop
  endfacet
  facet normal 0 0 -1
    outer loop
      vertex 14.774355426430702 9.121446050703526 0.32
      vertex 16.166702270507812 13.49272982776165 0.32
      vertex 16.3590395078063 13.427046276628971 0.32
    endloop
  endfacet
  facet normal 0 0 -1
    outer loop
      vertex 15.587261587381363 8.967686355113983 0.32
      vertex 16.75857039541006 13.32195258885622 0.32
      vertex 16.0080883577466 8.910026468336582 0.32
    endloop
  endfacet
  facet normal 0 0 -1
    outer loop
      vertex 16.0080883577466 8.910026468336582 0.32
      vertex 16.965764045715332 13.282542459666729 0.32
      vertex 16.438497580587864 8.865179888904095 0.32
    endloop
  endfacet
  facet normal 0 0 -1
    outer loop
      vertex 16.438497580587864 8.865179888904095 0.32
      vertex 17.177909828722477 13.251890130341053 0.32
      vertex 16.878489263355732 8.83314661681652 0.32
    endloop
  endfacet
  facet normal 0 0 -1
    outer loop
      vertex 16.878489263355732 8.83314661681652 0.32
      vertex 17.395007751882076 13.229995615780354 0.32
      vertex 17.328063406050205 8.81392665207386 0.32
    endloop
  endfacet
  facet normal 0 0 -1
    outer loop
      vertex 15.17601727694273 9.038159549236298 0.32
      vertex 16.3590395078063 13.427046276628971 0.32
      vertex 16.556328885257244 13.370120532810688 0.32
    endloop
  endfacet
  facet normal 0 0 -1
    outer loop
      vertex 15.587261587381363 8.967686355113983 0.32
      vertex 16.556328885257244 13.370120532810688 0.32
      vertex 16.75857039541006 13.32195258885622 0.32
    endloop
  endfacet
  facet normal 0 0 -1
    outer loop
      vertex 16.0080883577466 8.910026468336582 0.32
      vertex 16.75857039541006 13.32195258885622 0.32
      vertex 16.965764045715332 13.282542459666729 0.32
    endloop
  endfacet
  facet normal 0 0 -1
    outer loop
      vertex 16.438497580587864 8.865179888904095 0.32
      vertex 16.965764045715332 13.282542459666729 0.32
      vertex 17.177909828722477 13.251890130341053 0.32
    endloop
  endfacet
  facet normal 0 0 -1
    outer loop
      vertex 16.878489263355732 8.83314661681652 0.32
      vertex 17.177909828722477 13.251890130341053 0.32
      vertex 17.395007751882076 13.229995615780354 0.32
    endloop
  endfacet
  facet normal 0 0 -1
    outer loop
      vertex 13.26353258639574 9.582725144922733 0.32
      vertex 15.279298111796379 13.952514708042145 0.32
      vertex 15.446874670684338 13.843042120337486 0.32
    endloop
  endfacet
  facet normal 0 0 -1
    outer loop
      vertex 13.626864612102509 9.44818540662527 0.32
      vertex 15.446874670684338 13.843042120337486 0.32
      vertex 15.61940336227417 13.742327332496643 0.32
    endloop
  endfacet
  facet normal 0 0 -1
    outer loop
      vertex 13.999779090285301 9.326458975672722 0.32
      vertex 15.61940336227417 13.742327332496643 0.32
      vertex 15.796884194016457 13.650370359420776 0.32
    endloop
  endfacet
  facet normal 0 0 -1
    outer loop
      vertex 14.382276028394699 9.217545859515667 0.32
      vertex 15.796884194016457 13.650370359420776 0.32
      vertex 15.979317165911198 13.567171193659306 0.32
    endloop
  endfacet
  facet normal -0.4592524888787189 -0.8883057758782739 0
    outer loop
      vertex 12.231031268835068 10.063224196434021 0.32
      vertex 12.56561591476202 9.890244536101818 0.32
      vertex 12.231031268835068 10.063224196434021 0.48
    endloop
  endfacet
  facet normal -0.4219226820601211 -0.9066318163197197 0
    outer loop
      vertex 12.56561591476202 9.890244536101818 0.32
      vertex 12.909783028066158 9.730078183114529 0.32
      vertex 12.56561591476202 9.890244536101818 0.48
    endloop
  endfacet
  facet normal -0.3845206369533289 -0.9231163955628814 0
    outer loop
      vertex 13.26353258639574 9.582725144922733 0.32
      vertex 12.909783028066158 9.730078183114529 0.48
      vertex 12.909783028066158 9.730078183114529 0.32
    endloop
  endfacet
  facet normal -0.3472515331255263 -0.9377720259967086 0
    outer loop
      vertex 13.26353258639574 9.582725144922733 0.32
      vertex 13.626864612102509 9.44818540662527 0.32
      vertex 13.26353258639574 9.582725144922733 0.48
    endloop
  endfacet
  facet normal -0.31030603833835874 -0.9506367142977139 0
    outer loop
      vertex 13.626864612102509 9.44818540662527 0.32
      vertex 13.999779090285301 9.326458975672722 0.32
      vertex 13.626864612102509 9.44818540662527 0.48
    endloop
  endfacet
  facet normal -0.2738568782289444 -0.9617704561103428 0
    outer loop
      vertex 13.999779090285301 9.326458975672722 0.32
      vertex 14.382276028394699 9.217545859515667 0.32
      vertex 13.999779090285301 9.326458975672722 0.48
    endloop
  endfacet
  facet normal -0.23805653792964904 -0.9712512984541898 0
    outer loop
      vertex 14.382276028394699 9.217545859515667 0.32
      vertex 14.774355426430702 9.121446050703526 0.32
      vertex 14.382276028394699 9.217545859515667 0.48
    endloop
  endfacet
  facet normal -0.49629484769578364 -0.8681540325026538 0
    outer loop
      vertex 12.231031268835068 10.063224196434021 0.32
      vertex 12.231031268835068 10.063224196434021 0.48
      vertex 11.90602907538414 10.249017164111137 0.48
    endloop
  endfacet
  facet normal -0.4592524888787189 -0.8883057758782739 0
    outer loop
      vertex 12.56561591476202 9.890244536101818 0.32
      vertex 12.56561591476202 9.890244536101818 0.48
      vertex 12.231031268835068 10.063224196434021 0.48
    endloop
  endfacet
  facet normal -0.3845206369533289 -0.9231163955628814 0
    outer loop
      vertex 13.26353258639574 9.582725144922733 0.32
      vertex 13.26353258639574 9.582725144922733 0.48
      vertex 12.909783028066158 9.730078183114529 0.48
    endloop
  endfacet
  facet normal -0.4219226820601211 -0.9066318163197197 0
    outer loop
      vertex 12.909783028066158 9.730078183114529 0.32
      vertex 12.909783028066158 9.730078183114529 0.48
      vertex 12.56561591476202 9.890244536101818 0.48
    endloop
  endfacet
  facet normal 0 0 1
    outer loop
      vertex 10.988517239689827 10.883275918662548 0.48
      vertex 11.28477206081152 10.65904302150011 0.48
      vertex 14.515697352588177 14.631244763731956 0.48
    endloop
  endfacet
  facet normal 0 0 1
    outer loop
      vertex 11.590609341859818 10.447623439133167 0.48
      vertex 14.658513233065605 14.477983139455318 0.48
      vertex 11.28477206081152 10.65904302150011 0.48
    endloop
  endfacet
  facet normal 0 0 1
    outer loop
      vertex 11.590609341859818 10.447623439133167 0.48
      vertex 11.90602907538414 10.249017164111137 0.48
      vertex 14.806281246244907 14.333479322493076 0.48
    endloop
  endfacet
  facet normal 0 0 1
    outer loop
      vertex 11.90602907538414 10.249017164111137 0.48
      vertex 12.231031268835068 10.063224196434021 0.48
      vertex 14.959001399576664 14.19773330539465 0.48
    endloop
  endfacet
  facet normal 0 0 1
    outer loop
      vertex 12.231031268835068 10.063224196434021 0.48
      vertex 12.56561591476202 9.890244536101818 0.48
      vertex 14.959001399576664 14.19773330539465 0.48
    endloop
  endfacet
  facet normal -0.3472515331255263 -0.9377720259967086 0
    outer loop
      vertex 13.626864612102509 9.44818540662527 0.32
      vertex 13.626864612102509 9.44818540662527 0.48
      vertex 13.26353258639574 9.582725144922733 0.48
    endloop
  endfacet
  facet normal -0.31030603833835874 -0.9506367142977139 0
    outer loop
      vertex 13.999779090285301 9.326458975672722 0.32
      vertex 13.999779090285301 9.326458975672722 0.48
      vertex 13.626864612102509 9.44818540662527 0.48
    endloop
  endfacet
  facet normal -0.2738568782289444 -0.9617704561103428 0
    outer loop
      vertex 14.382276028394699 9.217545859515667 0.32
      vertex 14.382276028394699 9.217545859515667 0.48
      vertex 13.999779090285301 9.326458975672722 0.48
    endloop
  endfacet
  facet normal 0 0 1
    outer loop
      vertex 12.56561591476202 9.890244536101818 0.48
      vertex 12.909783028066158 9.730078183114529 0.48
      vertex 15.116673685610294 14.0707451030612 0.48
    endloop
  endfacet
  facet normal 0 0 1
    outer loop
      vertex 13.26353258639574 9.582725144922733 0.48
      vertex 15.279298111796379 13.952514708042145 0.48
      vertex 12.909783028066158 9.730078183114529 0.48
    endloop
  endfacet
  facet normal 0 0 1
    outer loop
      vertex 13.26353258639574 9.582725144922733 0.48
      vertex 13.626864612102509 9.44818540662527 0.48
      vertex 15.446874670684338 13.843042120337486 0.48
    endloop
  endfacet
  facet normal 0 0 1
    outer loop
      vertex 13.626864612102509 9.44818540662527 0.48
      vertex 13.999779090285301 9.326458975672722 0.48
      vertex 15.61940336227417 13.742327332496643 0.48
    endloop
  endfacet
  facet normal 0.8578292338065066 0.5139348262444782 0
    outer loop
      vertex 13.993955194950104 15.331869341433048 0.32
      vertex 13.875900000333786 15.528920002281666 0.32
      vertex 13.993955194950104 15.331869341433048 0.48
    endloop
  endfacet
  facet normal 0.7315986453376043 0.6817355954768551 0
    outer loop
      vertex 14.515697352588177 14.631244763731956 0.32
      vertex 14.658513233065605 14.477983139455318 0.48
      vertex 14.658513233065605 14.477983139455318 0.32
    endloop
  endfacet
  facet normal 0.8371879173525043 0.5469153417476752 0
    outer loop
      vertex 14.116962529718876 15.143576480448246 0.32
      vertex 13.993955194950104 15.331869341433048 0.32
      vertex 14.116962529718876 15.143576480448246 0.48
    endloop
  endfacet
  facet normal 0.8143333878526973 0.5803973926787995 0
    outer loop
      vertex 14.244922004640102 14.96404143422842 0.32
      vertex 14.116962529718876 15.143576480448246 0.32
      vertex 14.244922004640102 14.96404143422842 0.48
    endloop
  endfacet
  facet normal 0.7891621292955865 0.6141849344339668 0
    outer loop
      vertex 14.244922004640102 14.96404143422842 0.32
      vertex 14.377833612263203 14.79326419532299 0.48
      vertex 14.377833612263203 14.79326419532299 0.32
    endloop
  endfacet
  facet normal 0.7615977082409361 0.64805009899093 0
    outer loop
      vertex 14.377833612263203 14.79326419532299 0.32
      vertex 14.515697352588177 14.631244763731956 0.48
      vertex 14.515697352588177 14.631244763731956 0.32
    endloop
  endfacet
  facet normal 0 0 1
    outer loop
      vertex 10.424754969775677 11.370181627571583 0.48
      vertex 14.377833612263203 14.79326419532299 0.48
      vertex 14.244922004640102 14.96404143422842 0.48
    endloop
  endfacet
  facet normal 0 0 1
    outer loop
      vertex 10.988517239689827 10.883275918662548 0.48
      vertex 14.515697352588177 14.631244763731956 0.48
      vertex 14.377833612263203 14.79326419532299 0.48
    endloop
  endfacet
  facet normal 0 0 1
    outer loop
      vertex 9.899322532117367 11.908340565860271 0.48
      vertex 14.116962529718876 15.143576480448246 0.48
      vertex 13.993955194950104 15.331869341433048 0.48
    endloop
  endfacet
  facet normal 0 0 1
    outer loop
      vertex 9.412747107446194 12.497310243546963 0.48
      vertex 13.993955194950104 15.331869341433048 0.48
      vertex 13.875900000333786 15.528920002281666 0.48
    endloop
  endfacet
  facet normal 0 0 1
    outer loop
      vertex 8.968045711517334 13.134289599955082 0.48
      vertex 13.762833461165428 15.734070017933846 0.48
      vertex 13.654792100191116 15.946612246334553 0.48
    endloop
  endfacet
  facet normal 0 0 1
    outer loop
      vertex 9.185102343559265 12.809860110282898 0.48
      vertex 13.875900000333786 15.528920002281666 0.48
      vertex 13.762833461165428 15.734070017933846 0.48
    endloop
  endfacet
  facet normal 0 0 1
    outer loop
      vertex 10.15724752098322 11.63285443931818 0.48
      vertex 14.244922004640102 14.96404143422842 0.48
      vertex 14.116962529718876 15.143576480448246 0.48
    endloop
  endfacet
  facet normal 0 0 1
    outer loop
      vertex 11.90602907538414 10.249017164111137 0.48
      vertex 14.959001399576664 14.19773330539465 0.48
      vertex 14.806281246244907 14.333479322493076 0.48
    endloop
  endfacet
  facet normal 0 0 1
    outer loop
      vertex 11.28477206081152 10.65904302150011 0.48
      vertex 14.658513233065605 14.477983139455318 0.48
      vertex 14.515697352588177 14.631244763731956 0.48
    endloop
  endfacet
  facet normal 0 0 1
    outer loop
      vertex 11.590609341859818 10.447623439133167 0.48
      vertex 14.806281246244907 14.333479322493076 0.48
      vertex 14.658513233065605 14.477983139455318 0.48
    endloop
  endfacet
  facet normal 0 0 1
    outer loop
      vertex 12.56561591476202 9.890244536101818 0.48
      vertex 15.116673685610294 14.0707451030612 0.48
      vertex 14.959001399576664 14.19773330539465 0.48
    endloop
  endfacet
  facet normal 0 0 1
    outer loop
      vertex 12.909783028066158 9.730078183114529 0.48
      vertex 15.279298111796379 13.952514708042145 0.48
      vertex 15.116673685610294 14.0707451030612 0.48
    endloop
  endfacet
  facet normal 0.7315986453376043 0.6817355954768551 0
    outer loop
      vertex 14.515697352588177 14.631244763731956 0.32
      vertex 14.515697352588177 14.631244763731956 0.48
      vertex 14.658513233065605 14.477983139455318 0.48
    endloop
  endfacet
  facet normal 0.7891621292955865 0.6141849344339668 0
    outer loop
      vertex 14.244922004640102 14.96404143422842 0.32
      vertex 14.244922004640102 14.96404143422842 0.48
      vertex 14.377833612263203 14.79326419532299 0.48
    endloop
  endfacet
  facet normal 0.8371879173525043 0.5469153417476752 0
    outer loop
      vertex 13.993955194950104 15.331869341433048 0.32
      vertex 13.993955194950104 15.331869341433048 0.48
      vertex 14.116962529718876 15.143576480448246 0.48
    endloop
  endfacet
  facet normal 0.8143333878526973 0.5803973926787995 0
    outer loop
      vertex 14.116962529718876 15.143576480448246 0.32
      vertex 14.116962529718876 15.143576480448246 0.48
      vertex 14.244922004640102 14.96404143422842 0.48
    endloop
  endfacet
  facet normal 0.7615977082409361 0.64805009899093 0
    outer loop
      vertex 14.377833612263203 14.79326419532299 0.32
      vertex 14.377833612263203 14.79326419532299 0.48
      vertex 14.515697352588177 14.631244763731956 0.48
    endloop
  endfacet
  facet normal -0.20303584298242217 -0.9791713059850239 0
    outer loop
      vertex 14.774355426430702 9.121446050703526 0.32
      vertex 15.17601727694273 9.038159549236298 0.32
      vertex 14.774355426430702 9.121446050703526 0.48
    endloop
  endfacet
  facet normal -0.1689036739736759 -0.9856325628337337 0
    outer loop
      vertex 15.17601727694273 9.038159549236298 0.32
      vertex 15.587261587381363 8.967686355113983 0.32
      vertex 15.17601727694273 9.038159549236298 0.48
    endloop
  endfacet
  facet normal -0.13574743956242777 -0.9907434746957685 0
    outer loop
      vertex 15.587261587381363 8.967686355113983 0.32
      vertex 16.0080883577466 8.910026468336582 0.32
      vertex 15.587261587381363 8.967686355113983 0.48
    endloop
  endfacet
  facet normal -0.1036341692847256 -0.9946154829664903 0
    outer loop
      vertex 16.0080883577466 8.910026468336582 0.32
      vertex 16.438497580587864 8.865179888904095 0.32
      vertex 16.0080883577466 8.910026468336582 0.48
    endloop
  endfacet
  facet normal -0.07261208287361938 -0.9973602585930295 0
    outer loop
      vertex 16.438497580587864 8.865179888904095 0.32
      vertex 16.878489263355732 8.83314661681652 0.32
      vertex 16.438497580587864 8.865179888904095 0.48
    endloop
  endfacet
  facet normal -0.04271247585329505 -0.999087405789144 0
    outer loop
      vertex 16.878489263355732 8.83314661681652 0.32
      vertex 17.328063406050205 8.81392665207386 0.32
      vertex 16.878489263355732 8.83314661681652 0.48
    endloop
  endfacet
  facet normal -0.23805653792964904 -0.9712512984541898 0
    outer loop
      vertex 14.774355426430702 9.121446050703526 0.32
      vertex 14.774355426430702 9.121446050703526 0.48
      vertex 14.382276028394699 9.217545859515667 0.48
    endloop
  endfacet
  facet normal -0.20303584298242217 -0.9791713059850239 0
    outer loop
      vertex 15.17601727694273 9.038159549236298 0.32
      vertex 15.17601727694273 9.038159549236298 0.48
      vertex 14.774355426430702 9.121446050703526 0.48
    endloop
  endfacet
  facet normal -0.1689036739736759 -0.9856325628337337 0
    outer loop
      vertex 15.587261587381363 8.967686355113983 0.32
      vertex 15.587261587381363 8.967686355113983 0.48
      vertex 15.17601727694273 9.038159549236298 0.48
    endloop
  endfacet
  facet normal -0.13574743956242777 -0.9907434746957685 0
    outer loop
      vertex 16.0080883577466 8.910026468336582 0.32
      vertex 16.0080883577466 8.910026468336582 0.48
      vertex 15.587261587381363 8.967686355113983 0.48
    endloop
  endfacet
  facet normal 0 0 1
    outer loop
      vertex 13.999779090285301 9.326458975672722 0.48
      vertex 14.382276028394699 9.217545859515667 0.48
      vertex 15.796884194016457 13.650370359420776 0.48
    endloop
  endfacet
  facet normal 0 0 1
    outer loop
      vertex 14.382276028394699 9.217545859515667 0.48
      vertex 14.774355426430702 9.121446050703526 0.48
      vertex 16.166702270507812 13.49272982776165 0.48
    endloop
  endfacet
  facet normal 0 0 1
    outer loop
      vertex 14.774355426430702 9.121446050703526 0.48
      vertex 15.17601727694273 9.038159549236298 0.48
      vertex 16.3590395078063 13.427046276628971 0.48
    endloop
  endfacet
  facet normal 0 0 1
    outer loop
      vertex 15.17601727694273 9.038159549236298 0.48
      vertex 15.587261587381363 8.967686355113983 0.48
      vertex 16.556328885257244 13.370120532810688 0.48
    endloop
  endfacet
  facet normal 0 0 1
    outer loop
      vertex 14.382276028394699 9.217545859515667 0.48
      vertex 16.166702270507812 13.49272982776165 0.48
      vertex 15.979317165911198 13.567171193659306 0.48
    endloop
  endfacet
  facet normal 0 0 1
    outer loop
      vertex 14.774355426430702 9.121446050703526 0.48
      vertex 16.3590395078063 13.427046276628971 0.48
      vertex 16.166702270507812 13.49272982776165 0.48
    endloop
  endfacet
  facet normal -0.1036341692847256 -0.9946154829664903 0
    outer loop
      vertex 16.438497580587864 8.865179888904095 0.32
      vertex 16.438497580587864 8.865179888904095 0.48
      vertex 16.0080883577466 8.910026468336582 0.48
    endloop
  endfacet
  facet normal -0.07261208287361938 -0.9973602585930295 0
    outer loop
      vertex 16.878489263355732 8.83314661681652 0.32
      vertex 16.878489263355732 8.83314661681652 0.48
      vertex 16.438497580587864 8.865179888904095 0.48
    endloop
  endfacet
  facet normal -0.04271247585329505 -0.999087405789144 0
    outer loop
      vertex 16.878489263355732 8.83314661681652 0.48
      vertex 17.328063406050205 8.81392665207386 0.32
      vertex 17.328063406050205 8.81392665207386 0.48
    endloop
  endfacet
  facet normal 0 0 1
    outer loop
      vertex 15.587261587381363 8.967686355113983 0.48
      vertex 16.0080883577466 8.910026468336582 0.48
      vertex 16.75857039541006 13.32195258885622 0.48
    endloop
  endfacet
  facet normal 0 0 1
    outer loop
      vertex 16.0080883577466 8.910026468336582 0.48
      vertex 16.438497580587864 8.865179888904095 0.48
      vertex 16.965764045715332 13.282542459666729 0.48
    endloop
  endfacet
  facet normal 0 0 1
    outer loop
      vertex 16.438497580587864 8.865179888904095 0.48
      vertex 16.878489263355732 8.83314661681652 0.48
      vertex 17.177909828722477 13.251890130341053 0.48
    endloop
  endfacet
  facet normal 0 0 1
    outer loop
      vertex 16.878489263355732 8.83314661681652 0.48
      vertex 17.328063406050205 8.81392665207386 0.48
      vertex 17.395007751882076 13.229995615780354 0.48
    endloop
  endfacet
  facet normal 0 0 1
    outer loop
      vertex 15.17601727694273 9.038159549236298 0.48
      vertex 16.556328885257244 13.370120532810688 0.48
      vertex 16.3590395078063 13.427046276628971 0.48
    endloop
  endfacet
  facet normal 0 0 1
    outer loop
      vertex 15.587261587381363 8.967686355113983 0.48
      vertex 16.75857039541006 13.32195258885622 0.48
      vertex 16.556328885257244 13.370120532810688 0.48
    endloop
  endfacet
  facet normal 0 0 1
    outer loop
      vertex 16.0080883577466 8.910026468336582 0.48
      vertex 16.965764045715332 13.282542459666729 0.48
      vertex 16.75857039541006 13.32195258885622 0.48
    endloop
  endfacet
  facet normal 0 0 1
    outer loop
      vertex 16.438497580587864 8.865179888904095 0.48
      vertex 17.177909828722477 13.251890130341053 0.48
      vertex 16.965764045715332 13.282542459666729 0.48
    endloop
  endfacet
  facet normal 0 0 1
    outer loop
      vertex 16.878489263355732 8.83314661681652 0.48
      vertex 17.395007751882076 13.229995615780354 0.48
      vertex 17.177909828722477 13.251890130341053 0.48
    endloop
  endfacet
  facet normal 0.4600406585275927 0.8878978502629111 0
    outer loop
      vertex 15.61940336227417 13.742327332496643 0.32
      vertex 15.796884194016457 13.650370359420776 0.48
      vertex 15.796884194016457 13.650370359420776 0.32
    endloop
  endfacet
  facet normal 0.4149396452869738 0.9098489384338042 0
    outer loop
      vertex 15.796884194016457 13.650370359420776 0.32
      vertex 15.979317165911198 13.567171193659306 0.48
      vertex 15.979317165911198 13.567171193659306 0.32
    endloop
  endfacet
  facet normal 0.6991659571350993 0.7149594145008236 0
    outer loop
      vertex 14.658513233065605 14.477983139455318 0.32
      vertex 14.806281246244907 14.333479322493076 0.48
      vertex 14.806281246244907 14.333479322493076 0.32
    endloop
  endfacet
  facet normal 0.664349539440914 0.7474220290068023 0
    outer loop
      vertex 14.806281246244907 14.333479322493076 0.32
      vertex 14.959001399576664 14.19773330539465 0.48
      vertex 14.959001399576664 14.19773330539465 0.32
    endloop
  endfacet
  facet normal 0.627252897201919 0.7788156411833282 0
    outer loop
      vertex 15.116673685610294 14.0707451030612 0.32
      vertex 14.959001399576664 14.19773330539465 0.32
      vertex 15.116673685610294 14.0707451030612 0.48
    endloop
  endfacet
  facet normal 0.5880353388205991 0.8088352368054592 0
    outer loop
      vertex 15.116673685610294 14.0707451030612 0.32
      vertex 15.279298111796379 13.952514708042145 0.48
      vertex 15.279298111796379 13.952514708042145 0.32
    endloop
  endfacet
  facet normal 0.5469108946506989 0.837190822520393 0
    outer loop
      vertex 15.279298111796379 13.952514708042145 0.32
      vertex 15.446874670684338 13.843042120337486 0.48
      vertex 15.446874670684338 13.843042120337486 0.32
    endloop
  endfacet
  facet normal 0.5041438309654981 0.8636197066414311 0
    outer loop
      vertex 15.61940336227417 13.742327332496643 0.32
      vertex 15.446874670684338 13.843042120337486 0.32
      vertex 15.61940336227417 13.742327332496643 0.48
    endloop
  endfacet
  facet normal 0.3691976966831543 0.9293508814026344 0
    outer loop
      vertex 15.979317165911198 13.567171193659306 0.32
      vertex 16.166702270507812 13.49272982776165 0.48
      vertex 16.166702270507812 13.49272982776165 0.32
    endloop
  endfacet
  facet normal 0.323176554624824 0.9463386891281726 0
    outer loop
      vertex 16.166702270507812 13.49272982776165 0.32
      vertex 16.3590395078063 13.427046276628971 0.48
      vertex 16.3590395078063 13.427046276628971 0.32
    endloop
  endfacet
  facet normal 0.27722964707109143 0.9608036858718009 0
    outer loop
      vertex 16.3590395078063 13.427046276628971 0.32
      vertex 16.556328885257244 13.370120532810688 0.48
      vertex 16.556328885257244 13.370120532810688 0.32
    endloop
  endfacet
  facet normal 0.23168973264383189 0.9727897346227651 0
    outer loop
      vertex 16.556328885257244 13.370120532810688 0.32
      vertex 16.75857039541006 13.32195258885622 0.48
      vertex 16.75857039541006 13.32195258885622 0.32
    endloop
  endfacet
  facet normal 0.18685895425630125 0.9823867523609231 0
    outer loop
      vertex 16.75857039541006 13.32195258885622 0.32
      vertex 16.965764045715332 13.282542459666729 0.48
      vertex 16.965764045715332 13.282542459666729 0.32
    endloop
  endfacet
  facet normal 0.1430021185166747 0.9897223823374628 0
    outer loop
      vertex 16.965764045715332 13.282542459666729 0.32
      vertex 17.177909828722477 13.251890130341053 0.48
      vertex 17.177909828722477 13.251890130341053 0.32
    endloop
  endfacet
  facet normal 0.4600406585275927 0.8878978502629111 0
    outer loop
      vertex 15.61940336227417 13.742327332496643 0.32
      vertex 15.61940336227417 13.742327332496643 0.48
      vertex 15.796884194016457 13.650370359420776 0.48
    endloop
  endfacet
  facet normal 0.4149396452869738 0.9098489384338042 0
    outer loop
      vertex 15.796884194016457 13.650370359420776 0.32
      vertex 15.796884194016457 13.650370359420776 0.48
      vertex 15.979317165911198 13.567171193659306 0.48
    endloop
  endfacet
  facet normal 0 0 1
    outer loop
      vertex 13.26353258639574 9.582725144922733 0.48
      vertex 15.446874670684338 13.843042120337486 0.48
      vertex 15.279298111796379 13.952514708042145 0.48
    endloop
  endfacet
  facet normal 0 0 1
    outer loop
      vertex 13.626864612102509 9.44818540662527 0.48
      vertex 15.61940336227417 13.742327332496643 0.48
      vertex 15.446874670684338 13.843042120337486 0.48
    endloop
  endfacet
  facet normal 0 0 1
    outer loop
      vertex 13.999779090285301 9.326458975672722 0.48
      vertex 15.796884194016457 13.650370359420776 0.48
      vertex 15.61940336227417 13.742327332496643 0.48
    endloop
  endfacet
  facet normal 0 0 1
    outer loop
      vertex 14.382276028394699 9.217545859515667 0.48
      vertex 15.979317165911198 13.567171193659306 0.48
      vertex 15.796884194016457 13.650370359420776 0.48
    endloop
  endfacet
  facet normal 0.6991659571350993 0.7149594145008236 0
    outer loop
      vertex 14.658513233065605 14.477983139455318 0.32
      vertex 14.658513233065605 14.477983139455318 0.48
      vertex 14.806281246244907 14.333479322493076 0.48
    endloop
  endfacet
  facet normal 0.664349539440914 0.7474220290068023 0
    outer loop
      vertex 14.806281246244907 14.333479322493076 0.32
      vertex 14.806281246244907 14.333479322493076 0.48
      vertex 14.959001399576664 14.19773330539465 0.48
    endloop
  endfacet
  facet normal 0.627252897201919 0.7788156411833282 0
    outer loop
      vertex 14.959001399576664 14.19773330539465 0.32
      vertex 14.959001399576664 14.19773330539465 0.48
      vertex 15.116673685610294 14.0707451030612 0.48
    endloop
  endfacet
  facet normal 0.5880353388205991 0.8088352368054592 0
    outer loop
      vertex 15.116673685610294 14.0707451030612 0.32
      vertex 15.116673685610294 14.0707451030612 0.48
      vertex 15.279298111796379 13.952514708042145 0.48
    endloop
  endfacet
  facet normal 0.5469108946506989 0.837190822520393 0
    outer loop
      vertex 15.279298111796379 13.952514708042145 0.32
      vertex 15.279298111796379 13.952514708042145 0.48
      vertex 15.446874670684338 13.843042120337486 0.48
    endloop
  endfacet
  facet normal 0.5041438309654981 0.8636197066414311 0
    outer loop
      vertex 15.446874670684338 13.843042120337486 0.32
      vertex 15.446874670684338 13.843042120337486 0.48
      vertex 15.61940336227417 13.742327332496643 0.48
    endloop
  endfacet
  facet normal 0.3691976966831543 0.9293508814026344 0
    outer loop
      vertex 15.979317165911198 13.567171193659306 0.32
      vertex 15.979317165911198 13.567171193659306 0.48
      vertex 16.166702270507812 13.49272982776165 0.48
    endloop
  endfacet
  facet normal 0.323176554624824 0.9463386891281726 0
    outer loop
      vertex 16.166702270507812 13.49272982776165 0.32
      vertex 16.166702270507812 13.49272982776165 0.48
      vertex 16.3590395078063 13.427046276628971 0.48
    endloop
  endfacet
  facet normal 0.27722964707109143 0.9608036858718009 0
    outer loop
      vertex 16.3590395078063 13.427046276628971 0.32
      vertex 16.3590395078063 13.427046276628971 0.48
      vertex 16.556328885257244 13.370120532810688 0.48
    endloop
  endfacet
  facet normal 0.18685895425630125 0.9823867523609231 0
    outer loop
      vertex 16.75857039541006 13.32195258885622 0.32
      vertex 16.75857039541006 13.32195258885622 0.48
      vertex 16.965764045715332 13.282542459666729 0.48
    endloop
  endfacet
  facet normal 0.23168973264383189 0.9727897346227651 0
    outer loop
      vertex 16.556328885257244 13.370120532810688 0.32
      vertex 16.556328885257244 13.370120532810688 0.48
      vertex 16.75857039541006 13.32195258885622 0.48
    endloop
  endfacet
  facet normal 0.1430021185166747 0.9897223823374628 0
    outer loop
      vertex 16.965764045715332 13.282542459666729 0.32
      vertex 16.965764045715332 13.282542459666729 0.48
      vertex 17.177909828722477 13.251890130341053 0.48
    endloop
  endfacet
  facet normal 0.9399177347497328 0.3414010133302637 0
    outer loop
      vertex 13.27287845313549 16.870703287422657 0.32
      vertex 13.360819093883038 16.62859220802784 0.48
      vertex 13.360819093883038 16.62859220802784 0.32
    endloop
  endfacet
  facet normal 0.9489707805233044 0.31536400827137884 0
    outer loop
      vertex 13.27287845313549 16.870703287422657 0.32
      vertex 13.189962983131409 17.120206579566002 0.32
      vertex 13.27287845313549 16.870703287422657 0.48
    endloop
  endfacet
  facet normal 0.9569797736486108 0.2901546360605904 0
    outer loop
      vertex 13.112072706222534 17.377102077007294 0.32
      vertex 13.189962983131409 17.120206579566002 0.48
      vertex 13.189962983131409 17.120206579566002 0.32
    endloop
  endfacet
  facet normal 0.964031741713185 0.2657871346951224 0
    outer loop
      vertex 13.112072706222534 17.377102077007294 0.32
      vertex 13.039207600057125 17.641389794647694 0.32
      vertex 13.112072706222534 17.377102077007294 0.48
    endloop
  endfacet
  facet normal 0.9702097288141024 0.24226655178638615 0
    outer loop
      vertex 13.039207600057125 17.641389794647694 0.32
      vertex 12.971367672085762 17.91306971758604 0.32
      vertex 13.039207600057125 17.641389794647694 0.48
    endloop
  endfacet
  facet normal 0.9755921505385677 0.21959042740413967 0
    outer loop
      vertex 12.971367672085762 17.91306971758604 0.32
      vertex 12.908552929759026 18.192141853272915 0.32
      vertex 12.971367672085762 17.91306971758604 0.48
    endloop
  endfacet
  facet normal 0.9802524601911803 0.19775013094594582 0
    outer loop
      vertex 12.908552929759026 18.192141853272915 0.32
      vertex 12.850763365626335 18.478606201708317 0.32
      vertex 12.908552929759026 18.192141853272915 0.48
    endloop
  endfacet
  facet normal 0.9842590317105608 0.17673188307769752 0
    outer loop
      vertex 12.850763365626335 18.478606201708317 0.32
      vertex 12.79799897968769 18.772462762892246 0.32
      vertex 12.850763365626335 18.478606201708317 0.48
    endloop
  endfacet
  facet normal 0.9055824664259204 0.42417024471542863 0
    outer loop
      vertex 13.55177591741085 16.166546694934368 0.32
      vertex 13.654792100191116 15.946612246334553 0.48
      vertex 13.654792100191116 15.946612246334553 0.32
    endloop
  endfacet
  facet normal 0.8914375840030525 0.4531435024656104 0
    outer loop
      vertex 13.762833461165428 15.734070017933846 0.32
      vertex 13.654792100191116 15.946612246334553 0.32
      vertex 13.762833461165428 15.734070017933846 0.48
    endloop
  endfacet
  facet normal 0.8757936940483391 0.4826856176282491 0
    outer loop
      vertex 13.762833461165428 15.734070017933846 0.32
      vertex 13.875900000333786 15.528920002281666 0.48
      vertex 13.875900000333786 15.528920002281666 0.32
    endloop
  endfacet
  facet normal 0.9297303171785652 0.3682411401772548 0
    outer loop
      vertex 13.45378491282463 16.39387334883213 0.32
      vertex 13.360819093883038 16.62859220802784 0.32
      vertex 13.45378491282463 16.39387334883213 0.48
    endloop
  endfacet
  facet normal 0.9183161892396208 0.39584766840341623 0
    outer loop
      vertex 13.55177591741085 16.166546694934368 0.32
      vertex 13.45378491282463 16.39387334883213 0.32
      vertex 13.55177591741085 16.166546694934368 0.48
    endloop
  endfacet
  facet normal 0.9399177347497328 0.3414010133302637 0
    outer loop
      vertex 13.27287845313549 16.870703287422657 0.32
      vertex 13.27287845313549 16.870703287422657 0.48
      vertex 13.360819093883038 16.62859220802784 0.48
    endloop
  endfacet
  facet normal 0.9489707805233044 0.31536400827137884 0
    outer loop
      vertex 13.189962983131409 17.120206579566002 0.32
      vertex 13.189962983131409 17.120206579566002 0.48
      vertex 13.27287845313549 16.870703287422657 0.48
    endloop
  endfacet
  facet normal 0.9702097288141024 0.24226655178638615 0
    outer loop
      vertex 12.971367672085762 17.91306971758604 0.32
      vertex 12.971367672085762 17.91306971758604 0.48
      vertex 13.039207600057125 17.641389794647694 0.48
    endloop
  endfacet
  facet normal 0.9569797736486108 0.2901546360605904 0
    outer loop
      vertex 13.112072706222534 17.377102077007294 0.32
      vertex 13.112072706222534 17.377102077007294 0.48
      vertex 13.189962983131409 17.120206579566002 0.48
    endloop
  endfacet
  facet normal 0.964031741713185 0.2657871346951224 0
    outer loop
      vertex 13.039207600057125 17.641389794647694 0.32
      vertex 13.039207600057125 17.641389794647694 0.48
      vertex 13.112072706222534 17.377102077007294 0.48
    endloop
  endfacet
  facet normal 0.9755921505385677 0.21959042740413967 0
    outer loop
      vertex 12.908552929759026 18.192141853272915 0.32
      vertex 12.908552929759026 18.192141853272915 0.48
      vertex 12.971367672085762 17.91306971758604 0.48
    endloop
  endfacet
  facet normal 0.9842590317105608 0.17673188307769752 0
    outer loop
      vertex 12.79799897968769 18.772462762892246 0.32
      vertex 12.79799897968769 18.772462762892246 0.48
      vertex 12.850763365626335 18.478606201708317 0.48
    endloop
  endfacet
  facet normal 0.9802524601911803 0.19775013094594582 0
    outer loop
      vertex 12.850763365626335 18.478606201708317 0.32
      vertex 12.850763365626335 18.478606201708317 0.48
      vertex 12.908552929759026 18.192141853272915 0.48
    endloop
  endfacet
  facet normal 0.9055824664259204 0.42417024471542863 0
    outer loop
      vertex 13.55177591741085 16.166546694934368 0.32
      vertex 13.55177591741085 16.166546694934368 0.48
      vertex 13.654792100191116 15.946612246334553 0.48
    endloop
  endfacet
  facet normal 0.8757936940483391 0.4826856176282491 0
    outer loop
      vertex 13.762833461165428 15.734070017933846 0.32
      vertex 13.762833461165428 15.734070017933846 0.48
      vertex 13.875900000333786 15.528920002281666 0.48
    endloop
  endfacet
  facet normal 0.8578292338065066 0.5139348262444782 0
    outer loop
      vertex 13.875900000333786 15.528920002281666 0.32
      vertex 13.875900000333786 15.528920002281666 0.48
      vertex 13.993955194950104 15.331869341433048 0.48
    endloop
  endfacet
  facet normal 0.8914375840030525 0.4531435024656104 0
    outer loop
      vertex 13.654792100191116 15.946612246334553 0.32
      vertex 13.654792100191116 15.946612246334553 0.48
      vertex 13.762833461165428 15.734070017933846 0.48
    endloop
  endfacet
  facet normal 0.9183161892396208 0.39584766840341623 0
    outer loop
      vertex 13.45378491282463 16.39387334883213 0.32
      vertex 13.45378491282463 16.39387334883213 0.48
      vertex 13.55177591741085 16.166546694934368 0.48
    endloop
  endfacet
  facet normal 0.9297303171785652 0.3682411401772548 0
    outer loop
      vertex 13.360819093883038 16.62859220802784 0.32
      vertex 13.360819093883038 16.62859220802784 0.48
      vertex 13.45378491282463 16.39387334883213 0.48
    endloop
  endfacet
  facet normal 0.9949389012833942 0.10048175313454767 0
    outer loop
      vertex 12.669856898486614 19.69838570803404 0.32
      vertex 12.637193232774734 20.021811112761497 0.32
      vertex 12.669856898486614 19.69838570803404 0.48
    endloop
  endfacet
  facet normal 0.9965281974115772 0.08325594131131323 0
    outer loop
      vertex 12.637193232774734 20.021811112761497 0.32
      vertex 12.6095547452569 20.352628730237484 0.32
      vertex 12.637193232774734 20.021811112761497 0.48
    endloop
  endfacet
  facet normal 0.9876751203693073 0.15651791144618096 0
    outer loop
      vertex 12.79799897968769 18.772462762892246 0.32
      vertex 12.750259771943092 19.073711529374123 0.32
      vertex 12.79799897968769 18.772462762892246 0.48
    endloop
  endfacet
  facet normal 0.9905589703605849 0.1370872942258971 0
    outer loop
      vertex 12.750259771943092 19.073711529374123 0.32
      vertex 12.70754574984312 19.382352516055107 0.32
      vertex 12.750259771943092 19.073711529374123 0.48
    endloop
  endfacet
  facet normal 0.9929639658515171 0.11841690132927478 0
    outer loop
      vertex 12.669856898486614 19.69838570803404 0.32
      vertex 12.70754574984312 19.382352516055107 0.48
      vertex 12.70754574984312 19.382352516055107 0.32
    endloop
  endfacet
  facet normal 0.9977722182628074 0.06671282082865748 0
    outer loop
      vertex 12.6095547452569 20.352628730237484 0.32
      vertex 12.586941435933113 20.690838560461998 0.32
      vertex 12.6095547452569 20.352628730237484 0.48
    endloop
  endfacet
  facet normal 0.9987075486638932 0.050825507786519626 0
    outer loop
      vertex 12.586941435933113 20.690838560461998 0.32
      vertex 12.569353304803371 21.03644060343504 0.32
      vertex 12.586941435933113 20.690838560461998 0.48
    endloop
  endfacet
  facet normal 0.9993672890480882 0.035567141868227285 0
    outer loop
      vertex 12.569353304803371 21.03644060343504 0.32
      vertex 12.556790359318256 21.38943485915661 0.32
      vertex 12.569353304803371 21.03644060343504 0.48
    endloop
  endfacet
  facet normal 0.9997813366200682 0.020911215798941802 0
    outer loop
      vertex 12.556790359318256 21.38943485915661 0.32
      vertex 12.549252592027187 21.749821320176125 0.32
      vertex 12.556790359318256 21.38943485915661 0.48
    endloop
  endfacet
  facet normal 0.9999766640953621 0.006831637044757096 0
    outer loop
      vertex 12.549252592027187 21.749821320176125 0.32
      vertex 12.549251371322997 21.75 0.32
      vertex 12.549251371322997 21.75 0.48
    endloop
  endfacet
  facet normal 0.9929639658515171 0.11841690132927478 0
    outer loop
      vertex 12.669856898486614 19.69838570803404 0.32
      vertex 12.669856898486614 19.69838570803404 0.48
      vertex 12.70754574984312 19.382352516055107 0.48
    endloop
  endfacet
  facet normal 0.9949389012833942 0.10048175313454767 0
    outer loop
      vertex 12.637193232774734 20.021811112761497 0.32
      vertex 12.637193232774734 20.021811112761497 0.48
      vertex 12.669856898486614 19.69838570803404 0.48
    endloop
  endfacet
  facet normal 0.9965281974115772 0.08325594131131323 0
    outer loop
      vertex 12.6095547452569 20.352628730237484 0.32
      vertex 12.6095547452569 20.352628730237484 0.48
      vertex 12.637193232774734 20.021811112761497 0.48
    endloop
  endfacet
  facet normal 0.9876751203693073 0.15651791144618096 0
    outer loop
      vertex 12.750259771943092 19.073711529374123 0.32
      vertex 12.750259771943092 19.073711529374123 0.48
      vertex 12.79799897968769 18.772462762892246 0.48
    endloop
  endfacet
  facet normal 0.9905589703605849 0.1370872942258971 0
    outer loop
      vertex 12.70754574984312 19.382352516055107 0.32
      vertex 12.70754574984312 19.382352516055107 0.48
      vertex 12.750259771943092 19.073711529374123 0.48
    endloop
  endfacet
  facet normal 0.9977722182628074 0.06671282082865748 0
    outer loop
      vertex 12.586941435933113 20.690838560461998 0.32
      vertex 12.586941435933113 20.690838560461998 0.48
      vertex 12.6095547452569 20.352628730237484 0.48
    endloop
  endfacet
  facet normal 0.9987075486638932 0.050825507786519626 0
    outer loop
      vertex 12.569353304803371 21.03644060343504 0.32
      vertex 12.569353304803371 21.03644060343504 0.48
      vertex 12.586941435933113 20.690838560461998 0.48
    endloop
  endfacet
  facet normal 0.9993672890480882 0.035567141868227285 0
    outer loop
      vertex 12.556790359318256 21.38943485915661 0.32
      vertex 12.556790359318256 21.38943485915661 0.48
      vertex 12.569353304803371 21.03644060343504 0.48
    endloop
  endfacet
  facet normal 0.9997813366200682 0.020911215798941802 0
    outer loop
      vertex 12.549252592027187 21.749821320176125 0.32
      vertex 12.549252592027187 21.749821320176125 0.48
      vertex 12.556790359318256 21.38943485915661 0.48
    endloop
  endfacet
  facet normal 0.9999766640953621 0.006831637044757096 0
    outer loop
      vertex 12.549252592027187 21.749821320176125 0.32
      vertex 12.549251371322997 21.75 0.48
      vertex 12.549252592027187 21.749821320176125 0.48
    endloop
  endfacet
  facet normal 0 0 -1
    outer loop
      vertex 6.870807595551014 23.230472967028618 0.32
      vertex 12.55650294572115 22.85575992614031 0.32
      vertex 6.852845538143683 22.25 0.32
    endloop
  endfacet
  facet normal 0 0 -1
    outer loop
      vertex 6.870807595551014 23.230472967028618 0.32
      vertex 6.9319703951478004 24.29388491809368 0.32
      vertex 12.585791796445847 23.561112739145756 0.32
    endloop
  endfacet
  facet normal 0 0 -1
    outer loop
      vertex 6.9319703951478004 24.29388491809368 0.32
      vertex 7.033908389508724 25.307835839688778 0.32
      vertex 12.634606540203094 24.23365844786167 0.32
    endloop
  endfacet
  facet normal 0 0 -1
    outer loop
      vertex 7.033908389508724 25.307835839688778 0.32
      vertex 7.176621586084366 26.27232574671507 0.32
      vertex 12.702947184443474 24.873397052288055 0.32
    endloop
  endfacet
  facet normal 0 0 -1
    outer loop
      vertex 7.176621586084366 26.27232574671507 0.32
      vertex 7.360109977424145 27.187354631721973 0.32
      vertex 12.790813721716404 25.480328544974327 0.32
    endloop
  endfacet
  facet normal 0 0 -1
    outer loop
      vertex 7.360109977424145 27.187354631721973 0.32
      vertex 7.5843735709786415 28.05292249470949 0.32
      vertex 13.025124497711658 26.595770210027695 0.32
    endloop
  endfacet
  facet normal 0 0 -1
    outer loop
      vertex 12.55650294572115 22.85575992614031 0.32
      vertex 12.548491132419286 22.25 0.32
      vertex 6.852845538143683 22.25 0.32
    endloop
  endfacet
  facet normal 0 0 -1
    outer loop
      vertex 6.870807595551014 23.230472967028618 0.32
      vertex 12.585791796445847 23.561112739145756 0.32
      vertex 12.55650294572115 22.85575992614031 0.32
    endloop
  endfacet
  facet normal 0 0 -1
    outer loop
      vertex 6.9319703951478004 24.29388491809368 0.32
      vertex 12.634606540203094 24.23365844786167 0.32
      vertex 12.585791796445847 23.561112739145756 0.32
    endloop
  endfacet
  facet normal 0 0 -1
    outer loop
      vertex 7.033908389508724 25.307835839688778 0.32
      vertex 12.702947184443474 24.873397052288055 0.32
      vertex 12.634606540203094 24.23365844786167 0.32
    endloop
  endfacet
  facet normal 0 0 -1
    outer loop
      vertex 7.5843735709786415 28.05292249470949 0.32
      vertex 7.8494123592972755 28.869029335677624 0.32
      vertex 13.171568736433983 27.10428037494421 0.32
    endloop
  endfacet
  facet normal 0 0 -1
    outer loop
      vertex 7.176621586084366 26.27232574671507 0.32
      vertex 12.790813721716404 25.480328544974327 0.32
      vertex 12.702947184443474 24.873397052288055 0.32
    endloop
  endfacet
  facet normal 0 0 -1
    outer loop
      vertex 7.360109977424145 27.187354631721973 0.32
      vertex 12.898206159472466 26.054452933371067 0.32
      vertex 12.790813721716404 25.480328544974327 0.32
    endloop
  endfacet
  facet normal 0 0 -1
    outer loop
      vertex 7.360109977424145 27.187354631721973 0.32
      vertex 13.025124497711658 26.595770210027695 0.32
      vertex 12.898206159472466 26.054452933371067 0.32
    endloop
  endfacet
  facet normal 0 0 -1
    outer loop
      vertex 7.5843735709786415 28.05292249470949 0.32
      vertex 13.171568736433983 27.10428037494421 0.32
      vertex 13.025124497711658 26.595770210027695 0.32
    endloop
  endfacet
  facet normal 0 0 -1
    outer loop
      vertex 7.8494123592972755 28.869029335677624 0.32
      vertex 13.337538868188858 27.579983443021774 0.32
      vertex 13.171568736433983 27.10428037494421 0.32
    endloop
  endfacet
  facet normal 0 0 -1
    outer loop
      vertex 8.155226349830627 29.63567516207695 0.32
      vertex 13.523034892976284 28.022879391908646 0.32
      vertex 13.337538868188858 27.579983443021774 0.32
    endloop
  endfacet
  facet normal -0.9998322349013957 0.01831671510069781 0
    outer loop
      vertex 6.870807595551014 23.230472967028618 0.32
      vertex 6.852845538143683 22.25 0.32
      vertex 6.852845538143683 22.25 0.48
    endloop
  endfacet
  facet normal -0.9983500690343593 0.05742072499620657 0
    outer loop
      vertex 6.870807595551014 23.230472967028618 0.32
      vertex 6.9319703951478004 24.29388491809368 0.48
      vertex 6.9319703951478004 24.29388491809368 0.32
    endloop
  endfacet
  facet normal -0.9949843031889605 0.10003117717781106 0
    outer loop
      vertex 6.9319703951478004 24.29388491809368 0.32
      vertex 7.033908389508724 25.307835839688778 0.48
      vertex 7.033908389508724 25.307835839688778 0.32
    endloop
  endfacet
  facet normal -0.9998322349013957 0.01831671510069781 0
    outer loop
      vertex 6.870807595551014 23.230472967028618 0.32
      vertex 6.852845538143683 22.25 0.48
      vertex 6.870807595551014 23.230472967028618 0.48
    endloop
  endfacet
  facet normal -0.9983500690343593 0.05742072499620657 0
    outer loop
      vertex 6.870807595551014 23.230472967028618 0.32
      vertex 6.870807595551014 23.230472967028618 0.48
      vertex 6.9319703951478004 24.29388491809368 0.48
    endloop
  endfacet
  facet normal -0.9949843031889605 0.10003117717781106 0
    outer loop
      vertex 6.9319703951478004 24.29388491809368 0.32
      vertex 6.9319703951478004 24.29388491809368 0.48
      vertex 7.033908389508724 25.307835839688778 0.48
    endloop
  endfacet
  facet normal 0 0 1
    outer loop
      vertex 6.870807595551014 23.230472967028618 0.48
      vertex 6.852845538143683 22.25 0.48
      vertex 12.548491132419286 22.25 0.48
    endloop
  endfacet
  facet normal 0 0 1
    outer loop
      vertex 6.870807595551014 23.230472967028618 0.48
      vertex 12.585791796445847 23.561112739145756 0.48
      vertex 6.9319703951478004 24.29388491809368 0.48
    endloop
  endfacet
  facet normal 0 0 1
    outer loop
      vertex 6.9319703951478004 24.29388491809368 0.48
      vertex 12.634606540203094 24.23365844786167 0.48
      vertex 7.033908389508724 25.307835839688778 0.48
    endloop
  endfacet
  facet normal -0.989229347372134 0.14637383064503623 0
    outer loop
      vertex 7.033908389508724 25.307835839688778 0.32
      vertex 7.176621586084366 26.27232574671507 0.48
      vertex 7.176621586084366 26.27232574671507 0.32
    endloop
  endfacet
  facet normal -0.980481100414454 0.1966133559300118 0
    outer loop
      vertex 7.176621586084366 26.27232574671507 0.32
      vertex 7.360109977424145 27.187354631721973 0.48
      vertex 7.360109977424145 27.187354631721973 0.32
    endloop
  endfacet
  facet normal -0.9680357081100566 0.25081241560947803 0
    outer loop
      vertex 7.360109977424145 27.187354631721973 0.32
      vertex 7.5843735709786415 28.05292249470949 0.48
      vertex 7.5843735709786415 28.05292249470949 0.32
    endloop
  endfacet
  facet normal -0.9511011686658396 0.30887953470968915 0
    outer loop
      vertex 7.5843735709786415 28.05292249470949 0.32
      vertex 7.8494123592972755 28.869029335677624 0.48
      vertex 7.8494123592972755 28.869029335677624 0.32
    endloop
  endfacet
  facet normal -0.989229347372134 0.14637383064503623 0
    outer loop
      vertex 7.033908389508724 25.307835839688778 0.32
      vertex 7.033908389508724 25.307835839688778 0.48
      vertex 7.176621586084366 26.27232574671507 0.48
    endloop
  endfacet
  facet normal -0.980481100414454 0.1966133559300118 0
    outer loop
      vertex 7.176621586084366 26.27232574671507 0.32
      vertex 7.176621586084366 26.27232574671507 0.48
      vertex 7.360109977424145 27.187354631721973 0.48
    endloop
  endfacet
  facet normal -0.9680357081100566 0.25081241560947803 0
    outer loop
      vertex 7.360109977424145 27.187354631721973 0.32
      vertex 7.360109977424145 27.187354631721973 0.48
      vertex 7.5843735709786415 28.05292249470949 0.48
    endloop
  endfacet
  facet normal -0.9511011686658396 0.30887953470968915 0
    outer loop
      vertex 7.5843735709786415 28.05292249470949 0.32
      vertex 7.5843735709786415 28.05292249470949 0.48
      vertex 7.8494123592972755 28.869029335677624 0.48
    endloop
  endfacet
  facet normal 0 0 1
    outer loop
      vertex 7.033908389508724 25.307835839688778 0.48
      vertex 12.702947184443474 24.873397052288055 0.48
      vertex 7.176621586084366 26.27232574671507 0.48
    endloop
  endfacet
  facet normal 0 0 1
    outer loop
      vertex 7.176621586084366 26.27232574671507 0.48
      vertex 12.790813721716404 25.480328544974327 0.48
      vertex 7.360109977424145 27.187354631721973 0.48
    endloop
  endfacet
  facet normal 0 0 1
    outer loop
      vertex 7.360109977424145 27.187354631721973 0.48
      vertex 13.025124497711658 26.595770210027695 0.48
      vertex 7.5843735709786415 28.05292249470949 0.48
    endloop
  endfacet
  facet normal 0 0 1
    outer loop
      vertex 6.870807595551014 23.230472967028618 0.48
      vertex 12.548491132419286 22.25 0.48
      vertex 12.55650294572115 22.85575992614031 0.48
    endloop
  endfacet
  facet normal 0 0 1
    outer loop
      vertex 6.870807595551014 23.230472967028618 0.48
      vertex 12.55650294572115 22.85575992614031 0.48
      vertex 12.585791796445847 23.561112739145756 0.48
    endloop
  endfacet
  facet normal 0 0 1
    outer loop
      vertex 6.9319703951478004 24.29388491809368 0.48
      vertex 12.585791796445847 23.561112739145756 0.48
      vertex 12.634606540203094 24.23365844786167 0.48
    endloop
  endfacet
  facet normal 0 0 1
    outer loop
      vertex 7.033908389508724 25.307835839688778 0.48
      vertex 12.634606540203094 24.23365844786167 0.48
      vertex 12.702947184443474 24.873397052288055 0.48
    endloop
  endfacet
  facet normal 0 0 1
    outer loop
      vertex 7.5843735709786415 28.05292249470949 0.48
      vertex 13.171568736433983 27.10428037494421 0.48
      vertex 7.8494123592972755 28.869029335677624 0.48
    endloop
  endfacet
  facet normal 0 0 1
    outer loop
      vertex 7.176621586084366 26.27232574671507 0.48
      vertex 12.702947184443474 24.873397052288055 0.48
      vertex 12.790813721716404 25.480328544974327 0.48
    endloop
  endfacet
  facet normal 0 0 1
    outer loop
      vertex 7.360109977424145 27.187354631721973 0.48
      vertex 12.790813721716404 25.480328544974327 0.48
      vertex 12.898206159472466 26.054452933371067 0.48
    endloop
  endfacet
  facet normal 0 0 1
    outer loop
      vertex 7.360109977424145 27.187354631721973 0.48
      vertex 12.898206159472466 26.054452933371067 0.48
      vertex 13.025124497711658 26.595770210027695 0.48
    endloop
  endfacet
  facet normal 0 0 1
    outer loop
      vertex 7.5843735709786415 28.05292249470949 0.48
      vertex 13.025124497711658 26.595770210027695 0.48
      vertex 13.171568736433983 27.10428037494421 0.48
    endloop
  endfacet
  facet normal 0 0 1
    outer loop
      vertex 7.8494123592972755 28.869029335677624 0.48
      vertex 13.171568736433983 27.10428037494421 0.48
      vertex 13.337538868188858 27.579983443021774 0.48
    endloop
  endfacet
  facet normal 0 0 1
    outer loop
      vertex 8.155226349830627 29.63567516207695 0.48
      vertex 13.337538868188858 27.579983443021774 0.48
      vertex 13.523034892976284 28.022879391908646 0.48
    endloop
  endfacet
  facet normal 0 0 -1
    outer loop
      vertex 7.8494123592972755 28.869029335677624 0.32
      vertex 8.155226349830627 29.63567516207695 0.32
      vertex 13.337538868188858 27.579983443021774 0.32
    endloop
  endfacet
  facet normal 0 0 -1
    outer loop
      vertex 8.155226349830627 29.63567516207695 0.32
      vertex 8.501815535128117 30.35285995900631 0.32
      vertex 13.523034892976284 28.022879391908646 0.32
    endloop
  endfacet
  facet normal 0 0 -1
    outer loop
      vertex 8.501815535128117 30.35285995900631 0.32
      vertex 8.889179922640324 31.020583741366863 0.32
      vertex 13.523034892976284 28.022879391908646 0.32
    endloop
  endfacet
  facet normal 0 0 -1
    outer loop
      vertex 8.889179922640324 31.020583741366863 0.32
      vertex 9.317319504916668 31.63884650170803 0.32
      vertex 13.728056825697422 28.432968243956566 0.32
    endloop
  endfacet
  facet normal 0 0 -1
    outer loop
      vertex 9.317319504916668 31.63884650170803 0.32
      vertex 9.78623428940773 32.20764824002981 0.32
      vertex 13.95260465145111 28.810249984264374 0.32
    endloop
  endfacet
  facet normal 0 0 -1
    outer loop
      vertex 9.78623428940773 32.20764824002981 0.32
      vertex 10.29592426866293 32.72698896378279 0.32
      vertex 14.196678377687931 29.15472461283207 0.32
    endloop
  endfacet
  facet normal 0 0 -1
    outer loop
      vertex 10.29592426866293 32.72698896378279 0.32
      vertex 10.846389450132847 33.196868658065796 0.32
      vertex 14.460277996957302 29.466392137110233 0.32
    endloop
  endfacet
  facet normal -0.9288290166953586 0.37050864732787714 0
    outer loop
      vertex 7.8494123592972755 28.869029335677624 0.32
      vertex 8.155226349830627 29.63567516207695 0.48
      vertex 8.155226349830627 29.63567516207695 0.32
    endloop
  endfacet
  facet normal -0.900373610980262 0.4351176400128633 0
    outer loop
      vertex 8.155226349830627 29.63567516207695 0.32
      vertex 8.501815535128117 30.35285995900631 0.48
      vertex 8.501815535128117 30.35285995900631 0.32
    endloop
  endfacet
  facet normal -0.8649836254887141 0.501800087322033 0
    outer loop
      vertex 8.501815535128117 30.35285995900631 0.32
      vertex 8.889179922640324 31.020583741366863 0.48
      vertex 8.889179922640324 31.020583741366863 0.32
    endloop
  endfacet
  facet normal -0.8221227866975847 0.5693102173618508 0
    outer loop
      vertex 8.889179922640324 31.020583741366863 0.32
      vertex 9.317319504916668 31.63884650170803 0.48
      vertex 9.317319504916668 31.63884650170803 0.32
    endloop
  endfacet
  facet normal -0.9288290166953586 0.37050864732787714 0
    outer loop
      vertex 7.8494123592972755 28.869029335677624 0.32
      vertex 7.8494123592972755 28.869029335677624 0.48
      vertex 8.155226349830627 29.63567516207695 0.48
    endloop
  endfacet
  facet normal -0.900373610980262 0.4351176400128633 0
    outer loop
      vertex 8.155226349830627 29.63567516207695 0.32
      vertex 8.155226349830627 29.63567516207695 0.48
      vertex 8.501815535128117 30.35285995900631 0.48
    endloop
  endfacet
  facet normal -0.8649836254887141 0.501800087322033 0
    outer loop
      vertex 8.501815535128117 30.35285995900631 0.32
      vertex 8.501815535128117 30.35285995900631 0.48
      vertex 8.889179922640324 31.020583741366863 0.48
    endloop
  endfacet
  facet normal -0.8221227866975847 0.5693102173618508 0
    outer loop
      vertex 8.889179922640324 31.020583741366863 0.32
      vertex 8.889179922640324 31.020583741366863 0.48
      vertex 9.317319504916668 31.63884650170803 0.48
    endloop
  endfacet
  facet normal 0 0 1
    outer loop
      vertex 7.8494123592972755 28.869029335677624 0.48
      vertex 13.337538868188858 27.579983443021774 0.48
      vertex 8.155226349830627 29.63567516207695 0.48
    endloop
  endfacet
  facet normal 0 0 1
    outer loop
      vertex 8.155226349830627 29.63567516207695 0.48
      vertex 13.523034892976284 28.022879391908646 0.48
      vertex 8.501815535128117 30.35285995900631 0.48
    endloop
  endfacet
  facet normal 0 0 1
    outer loop
      vertex 8.501815535128117 30.35285995900631 0.48
      vertex 13.523034892976284 28.022879391908646 0.48
      vertex 8.889179922640324 31.020583741366863 0.48
    endloop
  endfacet
  facet normal -0.7716040658739126 0.6361031091944502 0
    outer loop
      vertex 9.317319504916668 31.63884650170803 0.32
      vertex 9.317319504916668 31.63884650170803 0.48
      vertex 9.78623428940773 32.20764824002981 0.48
    endloop
  endfacet
  facet normal 0 0 1
    outer loop
      vertex 8.889179922640324 31.020583741366863 0.48
      vertex 13.728056825697422 28.432968243956566 0.48
      vertex 9.317319504916668 31.63884650170803 0.48
    endloop
  endfacet
  facet normal 0 0 1
    outer loop
      vertex 9.317319504916668 31.63884650170803 0.48
      vertex 13.95260465145111 28.810249984264374 0.48
      vertex 9.78623428940773 32.20764824002981 0.48
    endloop
  endfacet
  facet normal 0 0 1
    outer loop
      vertex 9.78623428940773 32.20764824002981 0.48
      vertex 14.196678377687931 29.15472461283207 0.48
      vertex 10.29592426866293 32.72698896378279 0.48
    endloop
  endfacet
  facet normal 0 0 1
    outer loop
      vertex 10.29592426866293 32.72698896378279 0.48
      vertex 14.460277996957302 29.466392137110233 0.48
      vertex 10.846389450132847 33.196868658065796 0.48
    endloop
  endfacet
  facet normal -0.7716040658739126 0.6361031091944502 0
    outer loop
      vertex 9.317319504916668 31.63884650170803 0.32
      vertex 9.78623428940773 32.20764824002981 0.48
      vertex 9.78623428940773 32.20764824002981 0.32
    endloop
  endfacet
  facet normal -0.7137069817455244 0.7004443905176869 0
    outer loop
      vertex 9.78623428940773 32.20764824002981 0.32
      vertex 10.29592426866293 32.72698896378279 0.48
      vertex 10.29592426866293 32.72698896378279 0.32
    endloop
  endfacet
  facet normal -0.6492387158501659 0.7605847026079524 0
    outer loop
      vertex 10.29592426866293 32.72698896378279 0.32
      vertex 10.846389450132847 33.196868658065796 0.48
      vertex 10.846389450132847 33.196868658065796 0.32
    endloop
  endfacet
  facet normal -0.5795064644809783 0.8149676420722215 0
    outer loop
      vertex 10.846389450132847 33.196868658065796 0.32
      vertex 11.437629826366901 33.61728733778 0.48
      vertex 11.437629826366901 33.61728733778 0.32
    endloop
  endfacet
  facet normal -0.5061924339184327 0.8624205585697347 0
    outer loop
      vertex 11.437629826366901 33.61728733778 0.32
      vertex 12.069645404815674 33.988244988024235 0.48
      vertex 12.069645404815674 33.988244988024235 0.32
    endloop
  endfacet
  facet normal -0.7137069817455244 0.7004443905176869 0
    outer loop
      vertex 9.78623428940773 32.20764824002981 0.32
      vertex 9.78623428940773 32.20764824002981 0.48
      vertex 10.29592426866293 32.72698896378279 0.48
    endloop
  endfacet
  facet normal -0.6492387158501659 0.7605847026079524 0
    outer loop
      vertex 10.29592426866293 32.72698896378279 0.32
      vertex 10.29592426866293 32.72698896378279 0.48
      vertex 10.846389450132847 33.196868658065796 0.48
    endloop
  endfacet
  facet normal -0.5795064644809783 0.8149676420722215 0
    outer loop
      vertex 10.846389450132847 33.196868658065796 0.32
      vertex 10.846389450132847 33.196868658065796 0.48
      vertex 11.437629826366901 33.61728733778 0.48
    endloop
  endfacet
  facet normal -0.5061924339184327 0.8624205585697347 0
    outer loop
      vertex 11.437629826366901 33.61728733778 0.32
      vertex 11.437629826366901 33.61728733778 0.48
      vertex 12.069645404815674 33.988244988024235 0.48
    endloop
  endfacet
  facet normal 0.9999125472253129 -0.013224897027446928 0
    outer loop
      vertex 12.55650294572115 22.85575992614031 0.32
      vertex 12.55650294572115 22.85575992614031 0.48
      vertex 12.548491132419286 22.25 0.32
    endloop
  endfacet
  facet normal 0.9991390048796557 -0.04148793713950447 0
    outer loop
      vertex 12.55650294572115 22.85575992614031 0.32
      vertex 12.585791796445847 23.561112739145756 0.32
      vertex 12.55650294572115 22.85575992614031 0.48
    endloop
  endfacet
  facet normal 0.9973762853381585 -0.07239161170367875 0
    outer loop
      vertex 12.585791796445847 23.561112739145756 0.32
      vertex 12.634606540203094 24.23365844786167 0.32
      vertex 12.585791796445847 23.561112739145756 0.48
    endloop
  endfacet
  facet normal 0.9943424907306535 -0.10622151913600186 0
    outer loop
      vertex 12.634606540203094 24.23365844786167 0.32
      vertex 12.702947184443474 24.873397052288055 0.32
      vertex 12.634606540203094 24.23365844786167 0.48
    endloop
  endfacet
  facet normal 0.9896824718925864 -0.14327806820508154 0
    outer loop
      vertex 12.702947184443474 24.873397052288055 0.32
      vertex 12.790813721716404 25.480328544974327 0.32
      vertex 12.702947184443474 24.873397052288055 0.48
    endloop
  endfacet
  facet normal 0.9999125472253129 -0.013224897027446928 0
    outer loop
      vertex 12.55650294572115 22.85575992614031 0.48
      vertex 12.548491132419286 22.25 0.48
      vertex 12.548491132419286 22.25 0.32
    endloop
  endfacet
  facet normal 0.9991390048796557 -0.04148793713950447 0
    outer loop
      vertex 12.585791796445847 23.561112739145756 0.32
      vertex 12.585791796445847 23.561112739145756 0.48
      vertex 12.55650294572115 22.85575992614031 0.48
    endloop
  endfacet
  facet normal 0.9973762853381585 -0.07239161170367875 0
    outer loop
      vertex 12.634606540203094 24.23365844786167 0.32
      vertex 12.634606540203094 24.23365844786167 0.48
      vertex 12.585791796445847 23.561112739145756 0.48
    endloop
  endfacet
  facet normal 0.9943424907306535 -0.10622151913600186 0
    outer loop
      vertex 12.702947184443474 24.873397052288055 0.32
      vertex 12.702947184443474 24.873397052288055 0.48
      vertex 12.634606540203094 24.23365844786167 0.48
    endloop
  endfacet
  facet normal 0.9896824718925864 -0.14327806820508154 0
    outer loop
      vertex 12.790813721716404 25.480328544974327 0.32
      vertex 12.790813721716404 25.480328544974327 0.48
      vertex 12.702947184443474 24.873397052288055 0.48
    endloop
  endfacet
  facet normal 0.9829514493699861 -0.18386529901382628 0
    outer loop
      vertex 12.790813721716404 25.480328544974327 0.32
      vertex 12.898206159472466 26.054452933371067 0.32
      vertex 12.790813721716404 25.480328544974327 0.48
    endloop
  endfacet
  facet normal 0.9735974859624026 -0.22827162619933578 0
    outer loop
      vertex 12.898206159472466 26.054452933371067 0.32
      vertex 13.025124497711658 26.595770210027695 0.32
      vertex 12.898206159472466 26.054452933371067 0.48
    endloop
  endfacet
  facet normal 0.960944973582691 -0.27673951244114225 0
    outer loop
      vertex 13.025124497711658 26.595770210027695 0.32
      vertex 13.171568736433983 27.10428037494421 0.32
      vertex 13.025124497711658 26.595770210027695 0.48
    endloop
  endfacet
  facet normal 0.9441833899861694 -0.32942028789105476 0
    outer loop
      vertex 13.171568736433983 27.10428037494421 0.32
      vertex 13.337538868188858 27.579983443021774 0.32
      vertex 13.171568736433983 27.10428037494421 0.48
    endloop
  endfacet
  facet normal 0.9223684833797323 -0.3863112486943298 0
    outer loop
      vertex 13.337538868188858 27.579983443021774 0.32
      vertex 13.523034892976284 28.022879391908646 0.32
      vertex 13.337538868188858 27.579983443021774 0.48
    endloop
  endfacet
  facet normal 0.8944468142402058 -0.44717434686657365 0
    outer loop
      vertex 13.523034892976284 28.022879391908646 0.32
      vertex 13.728056825697422 28.432968243956566 0.32
      vertex 13.523034892976284 28.022879391908646 0.48
    endloop
  endfacet
  facet normal 0.8593175482959968 -0.5114424221655427 0
    outer loop
      vertex 13.728056825697422 28.432968243956566 0.32
      vertex 13.95260465145111 28.810249984264374 0.32
      vertex 13.728056825697422 28.432968243956566 0.48
    endloop
  endfacet
  facet normal 0.9829514493699861 -0.18386529901382628 0
    outer loop
      vertex 12.898206159472466 26.054452933371067 0.32
      vertex 12.898206159472466 26.054452933371067 0.48
      vertex 12.790813721716404 25.480328544974327 0.48
    endloop
  endfacet
  facet normal 0.9735974859624026 -0.22827162619933578 0
    outer loop
      vertex 13.025124497711658 26.595770210027695 0.32
      vertex 13.025124497711658 26.595770210027695 0.48
      vertex 12.898206159472466 26.054452933371067 0.48
    endloop
  endfacet
  facet normal 0.960944973582691 -0.27673951244114225 0
    outer loop
      vertex 13.171568736433983 27.10428037494421 0.32
      vertex 13.171568736433983 27.10428037494421 0.48
      vertex 13.025124497711658 26.595770210027695 0.48
    endloop
  endfacet
  facet normal 0.9441833899861694 -0.32942028789105476 0
    outer loop
      vertex 13.337538868188858 27.579983443021774 0.32
      vertex 13.337538868188858 27.579983443021774 0.48
      vertex 13.171568736433983 27.10428037494421 0.48
    endloop
  endfacet
  facet normal 0.9223684833797323 -0.3863112486943298 0
    outer loop
      vertex 13.523034892976284 28.022879391908646 0.32
      vertex 13.523034892976284 28.022879391908646 0.48
      vertex 13.337538868188858 27.579983443021774 0.48
    endloop
  endfacet
  facet normal 0.8944468142402058 -0.44717434686657365 0
    outer loop
      vertex 13.728056825697422 28.432968243956566 0.32
      vertex 13.728056825697422 28.432968243956566 0.48
      vertex 13.523034892976284 28.022879391908646 0.48
    endloop
  endfacet
  facet normal 0 0 -1
    outer loop
      vertex 8.889179922640324 31.020583741366863 0.32
      vertex 13.728056825697422 28.432968243956566 0.32
      vertex 13.523034892976284 28.022879391908646 0.32
    endloop
  endfacet
  facet normal 0 0 -1
    outer loop
      vertex 9.317319504916668 31.63884650170803 0.32
      vertex 13.95260465145111 28.810249984264374 0.32
      vertex 13.728056825697422 28.432968243956566 0.32
    endloop
  endfacet
  facet normal 0 0 -1
    outer loop
      vertex 9.78623428940773 32.20764824002981 0.32
      vertex 14.196678377687931 29.15472461283207 0.32
      vertex 13.95260465145111 28.810249984264374 0.32
    endloop
  endfacet
  facet normal 0 0 -1
    outer loop
      vertex 10.29592426866293 32.72698896378279 0.32
      vertex 14.460277996957302 29.466392137110233 0.32
      vertex 14.196678377687931 29.15472461283207 0.32
    endloop
  endfacet
  facet normal 0 0 -1
    outer loop
      vertex 11.437629826366901 33.61728733778 0.32
      vertex 14.743403516709805 29.745252549648285 0.32
      vertex 14.460277996957302 29.466392137110233 0.32
    endloop
  endfacet
  facet normal 0 0 -1
    outer loop
      vertex 12.069645404815674 33.988244988024235 0.32
      vertex 15.046054936945438 29.991305857896805 0.32
      vertex 14.743403516709805 29.745252549648285 0.32
    endloop
  endfacet
  facet normal 0 0 -1
    outer loop
      vertex 12.742436178028584 34.309741623699665 0.32
      vertex 15.368232250213623 30.204552061855793 0.32
      vertex 15.046054936945438 29.991305857896805 0.32
    endloop
  endfacet
  facet normal 0 0 -1
    outer loop
      vertex 10.846389450132847 33.196868658065796 0.32
      vertex 11.437629826366901 33.61728733778 0.32
      vertex 14.460277996957302 29.466392137110233 0.32
    endloop
  endfacet
  facet normal 0 0 -1
    outer loop
      vertex 11.437629826366901 33.61728733778 0.32
      vertex 12.069645404815674 33.988244988024235 0.32
      vertex 14.743403516709805 29.745252549648285 0.32
    endloop
  endfacet
  facet normal 0 0 -1
    outer loop
      vertex 12.069645404815674 33.988244988024235 0.32
      vertex 12.742436178028584 34.309741623699665 0.32
      vertex 15.046054936945438 29.991305857896805 0.32
    endloop
  endfacet
  facet normal 0 0 -1
    outer loop
      vertex 12.742436178028584 34.309741623699665 0.32
      vertex 13.456002153456211 34.58177723735571 0.32
      vertex 15.368232250213623 30.204552061855793 0.32
    endloop
  endfacet
  facet normal 0 0 -1
    outer loop
      vertex 13.456002153456211 34.58177723735571 0.32
      vertex 14.210343323647976 34.80435183644295 0.32
      vertex 15.70993546396494 30.38499115407467 0.32
    endloop
  endfacet
  facet normal 0 0 -1
    outer loop
      vertex 13.456002153456211 34.58177723735571 0.32
      vertex 15.70993546396494 30.38499115407467 0.32
      vertex 15.368232250213623 30.204552061855793 0.32
    endloop
  endfacet
  facet normal 0 0 -1
    outer loop
      vertex 14.210343323647976 34.80435183644295 0.32
      vertex 15.005459696054459 34.97746540606022 0.32
      vertex 16.071164578199387 30.532623134553432 0.32
    endloop
  endfacet
  facet normal 0 0 -1
    outer loop
      vertex 14.210343323647976 34.80435183644295 0.32
      vertex 16.071164578199387 30.532623134553432 0.32
      vertex 15.70993546396494 30.38499115407467 0.32
    endloop
  endfacet
  facet normal 0 0 -1
    outer loop
      vertex 16.071164578199387 30.532623134553432 0.32
      vertex 15.005459696054459 34.97746540606022 0.32
      vertex 16.451919585466385 30.647448018193245 0.32
    endloop
  endfacet
  facet normal 0 0 -1
    outer loop
      vertex 16.451919585466385 30.647448018193245 0.32
      vertex 15.005459696054459 34.97746540606022 0.32
      vertex 15.841351263225079 35.101117961108685 0.32
    endloop
  endfacet
  facet normal 0 0 -1
    outer loop
      vertex 16.451919585466385 30.647448018193245 0.32
      vertex 15.841351263225079 35.101117961108685 0.32
      vertex 16.852200493216515 30.729465782642365 0.32
    endloop
  endfacet
  facet normal 0 0 -1
    outer loop
      vertex 16.852200493216515 30.729465782642365 0.32
      vertex 16.718018032610416 35.17530948668718 0.32
      vertex 17.272007293999195 30.778676442801952 0.32
    endloop
  endfacet
  facet normal 0 0 -1
    outer loop
      vertex 16.852200493216515 30.729465782642365 0.32
      vertex 15.841351263225079 35.101117961108685 0.32
      vertex 16.718018032610416 35.17530948668718 0.32
    endloop
  endfacet
  facet normal 0 0 -1
    outer loop
      vertex 16.718018032610416 35.17530948668718 0.32
      vertex 17.63545999675989 35.20003999769688 0.32
      vertex 17.272007293999195 30.778676442801952 0.32
    endloop
  endfacet
  facet normal 0.8159453007250035 -0.5781291086122404 0
    outer loop
      vertex 13.95260465145111 28.810249984264374 0.32
      vertex 14.196678377687931 29.15472461283207 0.32
      vertex 13.95260465145111 28.810249984264374 0.48
    endloop
  endfacet
  facet normal 0.7635300869224656 -0.6457722558024401 0
    outer loop
      vertex 14.196678377687931 29.15472461283207 0.32
      vertex 14.460277996957302 29.466392137110233 0.32
      vertex 14.196678377687931 29.15472461283207 0.48
    endloop
  endfacet
  facet normal 0.7017200926226287 -0.712452743422109 0
    outer loop
      vertex 14.460277996957302 29.466392137110233 0.32
      vertex 14.743403516709805 29.745252549648285 0.32
      vertex 14.460277996957302 29.466392137110233 0.48
    endloop
  endfacet
  facet normal 0 0 1
    outer loop
      vertex 8.889179922640324 31.020583741366863 0.48
      vertex 13.523034892976284 28.022879391908646 0.48
      vertex 13.728056825697422 28.432968243956566 0.48
    endloop
  endfacet
  facet normal 0 0 1
    outer loop
      vertex 9.317319504916668 31.63884650170803 0.48
      vertex 13.728056825697422 28.432968243956566 0.48
      vertex 13.95260465145111 28.810249984264374 0.48
    endloop
  endfacet
  facet normal 0 0 1
    outer loop
      vertex 9.78623428940773 32.20764824002981 0.48
      vertex 13.95260465145111 28.810249984264374 0.48
      vertex 14.196678377687931 29.15472461283207 0.48
    endloop
  endfacet
  facet normal 0 0 1
    outer loop
      vertex 10.29592426866293 32.72698896378279 0.48
      vertex 14.196678377687931 29.15472461283207 0.48
      vertex 14.460277996957302 29.466392137110233 0.48
    endloop
  endfacet
  facet normal 0.8593175482959968 -0.5114424221655427 0
    outer loop
      vertex 13.95260465145111 28.810249984264374 0.32
      vertex 13.95260465145111 28.810249984264374 0.48
      vertex 13.728056825697422 28.432968243956566 0.48
    endloop
  endfacet
  facet normal 0.8159453007250035 -0.5781291086122404 0
    outer loop
      vertex 14.196678377687931 29.15472461283207 0.32
      vertex 14.196678377687931 29.15472461283207 0.48
      vertex 13.95260465145111 28.810249984264374 0.48
    endloop
  endfacet
  facet normal 0.7635300869224656 -0.6457722558024401 0
    outer loop
      vertex 14.460277996957302 29.466392137110233 0.32
      vertex 14.460277996957302 29.466392137110233 0.48
      vertex 14.196678377687931 29.15472461283207 0.48
    endloop
  endfacet
  facet normal 0 0 1
    outer loop
      vertex 11.437629826366901 33.61728733778 0.48
      vertex 14.460277996957302 29.466392137110233 0.48
      vertex 14.743403516709805 29.745252549648285 0.48
    endloop
  endfacet
  facet normal 0 0 1
    outer loop
      vertex 12.069645404815674 33.988244988024235 0.48
      vertex 14.743403516709805 29.745252549648285 0.48
      vertex 15.046054936945438 29.991305857896805 0.48
    endloop
  endfacet
  facet normal 0 0 1
    outer loop
      vertex 12.742436178028584 34.309741623699665 0.48
      vertex 15.046054936945438 29.991305857896805 0.48
      vertex 15.368232250213623 30.204552061855793 0.48
    endloop
  endfacet
  facet normal -0.4311576570478442 0.9022766065730694 0
    outer loop
      vertex 12.069645404815674 33.988244988024235 0.32
      vertex 12.742436178028584 34.309741623699665 0.48
      vertex 12.742436178028584 34.309741623699665 0.32
    endloop
  endfacet
  facet normal -0.3562251156081184 0.9344001642818685 0
    outer loop
      vertex 12.742436178028584 34.309741623699665 0.32
      vertex 13.456002153456211 34.58177723735571 0.48
      vertex 13.456002153456211 34.58177723735571 0.32
    endloop
  endfacet
  facet normal -0.2829965586890157 0.9591209244772915 0
    outer loop
      vertex 13.456002153456211 34.58177723735571 0.32
      vertex 14.210343323647976 34.80435183644295 0.48
      vertex 14.210343323647976 34.80435183644295 0.32
    endloop
  endfacet
  facet normal 0 0 1
    outer loop
      vertex 10.846389450132847 33.196868658065796 0.48
      vertex 14.460277996957302 29.466392137110233 0.48
      vertex 11.437629826366901 33.61728733778 0.48
    endloop
  endfacet
  facet normal 0 0 1
    outer loop
      vertex 11.437629826366901 33.61728733778 0.48
      vertex 14.743403516709805 29.745252549648285 0.48
      vertex 12.069645404815674 33.988244988024235 0.48
    endloop
  endfacet
  facet normal 0 0 1
    outer loop
      vertex 12.069645404815674 33.988244988024235 0.48
      vertex 15.046054936945438 29.991305857896805 0.48
      vertex 12.742436178028584 34.309741623699665 0.48
    endloop
  endfacet
  facet normal -0.4311576570478442 0.9022766065730694 0
    outer loop
      vertex 12.069645404815674 33.988244988024235 0.32
      vertex 12.069645404815674 33.988244988024235 0.48
      vertex 12.742436178028584 34.309741623699665 0.48
    endloop
  endfacet
  facet normal -0.3562251156081184 0.9344001642818685 0
    outer loop
      vertex 12.742436178028584 34.309741623699665 0.32
      vertex 12.742436178028584 34.309741623699665 0.48
      vertex 13.456002153456211 34.58177723735571 0.48
    endloop
  endfacet
  facet normal 0 0 1
    outer loop
      vertex 12.742436178028584 34.309741623699665 0.48
      vertex 15.368232250213623 30.204552061855793 0.48
      vertex 13.456002153456211 34.58177723735571 0.48
    endloop
  endfacet
  facet normal 0 0 1
    outer loop
      vertex 13.456002153456211 34.58177723735571 0.48
      vertex 15.70993546396494 30.38499115407467 0.48
      vertex 14.210343323647976 34.80435183644295 0.48
    endloop
  endfacet
  facet normal -0.2829965586890157 0.9591209244772915 0
    outer loop
      vertex 13.456002153456211 34.58177723735571 0.32
      vertex 13.456002153456211 34.58177723735571 0.48
      vertex 14.210343323647976 34.80435183644295 0.48
    endloop
  endfacet
  facet normal -0.21273728961061708 0.9771094337939473 0
    outer loop
      vertex 14.210343323647976 34.80435183644295 0.32
      vertex 14.210343323647976 34.80435183644295 0.48
      vertex 15.005459696054459 34.97746540606022 0.48
    endloop
  endfacet
  facet normal 0.6308227420021071 -0.7759269734794269 0
    outer loop
      vertex 14.743403516709805 29.745252549648285 0.32
      vertex 15.046054936945438 29.991305857896805 0.32
      vertex 14.743403516709805 29.745252549648285 0.48
    endloop
  endfacet
  facet normal 0.5519400308580774 -0.8338838062562342 0
    outer loop
      vertex 15.046054936945438 29.991305857896805 0.32
      vertex 15.368232250213623 30.204552061855793 0.32
      vertex 15.046054936945438 29.991305857896805 0.48
    endloop
  endfacet
  facet normal 0.46695237089022934 -0.8842824680609662 0
    outer loop
      vertex 15.368232250213623 30.204552061855793 0.32
      vertex 15.70993546396494 30.38499115407467 0.32
      vertex 15.368232250213623 30.204552061855793 0.48
    endloop
  endfacet
  facet normal 0.3783176678577035 -0.9256758299678718 0
    outer loop
      vertex 15.70993546396494 30.38499115407467 0.32
      vertex 16.071164578199387 30.532623134553432 0.32
      vertex 15.70993546396494 30.38499115407467 0.48
    endloop
  endfacet
  facet normal 0.288727985717398 -0.9574111709519447 0
    outer loop
      vertex 16.071164578199387 30.532623134553432 0.32
      vertex 16.451919585466385 30.647448018193245 0.32
      vertex 16.071164578199387 30.532623134553432 0.48
    endloop
  endfacet
  facet normal 0.20073009045940945 -0.9796465846335388 0
    outer loop
      vertex 16.451919585466385 30.647448018193245 0.32
      vertex 16.852200493216515 30.729465782642365 0.32
      vertex 16.451919585466385 30.647448018193245 0.48
    endloop
  endfacet
  facet normal 0.11642498967191484 -0.9931994874041642 0
    outer loop
      vertex 16.852200493216515 30.729465782642365 0.32
      vertex 17.272007293999195 30.778676442801952 0.32
      vertex 16.852200493216515 30.729465782642365 0.48
    endloop
  endfacet
  facet normal 0.7017200926226287 -0.712452743422109 0
    outer loop
      vertex 14.743403516709805 29.745252549648285 0.32
      vertex 14.743403516709805 29.745252549648285 0.48
      vertex 14.460277996957302 29.466392137110233 0.48
    endloop
  endfacet
  facet normal 0.6308227420021071 -0.7759269734794269 0
    outer loop
      vertex 15.046054936945438 29.991305857896805 0.32
      vertex 15.046054936945438 29.991305857896805 0.48
      vertex 14.743403516709805 29.745252549648285 0.48
    endloop
  endfacet
  facet normal 0.5519400308580774 -0.8338838062562342 0
    outer loop
      vertex 15.368232250213623 30.204552061855793 0.32
      vertex 15.368232250213623 30.204552061855793 0.48
      vertex 15.046054936945438 29.991305857896805 0.48
    endloop
  endfacet
  facet normal 0.46695237089022934 -0.8842824680609662 0
    outer loop
      vertex 15.70993546396494 30.38499115407467 0.32
      vertex 15.70993546396494 30.38499115407467 0.48
      vertex 15.368232250213623 30.204552061855793 0.48
    endloop
  endfacet
  facet normal 0 0 1
    outer loop
      vertex 13.456002153456211 34.58177723735571 0.48
      vertex 15.368232250213623 30.204552061855793 0.48
      vertex 15.70993546396494 30.38499115407467 0.48
    endloop
  endfacet
  facet normal 0.3783176678577035 -0.9256758299678718 0
    outer loop
      vertex 16.071164578199387 30.532623134553432 0.32
      vertex 16.071164578199387 30.532623134553432 0.48
      vertex 15.70993546396494 30.38499115407467 0.48
    endloop
  endfacet
  facet normal 0.288727985717398 -0.9574111709519447 0
    outer loop
      vertex 16.451919585466385 30.647448018193245 0.32
      vertex 16.451919585466385 30.647448018193245 0.48
      vertex 16.071164578199387 30.532623134553432 0.48
    endloop
  endfacet
  facet normal 0.20073009045940945 -0.9796465846335388 0
    outer loop
      vertex 16.852200493216515 30.729465782642365 0.32
      vertex 16.852200493216515 30.729465782642365 0.48
      vertex 16.451919585466385 30.647448018193245 0.48
    endloop
  endfacet
  facet normal 0.11642498967191484 -0.9931994874041642 0
    outer loop
      vertex 16.852200493216515 30.729465782642365 0.48
      vertex 17.272007293999195 30.778676442801952 0.32
      vertex 17.272007293999195 30.778676442801952 0.48
    endloop
  endfacet
  facet normal -0.21273728961061708 0.9771094337939473 0
    outer loop
      vertex 14.210343323647976 34.80435183644295 0.32
      vertex 15.005459696054459 34.97746540606022 0.48
      vertex 15.005459696054459 34.97746540606022 0.32
    endloop
  endfacet
  facet normal -0.1463364683273651 0.9892348750612637 0
    outer loop
      vertex 15.005459696054459 34.97746540606022 0.32
      vertex 15.841351263225079 35.101117961108685 0.48
      vertex 15.841351263225079 35.101117961108685 0.32
    endloop
  endfacet
  facet normal -0.08432766450908685 0.996438078858111 0
    outer loop
      vertex 15.841351263225079 35.101117961108685 0.32
      vertex 16.718018032610416 35.17530948668718 0.48
      vertex 16.718018032610416 35.17530948668718 0.32
    endloop
  endfacet
  facet normal 0 0 1
    outer loop
      vertex 14.210343323647976 34.80435183644295 0.48
      vertex 16.071164578199387 30.532623134553432 0.48
      vertex 15.005459696054459 34.97746540606022 0.48
    endloop
  endfacet
  facet normal 0 0 1
    outer loop
      vertex 14.210343323647976 34.80435183644295 0.48
      vertex 15.70993546396494 30.38499115407467 0.48
      vertex 16.071164578199387 30.532623134553432 0.48
    endloop
  endfacet
  facet normal 0 0 1
    outer loop
      vertex 16.071164578199387 30.532623134553432 0.48
      vertex 16.451919585466385 30.647448018193245 0.48
      vertex 15.005459696054459 34.97746540606022 0.48
    endloop
  endfacet
  facet normal -0.1463364683273651 0.9892348750612637 0
    outer loop
      vertex 15.005459696054459 34.97746540606022 0.32
      vertex 15.005459696054459 34.97746540606022 0.48
      vertex 15.841351263225079 35.101117961108685 0.48
    endloop
  endfacet
  facet normal 0 0 1
    outer loop
      vertex 16.451919585466385 30.647448018193245 0.48
      vertex 15.841351263225079 35.101117961108685 0.48
      vertex 15.005459696054459 34.97746540606022 0.48
    endloop
  endfacet
  facet normal 0 0 1
    outer loop
      vertex 16.451919585466385 30.647448018193245 0.48
      vertex 16.852200493216515 30.729465782642365 0.48
      vertex 15.841351263225079 35.101117961108685 0.48
    endloop
  endfacet
  facet normal 0 0 1
    outer loop
      vertex 16.852200493216515 30.729465782642365 0.48
      vertex 17.272007293999195 30.778676442801952 0.48
      vertex 16.718018032610416 35.17530948668718 0.48
    endloop
  endfacet
  facet normal -0.08432766450908685 0.996438078858111 0
    outer loop
      vertex 15.841351263225079 35.101117961108685 0.32
      vertex 15.841351263225079 35.101117961108685 0.48
      vertex 16.718018032610416 35.17530948668718 0.48
    endloop
  endfacet
  facet normal -0.026946152447267592 0.9996368865084404 0
    outer loop
      vertex 16.718018032610416 35.17530948668718 0.32
      vertex 16.718018032610416 35.17530948668718 0.48
      vertex 17.63545999675989 35.20003999769688 0.48
    endloop
  endfacet
  facet normal 0 0 1
    outer loop
      vertex 16.852200493216515 30.729465782642365 0.48
      vertex 16.718018032610416 35.17530948668718 0.48
      vertex 15.841351263225079 35.101117961108685 0.48
    endloop
  endfacet
  facet normal 0 0 1
    outer loop
      vertex 16.718018032610416 35.17530948668718 0.48
      vertex 17.272007293999195 30.778676442801952 0.48
      vertex 17.63545999675989 35.20003999769688 0.48
    endloop
  endfacet
  facet normal 0 0 -1
    outer loop
      vertex 17.328063406050205 8.81392665207386 0.32
      vertex 17.61705780774355 13.21685890108347 0.32
      vertex 17.787220001220703 8.807520002126694 0.32
    endloop
  endfacet
  facet normal 0 0 -1
    outer loop
      vertex 17.787220001220703 8.807520002126694 0.32
      vertex 18.108529791235924 13.22123833745718 0.32
      vertex 18.410608507692814 8.822738446295261 0.32
    endloop
  endfacet
  facet normal 0 0 -1
    outer loop
      vertex 17.328063406050205 8.81392665207386 0.32
      vertex 17.395007751882076 13.229995615780354 0.32
      vertex 17.61705780774355 13.21685890108347 0.32
    endloop
  endfacet
  facet normal 0 0 -1
    outer loop
      vertex 17.787220001220703 8.807520002126694 0.32
      vertex 17.61705780774355 13.21685890108347 0.32
      vertex 17.844059996306896 13.212480001151562 0.32
    endloop
  endfacet
  facet normal 0 0 -1
    outer loop
      vertex 17.787220001220703 8.807520002126694 0.32
      vertex 17.844059996306896 13.212480001151562 0.32
      vertex 18.108529791235924 13.22123833745718 0.32
    endloop
  endfacet
  facet normal 0 0 -1
    outer loop
      vertex 18.410608507692814 8.822738446295261 0.32
      vertex 18.108529791235924 13.22123833745718 0.32
      vertex 18.366968736052513 13.247513346374035 0.32
    endloop
  endfacet
  facet normal 0 0 -1
    outer loop
      vertex 18.410608507692814 8.822738446295261 0.32
      vertex 18.366968736052513 13.247513346374035 0.32
      vertex 19.016050547361374 8.868393801152706 0.32
    endloop
  endfacet
  facet normal 0 0 -1
    outer loop
      vertex 19.016050547361374 8.868393801152706 0.32
      vertex 18.619376823306084 13.291305027902126 0.32
      vertex 19.603546127676964 8.944486051797867 0.32
    endloop
  endfacet
  facet normal 0 0 -1
    outer loop
      vertex 19.603546127676964 8.944486051797867 0.32
      vertex 18.865754067897797 13.352613382041454 0.32
      vertex 20.173095233738422 9.051015198230743 0.32
    endloop
  endfacet
  facet normal 0 0 -1
    outer loop
      vertex 19.016050547361374 8.868393801152706 0.32
      vertex 18.366968736052513 13.247513346374035 0.32
      vertex 18.619376823306084 13.291305027902126 0.32
    endloop
  endfacet
  facet normal 0 0 -1
    outer loop
      vertex 19.603546127676964 8.944486051797867 0.32
      vertex 18.619376823306084 13.291305027902126 0.32
      vertex 18.865754067897797 13.352613382041454 0.32
    endloop
  endfacet
  facet normal 0 0 -1
    outer loop
      vertex 18.865754067897797 13.352613382041454 0.32
      vertex 19.10610045492649 13.431438408792019 0.32
      vertex 20.173095233738422 9.051015198230743 0.32
    endloop
  endfacet
  facet normal 0 0 -1
    outer loop
      vertex 19.10610045492649 13.431438408792019 0.32
      vertex 19.340415991842747 13.5277801156044 0.32
      vertex 20.72469788044691 9.187981247901917 0.32
    endloop
  endfacet
  facet normal 0 0 -1
    outer loop
      vertex 19.10610045492649 13.431438408792019 0.32
      vertex 20.72469788044691 9.187981247901917 0.32
      vertex 20.173095233738422 9.051015198230743 0.32
    endloop
  endfacet
  facet normal 0 0 -1
    outer loop
      vertex 19.340415991842747 13.5277801156044 0.32
      vertex 21.25835406780243 9.355384193360806 0.32
      vertex 20.72469788044691 9.187981247901917 0.32
    endloop
  endfacet
  facet normal 0 0 -1
    outer loop
      vertex 19.568700678646564 13.641638487577438 0.32
      vertex 21.774063780903816 9.553224042057991 0.32
      vertex 21.25835406780243 9.355384193360806 0.32
    endloop
  endfacet
  facet normal 0 0 -1
    outer loop
      vertex 19.790954515337944 13.773013532161713 0.32
      vertex 22.271827034652233 9.781500793993473 0.32
      vertex 21.774063780903816 9.553224042057991 0.32
    endloop
  endfacet
  facet normal 0 0 -1
    outer loop
      vertex 22.271827034652233 9.781500793993473 0.32
      vertex 20.007177501916885 13.921905256807804 0.32
      vertex 22.7516438215971 10.040214441716671 0.32
    endloop
  endfacet
  facet normal 0 0 -1
    outer loop
      vertex 20.21736963838339 14.088313646614552 0.32
      vertex 23.213514141738415 10.329364992678165 0.32
      vertex 22.7516438215971 10.040214441716671 0.32
    endloop
  endfacet
  facet normal 0 0 -1
    outer loop
      vertex 19.340415991842747 13.5277801156044 0.32
      vertex 19.568700678646564 13.641638487577438 0.32
      vertex 21.25835406780243 9.355384193360806 0.32
    endloop
  endfacet
  facet normal 0 0 -1
    outer loop
      vertex 19.568700678646564 13.641638487577438 0.32
      vertex 19.790954515337944 13.773013532161713 0.32
      vertex 21.774063780903816 9.553224042057991 0.32
    endloop
  endfacet
  facet normal 0 0 -1
    outer loop
      vertex 19.790954515337944 13.773013532161713 0.32
      vertex 20.007177501916885 13.921905256807804 0.32
      vertex 22.271827034652233 9.781500793993473 0.32
    endloop
  endfacet
  facet normal 0 0 -1
    outer loop
      vertex 20.007177501916885 13.921905256807804 0.32
      vertex 20.21736963838339 14.088313646614552 0.32
      vertex 22.7516438215971 10.040214441716671 0.32
    endloop
  endfacet
  facet normal 0 0 -1
    outer loop
      vertex 20.21736963838339 14.088313646614552 0.32
      vertex 20.421530924737453 14.272238716483116 0.32
      vertex 23.213514141738415 10.329364992678165 0.32
    endloop
  endfacet
  facet normal 0 0 -1
    outer loop
      vertex 20.421530924737453 14.272238716483116 0.32
      vertex 20.61966136097908 14.473680451512337 0.32
      vertex 23.65743799507618 10.648952439427376 0.32
    endloop
  endfacet
  facet normal 0 0 -1
    outer loop
      vertex 20.61966136097908 14.473680451512337 0.32
      vertex 20.81176094710827 14.692638866603374 0.32
      vertex 24.491446316242218 11.379438035190105 0.32
    endloop
  endfacet
  facet normal 0 0 -1
    outer loop
      vertex 20.81176094710827 14.692638866603374 0.32
      vertex 20.99782967567444 14.929113954305649 0.32
      vertex 24.88153077661991 11.790336184203625 0.32
    endloop
  endfacet
  facet normal -0.013951724651254566 -0.9999026699530588 0
    outer loop
      vertex 17.328063406050205 8.81392665207386 0.32
      vertex 17.787220001220703 8.807520002126694 0.32
      vertex 17.328063406050205 8.81392665207386 0.48
    endloop
  endfacet
  facet normal 0.024405184221139426 -0.9997021491339969 0
    outer loop
      vertex 17.787220001220703 8.807520002126694 0.32
      vertex 18.410608507692814 8.822738446295261 0.32
      vertex 17.787220001220703 8.807520002126694 0.48
    endloop
  endfacet
  facet normal 0.07519480858124014 -0.9971688627120437 0
    outer loop
      vertex 18.410608507692814 8.822738446295261 0.32
      vertex 19.016050547361374 8.868393801152706 0.32
      vertex 18.410608507692814 8.822738446295261 0.48
    endloop
  endfacet
  facet normal 0.12844680942686426 -0.9917163995558704 0
    outer loop
      vertex 19.016050547361374 8.868393801152706 0.32
      vertex 19.603546127676964 8.944486051797867 0.32
      vertex 19.016050547361374 8.868393801152706 0.48
    endloop
  endfacet
  facet normal 0.18385285098647827 -0.9829537777454969 0
    outer loop
      vertex 19.603546127676964 8.944486051797867 0.32
      vertex 20.173095233738422 9.051015198230743 0.32
      vertex 19.603546127676964 8.944486051797867 0.48
    endloop
  endfacet
  facet normal -0.013951724651254566 -0.9999026699530588 0
    outer loop
      vertex 17.787220001220703 8.807520002126694 0.32
      vertex 17.787220001220703 8.807520002126694 0.48
      vertex 17.328063406050205 8.81392665207386 0.48
    endloop
  endfacet
  facet normal 0.024405184221139426 -0.9997021491339969 0
    outer loop
      vertex 18.410608507692814 8.822738446295261 0.32
      vertex 18.410608507692814 8.822738446295261 0.48
      vertex 17.787220001220703 8.807520002126694 0.48
    endloop
  endfacet
  facet normal 0 0 1
    outer loop
      vertex 17.328063406050205 8.81392665207386 0.48
      vertex 17.787220001220703 8.807520002126694 0.48
      vertex 17.61705780774355 13.21685890108347 0.48
    endloop
  endfacet
  facet normal 0 0 1
    outer loop
      vertex 17.787220001220703 8.807520002126694 0.48
      vertex 18.410608507692814 8.822738446295261 0.48
      vertex 18.108529791235924 13.22123833745718 0.48
    endloop
  endfacet
  facet normal 0 0 1
    outer loop
      vertex 17.328063406050205 8.81392665207386 0.48
      vertex 17.61705780774355 13.21685890108347 0.48
      vertex 17.395007751882076 13.229995615780354 0.48
    endloop
  endfacet
  facet normal 0 0 1
    outer loop
      vertex 17.787220001220703 8.807520002126694 0.48
      vertex 17.844059996306896 13.212480001151562 0.48
      vertex 17.61705780774355 13.21685890108347 0.48
    endloop
  endfacet
  facet normal 0 0 1
    outer loop
      vertex 17.787220001220703 8.807520002126694 0.48
      vertex 18.108529791235924 13.22123833745718 0.48
      vertex 17.844059996306896 13.212480001151562 0.48
    endloop
  endfacet
  facet normal 0 0 1
    outer loop
      vertex 18.410608507692814 8.822738446295261 0.48
      vertex 18.366968736052513 13.247513346374035 0.48
      vertex 18.108529791235924 13.22123833745718 0.48
    endloop
  endfacet
  facet normal 0.07519480858124014 -0.9971688627120437 0
    outer loop
      vertex 19.016050547361374 8.868393801152706 0.32
      vertex 19.016050547361374 8.868393801152706 0.48
      vertex 18.410608507692814 8.822738446295261 0.48
    endloop
  endfacet
  facet normal 0.12844680942686426 -0.9917163995558704 0
    outer loop
      vertex 19.603546127676964 8.944486051797867 0.32
      vertex 19.603546127676964 8.944486051797867 0.48
      vertex 19.016050547361374 8.868393801152706 0.48
    endloop
  endfacet
  facet normal 0 0 1
    outer loop
      vertex 18.410608507692814 8.822738446295261 0.48
      vertex 19.016050547361374 8.868393801152706 0.48
      vertex 18.366968736052513 13.247513346374035 0.48
    endloop
  endfacet
  facet normal 0 0 1
    outer loop
      vertex 19.016050547361374 8.868393801152706 0.48
      vertex 19.603546127676964 8.944486051797867 0.48
      vertex 18.619376823306084 13.291305027902126 0.48
    endloop
  endfacet
  facet normal 0 0 1
    outer loop
      vertex 19.603546127676964 8.944486051797867 0.48
      vertex 20.173095233738422 9.051015198230743 0.48
      vertex 18.865754067897797 13.352613382041454 0.48
    endloop
  endfacet
  facet normal 0 0 1
    outer loop
      vertex 19.016050547361374 8.868393801152706 0.48
      vertex 18.619376823306084 13.291305027902126 0.48
      vertex 18.366968736052513 13.247513346374035 0.48
    endloop
  endfacet
  facet normal 0 0 1
    outer loop
      vertex 19.603546127676964 8.944486051797867 0.48
      vertex 18.865754067897797 13.352613382041454 0.48
      vertex 18.619376823306084 13.291305027902126 0.48
    endloop
  endfacet
  facet normal 0 0 1
    outer loop
      vertex 18.865754067897797 13.352613382041454 0.48
      vertex 20.173095233738422 9.051015198230743 0.48
      vertex 19.10610045492649 13.431438408792019 0.48
    endloop
  endfacet
  facet normal 0 0 1
    outer loop
      vertex 19.10610045492649 13.431438408792019 0.48
      vertex 20.72469788044691 9.187981247901917 0.48
      vertex 19.340415991842747 13.5277801156044 0.48
    endloop
  endfacet
  facet normal 0.10034187806607636 0.9949530177381104 0
    outer loop
      vertex 17.177909828722477 13.251890130341053 0.32
      vertex 17.395007751882076 13.229995615780354 0.48
      vertex 17.395007751882076 13.229995615780354 0.32
    endloop
  endfacet
  facet normal 0.05905778933856387 0.9982545654884037 0
    outer loop
      vertex 17.395007751882076 13.229995615780354 0.32
      vertex 17.61705780774355 13.21685890108347 0.48
      vertex 17.61705780774355 13.21685890108347 0.32
    endloop
  endfacet
  facet normal 0.019286534078349453 0.9998139975031579 0
    outer loop
      vertex 17.61705780774355 13.21685890108347 0.32
      vertex 17.844059996306896 13.212480001151562 0.48
      vertex 17.844059996306896 13.212480001151562 0.32
    endloop
  endfacet
  facet normal -0.03309843978676539 0.9994520965427418 0
    outer loop
      vertex 17.844059996306896 13.212480001151562 0.32
      vertex 18.108529791235924 13.22123833745718 0.48
      vertex 18.108529791235924 13.22123833745718 0.32
    endloop
  endfacet
  facet normal -0.10114674476750256 0.9948715173442939 0
    outer loop
      vertex 18.108529791235924 13.22123833745718 0.32
      vertex 18.366968736052513 13.247513346374035 0.48
      vertex 18.366968736052513 13.247513346374035 0.32
    endloop
  endfacet
  facet normal -0.17094189461070816 0.9852811114940251 0
    outer loop
      vertex 18.366968736052513 13.247513346374035 0.32
      vertex 18.619376823306084 13.291305027902126 0.48
      vertex 18.619376823306084 13.291305027902126 0.32
    endloop
  endfacet
  facet normal -0.24147543329512677 0.9704069327426154 0
    outer loop
      vertex 18.619376823306084 13.291305027902126 0.32
      vertex 18.865754067897797 13.352613382041454 0.48
      vertex 18.865754067897797 13.352613382041454 0.32
    endloop
  endfacet
  facet normal -0.3116325314238721 0.9502026969854113 0
    outer loop
      vertex 18.865754067897797 13.352613382041454 0.32
      vertex 19.10610045492649 13.431438408792019 0.48
      vertex 19.10610045492649 13.431438408792019 0.32
    endloop
  endfacet
  facet normal -0.38027334739070423 0.9248741434726504 0
    outer loop
      vertex 19.10610045492649 13.431438408792019 0.32
      vertex 19.340415991842747 13.5277801156044 0.48
      vertex 19.340415991842747 13.5277801156044 0.32
    endloop
  endfacet
  facet normal -0.4463228433764432 0.894872012904844 0
    outer loop
      vertex 19.340415991842747 13.5277801156044 0.32
      vertex 19.568700678646564 13.641638487577438 0.48
      vertex 19.568700678646564 13.641638487577438 0.32
    endloop
  endfacet
  facet normal -0.5088534198386697 0.8608531797690535 0
    outer loop
      vertex 19.568700678646564 13.641638487577438 0.32
      vertex 19.790954515337944 13.773013532161713 0.48
      vertex 19.790954515337944 13.773013532161713 0.32
    endloop
  endfacet
  facet normal 0.10034187806607636 0.9949530177381104 0
    outer loop
      vertex 17.177909828722477 13.251890130341053 0.32
      vertex 17.177909828722477 13.251890130341053 0.48
      vertex 17.395007751882076 13.229995615780354 0.48
    endloop
  endfacet
  facet normal 0.05905778933856387 0.9982545654884037 0
    outer loop
      vertex 17.395007751882076 13.229995615780354 0.32
      vertex 17.395007751882076 13.229995615780354 0.48
      vertex 17.61705780774355 13.21685890108347 0.48
    endloop
  endfacet
  facet normal 0.019286534078349453 0.9998139975031579 0
    outer loop
      vertex 17.61705780774355 13.21685890108347 0.32
      vertex 17.61705780774355 13.21685890108347 0.48
      vertex 17.844059996306896 13.212480001151562 0.48
    endloop
  endfacet
  facet normal -0.03309843978676539 0.9994520965427418 0
    outer loop
      vertex 17.844059996306896 13.212480001151562 0.32
      vertex 17.844059996306896 13.212480001151562 0.48
      vertex 18.108529791235924 13.22123833745718 0.48
    endloop
  endfacet
  facet normal -0.10114674476750256 0.9948715173442939 0
    outer loop
      vertex 18.108529791235924 13.22123833745718 0.32
      vertex 18.108529791235924 13.22123833745718 0.48
      vertex 18.366968736052513 13.247513346374035 0.48
    endloop
  endfacet
  facet normal -0.17094189461070816 0.9852811114940251 0
    outer loop
      vertex 18.366968736052513 13.247513346374035 0.32
      vertex 18.366968736052513 13.247513346374035 0.48
      vertex 18.619376823306084 13.291305027902126 0.48
    endloop
  endfacet
  facet normal -0.24147543329512677 0.9704069327426154 0
    outer loop
      vertex 18.619376823306084 13.291305027902126 0.32
      vertex 18.619376823306084 13.291305027902126 0.48
      vertex 18.865754067897797 13.352613382041454 0.48
    endloop
  endfacet
  facet normal -0.3116325314238721 0.9502026969854113 0
    outer loop
      vertex 18.865754067897797 13.352613382041454 0.32
      vertex 18.865754067897797 13.352613382041454 0.48
      vertex 19.10610045492649 13.431438408792019 0.48
    endloop
  endfacet
  facet normal -0.38027334739070423 0.9248741434726504 0
    outer loop
      vertex 19.10610045492649 13.431438408792019 0.32
      vertex 19.10610045492649 13.431438408792019 0.48
      vertex 19.340415991842747 13.5277801156044 0.48
    endloop
  endfacet
  facet normal -0.4463228433764432 0.894872012904844 0
    outer loop
      vertex 19.340415991842747 13.5277801156044 0.32
      vertex 19.340415991842747 13.5277801156044 0.48
      vertex 19.568700678646564 13.641638487577438 0.48
    endloop
  endfacet
  facet normal -0.5088534198386697 0.8608531797690535 0
    outer loop
      vertex 19.568700678646564 13.641638487577438 0.32
      vertex 19.568700678646564 13.641638487577438 0.48
      vertex 19.790954515337944 13.773013532161713 0.48
    endloop
  endfacet
  facet normal 0.2409876255020265 -0.9705281883360704 0
    outer loop
      vertex 20.173095233738422 9.051015198230743 0.32
      vertex 20.72469788044691 9.187981247901917 0.32
      vertex 20.173095233738422 9.051015198230743 0.48
    endloop
  endfacet
  facet normal 0.29930979249776213 -0.954155987307603 0
    outer loop
      vertex 20.72469788044691 9.187981247901917 0.32
      vertex 21.25835406780243 9.355384193360806 0.32
      vertex 20.72469788044691 9.187981247901917 0.48
    endloop
  endfacet
  facet normal 0.35817454799793397 -0.9336546434129033 0
    outer loop
      vertex 21.25835406780243 9.355384193360806 0.32
      vertex 21.774063780903816 9.553224042057991 0.32
      vertex 21.25835406780243 9.355384193360806 0.48
    endloop
  endfacet
  facet normal 0.41685882134171265 -0.908971244357927 0
    outer loop
      vertex 21.774063780903816 9.553224042057991 0.32
      vertex 22.271827034652233 9.781500793993473 0.32
      vertex 21.774063780903816 9.553224042057991 0.48
    endloop
  endfacet
  facet normal 0.18385285098647827 -0.9829537777454969 0
    outer loop
      vertex 20.173095233738422 9.051015198230743 0.32
      vertex 20.173095233738422 9.051015198230743 0.48
      vertex 19.603546127676964 8.944486051797867 0.48
    endloop
  endfacet
  facet normal 0.2409876255020265 -0.9705281883360704 0
    outer loop
      vertex 20.72469788044691 9.187981247901917 0.32
      vertex 20.72469788044691 9.187981247901917 0.48
      vertex 20.173095233738422 9.051015198230743 0.48
    endloop
  endfacet
  facet normal 0.29930979249776213 -0.954155987307603 0
    outer loop
      vertex 21.25835406780243 9.355384193360806 0.32
      vertex 21.25835406780243 9.355384193360806 0.48
      vertex 20.72469788044691 9.187981247901917 0.48
    endloop
  endfacet
  facet normal 0 0 1
    outer loop
      vertex 19.10610045492649 13.431438408792019 0.48
      vertex 20.173095233738422 9.051015198230743 0.48
      vertex 20.72469788044691 9.187981247901917 0.48
    endloop
  endfacet
  facet normal 0 0 1
    outer loop
      vertex 19.340415991842747 13.5277801156044 0.48
      vertex 20.72469788044691 9.187981247901917 0.48
      vertex 21.25835406780243 9.355384193360806 0.48
    endloop
  endfacet
  facet normal 0 0 1
    outer loop
      vertex 19.568700678646564 13.641638487577438 0.48
      vertex 21.25835406780243 9.355384193360806 0.48
      vertex 21.774063780903816 9.553224042057991 0.48
    endloop
  endfacet
  facet normal 0.35817454799793397 -0.9336546434129033 0
    outer loop
      vertex 21.774063780903816 9.553224042057991 0.32
      vertex 21.774063780903816 9.553224042057991 0.48
      vertex 21.25835406780243 9.355384193360806 0.48
    endloop
  endfacet
  facet normal 0.41685882134171265 -0.908971244357927 0
    outer loop
      vertex 22.271827034652233 9.781500793993473 0.32
      vertex 22.271827034652233 9.781500793993473 0.48
      vertex 21.774063780903816 9.553224042057991 0.48
    endloop
  endfacet
  facet normal 0 0 1
    outer loop
      vertex 19.790954515337944 13.773013532161713 0.48
      vertex 21.774063780903816 9.553224042057991 0.48
      vertex 22.271827034652233 9.781500793993473 0.48
    endloop
  endfacet
  facet normal 0 0 1
    outer loop
      vertex 22.271827034652233 9.781500793993473 0.48
      vertex 22.7516438215971 10.040214441716671 0.48
      vertex 20.007177501916885 13.921905256807804 0.48
    endloop
  endfacet
  facet normal 0 0 1
    outer loop
      vertex 20.21736963838339 14.088313646614552 0.48
      vertex 22.7516438215971 10.040214441716671 0.48
      vertex 23.213514141738415 10.329364992678165 0.48
    endloop
  endfacet
  facet normal -0.567145355253582 0.8236177183707792 0
    outer loop
      vertex 19.790954515337944 13.773013532161713 0.32
      vertex 20.007177501916885 13.921905256807804 0.48
      vertex 20.007177501916885 13.921905256807804 0.32
    endloop
  endfacet
  facet normal -0.620717348278365 0.7840344211488899 0
    outer loop
      vertex 20.007177501916885 13.921905256807804 0.32
      vertex 20.21736963838339 14.088313646614552 0.48
      vertex 20.21736963838339 14.088313646614552 0.32
    endloop
  endfacet
  facet normal -0.6693263777435696 0.742968505427163 0
    outer loop
      vertex 20.21736963838339 14.088313646614552 0.32
      vertex 20.421530924737453 14.272238716483116 0.48
      vertex 20.421530924737453 14.272238716483116 0.32
    endloop
  endfacet
  facet normal -0.7129421726485262 0.701222830817137 0
    outer loop
      vertex 20.421530924737453 14.272238716483116 0.32
      vertex 20.61966136097908 14.473680451512337 0.48
      vertex 20.61966136097908 14.473680451512337 0.32
    endloop
  endfacet
  facet normal -0.7517066897012534 0.6594975759306348 0
    outer loop
      vertex 20.61966136097908 14.473680451512337 0.32
      vertex 20.81176094710827 14.692638866603374 0.48
      vertex 20.81176094710827 14.692638866603374 0.32
    endloop
  endfacet
  facet normal -0.7858872813361913 0.6183697769409581 0
    outer loop
      vertex 20.81176094710827 14.692638866603374 0.32
      vertex 20.99782967567444 14.929113954305649 0.48
      vertex 20.99782967567444 14.929113954305649 0.32
    endloop
  endfacet
  facet normal -0.8158319329486527 0.5782890775220165 0
    outer loop
      vertex 20.99782967567444 14.929113954305649 0.32
      vertex 21.17786756157875 15.183105707168579 0.48
      vertex 21.17786756157875 15.183105707168579 0.32
    endloop
  endfacet
  facet normal -0.8419310359792944 0.5395851468070927 0
    outer loop
      vertex 21.17786756157875 15.183105707168579 0.32
      vertex 21.351874589920044 15.454614140093327 0.48
      vertex 21.351874589920044 15.454614140093327 0.32
    endloop
  endfacet
  facet normal 0 0 1
    outer loop
      vertex 19.340415991842747 13.5277801156044 0.48
      vertex 21.25835406780243 9.355384193360806 0.48
      vertex 19.568700678646564 13.641638487577438 0.48
    endloop
  endfacet
  facet normal 0 0 1
    outer loop
      vertex 19.568700678646564 13.641638487577438 0.48
      vertex 21.774063780903816 9.553224042057991 0.48
      vertex 19.790954515337944 13.773013532161713 0.48
    endloop
  endfacet
  facet normal 0 0 1
    outer loop
      vertex 19.790954515337944 13.773013532161713 0.48
      vertex 22.271827034652233 9.781500793993473 0.48
      vertex 20.007177501916885 13.921905256807804 0.48
    endloop
  endfacet
  facet normal 0 0 1
    outer loop
      vertex 20.007177501916885 13.921905256807804 0.48
      vertex 22.7516438215971 10.040214441716671 0.48
      vertex 20.21736963838339 14.088313646614552 0.48
    endloop
  endfacet
  facet normal -0.567145355253582 0.8236177183707792 0
    outer loop
      vertex 19.790954515337944 13.773013532161713 0.32
      vertex 19.790954515337944 13.773013532161713 0.48
      vertex 20.007177501916885 13.921905256807804 0.48
    endloop
  endfacet
  facet normal -0.620717348278365 0.7840344211488899 0
    outer loop
      vertex 20.007177501916885 13.921905256807804 0.32
      vertex 20.007177501916885 13.921905256807804 0.48
      vertex 20.21736963838339 14.088313646614552 0.48
    endloop
  endfacet
  facet normal -0.6693263777435696 0.742968505427163 0
    outer loop
      vertex 20.21736963838339 14.088313646614552 0.32
      vertex 20.21736963838339 14.088313646614552 0.48
      vertex 20.421530924737453 14.272238716483116 0.48
    endloop
  endfacet
  facet normal -0.7129421726485262 0.701222830817137 0
    outer loop
      vertex 20.421530924737453 14.272238716483116 0.32
      vertex 20.421530924737453 14.272238716483116 0.48
      vertex 20.61966136097908 14.473680451512337 0.48
    endloop
  endfacet
  facet normal -0.7517066897012534 0.6594975759306348 0
    outer loop
      vertex 20.61966136097908 14.473680451512337 0.32
      vertex 20.61966136097908 14.473680451512337 0.48
      vertex 20.81176094710827 14.692638866603374 0.48
    endloop
  endfacet
  facet normal -0.7858872813361913 0.6183697769409581 0
    outer loop
      vertex 20.81176094710827 14.692638866603374 0.32
      vertex 20.81176094710827 14.692638866603374 0.48
      vertex 20.99782967567444 14.929113954305649 0.48
    endloop
  endfacet
  facet normal -0.8158319329486527 0.5782890775220165 0
    outer loop
      vertex 20.99782967567444 14.929113954305649 0.32
      vertex 20.99782967567444 14.929113954305649 0.48
      vertex 21.17786756157875 15.183105707168579 0.48
    endloop
  endfacet
  facet normal 0 0 1
    outer loop
      vertex 20.21736963838339 14.088313646614552 0.48
      vertex 23.213514141738415 10.329364992678165 0.48
      vertex 20.421530924737453 14.272238716483116 0.48
    endloop
  endfacet
  facet normal 0 0 1
    outer loop
      vertex 20.421530924737453 14.272238716483116 0.48
      vertex 23.65743799507618 10.648952439427376 0.48
      vertex 20.61966136097908 14.473680451512337 0.48
    endloop
  endfacet
  facet normal 0 0 1
    outer loop
      vertex 20.61966136097908 14.473680451512337 0.48
      vertex 24.491446316242218 11.379438035190105 0.48
      vertex 20.81176094710827 14.692638866603374 0.48
    endloop
  endfacet
  facet normal -0.8419310359792944 0.5395851468070927 0
    outer loop
      vertex 21.17786756157875 15.183105707168579 0.32
      vertex 21.17786756157875 15.183105707168579 0.48
      vertex 21.351874589920044 15.454614140093327 0.48
    endloop
  endfacet
  facet normal 0 0 1
    outer loop
      vertex 20.81176094710827 14.692638866603374 0.48
      vertex 24.88153077661991 11.790336184203625 0.48
      vertex 20.99782967567444 14.929113954305649 0.48
    endloop
  endfacet
  facet normal -0.8645873306687003 0.5024825844217604 0
    outer loop
      vertex 21.351874589920044 15.454614140093327 0.32
      vertex 21.51985077559948 15.74363924562931 0.48
      vertex 21.51985077559948 15.74363924562931 0.32
    endloop
  endfacet
  facet normal -0.8841948990454037 0.46711816545932816 0
    outer loop
      vertex 21.51985077559948 15.74363924562931 0.32
      vertex 21.681796103715897 16.05018102377653 0.48
      vertex 21.681796103715897 16.05018102377653 0.32
    endloop
  endfacet
  facet normal -0.9011251645152325 0.43355903620775255 0
    outer loop
      vertex 21.681796103715897 16.05018102377653 0.32
      vertex 21.837710589170456 16.374239467084408 0.48
      vertex 21.837710589170456 16.374239467084408 0.32
    endloop
  endfacet
  facet normal -0.9157191890245794 0.40181882341693076 0
    outer loop
      vertex 21.837710589170456 16.374239467084408 0.32
      vertex 21.987594217061996 16.7158145904541 0.48
      vertex 21.987594217061996 16.7158145904541 0.32
    endloop
  endfacet
  facet normal -0.9282839685985269 0.37187212001300796 0
    outer loop
      vertex 21.987594217061996 16.7158145904541 0.32
      vertex 22.1314469948411 17.074906386435032 0.48
      vertex 22.1314469948411 17.074906386435032 0.32
    endloop
  endfacet
  facet normal -0.9390919993790268 0.34366585035802133 0
    outer loop
      vertex 22.1314469948411 17.074906386435032 0.32
      vertex 22.269268922507763 17.4515148550272 0.48
      vertex 22.269268922507763 17.4515148550272 0.32
    endloop
  endfacet
  facet normal -0.9483825440127468 0.31712860200857046 0
    outer loop
      vertex 22.269268922507763 17.4515148550272 0.32
      vertex 22.40106000006199 17.845640003681183 0.48
      vertex 22.40106000006199 17.845640003681183 0.32
    endloop
  endfacet
  facet normal -0.8645873306687003 0.5024825844217604 0
    outer loop
      vertex 21.351874589920044 15.454614140093327 0.32
      vertex 21.351874589920044 15.454614140093327 0.48
      vertex 21.51985077559948 15.74363924562931 0.48
    endloop
  endfacet
  facet normal -0.8841948990454037 0.46711816545932816 0
    outer loop
      vertex 21.51985077559948 15.74363924562931 0.32
      vertex 21.51985077559948 15.74363924562931 0.48
      vertex 21.681796103715897 16.05018102377653 0.48
    endloop
  endfacet
  facet normal -0.9011251645152325 0.43355903620775255 0
    outer loop
      vertex 21.681796103715897 16.05018102377653 0.32
      vertex 21.681796103715897 16.05018102377653 0.48
      vertex 21.837710589170456 16.374239467084408 0.48
    endloop
  endfacet
  facet normal -0.9157191890245794 0.40181882341693076 0
    outer loop
      vertex 21.837710589170456 16.374239467084408 0.32
      vertex 21.837710589170456 16.374239467084408 0.48
      vertex 21.987594217061996 16.7158145904541 0.48
    endloop
  endfacet
  facet normal -0.9282839685985269 0.37187212001300796 0
    outer loop
      vertex 21.987594217061996 16.7158145904541 0.32
      vertex 21.987594217061996 16.7158145904541 0.48
      vertex 22.1314469948411 17.074906386435032 0.48
    endloop
  endfacet
  facet normal -0.9390919993790268 0.34366585035802133 0
    outer loop
      vertex 22.1314469948411 17.074906386435032 0.32
      vertex 22.1314469948411 17.074906386435032 0.48
      vertex 22.269268922507763 17.4515148550272 0.48
    endloop
  endfacet
  facet normal -0.9483825440127468 0.31712860200857046 0
    outer loop
      vertex 22.269268922507763 17.4515148550272 0.32
      vertex 22.269268922507763 17.4515148550272 0.48
      vertex 22.40106000006199 17.845640003681183 0.48
    endloop
  endfacet
  facet normal 0 0 -1
    outer loop
      vertex 20.421530924737453 14.272238716483116 0.32
      vertex 23.65743799507618 10.648952439427376 0.32
      vertex 23.213514141738415 10.329364992678165 0.32
    endloop
  endfacet
  facet normal 0 0 -1
    outer loop
      vertex 20.61966136097908 14.473680451512337 0.32
      vertex 24.083415389060974 10.998976789414883 0.32
      vertex 23.65743799507618 10.648952439427376 0.32
    endloop
  endfacet
  facet normal 0 0 -1
    outer loop
      vertex 20.61966136097908 14.473680451512337 0.32
      vertex 24.491446316242218 11.379438035190105 0.32
      vertex 24.083415389060974 10.998976789414883 0.32
    endloop
  endfacet
  facet normal 0 0 -1
    outer loop
      vertex 20.81176094710827 14.692638866603374 0.32
      vertex 24.88153077661991 11.790336184203625 0.32
      vertex 24.491446316242218 11.379438035190105 0.32
    endloop
  endfacet
  facet normal 0 0 -1
    outer loop
      vertex 20.99782967567444 14.929113954305649 0.32
      vertex 21.17786756157875 15.183105707168579 0.32
      vertex 25.253668770194054 12.23167122900486 0.32
    endloop
  endfacet
  facet normal 0 0 -1
    outer loop
      vertex 21.17786756157875 15.183105707168579 0.32
      vertex 21.351874589920044 15.454614140093327 0.32
      vertex 25.607860304415226 12.703443177044392 0.32
    endloop
  endfacet
  facet normal 0 0 -1
    outer loop
      vertex 21.351874589920044 15.454614140093327 0.32
      vertex 21.51985077559948 15.74363924562931 0.32
      vertex 25.944105371832848 13.20565202087164 0.32
    endloop
  endfacet
  facet normal 0 0 -1
    outer loop
      vertex 21.51985077559948 15.74363924562931 0.32
      vertex 21.681796103715897 16.05018102377653 0.32
      vertex 25.944105371832848 13.20565202087164 0.32
    endloop
  endfacet
  facet normal 0 0 -1
    outer loop
      vertex 21.681796103715897 16.05018102377653 0.32
      vertex 21.837710589170456 16.374239467084408 0.32
      vertex 26.26240397244692 13.738297767937183 0.32
    endloop
  endfacet
  facet normal 0 0 -1
    outer loop
      vertex 20.99782967567444 14.929113954305649 0.32
      vertex 25.253668770194054 12.23167122900486 0.32
      vertex 24.88153077661991 11.790336184203625 0.32
    endloop
  endfacet
  facet normal 0 0 -1
    outer loop
      vertex 21.17786756157875 15.183105707168579 0.32
      vertex 25.607860304415226 12.703443177044392 0.32
      vertex 25.253668770194054 12.23167122900486 0.32
    endloop
  endfacet
  facet normal 0 0 -1
    outer loop
      vertex 21.351874589920044 15.454614140093327 0.32
      vertex 25.944105371832848 13.20565202087164 0.32
      vertex 25.607860304415226 12.703443177044392 0.32
    endloop
  endfacet
  facet normal 0 0 -1
    outer loop
      vertex 21.681796103715897 16.05018102377653 0.32
      vertex 26.26240397244692 13.738297767937183 0.32
      vertex 25.944105371832848 13.20565202087164 0.32
    endloop
  endfacet
  facet normal 0 0 -1
    outer loop
      vertex 21.837710589170456 16.374239467084408 0.32
      vertex 26.56275610625744 14.301380418241024 0.32
      vertex 26.26240397244692 13.738297767937183 0.32
    endloop
  endfacet
  facet normal 0 0 -1
    outer loop
      vertex 21.987594217061996 16.7158145904541 0.32
      vertex 26.845161773264408 14.89489996433258 0.32
      vertex 26.56275610625744 14.301380418241024 0.32
    endloop
  endfacet
  facet normal 0.47459857445054104 -0.880202359193336 0
    outer loop
      vertex 22.271827034652233 9.781500793993473 0.32
      vertex 22.7516438215971 10.040214441716671 0.32
      vertex 22.271827034652233 9.781500793993473 0.48
    endloop
  endfacet
  facet normal 0.5306343394504339 -0.8476008481567262 0
    outer loop
      vertex 22.7516438215971 10.040214441716671 0.32
      vertex 23.213514141738415 10.329364992678165 0.32
      vertex 22.7516438215971 10.040214441716671 0.48
    endloop
  endfacet
  facet normal 0.5842593004954447 -0.811567045772913 0
    outer loop
      vertex 23.213514141738415 10.329364992678165 0.32
      vertex 23.65743799507618 10.648952439427376 0.32
      vertex 23.213514141738415 10.329364992678165 0.48
    endloop
  endfacet
  facet normal 0.6348632552331223 -0.7726245188672201 0
    outer loop
      vertex 23.65743799507618 10.648952439427376 0.32
      vertex 24.083415389060974 10.998976789414883 0.32
      vertex 23.65743799507618 10.648952439427376 0.48
    endloop
  endfacet
  facet normal 0.6819660019892595 -0.7313838746723812 0
    outer loop
      vertex 24.083415389060974 10.998976789414883 0.32
      vertex 24.491446316242218 11.379438035190105 0.32
      vertex 24.083415389060974 10.998976789414883 0.48
    endloop
  endfacet
  facet normal 0.7252362787558996 -0.688500065342259 0
    outer loop
      vertex 24.491446316242218 11.379438035190105 0.32
      vertex 24.88153077661991 11.790336184203625 0.32
      vertex 24.491446316242218 11.379438035190105 0.48
    endloop
  endfacet
  facet normal 0.47459857445054104 -0.880202359193336 0
    outer loop
      vertex 22.7516438215971 10.040214441716671 0.32
      vertex 22.7516438215971 10.040214441716671 0.48
      vertex 22.271827034652233 9.781500793993473 0.48
    endloop
  endfacet
  facet normal 0.5306343394504339 -0.8476008481567262 0
    outer loop
      vertex 23.213514141738415 10.329364992678165 0.32
      vertex 23.213514141738415 10.329364992678165 0.48
      vertex 22.7516438215971 10.040214441716671 0.48
    endloop
  endfacet
  facet normal 0.5842593004954447 -0.811567045772913 0
    outer loop
      vertex 23.65743799507618 10.648952439427376 0.32
      vertex 23.65743799507618 10.648952439427376 0.48
      vertex 23.213514141738415 10.329364992678165 0.48
    endloop
  endfacet
  facet normal 0 0 1
    outer loop
      vertex 20.421530924737453 14.272238716483116 0.48
      vertex 23.213514141738415 10.329364992678165 0.48
      vertex 23.65743799507618 10.648952439427376 0.48
    endloop
  endfacet
  facet normal 0 0 1
    outer loop
      vertex 20.61966136097908 14.473680451512337 0.48
      vertex 23.65743799507618 10.648952439427376 0.48
      vertex 24.083415389060974 10.998976789414883 0.48
    endloop
  endfacet
  facet normal 0.6348632552331223 -0.7726245188672201 0
    outer loop
      vertex 24.083415389060974 10.998976789414883 0.32
      vertex 24.083415389060974 10.998976789414883 0.48
      vertex 23.65743799507618 10.648952439427376 0.48
    endloop
  endfacet
  facet normal 0.6819660019892595 -0.7313838746723812 0
    outer loop
      vertex 24.491446316242218 11.379438035190105 0.32
      vertex 24.491446316242218 11.379438035190105 0.48
      vertex 24.083415389060974 10.998976789414883 0.48
    endloop
  endfacet
  facet normal 0.7252362787558996 -0.688500065342259 0
    outer loop
      vertex 24.88153077661991 11.790336184203625 0.32
      vertex 24.88153077661991 11.790336184203625 0.48
      vertex 24.491446316242218 11.379438035190105 0.48
    endloop
  endfacet
  facet normal 0 0 1
    outer loop
      vertex 20.61966136097908 14.473680451512337 0.48
      vertex 24.083415389060974 10.998976789414883 0.48
      vertex 24.491446316242218 11.379438035190105 0.48
    endloop
  endfacet
  facet normal 0 0 1
    outer loop
      vertex 20.81176094710827 14.692638866603374 0.48
      vertex 24.491446316242218 11.379438035190105 0.48
      vertex 24.88153077661991 11.790336184203625 0.48
    endloop
  endfacet
  facet normal 0 0 1
    outer loop
      vertex 20.99782967567444 14.929113954305649 0.48
      vertex 25.253668770194054 12.23167122900486 0.48
      vertex 21.17786756157875 15.183105707168579 0.48
    endloop
  endfacet
  facet normal 0 0 1
    outer loop
      vertex 21.17786756157875 15.183105707168579 0.48
      vertex 25.607860304415226 12.703443177044392 0.48
      vertex 21.351874589920044 15.454614140093327 0.48
    endloop
  endfacet
  facet normal 0 0 1
    outer loop
      vertex 21.351874589920044 15.454614140093327 0.48
      vertex 25.944105371832848 13.20565202087164 0.48
      vertex 21.51985077559948 15.74363924562931 0.48
    endloop
  endfacet
  facet normal 0 0 1
    outer loop
      vertex 21.51985077559948 15.74363924562931 0.48
      vertex 25.944105371832848 13.20565202087164 0.48
      vertex 21.681796103715897 16.05018102377653 0.48
    endloop
  endfacet
  facet normal 0 0 1
    outer loop
      vertex 21.681796103715897 16.05018102377653 0.48
      vertex 26.26240397244692 13.738297767937183 0.48
      vertex 21.837710589170456 16.374239467084408 0.48
    endloop
  endfacet
  facet normal 0 0 1
    outer loop
      vertex 20.99782967567444 14.929113954305649 0.48
      vertex 24.88153077661991 11.790336184203625 0.48
      vertex 25.253668770194054 12.23167122900486 0.48
    endloop
  endfacet
  facet normal 0 0 1
    outer loop
      vertex 21.17786756157875 15.183105707168579 0.48
      vertex 25.253668770194054 12.23167122900486 0.48
      vertex 25.607860304415226 12.703443177044392 0.48
    endloop
  endfacet
  facet normal 0 0 1
    outer loop
      vertex 21.351874589920044 15.454614140093327 0.48
      vertex 25.607860304415226 12.703443177044392 0.48
      vertex 25.944105371832848 13.20565202087164 0.48
    endloop
  endfacet
  facet normal 0 0 1
    outer loop
      vertex 21.681796103715897 16.05018102377653 0.48
      vertex 25.944105371832848 13.20565202087164 0.48
      vertex 26.26240397244692 13.738297767937183 0.48
    endloop
  endfacet
  facet normal 0 0 1
    outer loop
      vertex 21.837710589170456 16.374239467084408 0.48
      vertex 26.26240397244692 13.738297767937183 0.48
      vertex 26.56275610625744 14.301380418241024 0.48
    endloop
  endfacet
  facet normal 0.7644950259670725 -0.644629626430251 0
    outer loop
      vertex 24.88153077661991 11.790336184203625 0.32
      vertex 25.253668770194054 12.23167122900486 0.32
      vertex 24.88153077661991 11.790336184203625 0.48
    endloop
  endfacet
  facet normal 0.7644950259670725 -0.644629626430251 0
    outer loop
      vertex 25.253668770194054 12.23167122900486 0.32
      vertex 25.253668770194054 12.23167122900486 0.48
      vertex 24.88153077661991 11.790336184203625 0.48
    endloop
  endfacet
  facet normal 0.7997048947742386 -0.6003932721759331 0
    outer loop
      vertex 25.253668770194054 12.23167122900486 0.32
      vertex 25.607860304415226 12.703443177044392 0.32
      vertex 25.253668770194054 12.23167122900486 0.48
    endloop
  endfacet
  facet normal 0.8309496280235709 -0.5563476572139847 0
    outer loop
      vertex 25.607860304415226 12.703443177044392 0.32
      vertex 25.944105371832848 13.20565202087164 0.32
      vertex 25.607860304415226 12.703443177044392 0.48
    endloop
  endfacet
  facet normal 0.8584079320381293 -0.5129676619573815 0
    outer loop
      vertex 25.944105371832848 13.20565202087164 0.32
      vertex 26.26240397244692 13.738297767937183 0.32
      vertex 25.944105371832848 13.20565202087164 0.48
    endloop
  endfacet
  facet normal 0.8823260117320566 -0.4706387245233894 0
    outer loop
      vertex 26.26240397244692 13.738297767937183 0.32
      vertex 26.56275610625744 14.301380418241024 0.32
      vertex 26.26240397244692 13.738297767937183 0.48
    endloop
  endfacet
  facet normal 0.9029919894528112 -0.42965738325327796 0
    outer loop
      vertex 26.56275610625744 14.301380418241024 0.32
      vertex 26.845161773264408 14.89489996433258 0.32
      vertex 26.56275610625744 14.301380418241024 0.48
    endloop
  endfacet
  facet normal 0.9207141415868668 -0.3902377089441243 0
    outer loop
      vertex 26.845161773264408 14.89489996433258 0.32
      vertex 27.109620980918407 15.518856406211853 0.32
      vertex 26.845161773264408 14.89489996433258 0.48
    endloop
  endfacet
  facet normal 0.7997048947742386 -0.6003932721759331 0
    outer loop
      vertex 25.607860304415226 12.703443177044392 0.32
      vertex 25.607860304415226 12.703443177044392 0.48
      vertex 25.253668770194054 12.23167122900486 0.48
    endloop
  endfacet
  facet normal 0.8309496280235709 -0.5563476572139847 0
    outer loop
      vertex 25.944105371832848 13.20565202087164 0.32
      vertex 25.944105371832848 13.20565202087164 0.48
      vertex 25.607860304415226 12.703443177044392 0.48
    endloop
  endfacet
  facet normal 0.8584079320381293 -0.5129676619573815 0
    outer loop
      vertex 26.26240397244692 13.738297767937183 0.32
      vertex 26.26240397244692 13.738297767937183 0.48
      vertex 25.944105371832848 13.20565202087164 0.48
    endloop
  endfacet
  facet normal 0 0 1
    outer loop
      vertex 21.987594217061996 16.7158145904541 0.48
      vertex 26.56275610625744 14.301380418241024 0.48
      vertex 26.845161773264408 14.89489996433258 0.48
    endloop
  endfacet
  facet normal 0.8823260117320566 -0.4706387245233894 0
    outer loop
      vertex 26.56275610625744 14.301380418241024 0.32
      vertex 26.56275610625744 14.301380418241024 0.48
      vertex 26.26240397244692 13.738297767937183 0.48
    endloop
  endfacet
  facet normal 0.9029919894528112 -0.42965738325327796 0
    outer loop
      vertex 26.845161773264408 14.89489996433258 0.32
      vertex 26.845161773264408 14.89489996433258 0.48
      vertex 26.56275610625744 14.301380418241024 0.48
    endloop
  endfacet
  facet normal 0.9207141415868668 -0.3902377089441243 0
    outer loop
      vertex 27.109620980918407 15.518856406211853 0.32
      vertex 27.109620980918407 15.518856406211853 0.48
      vertex 26.845161773264408 14.89489996433258 0.48
    endloop
  endfacet
  facet normal 0 0 -1
    outer loop
      vertex 21.837710589170456 16.374239467084408 0.32
      vertex 21.987594217061996 16.7158145904541 0.32
      vertex 26.56275610625744 14.301380418241024 0.32
    endloop
  endfacet
  facet normal 0 0 -1
    outer loop
      vertex 21.987594217061996 16.7158145904541 0.32
      vertex 22.1314469948411 17.074906386435032 0.32
      vertex 26.845161773264408 14.89489996433258 0.32
    endloop
  endfacet
  facet normal 0 0 -1
    outer loop
      vertex 22.1314469948411 17.074906386435032 0.32
      vertex 22.269268922507763 17.4515148550272 0.32
      vertex 27.109620980918407 15.518856406211853 0.32
    endloop
  endfacet
  facet normal 0 0 -1
    outer loop
      vertex 22.269268922507763 17.4515148550272 0.32
      vertex 22.40106000006199 17.845640003681183 0.32
      vertex 27.356133721768856 16.173249751329422 0.32
    endloop
  endfacet
  facet normal 0 0 -1
    outer loop
      vertex 22.1314469948411 17.074906386435032 0.32
      vertex 27.109620980918407 15.518856406211853 0.32
      vertex 26.845161773264408 14.89489996433258 0.32
    endloop
  endfacet
  facet normal 0 0 -1
    outer loop
      vertex 22.269268922507763 17.4515148550272 0.32
      vertex 27.356133721768856 16.173249751329422 0.32
      vertex 27.109620980918407 15.518856406211853 0.32
    endloop
  endfacet
  facet normal 0 0 -1
    outer loop
      vertex 22.40106000006199 17.845640003681183 0.32
      vertex 27.584700003266335 16.858079999685287 0.32
      vertex 27.356133721768856 16.173249751329422 0.32
    endloop
  endfacet
  facet normal 0 0 1
    outer loop
      vertex 21.837710589170456 16.374239467084408 0.48
      vertex 26.56275610625744 14.301380418241024 0.48
      vertex 21.987594217061996 16.7158145904541 0.48
    endloop
  endfacet
  facet normal 0 0 1
    outer loop
      vertex 21.987594217061996 16.7158145904541 0.48
      vertex 26.845161773264408 14.89489996433258 0.48
      vertex 22.1314469948411 17.074906386435032 0.48
    endloop
  endfacet
  facet normal 0 0 1
    outer loop
      vertex 22.1314469948411 17.074906386435032 0.48
      vertex 27.109620980918407 15.518856406211853 0.48
      vertex 22.269268922507763 17.4515148550272 0.48
    endloop
  endfacet
  facet normal 0.18714868264942985 0.9823315990960401 0
    outer loop
      vertex 22.40106000006199 17.845640003681183 0.32
      vertex 22.40106000006199 17.845640003681183 0.48
      vertex 27.584700003266335 16.858079999685287 0.48
    endloop
  endfacet
  facet normal 0 0 1
    outer loop
      vertex 22.269268922507763 17.4515148550272 0.48
      vertex 27.356133721768856 16.173249751329422 0.48
      vertex 22.40106000006199 17.845640003681183 0.48
    endloop
  endfacet
  facet normal 0.18714868264942985 0.9823315990960401 0
    outer loop
      vertex 22.40106000006199 17.845640003681183 0.32
      vertex 27.584700003266335 16.858079999685287 0.48
      vertex 27.584700003266335 16.858079999685287 0.32
    endloop
  endfacet
  facet normal 0.9358038077715612 -0.35252125235260195 0
    outer loop
      vertex 27.109620980918407 15.518856406211853 0.32
      vertex 27.356133721768856 16.173249751329422 0.32
      vertex 27.109620980918407 15.518856406211853 0.48
    endloop
  endfacet
  facet normal 0.9485629195651178 -0.3165886726117971 0
    outer loop
      vertex 27.356133721768856 16.173249751329422 0.32
      vertex 27.584700003266335 16.858079999685287 0.32
      vertex 27.356133721768856 16.173249751329422 0.48
    endloop
  endfacet
  facet normal 0 0 1
    outer loop
      vertex 22.1314469948411 17.074906386435032 0.48
      vertex 26.845161773264408 14.89489996433258 0.48
      vertex 27.109620980918407 15.518856406211853 0.48
    endloop
  endfacet
  facet normal 0 0 1
    outer loop
      vertex 22.269268922507763 17.4515148550272 0.48
      vertex 27.109620980918407 15.518856406211853 0.48
      vertex 27.356133721768856 16.173249751329422 0.48
    endloop
  endfacet
  facet normal 0 0 1
    outer loop
      vertex 22.40106000006199 17.845640003681183 0.48
      vertex 27.356133721768856 16.173249751329422 0.48
      vertex 27.584700003266335 16.858079999685287 0.48
    endloop
  endfacet
  facet normal 0.9358038077715612 -0.35252125235260195 0
    outer loop
      vertex 27.356133721768856 16.173249751329422 0.32
      vertex 27.356133721768856 16.173249751329422 0.48
      vertex 27.109620980918407 15.518856406211853 0.48
    endloop
  endfacet
  facet normal 0.9485629195651178 -0.3165886726117971 0
    outer loop
      vertex 27.584700003266335 16.858079999685287 0.32
      vertex 27.584700003266335 16.858079999685287 0.48
      vertex 27.356133721768856 16.173249751329422 0.48
    endloop
  endfacet
  facet normal -0.9623850790862785 -0.2716890861851052 0
    outer loop
      vertex 21.88865999877453 26.56063999980688 0.32
      vertex 21.839727222919464 26.733971118927002 0.48
      vertex 21.839727222919464 26.733971118927002 0.32
    endloop
  endfacet
  facet normal -0.9577674650068223 -0.2875438800851195 0
    outer loop
      vertex 21.839727222919464 26.733971118927002 0.32
      vertex 21.788713231682777 26.903891414403915 0.48
      vertex 21.788713231682777 26.903891414403915 0.32
    endloop
  endfacet
  facet normal -0.9527356304472895 -0.3038006229029259 0
    outer loop
      vertex 21.788713231682777 26.903891414403915 0.32
      vertex 21.73561803251505 27.070400908589363 0.48
      vertex 21.73561803251505 27.070400908589363 0.32
    endloop
  endfacet
  facet normal -0.9413187610814944 -0.3375188735996855 0
    outer loop
      vertex 21.68044162541628 27.233499586582184 0.32
      vertex 21.623184010386467 27.393187448382378 0.48
      vertex 21.623184010386467 27.393187448382378 0.32
    endloop
  endfacet
  facet normal -0.9472622083765139 -0.3204595272131098 0
    outer loop
      vertex 21.73561803251505 27.070400908589363 0.32
      vertex 21.68044162541628 27.233499586582184 0.48
      vertex 21.68044162541628 27.233499586582184 0.32
    endloop
  endfacet
  facet normal -0.9348758163611439 -0.35497493993672957 0
    outer loop
      vertex 21.563845179975033 27.549464501440525 0.32
      vertex 21.623184010386467 27.393187448382378 0.32
      vertex 21.563845179975033 27.549464501440525 0.48
    endloop
  endfacet
  facet normal -0.9279030294099262 -0.3728216302897158 0
    outer loop
      vertex 21.563845179975033 27.549464501440525 0.32
      vertex 21.502425141632557 27.702330738306046 0.48
      vertex 21.502425141632557 27.702330738306046 0.32
    endloop
  endfacet
  facet normal -0.9122429054381729 -0.4096497058191555 0
    outer loop
      vertex 21.3733414337039 27.997830778360367 0.32
      vertex 21.43892389535904 27.85178615897894 0.32
      vertex 21.3733414337039 27.997830778360367 0.48
    endloop
  endfacet
  facet normal -0.9034919291989745 -0.4286051024804945 0
    outer loop
      vertex 21.3056777715683 28.140464574098587 0.32
      vertex 21.3733414337039 27.997830778360367 0.32
      vertex 21.3056777715683 28.140464574098587 0.48
    endloop
  endfacet
  facet normal -0.8940842938158164 -0.44789873359038757 0
    outer loop
      vertex 21.3056777715683 28.140464574098587 0.32
      vertex 21.235932894051075 28.27968756109476 0.48
      vertex 21.235932894051075 28.27968756109476 0.32
    endloop
  endfacet
  facet normal -0.8839882876748955 -0.4675090451035214 0
    outer loop
      vertex 21.235932894051075 28.27968756109476 0.32
      vertex 21.16410680860281 28.415499731898308 0.48
      vertex 21.16410680860281 28.415499731898308 0.32
    endloop
  endfacet
  facet normal -0.8731728173010798 -0.4874107417020013 0
    outer loop
      vertex 21.090199507772923 28.54790109395981 0.32
      vertex 21.16410680860281 28.415499731898308 0.32
      vertex 21.090199507772923 28.54790109395981 0.48
    endloop
  endfacet
  facet normal -0.9203692814027135 -0.3910503622939796 0
    outer loop
      vertex 21.502425141632557 27.702330738306046 0.32
      vertex 21.43892389535904 27.85178615897894 0.48
      vertex 21.43892389535904 27.85178615897894 0.32
    endloop
  endfacet
  facet normal -0.8616079347628224 -0.5075743952897388 0
    outer loop
      vertex 21.090199507772923 28.54790109395981 0.32
      vertex 21.090199507772923 28.54790109395981 0.48
      vertex 21.014210999011993 28.676891647279263 0.48
    endloop
  endfacet
  facet normal -0.9623850790862785 -0.2716890861851052 0
    outer loop
      vertex 21.88865999877453 26.56063999980688 0.32
      vertex 21.88865999877453 26.56063999980688 0.48
      vertex 21.839727222919464 26.733971118927002 0.48
    endloop
  endfacet
  facet normal -0.9577674650068223 -0.2875438800851195 0
    outer loop
      vertex 21.839727222919464 26.733971118927002 0.32
      vertex 21.839727222919464 26.733971118927002 0.48
      vertex 21.788713231682777 26.903891414403915 0.48
    endloop
  endfacet
  facet normal -0.9472622083765139 -0.3204595272131098 0
    outer loop
      vertex 21.73561803251505 27.070400908589363 0.32
      vertex 21.73561803251505 27.070400908589363 0.48
      vertex 21.68044162541628 27.233499586582184 0.48
    endloop
  endfacet
  facet normal -0.9413187610814944 -0.3375188735996855 0
    outer loop
      vertex 21.68044162541628 27.233499586582184 0.32
      vertex 21.68044162541628 27.233499586582184 0.48
      vertex 21.623184010386467 27.393187448382378 0.48
    endloop
  endfacet
  facet normal -0.9203692814027135 -0.3910503622939796 0
    outer loop
      vertex 21.502425141632557 27.702330738306046 0.32
      vertex 21.502425141632557 27.702330738306046 0.48
      vertex 21.43892389535904 27.85178615897894 0.48
    endloop
  endfacet
  facet normal -0.9279030294099262 -0.3728216302897158 0
    outer loop
      vertex 21.563845179975033 27.549464501440525 0.32
      vertex 21.563845179975033 27.549464501440525 0.48
      vertex 21.502425141632557 27.702330738306046 0.48
    endloop
  endfacet
  facet normal -0.9348758163611439 -0.35497493993672957 0
    outer loop
      vertex 21.623184010386467 27.393187448382378 0.32
      vertex 21.623184010386467 27.393187448382378 0.48
      vertex 21.563845179975033 27.549464501440525 0.48
    endloop
  endfacet
  facet normal -0.9122429054381729 -0.4096497058191555 0
    outer loop
      vertex 21.43892389535904 27.85178615897894 0.32
      vertex 21.43892389535904 27.85178615897894 0.48
      vertex 21.3733414337039 27.997830778360367 0.48
    endloop
  endfacet
  facet normal -0.8940842938158164 -0.44789873359038757 0
    outer loop
      vertex 21.3056777715683 28.140464574098587 0.32
      vertex 21.3056777715683 28.140464574098587 0.48
      vertex 21.235932894051075 28.27968756109476 0.48
    endloop
  endfacet
  facet normal -0.9034919291989745 -0.4286051024804945 0
    outer loop
      vertex 21.3733414337039 27.997830778360367 0.32
      vertex 21.3733414337039 27.997830778360367 0.48
      vertex 21.3056777715683 28.140464574098587 0.48
    endloop
  endfacet
  facet normal -0.8839882876748955 -0.4675090451035214 0
    outer loop
      vertex 21.235932894051075 28.27968756109476 0.32
      vertex 21.235932894051075 28.27968756109476 0.48
      vertex 21.16410680860281 28.415499731898308 0.48
    endloop
  endfacet
  facet normal -0.8731728173010798 -0.4874107417020013 0
    outer loop
      vertex 21.16410680860281 28.415499731898308 0.32
      vertex 21.16410680860281 28.415499731898308 0.48
      vertex 21.090199507772923 28.54790109395981 0.48
    endloop
  endfacet
  facet normal -0.9527356304472895 -0.3038006229029259 0
    outer loop
      vertex 21.788713231682777 26.903891414403915 0.32
      vertex 21.788713231682777 26.903891414403915 0.48
      vertex 21.73561803251505 27.070400908589363 0.48
    endloop
  endfacet
  facet normal 0 0 -1
    outer loop
      vertex 17.272007293999195 30.778676442801952 0.32
      vertex 17.63545999675989 35.20003999769688 0.32
      vertex 17.711340002715588 30.79507999867201 0.32
    endloop
  endfacet
  facet normal 0 0 -1
    outer loop
      vertex 17.711340002715588 30.79507999867201 0.32
      vertex 17.63545999675989 35.20003999769688 0.32
      vertex 17.83456276357174 30.792980261147022 0.32
    endloop
  endfacet
  facet normal 0 0 -1
    outer loop
      vertex 17.83456276357174 30.792980261147022 0.32
      vertex 17.940387412905693 35.196522265672684 0.32
      vertex 17.95656495541334 30.786681056022644 0.32
    endloop
  endfacet
  facet normal 0 0 -1
    outer loop
      vertex 17.95656495541334 30.786681056022644 0.32
      vertex 18.240971378982067 35.185969077050686 0.32
      vertex 18.077346578240395 30.776182383298874 0.32
    endloop
  endfacet
  facet normal 0 0 -1
    outer loop
      vertex 18.077346578240395 30.776182383298874 0.32
      vertex 18.537211909890175 35.16838041692972 0.32
      vertex 18.19690763950348 30.76148423552513 0.32
    endloop
  endfacet
  facet normal 0 0 -1
    outer loop
      vertex 18.19690763950348 30.76148423552513 0.32
      vertex 18.829108998179436 35.14375629276037 0.32
      vertex 18.315248131752014 30.742586612701416 0.32
    endloop
  endfacet
  facet normal 0 0 -1
    outer loop
      vertex 17.83456276357174 30.792980261147022 0.32
      vertex 17.63545999675989 35.20003999769688 0.32
      vertex 17.940387412905693 35.196522265672684 0.32
    endloop
  endfacet
  facet normal 0 0 -1
    outer loop
      vertex 17.95656495541334 30.786681056022644 0.32
      vertex 17.940387412905693 35.196522265672684 0.32
      vertex 18.240971378982067 35.185969077050686 0.32
    endloop
  endfacet
  facet normal 0 0 -1
    outer loop
      vertex 18.077346578240395 30.776182383298874 0.32
      vertex 18.240971378982067 35.185969077050686 0.32
      vertex 18.537211909890175 35.16838041692972 0.32
    endloop
  endfacet
  facet normal 0 0 -1
    outer loop
      vertex 18.315248131752014 30.742586612701416 0.32
      vertex 19.11666264384985 35.11209671199322 0.32
      vertex 18.432368054986 30.71948952972889 0.32
    endloop
  endfacet
  facet normal 0 0 -1
    outer loop
      vertex 18.432368054986 30.71948952972889 0.32
      vertex 19.399872854351997 35.07340166717768 0.32
      vertex 18.548267409205437 30.69219296425581 0.32
    endloop
  endfacet
  facet normal 0 0 -1
    outer loop
      vertex 18.662946201860905 30.66069693863392 0.32
      vertex 18.548267409205437 30.69219296425581 0.32
      vertex 19.678739622235298 35.02767115086317 0.32
    endloop
  endfacet
  facet normal 0 0 -1
    outer loop
      vertex 18.662946201860905 30.66069693863392 0.32
      vertex 19.678739622235298 35.02767115086317 0.32
      vertex 18.776404425501823 30.625001437962055 0.32
    endloop
  endfacet
  facet normal 0 0 -1
    outer loop
      vertex 18.776404425501823 30.625001437962055 0.32
      vertex 19.953262947499752 34.97490517795086 0.32
      vertex 18.888642080128193 30.58510646224022 0.32
    endloop
  endfacet
  facet normal 0 0 -1
    outer loop
      vertex 18.888642080128193 30.58510646224022 0.32
      vertex 20.22344283759594 34.91510374099016 0.32
      vertex 18.999659165740013 30.54101202636957 0.32
    endloop
  endfacet
  facet normal 0 0 -1
    outer loop
      vertex 18.999659165740013 30.54101202636957 0.32
      vertex 20.48927928507328 34.84826683998108 0.32
      vertex 19.109455689787865 30.49271810799837 0.32
    endloop
  endfacet
  facet normal 0 0 -1
    outer loop
      vertex 19.109455689787865 30.49271810799837 0.32
      vertex 20.750772289931774 34.77439448237419 0.32
      vertex 19.218031644821167 30.44022472947836 0.32
    endloop
  endfacet
  facet normal 0 0 -1
    outer loop
      vertex 18.776404425501823 30.625001437962055 0.32
      vertex 19.678739622235298 35.02767115086317 0.32
      vertex 19.953262947499752 34.97490517795086 0.32
    endloop
  endfacet
  facet normal 0 0 -1
    outer loop
      vertex 18.888642080128193 30.58510646224022 0.32
      vertex 19.953262947499752 34.97490517795086 0.32
      vertex 20.22344283759594 34.91510374099016 0.32
    endloop
  endfacet
  facet normal 0 0 -1
    outer loop
      vertex 18.19690763950348 30.76148423552513 0.32
      vertex 18.537211909890175 35.16838041692972 0.32
      vertex 18.829108998179436 35.14375629276037 0.32
    endloop
  endfacet
  facet normal 0 0 -1
    outer loop
      vertex 18.315248131752014 30.742586612701416 0.32
      vertex 18.829108998179436 35.14375629276037 0.32
      vertex 19.11666264384985 35.11209671199322 0.32
    endloop
  endfacet
  facet normal 0 0 -1
    outer loop
      vertex 18.432368054986 30.71948952972889 0.32
      vertex 19.11666264384985 35.11209671199322 0.32
      vertex 19.399872854351997 35.07340166717768 0.32
    endloop
  endfacet
  facet normal 0 0 -1
    outer loop
      vertex 18.548267409205437 30.69219296425581 0.32
      vertex 19.399872854351997 35.07340166717768 0.32
      vertex 19.678739622235298 35.02767115086317 0.32
    endloop
  endfacet
  facet normal 0 0 -1
    outer loop
      vertex 19.218031644821167 30.44022472947836 0.32
      vertex 21.00792185217142 34.69348665326834 0.32
      vertex 19.32538703083992 30.383531868457794 0.32
    endloop
  endfacet
  facet normal 0 0 -1
    outer loop
      vertex 19.32538703083992 30.383531868457794 0.32
      vertex 21.2607279792428 34.60554336756468 0.32
      vertex 19.431521855294704 30.322639547288418 0.32
    endloop
  endfacet
  facet normal 0 0 -1
    outer loop
      vertex 19.431521855294704 30.322639547288418 0.32
      vertex 21.509190663695335 34.51056461036205 0.32
      vertex 19.53643610328436 30.25754775106907 0.32
    endloop
  endfacet
  facet normal 0 0 -1
    outer loop
      vertex 19.640129789710045 30.188256487250328 0.32
      vertex 19.53643610328436 30.25754775106907 0.32
      vertex 21.753309905529022 34.40855039656162 0.32
    endloop
  endfacet
  facet normal 0 0 -1
    outer loop
      vertex 19.742602914571762 30.114765748381615 0.32
      vertex 22.459606997668743 34.06029497087002 0.32
      vertex 19.84385546296835 30.03707554191351 0.32
    endloop
  endfacet
  facet normal 0 0 -1
    outer loop
      vertex 19.640129789710045 30.188256487250328 0.32
      vertex 21.993085712194443 34.29950071871281 0.32
      vertex 19.742602914571762 30.114765748381615 0.32
    endloop
  endfacet
  facet normal 0 0 -1
    outer loop
      vertex 19.84385546296835 30.03707554191351 0.32
      vertex 22.686352476477623 33.930138900876045 0.32
      vertex 19.943887449800968 29.95518586039543 0.32
    endloop
  endfacet
  facet normal 0 0 -1
    outer loop
      vertex 19.943887449800968 29.95518586039543 0.32
      vertex 22.908754520118237 33.79294737428427 0.32
      vertex 20.042698867619038 29.86909671127796 0.32
    endloop
  endfacet
  facet normal 0 0 -1
    outer loop
      vertex 20.042698867619038 29.86909671127796 0.32
      vertex 23.126813121140003 33.64872037619352 0.32
      vertex 20.140289716422558 29.77880808711052 0.32
    endloop
  endfacet
  facet normal 0 0 -1
    outer loop
      vertex 20.68944487720728 29.15874570608139 0.32
      vertex 24.70730884373188 32.245641969144344 0.32
      vertex 20.773758225142956 29.043398410081863 0.32
    endloop
  endfacet
  facet normal 0 0 -1
    outer loop
      vertex 20.936141282320023 28.80247137695551 0.32
      vertex 25.221560336649418 31.60680529475212 0.32
      vertex 21.014210999011993 28.676891647279263 0.32
    endloop
  endfacet
  facet normal 0 0 -1
    outer loop
      vertex 20.773758225142956 29.043398410081863 0.32
      vertex 24.883500300347805 32.03951697796583 0.32
      vertex 20.85599035769701 28.92464030534029 0.32
    endloop
  endfacet
  facet normal 0 0 -1
    outer loop
      vertex 20.936141282320023 28.80247137695551 0.32
      vertex 20.85599035769701 28.92464030534029 0.32
      vertex 25.054917469620705 31.82657141983509 0.32
    endloop
  endfacet
  facet normal 0 0 -1
    outer loop
      vertex 20.140289716422558 29.77880808711052 0.32
      vertex 23.340528279542923 33.497457921504974 0.32
      vertex 20.23666000366211 29.684320002794266 0.32
    endloop
  endfacet
  facet normal 0 0 -1
    outer loop
      vertex 20.23666000366211 29.684320002794266 0.32
      vertex 23.549900002777576 33.33916000276804 0.32
      vertex 20.331379398703575 29.58602676540613 0.32
    endloop
  endfacet
  facet normal 0 0 -1
    outer loop
      vertex 20.42401757836342 29.48432271927595 0.32
      vertex 23.954800114035606 33.00193625688553 0.32
      vertex 20.5145745575428 29.379207864403725 0.32
    endloop
  endfacet
  facet normal 0 0 -1
    outer loop
      vertex 20.331379398703575 29.58602676540613 0.32
      vertex 23.754737205803394 33.1739584133029 0.32
      vertex 20.42401757836342 29.48432271927595 0.32
    endloop
  endfacet
  facet normal 0 0 -1
    outer loop
      vertex 20.5145745575428 29.379207864403725 0.32
      vertex 24.150088734924793 32.82309353351593 0.32
      vertex 20.60305032134056 29.27068219333887 0.32
    endloop
  endfacet
  facet normal 0 0 -1
    outer loop
      vertex 20.60305032134056 29.27068219333887 0.32
      vertex 24.52634309977293 32.44494638592005 0.32
      vertex 20.68944487720728 29.15874570608139 0.32
    endloop
  endfacet
  facet normal 0 0 -1
    outer loop
      vertex 18.999659165740013 30.54101202636957 0.32
      vertex 20.22344283759594 34.91510374099016 0.32
      vertex 20.48927928507328 34.84826683998108 0.32
    endloop
  endfacet
  facet normal 0 0 -1
    outer loop
      vertex 19.109455689787865 30.49271810799837 0.32
      vertex 20.48927928507328 34.84826683998108 0.32
      vertex 20.750772289931774 34.77439448237419 0.32
    endloop
  endfacet
  facet normal 0 0 -1
    outer loop
      vertex 19.218031644821167 30.44022472947836 0.32
      vertex 20.750772289931774 34.77439448237419 0.32
      vertex 21.00792185217142 34.69348665326834 0.32
    endloop
  endfacet
  facet normal 0 0 -1
    outer loop
      vertex 19.32538703083992 30.383531868457794 0.32
      vertex 21.00792185217142 34.69348665326834 0.32
      vertex 21.2607279792428 34.60554336756468 0.32
    endloop
  endfacet
  facet normal 0 0 -1
    outer loop
      vertex 19.431521855294704 30.322639547288418 0.32
      vertex 21.2607279792428 34.60554336756468 0.32
      vertex 21.509190663695335 34.51056461036205 0.32
    endloop
  endfacet
  facet normal 0 0 -1
    outer loop
      vertex 19.53643610328436 30.25754775106907 0.32
      vertex 21.509190663695335 34.51056461036205 0.32
      vertex 21.753309905529022 34.40855039656162 0.32
    endloop
  endfacet
  facet normal 0 0 -1
    outer loop
      vertex 19.84385546296835 30.03707554191351 0.32
      vertex 22.459606997668743 34.06029497087002 0.32
      vertex 22.686352476477623 33.930138900876045 0.32
    endloop
  endfacet
  facet normal 0 0 -1
    outer loop
      vertex 19.640129789710045 30.188256487250328 0.32
      vertex 21.753309905529022 34.40855039656162 0.32
      vertex 21.993085712194443 34.29950071871281 0.32
    endloop
  endfacet
  facet normal 0 0 -1
    outer loop
      vertex 19.742602914571762 30.114765748381615 0.32
      vertex 21.993085712194443 34.29950071871281 0.32
      vertex 22.228518068790436 34.183415576815605 0.32
    endloop
  endfacet
  facet normal 0 0 -1
    outer loop
      vertex 19.742602914571762 30.114765748381615 0.32
      vertex 22.228518068790436 34.183415576815605 0.32
      vertex 22.459606997668743 34.06029497087002 0.32
    endloop
  endfacet
  facet normal 0 0 -1
    outer loop
      vertex 19.943887449800968 29.95518586039543 0.32
      vertex 22.686352476477623 33.930138900876045 0.32
      vertex 22.908754520118237 33.79294737428427 0.32
    endloop
  endfacet
  facet normal 0 0 -1
    outer loop
      vertex 20.042698867619038 29.86909671127796 0.32
      vertex 22.908754520118237 33.79294737428427 0.32
      vertex 23.126813121140003 33.64872037619352 0.32
    endloop
  endfacet
  facet normal 0 0 -1
    outer loop
      vertex 20.140289716422558 29.77880808711052 0.32
      vertex 23.126813121140003 33.64872037619352 0.32
      vertex 23.340528279542923 33.497457921504974 0.32
    endloop
  endfacet
  facet normal 0 0 -1
    outer loop
      vertex 20.23666000366211 29.684320002794266 0.32
      vertex 23.340528279542923 33.497457921504974 0.32
      vertex 23.549900002777576 33.33916000276804 0.32
    endloop
  endfacet
  facet normal 0.037311435089833055 -0.9993036859791607 0
    outer loop
      vertex 17.272007293999195 30.778676442801952 0.32
      vertex 17.711340002715588 30.79507999867201 0.32
      vertex 17.272007293999195 30.778676442801952 0.48
    endloop
  endfacet
  facet normal -0.017037702522675228 -0.9998548478117956 0
    outer loop
      vertex 17.711340002715588 30.79507999867201 0.32
      vertex 17.83456276357174 30.792980261147022 0.32
      vertex 17.711340002715588 30.79507999867201 0.48
    endloop
  endfacet
  facet normal -0.051563217034747005 -0.9986697325187279 0
    outer loop
      vertex 17.83456276357174 30.792980261147022 0.32
      vertex 17.95656495541334 30.786681056022644 0.32
      vertex 17.83456276357174 30.792980261147022 0.48
    endloop
  endfacet
  facet normal -0.08659623963833754 -0.9962434899563959 0
    outer loop
      vertex 17.95656495541334 30.786681056022644 0.32
      vertex 18.077346578240395 30.776182383298874 0.32
      vertex 17.95656495541334 30.786681056022644 0.48
    endloop
  endfacet
  facet normal -0.12201569287094506 -0.9925281712340578 0
    outer loop
      vertex 18.077346578240395 30.776182383298874 0.32
      vertex 18.19690763950348 30.76148423552513 0.32
      vertex 18.077346578240395 30.776182383298874 0.48
    endloop
  endfacet
  facet normal -0.15769062719267365 -0.98748856504548 0
    outer loop
      vertex 18.19690763950348 30.76148423552513 0.32
      vertex 18.315248131752014 30.742586612701416 0.32
      vertex 18.19690763950348 30.76148423552513 0.48
    endloop
  endfacet
  facet normal -0.19348232435975296 -0.9811037611590058 0
    outer loop
      vertex 18.315248131752014 30.742586612701416 0.32
      vertex 18.432368054986 30.71948952972889 0.32
      vertex 18.315248131752014 30.742586612701416 0.48
    endloop
  endfacet
  facet normal -0.22924725987890077 -0.9733682210951905 0
    outer loop
      vertex 18.432368054986 30.71948952972889 0.32
      vertex 18.548267409205437 30.69219296425581 0.32
      vertex 18.432368054986 30.71948952972889 0.48
    endloop
  endfacet
  facet normal -0.5555999323456094 -0.8314497670801011 0
    outer loop
      vertex 19.640129789710045 30.188256487250328 0.32
      vertex 19.53643610328436 30.25754775106907 0.48
      vertex 19.53643610328436 30.25754775106907 0.32
    endloop
  endfacet
  facet normal -0.5827895978342124 -0.8126230889263713 0
    outer loop
      vertex 19.640129789710045 30.188256487250328 0.32
      vertex 19.742602914571762 30.114765748381615 0.32
      vertex 19.640129789710045 30.188256487250328 0.48
    endloop
  endfacet
  facet normal -0.6087436423922349 -0.7933669881253157 0
    outer loop
      vertex 19.742602914571762 30.114765748381615 0.32
      vertex 19.84385546296835 30.03707554191351 0.32
      vertex 19.742602914571762 30.114765748381615 0.48
    endloop
  endfacet
  facet normal -0.30011124174026427 -0.953904210380223 0
    outer loop
      vertex 18.662946201860905 30.66069693863392 0.32
      vertex 18.776404425501823 30.625001437962055 0.32
      vertex 18.662946201860905 30.66069693863392 0.48
    endloop
  endfacet
  facet normal -0.3349221250022702 -0.9422458119747542 0
    outer loop
      vertex 18.776404425501823 30.625001437962055 0.32
      vertex 18.888642080128193 30.58510646224022 0.32
      vertex 18.776404425501823 30.625001437962055 0.48
    endloop
  endfacet
  facet normal -0.2648387491873359 -0.964292713302806 0
    outer loop
      vertex 18.662946201860905 30.66069693863392 0.32
      vertex 18.548267409205437 30.69219296425581 0.48
      vertex 18.548267409205437 30.69219296425581 0.32
    endloop
  endfacet
  facet normal -0.3691350708178068 -0.9293757579646311 0
    outer loop
      vertex 18.888642080128193 30.58510646224022 0.32
      vertex 18.999659165740013 30.54101202636957 0.32
      vertex 18.888642080128193 30.58510646224022 0.48
    endloop
  endfacet
  facet normal -0.40262299894821485 -0.9153658944476496 0
    outer loop
      vertex 18.999659165740013 30.54101202636957 0.32
      vertex 19.109455689787865 30.49271810799837 0.32
      vertex 18.999659165740013 30.54101202636957 0.48
    endloop
  endfacet
  facet normal -0.43526948415881145 -0.9003002144618883 0
    outer loop
      vertex 19.109455689787865 30.49271810799837 0.32
      vertex 19.218031644821167 30.44022472947836 0.32
      vertex 19.109455689787865 30.49271810799837 0.48
    endloop
  endfacet
  facet normal -0.4669716801759302 -0.8842722713698925 0
    outer loop
      vertex 19.218031644821167 30.44022472947836 0.32
      vertex 19.32538703083992 30.383531868457794 0.32
      vertex 19.218031644821167 30.44022472947836 0.48
    endloop
  endfacet
  facet normal -0.4976405029306166 -0.8673833811198847 0
    outer loop
      vertex 19.32538703083992 30.383531868457794 0.32
      vertex 19.431521855294704 30.322639547288418 0.32
      vertex 19.32538703083992 30.383531868457794 0.48
    endloop
  endfacet
  facet normal -0.5272026945848457 -0.8497395594077505 0
    outer loop
      vertex 19.431521855294704 30.322639547288418 0.32
      vertex 19.53643610328436 30.25754775106907 0.32
      vertex 19.431521855294704 30.322639547288418 0.48
    endloop
  endfacet
  facet normal 0.037311435089833055 -0.9993036859791607 0
    outer loop
      vertex 17.711340002715588 30.79507999867201 0.32
      vertex 17.711340002715588 30.79507999867201 0.48
      vertex 17.272007293999195 30.778676442801952 0.48
    endloop
  endfacet
  facet normal -0.017037702522675228 -0.9998548478117956 0
    outer loop
      vertex 17.83456276357174 30.792980261147022 0.32
      vertex 17.83456276357174 30.792980261147022 0.48
      vertex 17.711340002715588 30.79507999867201 0.48
    endloop
  endfacet
  facet normal -0.051563217034747005 -0.9986697325187279 0
    outer loop
      vertex 17.95656495541334 30.786681056022644 0.32
      vertex 17.95656495541334 30.786681056022644 0.48
      vertex 17.83456276357174 30.792980261147022 0.48
    endloop
  endfacet
  facet normal -0.08659623963833754 -0.9962434899563959 0
    outer loop
      vertex 18.077346578240395 30.776182383298874 0.32
      vertex 18.077346578240395 30.776182383298874 0.48
      vertex 17.95656495541334 30.786681056022644 0.48
    endloop
  endfacet
  facet normal -0.12201569287094506 -0.9925281712340578 0
    outer loop
      vertex 18.19690763950348 30.76148423552513 0.32
      vertex 18.19690763950348 30.76148423552513 0.48
      vertex 18.077346578240395 30.776182383298874 0.48
    endloop
  endfacet
  facet normal -0.15769062719267365 -0.98748856504548 0
    outer loop
      vertex 18.315248131752014 30.742586612701416 0.32
      vertex 18.315248131752014 30.742586612701416 0.48
      vertex 18.19690763950348 30.76148423552513 0.48
    endloop
  endfacet
  facet normal -0.19348232435975296 -0.9811037611590058 0
    outer loop
      vertex 18.432368054986 30.71948952972889 0.32
      vertex 18.432368054986 30.71948952972889 0.48
      vertex 18.315248131752014 30.742586612701416 0.48
    endloop
  endfacet
  facet normal -0.22924725987890077 -0.9733682210951905 0
    outer loop
      vertex 18.548267409205437 30.69219296425581 0.32
      vertex 18.548267409205437 30.69219296425581 0.48
      vertex 18.432368054986 30.71948952972889 0.48
    endloop
  endfacet
  facet normal -0.5555999323456094 -0.8314497670801011 0
    outer loop
      vertex 19.640129789710045 30.188256487250328 0.32
      vertex 19.640129789710045 30.188256487250328 0.48
      vertex 19.53643610328436 30.25754775106907 0.48
    endloop
  endfacet
  facet normal -0.5827895978342124 -0.8126230889263713 0
    outer loop
      vertex 19.742602914571762 30.114765748381615 0.32
      vertex 19.742602914571762 30.114765748381615 0.48
      vertex 19.640129789710045 30.188256487250328 0.48
    endloop
  endfacet
  facet normal -0.6087436423922349 -0.7933669881253157 0
    outer loop
      vertex 19.84385546296835 30.03707554191351 0.32
      vertex 19.84385546296835 30.03707554191351 0.48
      vertex 19.742602914571762 30.114765748381615 0.48
    endloop
  endfacet
  facet normal -0.30011124174026427 -0.953904210380223 0
    outer loop
      vertex 18.776404425501823 30.625001437962055 0.32
      vertex 18.776404425501823 30.625001437962055 0.48
      vertex 18.662946201860905 30.66069693863392 0.48
    endloop
  endfacet
  facet normal -0.2648387491873359 -0.964292713302806 0
    outer loop
      vertex 18.662946201860905 30.66069693863392 0.32
      vertex 18.662946201860905 30.66069693863392 0.48
      vertex 18.548267409205437 30.69219296425581 0.48
    endloop
  endfacet
  facet normal -0.3349221250022702 -0.9422458119747542 0
    outer loop
      vertex 18.888642080128193 30.58510646224022 0.32
      vertex 18.888642080128193 30.58510646224022 0.48
      vertex 18.776404425501823 30.625001437962055 0.48
    endloop
  endfacet
  facet normal -0.3691350708178068 -0.9293757579646311 0
    outer loop
      vertex 18.999659165740013 30.54101202636957 0.32
      vertex 18.999659165740013 30.54101202636957 0.48
      vertex 18.888642080128193 30.58510646224022 0.48
    endloop
  endfacet
  facet normal -0.40262299894821485 -0.9153658944476496 0
    outer loop
      vertex 19.109455689787865 30.49271810799837 0.32
      vertex 19.109455689787865 30.49271810799837 0.48
      vertex 18.999659165740013 30.54101202636957 0.48
    endloop
  endfacet
  facet normal -0.4669716801759302 -0.8842722713698925 0
    outer loop
      vertex 19.32538703083992 30.383531868457794 0.32
      vertex 19.32538703083992 30.383531868457794 0.48
      vertex 19.218031644821167 30.44022472947836 0.48
    endloop
  endfacet
  facet normal -0.43526948415881145 -0.9003002144618883 0
    outer loop
      vertex 19.218031644821167 30.44022472947836 0.32
      vertex 19.218031644821167 30.44022472947836 0.48
      vertex 19.109455689787865 30.49271810799837 0.48
    endloop
  endfacet
  facet normal -0.4976405029306166 -0.8673833811198847 0
    outer loop
      vertex 19.431521855294704 30.322639547288418 0.32
      vertex 19.431521855294704 30.322639547288418 0.48
      vertex 19.32538703083992 30.383531868457794 0.48
    endloop
  endfacet
  facet normal -0.5272026945848457 -0.8497395594077505 0
    outer loop
      vertex 19.53643610328436 30.25754775106907 0.32
      vertex 19.53643610328436 30.25754775106907 0.48
      vertex 19.431521855294704 30.322639547288418 0.48
    endloop
  endfacet
  facet normal -0.026946152447267592 0.9996368865084404 0
    outer loop
      vertex 16.718018032610416 35.17530948668718 0.32
      vertex 17.63545999675989 35.20003999769688 0.48
      vertex 17.63545999675989 35.20003999769688 0.32
    endloop
  endfacet
  facet normal 0.01153552544232698 0.9999334636128393 0
    outer loop
      vertex 17.63545999675989 35.20003999769688 0.32
      vertex 17.940387412905693 35.196522265672684 0.48
      vertex 17.940387412905693 35.196522265672684 0.32
    endloop
  endfacet
  facet normal 0.035087335603290734 0.9993842498660173 0
    outer loop
      vertex 17.940387412905693 35.196522265672684 0.32
      vertex 18.240971378982067 35.185969077050686 0.48
      vertex 18.240971378982067 35.185969077050686 0.32
    endloop
  endfacet
  facet normal 0.05926852929878642 0.9982420755682255 0
    outer loop
      vertex 18.240971378982067 35.185969077050686 0.32
      vertex 18.537211909890175 35.16838041692972 0.48
      vertex 18.537211909890175 35.16838041692972 0.32
    endloop
  endfacet
  facet normal 0.08406034914101698 0.9964606654064626 0
    outer loop
      vertex 18.537211909890175 35.16838041692972 0.32
      vertex 18.829108998179436 35.14375629276037 0.48
      vertex 18.829108998179436 35.14375629276037 0.32
    endloop
  endfacet
  facet normal 0.1094384313501561 0.9939935763090308 0
    outer loop
      vertex 18.829108998179436 35.14375629276037 0.32
      vertex 19.11666264384985 35.11209671199322 0.48
      vertex 19.11666264384985 35.11209671199322 0.32
    endloop
  endfacet
  facet normal 0.13537240988443533 0.9907947873510843 0
    outer loop
      vertex 19.11666264384985 35.11209671199322 0.32
      vertex 19.399872854351997 35.07340166717768 0.48
      vertex 19.399872854351997 35.07340166717768 0.32
    endloop
  endfacet
  facet normal 0.1618255211135887 0.9868193860663235 0
    outer loop
      vertex 19.399872854351997 35.07340166717768 0.32
      vertex 19.678739622235298 35.02767115086317 0.48
      vertex 19.678739622235298 35.02767115086317 0.32
    endloop
  endfacet
  facet normal 0 0 1
    outer loop
      vertex 17.272007293999195 30.778676442801952 0.48
      vertex 17.711340002715588 30.79507999867201 0.48
      vertex 17.63545999675989 35.20003999769688 0.48
    endloop
  endfacet
  facet normal 0 0 1
    outer loop
      vertex 17.711340002715588 30.79507999867201 0.48
      vertex 17.83456276357174 30.792980261147022 0.48
      vertex 17.63545999675989 35.20003999769688 0.48
    endloop
  endfacet
  facet normal 0 0 1
    outer loop
      vertex 17.83456276357174 30.792980261147022 0.48
      vertex 17.95656495541334 30.786681056022644 0.48
      vertex 17.940387412905693 35.196522265672684 0.48
    endloop
  endfacet
  facet normal 0 0 1
    outer loop
      vertex 17.95656495541334 30.786681056022644 0.48
      vertex 18.077346578240395 30.776182383298874 0.48
      vertex 18.240971378982067 35.185969077050686 0.48
    endloop
  endfacet
  facet normal 0 0 1
    outer loop
      vertex 18.077346578240395 30.776182383298874 0.48
      vertex 18.19690763950348 30.76148423552513 0.48
      vertex 18.537211909890175 35.16838041692972 0.48
    endloop
  endfacet
  facet normal 0 0 1
    outer loop
      vertex 18.19690763950348 30.76148423552513 0.48
      vertex 18.315248131752014 30.742586612701416 0.48
      vertex 18.829108998179436 35.14375629276037 0.48
    endloop
  endfacet
  facet normal 0.01153552544232698 0.9999334636128393 0
    outer loop
      vertex 17.63545999675989 35.20003999769688 0.32
      vertex 17.63545999675989 35.20003999769688 0.48
      vertex 17.940387412905693 35.196522265672684 0.48
    endloop
  endfacet
  facet normal 0.035087335603290734 0.9993842498660173 0
    outer loop
      vertex 17.940387412905693 35.196522265672684 0.32
      vertex 17.940387412905693 35.196522265672684 0.48
      vertex 18.240971378982067 35.185969077050686 0.48
    endloop
  endfacet
  facet normal 0.05926852929878642 0.9982420755682255 0
    outer loop
      vertex 18.240971378982067 35.185969077050686 0.32
      vertex 18.240971378982067 35.185969077050686 0.48
      vertex 18.537211909890175 35.16838041692972 0.48
    endloop
  endfacet
  facet normal 0 0 1
    outer loop
      vertex 17.83456276357174 30.792980261147022 0.48
      vertex 17.940387412905693 35.196522265672684 0.48
      vertex 17.63545999675989 35.20003999769688 0.48
    endloop
  endfacet
  facet normal 0 0 1
    outer loop
      vertex 17.95656495541334 30.786681056022644 0.48
      vertex 18.240971378982067 35.185969077050686 0.48
      vertex 17.940387412905693 35.196522265672684 0.48
    endloop
  endfacet
  facet normal 0 0 1
    outer loop
      vertex 18.077346578240395 30.776182383298874 0.48
      vertex 18.537211909890175 35.16838041692972 0.48
      vertex 18.240971378982067 35.185969077050686 0.48
    endloop
  endfacet
  facet normal 0 0 1
    outer loop
      vertex 18.315248131752014 30.742586612701416 0.48
      vertex 18.432368054986 30.71948952972889 0.48
      vertex 19.11666264384985 35.11209671199322 0.48
    endloop
  endfacet
  facet normal 0 0 1
    outer loop
      vertex 18.432368054986 30.71948952972889 0.48
      vertex 18.548267409205437 30.69219296425581 0.48
      vertex 19.399872854351997 35.07340166717768 0.48
    endloop
  endfacet
  facet normal 0 0 1
    outer loop
      vertex 18.662946201860905 30.66069693863392 0.48
      vertex 19.678739622235298 35.02767115086317 0.48
      vertex 18.548267409205437 30.69219296425581 0.48
    endloop
  endfacet
  facet normal 0 0 1
    outer loop
      vertex 18.662946201860905 30.66069693863392 0.48
      vertex 18.776404425501823 30.625001437962055 0.48
      vertex 19.678739622235298 35.02767115086317 0.48
    endloop
  endfacet
  facet normal 0 0 1
    outer loop
      vertex 18.776404425501823 30.625001437962055 0.48
      vertex 18.888642080128193 30.58510646224022 0.48
      vertex 19.953262947499752 34.97490517795086 0.48
    endloop
  endfacet
  facet normal 0 0 1
    outer loop
      vertex 18.888642080128193 30.58510646224022 0.48
      vertex 18.999659165740013 30.54101202636957 0.48
      vertex 20.22344283759594 34.91510374099016 0.48
    endloop
  endfacet
  facet normal 0 0 1
    outer loop
      vertex 18.999659165740013 30.54101202636957 0.48
      vertex 19.109455689787865 30.49271810799837 0.48
      vertex 20.48927928507328 34.84826683998108 0.48
    endloop
  endfacet
  facet normal 0 0 1
    outer loop
      vertex 19.109455689787865 30.49271810799837 0.48
      vertex 19.218031644821167 30.44022472947836 0.48
      vertex 20.750772289931774 34.77439448237419 0.48
    endloop
  endfacet
  facet normal 0 0 1
    outer loop
      vertex 18.776404425501823 30.625001437962055 0.48
      vertex 19.953262947499752 34.97490517795086 0.48
      vertex 19.678739622235298 35.02767115086317 0.48
    endloop
  endfacet
  facet normal 0 0 1
    outer loop
      vertex 18.888642080128193 30.58510646224022 0.48
      vertex 20.22344283759594 34.91510374099016 0.48
      vertex 19.953262947499752 34.97490517795086 0.48
    endloop
  endfacet
  facet normal 0.08406034914101698 0.9964606654064626 0
    outer loop
      vertex 18.537211909890175 35.16838041692972 0.32
      vertex 18.537211909890175 35.16838041692972 0.48
      vertex 18.829108998179436 35.14375629276037 0.48
    endloop
  endfacet
  facet normal 0.1094384313501561 0.9939935763090308 0
    outer loop
      vertex 18.829108998179436 35.14375629276037 0.32
      vertex 18.829108998179436 35.14375629276037 0.48
      vertex 19.11666264384985 35.11209671199322 0.48
    endloop
  endfacet
  facet normal 0.13537240988443533 0.9907947873510843 0
    outer loop
      vertex 19.11666264384985 35.11209671199322 0.32
      vertex 19.11666264384985 35.11209671199322 0.48
      vertex 19.399872854351997 35.07340166717768 0.48
    endloop
  endfacet
  facet normal 0.1618255211135887 0.9868193860663235 0
    outer loop
      vertex 19.399872854351997 35.07340166717768 0.32
      vertex 19.399872854351997 35.07340166717768 0.48
      vertex 19.678739622235298 35.02767115086317 0.48
    endloop
  endfacet
  facet normal 0.18875434178630415 0.9820243369982331 0
    outer loop
      vertex 19.678739622235298 35.02767115086317 0.32
      vertex 19.678739622235298 35.02767115086317 0.48
      vertex 19.953262947499752 34.97490517795086 0.48
    endloop
  endfacet
  facet normal 0 0 1
    outer loop
      vertex 18.19690763950348 30.76148423552513 0.48
      vertex 18.829108998179436 35.14375629276037 0.48
      vertex 18.537211909890175 35.16838041692972 0.48
    endloop
  endfacet
  facet normal 0 0 1
    outer loop
      vertex 18.315248131752014 30.742586612701416 0.48
      vertex 19.11666264384985 35.11209671199322 0.48
      vertex 18.829108998179436 35.14375629276037 0.48
    endloop
  endfacet
  facet normal 0 0 1
    outer loop
      vertex 18.432368054986 30.71948952972889 0.48
      vertex 19.399872854351997 35.07340166717768 0.48
      vertex 19.11666264384985 35.11209671199322 0.48
    endloop
  endfacet
  facet normal 0 0 1
    outer loop
      vertex 18.548267409205437 30.69219296425581 0.48
      vertex 19.678739622235298 35.02767115086317 0.48
      vertex 19.399872854351997 35.07340166717768 0.48
    endloop
  endfacet
  facet normal -0.6791112469595926 -0.734035363080681 0
    outer loop
      vertex 20.042698867619038 29.86909671127796 0.32
      vertex 20.140289716422558 29.77880808711052 0.32
      vertex 20.042698867619038 29.86909671127796 0.48
    endloop
  endfacet
  facet normal -0.6334478003986453 -0.7737854251471256 0
    outer loop
      vertex 19.84385546296835 30.03707554191351 0.32
      vertex 19.943887449800968 29.95518586039543 0.32
      vertex 19.84385546296835 30.03707554191351 0.48
    endloop
  endfacet
  facet normal -0.6569004562514003 -0.753977314364764 0
    outer loop
      vertex 19.943887449800968 29.95518586039543 0.32
      vertex 20.042698867619038 29.86909671127796 0.32
      vertex 19.943887449800968 29.95518586039543 0.48
    endloop
  endfacet
  facet normal -0.7000994078234866 -0.7140453901295095 0
    outer loop
      vertex 20.140289716422558 29.77880808711052 0.32
      vertex 20.23666000366211 29.684320002794266 0.32
      vertex 20.140289716422558 29.77880808711052 0.48
    endloop
  endfacet
  facet normal -0.7200762181347126 -0.6938949776996588 0
    outer loop
      vertex 20.23666000366211 29.684320002794266 0.32
      vertex 20.331379398703575 29.58602676540613 0.32
      vertex 20.23666000366211 29.684320002794266 0.48
    endloop
  endfacet
  facet normal -0.739288634853783 -0.6733886800177367 0
    outer loop
      vertex 20.331379398703575 29.58602676540613 0.32
      vertex 20.42401757836342 29.48432271927595 0.32
      vertex 20.331379398703575 29.58602676540613 0.48
    endloop
  endfacet
  facet normal -0.757621204568955 -0.6526945000438457 0
    outer loop
      vertex 20.42401757836342 29.48432271927595 0.32
      vertex 20.5145745575428 29.379207864403725 0.32
      vertex 20.42401757836342 29.48432271927595 0.48
    endloop
  endfacet
  facet normal -0.7750690493145282 -0.6318765455329651 0
    outer loop
      vertex 20.5145745575428 29.379207864403725 0.32
      vertex 20.60305032134056 29.27068219333887 0.32
      vertex 20.5145745575428 29.379207864403725 0.48
    endloop
  endfacet
  facet normal -0.8073207884526395 -0.5901128235619088 0
    outer loop
      vertex 20.68944487720728 29.15874570608139 0.32
      vertex 20.773758225142956 29.043398410081863 0.32
      vertex 20.68944487720728 29.15874570608139 0.48
    endloop
  endfacet
  facet normal -0.7916332747001941 -0.6109965289487717 0
    outer loop
      vertex 20.60305032134056 29.27068219333887 0.32
      vertex 20.68944487720728 29.15874570608139 0.32
      vertex 20.60305032134056 29.27068219333887 0.48
    endloop
  endfacet
  facet normal -0.8221436449972445 -0.5692800953754179 0
    outer loop
      vertex 20.773758225142956 29.043398410081863 0.32
      vertex 20.85599035769701 28.92464030534029 0.32
      vertex 20.773758225142956 29.043398410081863 0.48
    endloop
  endfacet
  facet normal -0.8361183339233696 -0.5485491151001964 0
    outer loop
      vertex 20.936141282320023 28.80247137695551 0.32
      vertex 20.85599035769701 28.92464030534029 0.48
      vertex 20.85599035769701 28.92464030534029 0.32
    endloop
  endfacet
  facet normal -0.8492651863848908 -0.5279665171150881 0
    outer loop
      vertex 20.936141282320023 28.80247137695551 0.32
      vertex 21.014210999011993 28.676891647279263 0.32
      vertex 20.936141282320023 28.80247137695551 0.48
    endloop
  endfacet
  facet normal -0.8616079347628224 -0.5075743952897388 0
    outer loop
      vertex 21.090199507772923 28.54790109395981 0.32
      vertex 21.014210999011993 28.676891647279263 0.48
      vertex 21.014210999011993 28.676891647279263 0.32
    endloop
  endfacet
  facet normal -0.6791112469595926 -0.734035363080681 0
    outer loop
      vertex 20.140289716422558 29.77880808711052 0.32
      vertex 20.140289716422558 29.77880808711052 0.48
      vertex 20.042698867619038 29.86909671127796 0.48
    endloop
  endfacet
  facet normal -0.6334478003986453 -0.7737854251471256 0
    outer loop
      vertex 19.943887449800968 29.95518586039543 0.32
      vertex 19.943887449800968 29.95518586039543 0.48
      vertex 19.84385546296835 30.03707554191351 0.48
    endloop
  endfacet
  facet normal -0.6569004562514003 -0.753977314364764 0
    outer loop
      vertex 20.042698867619038 29.86909671127796 0.32
      vertex 20.042698867619038 29.86909671127796 0.48
      vertex 19.943887449800968 29.95518586039543 0.48
    endloop
  endfacet
  facet normal -0.7000994078234866 -0.7140453901295095 0
    outer loop
      vertex 20.23666000366211 29.684320002794266 0.32
      vertex 20.23666000366211 29.684320002794266 0.48
      vertex 20.140289716422558 29.77880808711052 0.48
    endloop
  endfacet
  facet normal -0.7200762181347126 -0.6938949776996588 0
    outer loop
      vertex 20.331379398703575 29.58602676540613 0.32
      vertex 20.331379398703575 29.58602676540613 0.48
      vertex 20.23666000366211 29.684320002794266 0.48
    endloop
  endfacet
  facet normal -0.739288634853783 -0.6733886800177367 0
    outer loop
      vertex 20.42401757836342 29.48432271927595 0.32
      vertex 20.42401757836342 29.48432271927595 0.48
      vertex 20.331379398703575 29.58602676540613 0.48
    endloop
  endfacet
  facet normal -0.757621204568955 -0.6526945000438457 0
    outer loop
      vertex 20.5145745575428 29.379207864403725 0.32
      vertex 20.5145745575428 29.379207864403725 0.48
      vertex 20.42401757836342 29.48432271927595 0.48
    endloop
  endfacet
  facet normal -0.7750690493145282 -0.6318765455329651 0
    outer loop
      vertex 20.60305032134056 29.27068219333887 0.32
      vertex 20.60305032134056 29.27068219333887 0.48
      vertex 20.5145745575428 29.379207864403725 0.48
    endloop
  endfacet
  facet normal -0.7916332747001941 -0.6109965289487717 0
    outer loop
      vertex 20.68944487720728 29.15874570608139 0.32
      vertex 20.68944487720728 29.15874570608139 0.48
      vertex 20.60305032134056 29.27068219333887 0.48
    endloop
  endfacet
  facet normal -0.8073207884526395 -0.5901128235619088 0
    outer loop
      vertex 20.773758225142956 29.043398410081863 0.32
      vertex 20.773758225142956 29.043398410081863 0.48
      vertex 20.68944487720728 29.15874570608139 0.48
    endloop
  endfacet
  facet normal -0.8221436449972445 -0.5692800953754179 0
    outer loop
      vertex 20.85599035769701 28.92464030534029 0.32
      vertex 20.85599035769701 28.92464030534029 0.48
      vertex 20.773758225142956 29.043398410081863 0.48
    endloop
  endfacet
  facet normal -0.8361183339233696 -0.5485491151001964 0
    outer loop
      vertex 20.936141282320023 28.80247137695551 0.32
      vertex 20.936141282320023 28.80247137695551 0.48
      vertex 20.85599035769701 28.92464030534029 0.48
    endloop
  endfacet
  facet normal -0.8492651863848908 -0.5279665171150881 0
    outer loop
      vertex 21.014210999011993 28.676891647279263 0.32
      vertex 21.014210999011993 28.676891647279263 0.48
      vertex 20.936141282320023 28.80247137695551 0.48
    endloop
  endfacet
  facet normal 0 0 1
    outer loop
      vertex 19.218031644821167 30.44022472947836 0.48
      vertex 19.32538703083992 30.383531868457794 0.48
      vertex 21.00792185217142 34.69348665326834 0.48
    endloop
  endfacet
  facet normal 0 0 1
    outer loop
      vertex 19.32538703083992 30.383531868457794 0.48
      vertex 19.431521855294704 30.322639547288418 0.48
      vertex 21.2607279792428 34.60554336756468 0.48
    endloop
  endfacet
  facet normal 0 0 1
    outer loop
      vertex 19.431521855294704 30.322639547288418 0.48
      vertex 19.53643610328436 30.25754775106907 0.48
      vertex 21.509190663695335 34.51056461036205 0.48
    endloop
  endfacet
  facet normal 0 0 1
    outer loop
      vertex 19.640129789710045 30.188256487250328 0.48
      vertex 21.753309905529022 34.40855039656162 0.48
      vertex 19.53643610328436 30.25754775106907 0.48
    endloop
  endfacet
  facet normal 0 0 1
    outer loop
      vertex 19.742602914571762 30.114765748381615 0.48
      vertex 19.84385546296835 30.03707554191351 0.48
      vertex 22.459606997668743 34.06029497087002 0.48
    endloop
  endfacet
  facet normal 0 0 1
    outer loop
      vertex 19.640129789710045 30.188256487250328 0.48
      vertex 19.742602914571762 30.114765748381615 0.48
      vertex 21.993085712194443 34.29950071871281 0.48
    endloop
  endfacet
  facet normal 0 0 1
    outer loop
      vertex 19.84385546296835 30.03707554191351 0.48
      vertex 19.943887449800968 29.95518586039543 0.48
      vertex 22.686352476477623 33.930138900876045 0.48
    endloop
  endfacet
  facet normal 0 0 1
    outer loop
      vertex 19.943887449800968 29.95518586039543 0.48
      vertex 20.042698867619038 29.86909671127796 0.48
      vertex 22.908754520118237 33.79294737428427 0.48
    endloop
  endfacet
  facet normal 0 0 1
    outer loop
      vertex 20.042698867619038 29.86909671127796 0.48
      vertex 20.140289716422558 29.77880808711052 0.48
      vertex 23.126813121140003 33.64872037619352 0.48
    endloop
  endfacet
  facet normal 0 0 1
    outer loop
      vertex 20.68944487720728 29.15874570608139 0.48
      vertex 20.773758225142956 29.043398410081863 0.48
      vertex 24.70730884373188 32.245641969144344 0.48
    endloop
  endfacet
  facet normal 0 0 1
    outer loop
      vertex 20.936141282320023 28.80247137695551 0.48
      vertex 21.014210999011993 28.676891647279263 0.48
      vertex 25.221560336649418 31.60680529475212 0.48
    endloop
  endfacet
  facet normal 0 0 1
    outer loop
      vertex 20.773758225142956 29.043398410081863 0.48
      vertex 20.85599035769701 28.92464030534029 0.48
      vertex 24.883500300347805 32.03951697796583 0.48
    endloop
  endfacet
  facet normal 0 0 1
    outer loop
      vertex 20.936141282320023 28.80247137695551 0.48
      vertex 25.054917469620705 31.82657141983509 0.48
      vertex 20.85599035769701 28.92464030534029 0.48
    endloop
  endfacet
  facet normal 0 0 1
    outer loop
      vertex 20.140289716422558 29.77880808711052 0.48
      vertex 20.23666000366211 29.684320002794266 0.48
      vertex 23.340528279542923 33.497457921504974 0.48
    endloop
  endfacet
  facet normal 0 0 1
    outer loop
      vertex 20.23666000366211 29.684320002794266 0.48
      vertex 20.331379398703575 29.58602676540613 0.48
      vertex 23.549900002777576 33.33916000276804 0.48
    endloop
  endfacet
  facet normal 0 0 1
    outer loop
      vertex 20.42401757836342 29.48432271927595 0.48
      vertex 20.5145745575428 29.379207864403725 0.48
      vertex 23.954800114035606 33.00193625688553 0.48
    endloop
  endfacet
  facet normal 0 0 1
    outer loop
      vertex 20.331379398703575 29.58602676540613 0.48
      vertex 20.42401757836342 29.48432271927595 0.48
      vertex 23.754737205803394 33.1739584133029 0.48
    endloop
  endfacet
  facet normal 0 0 1
    outer loop
      vertex 20.5145745575428 29.379207864403725 0.48
      vertex 20.60305032134056 29.27068219333887 0.48
      vertex 24.150088734924793 32.82309353351593 0.48
    endloop
  endfacet
  facet normal 0 0 1
    outer loop
      vertex 20.60305032134056 29.27068219333887 0.48
      vertex 20.68944487720728 29.15874570608139 0.48
      vertex 24.52634309977293 32.44494638592005 0.48
    endloop
  endfacet
  facet normal 0.18875434178630415 0.9820243369982331 0
    outer loop
      vertex 19.678739622235298 35.02767115086317 0.32
      vertex 19.953262947499752 34.97490517795086 0.48
      vertex 19.953262947499752 34.97490517795086 0.32
    endloop
  endfacet
  facet normal 0.21610892206168208 0.9763692609895795 0
    outer loop
      vertex 19.953262947499752 34.97490517795086 0.32
      vertex 20.22344283759594 34.91510374099016 0.48
      vertex 20.22344283759594 34.91510374099016 0.32
    endloop
  endfacet
  facet normal 0.2438325754106439 0.969817341136264 0
    outer loop
      vertex 20.22344283759594 34.91510374099016 0.32
      vertex 20.48927928507328 34.84826683998108 0.48
      vertex 20.48927928507328 34.84826683998108 0.32
    endloop
  endfacet
  facet normal 0.2718621279037602 0.962336211212921 0
    outer loop
      vertex 20.750772289931774 34.77439448237419 0.32
      vertex 20.48927928507328 34.84826683998108 0.32
      vertex 20.750772289931774 34.77439448237419 0.48
    endloop
  endfacet
  facet normal 0.3001283836838939 0.9538988171222844 0
    outer loop
      vertex 20.750772289931774 34.77439448237419 0.32
      vertex 21.00792185217142 34.69348665326834 0.48
      vertex 21.00792185217142 34.69348665326834 0.32
    endloop
  endfacet
  facet normal 0.32855635145163714 0.9444843693364058 0
    outer loop
      vertex 21.00792185217142 34.69348665326834 0.32
      vertex 21.2607279792428 34.60554336756468 0.48
      vertex 21.2607279792428 34.60554336756468 0.32
    endloop
  endfacet
  facet normal 0.35706635319478336 0.9340790220405221 0
    outer loop
      vertex 21.2607279792428 34.60554336756468 0.32
      vertex 21.509190663695335 34.51056461036205 0.48
      vertex 21.509190663695335 34.51056461036205 0.32
    endloop
  endfacet
  facet normal 0.3855744449275468 0.9226767296398095 0
    outer loop
      vertex 21.509190663695335 34.51056461036205 0.32
      vertex 21.753309905529022 34.40855039656162 0.48
      vertex 21.753309905529022 34.40855039656162 0.32
    endloop
  endfacet
  facet normal 0.41399383720985095 0.91027968380727 0
    outer loop
      vertex 21.993085712194443 34.29950071871281 0.32
      vertex 21.753309905529022 34.40855039656162 0.32
      vertex 21.993085712194443 34.29950071871281 0.48
    endloop
  endfacet
  facet normal 0.4422358357848392 0.8968988045190409 0
    outer loop
      vertex 21.993085712194443 34.29950071871281 0.32
      vertex 22.228518068790436 34.183415576815605 0.48
      vertex 22.228518068790436 34.183415576815605 0.32
    endloop
  endfacet
  facet normal 0.47021110310340064 0.8825539748470249 0
    outer loop
      vertex 22.228518068790436 34.183415576815605 0.32
      vertex 22.459606997668743 34.06029497087002 0.48
      vertex 22.459606997668743 34.06029497087002 0.32
    endloop
  endfacet
  facet normal 0 0 1
    outer loop
      vertex 18.999659165740013 30.54101202636957 0.48
      vertex 20.48927928507328 34.84826683998108 0.48
      vertex 20.22344283759594 34.91510374099016 0.48
    endloop
  endfacet
  facet normal 0 0 1
    outer loop
      vertex 19.109455689787865 30.49271810799837 0.48
      vertex 20.750772289931774 34.77439448237419 0.48
      vertex 20.48927928507328 34.84826683998108 0.48
    endloop
  endfacet
  facet normal 0 0 1
    outer loop
      vertex 19.218031644821167 30.44022472947836 0.48
      vertex 21.00792185217142 34.69348665326834 0.48
      vertex 20.750772289931774 34.77439448237419 0.48
    endloop
  endfacet
  facet normal 0 0 1
    outer loop
      vertex 19.32538703083992 30.383531868457794 0.48
      vertex 21.2607279792428 34.60554336756468 0.48
      vertex 21.00792185217142 34.69348665326834 0.48
    endloop
  endfacet
  facet normal 0 0 1
    outer loop
      vertex 19.431521855294704 30.322639547288418 0.48
      vertex 21.509190663695335 34.51056461036205 0.48
      vertex 21.2607279792428 34.60554336756468 0.48
    endloop
  endfacet
  facet normal 0 0 1
    outer loop
      vertex 19.53643610328436 30.25754775106907 0.48
      vertex 21.753309905529022 34.40855039656162 0.48
      vertex 21.509190663695335 34.51056461036205 0.48
    endloop
  endfacet
  facet normal 0.21610892206168208 0.9763692609895795 0
    outer loop
      vertex 19.953262947499752 34.97490517795086 0.32
      vertex 19.953262947499752 34.97490517795086 0.48
      vertex 20.22344283759594 34.91510374099016 0.48
    endloop
  endfacet
  facet normal 0.2438325754106439 0.969817341136264 0
    outer loop
      vertex 20.22344283759594 34.91510374099016 0.32
      vertex 20.22344283759594 34.91510374099016 0.48
      vertex 20.48927928507328 34.84826683998108 0.48
    endloop
  endfacet
  facet normal 0.2718621279037602 0.962336211212921 0
    outer loop
      vertex 20.48927928507328 34.84826683998108 0.32
      vertex 20.48927928507328 34.84826683998108 0.48
      vertex 20.750772289931774 34.77439448237419 0.48
    endloop
  endfacet
  facet normal 0.3001283836838939 0.9538988171222844 0
    outer loop
      vertex 20.750772289931774 34.77439448237419 0.32
      vertex 20.750772289931774 34.77439448237419 0.48
      vertex 21.00792185217142 34.69348665326834 0.48
    endloop
  endfacet
  facet normal 0.32855635145163714 0.9444843693364058 0
    outer loop
      vertex 21.00792185217142 34.69348665326834 0.32
      vertex 21.00792185217142 34.69348665326834 0.48
      vertex 21.2607279792428 34.60554336756468 0.48
    endloop
  endfacet
  facet normal 0 0 1
    outer loop
      vertex 19.84385546296835 30.03707554191351 0.48
      vertex 22.686352476477623 33.930138900876045 0.48
      vertex 22.459606997668743 34.06029497087002 0.48
    endloop
  endfacet
  facet normal 0 0 1
    outer loop
      vertex 19.640129789710045 30.188256487250328 0.48
      vertex 21.993085712194443 34.29950071871281 0.48
      vertex 21.753309905529022 34.40855039656162 0.48
    endloop
  endfacet
  facet normal 0 0 1
    outer loop
      vertex 19.742602914571762 30.114765748381615 0.48
      vertex 22.228518068790436 34.183415576815605 0.48
      vertex 21.993085712194443 34.29950071871281 0.48
    endloop
  endfacet
  facet normal 0 0 1
    outer loop
      vertex 19.742602914571762 30.114765748381615 0.48
      vertex 22.459606997668743 34.06029497087002 0.48
      vertex 22.228518068790436 34.183415576815605 0.48
    endloop
  endfacet
  facet normal 0 0 1
    outer loop
      vertex 19.943887449800968 29.95518586039543 0.48
      vertex 22.908754520118237 33.79294737428427 0.48
      vertex 22.686352476477623 33.930138900876045 0.48
    endloop
  endfacet
  facet normal 0 0 1
    outer loop
      vertex 20.042698867619038 29.86909671127796 0.48
      vertex 23.126813121140003 33.64872037619352 0.48
      vertex 22.908754520118237 33.79294737428427 0.48
    endloop
  endfacet
  facet normal 0 0 1
    outer loop
      vertex 20.140289716422558 29.77880808711052 0.48
      vertex 23.340528279542923 33.497457921504974 0.48
      vertex 23.126813121140003 33.64872037619352 0.48
    endloop
  endfacet
  facet normal 0 0 1
    outer loop
      vertex 20.23666000366211 29.684320002794266 0.48
      vertex 23.549900002777576 33.33916000276804 0.48
      vertex 23.340528279542923 33.497457921504974 0.48
    endloop
  endfacet
  facet normal 0.35706635319478336 0.9340790220405221 0
    outer loop
      vertex 21.2607279792428 34.60554336756468 0.32
      vertex 21.2607279792428 34.60554336756468 0.48
      vertex 21.509190663695335 34.51056461036205 0.48
    endloop
  endfacet
  facet normal 0.3855744449275468 0.9226767296398095 0
    outer loop
      vertex 21.509190663695335 34.51056461036205 0.32
      vertex 21.509190663695335 34.51056461036205 0.48
      vertex 21.753309905529022 34.40855039656162 0.48
    endloop
  endfacet
  facet normal 0.41399383720985095 0.91027968380727 0
    outer loop
      vertex 21.753309905529022 34.40855039656162 0.32
      vertex 21.753309905529022 34.40855039656162 0.48
      vertex 21.993085712194443 34.29950071871281 0.48
    endloop
  endfacet
  facet normal 0.4422358357848392 0.8968988045190409 0
    outer loop
      vertex 21.993085712194443 34.29950071871281 0.32
      vertex 21.993085712194443 34.29950071871281 0.48
      vertex 22.228518068790436 34.183415576815605 0.48
    endloop
  endfacet
  facet normal 0.47021110310340064 0.8825539748470249 0
    outer loop
      vertex 22.228518068790436 34.183415576815605 0.32
      vertex 22.228518068790436 34.183415576815605 0.48
      vertex 22.459606997668743 34.06029497087002 0.48
    endloop
  endfacet
  facet normal 0 0 -1
    outer loop
      vertex 21.839727222919464 26.733971118927002 0.32
      vertex 21.788713231682777 26.903891414403915 0.32
      vertex 26.848880112171173 28.437607564032078 0.32
    endloop
  endfacet
  facet normal 0 0 -1
    outer loop
      vertex 21.88865999877453 26.56063999980688 0.32
      vertex 21.839727222919464 26.733971118927002 0.32
      vertex 26.953457199037075 28.129174061119556 0.32
    endloop
  endfacet
  facet normal 0 0 -1
    outer loop
      vertex 21.788713231682777 26.903891414403915 0.32
      vertex 21.73561803251505 27.070400908589363 0.32
      vertex 26.739528730511665 28.73922049254179 0.32
    endloop
  endfacet
  facet normal 0 0 -1
    outer loop
      vertex 21.73561803251505 27.070400908589363 0.32
      vertex 21.68044162541628 27.233499586582184 0.32
      vertex 26.625403061509132 29.034012854099274 0.32
    endloop
  endfacet
  facet normal 0 0 -1
    outer loop
      vertex 21.68044162541628 27.233499586582184 0.32
      vertex 21.623184010386467 27.393187448382378 0.32
      vertex 26.625403061509132 29.034012854099274 0.32
    endloop
  endfacet
  facet normal 0 0 -1
    outer loop
      vertex 21.563845179975033 27.549464501440525 0.32
      vertex 26.506503097712994 29.32198464870453 0.32
      vertex 21.623184010386467 27.393187448382378 0.32
    endloop
  endfacet
  facet normal 0 0 -1
    outer loop
      vertex 21.563845179975033 27.549464501440525 0.32
      vertex 21.502425141632557 27.702330738306046 0.32
      vertex 26.38282884657383 29.603135876357555 0.32
    endloop
  endfacet
  facet normal 0 0 -1
    outer loop
      vertex 21.502425141632557 27.702330738306046 0.32
      vertex 21.43892389535904 27.85178615897894 0.32
      vertex 26.25438030064106 29.877466537058353 0.32
    endloop
  endfacet
  facet normal 0 0 -1
    outer loop
      vertex 21.623184010386467 27.393187448382378 0.32
      vertex 26.506503097712994 29.32198464870453 0.32
      vertex 26.625403061509132 29.034012854099274 0.32
    endloop
  endfacet
  facet normal 0 0 -1
    outer loop
      vertex 21.88865999877453 26.56063999980688 0.32
      vertex 26.953457199037075 28.129174061119556 0.32
      vertex 27.053259998559952 27.813919998705387 0.32
    endloop
  endfacet
  facet normal 0 0 -1
    outer loop
      vertex 21.839727222919464 26.733971118927002 0.32
      vertex 26.848880112171173 28.437607564032078 0.32
      vertex 26.953457199037075 28.129174061119556 0.32
    endloop
  endfacet
  facet normal 0 0 -1
    outer loop
      vertex 21.788713231682777 26.903891414403915 0.32
      vertex 26.739528730511665 28.73922049254179 0.32
      vertex 26.848880112171173 28.437607564032078 0.32
    endloop
  endfacet
  facet normal 0 0 -1
    outer loop
      vertex 21.73561803251505 27.070400908589363 0.32
      vertex 26.625403061509132 29.034012854099274 0.32
      vertex 26.739528730511665 28.73922049254179 0.32
    endloop
  endfacet
  facet normal 0.23582319280573077 -0.9717959774226848 0
    outer loop
      vertex 21.88865999877453 26.56063999980688 0.32
      vertex 27.053259998559952 27.813919998705387 0.32
      vertex 21.88865999877453 26.56063999980688 0.48
    endloop
  endfacet
  facet normal 0 0 1
    outer loop
      vertex 21.839727222919464 26.733971118927002 0.48
      vertex 26.848880112171173 28.437607564032078 0.48
      vertex 21.788713231682777 26.903891414403915 0.48
    endloop
  endfacet
  facet normal 0 0 1
    outer loop
      vertex 21.88865999877453 26.56063999980688 0.48
      vertex 26.953457199037075 28.129174061119556 0.48
      vertex 21.839727222919464 26.733971118927002 0.48
    endloop
  endfacet
  facet normal 0 0 1
    outer loop
      vertex 21.788713231682777 26.903891414403915 0.48
      vertex 26.739528730511665 28.73922049254179 0.48
      vertex 21.73561803251505 27.070400908589363 0.48
    endloop
  endfacet
  facet normal 0 0 1
    outer loop
      vertex 21.73561803251505 27.070400908589363 0.48
      vertex 26.625403061509132 29.034012854099274 0.48
      vertex 21.68044162541628 27.233499586582184 0.48
    endloop
  endfacet
  facet normal 0 0 1
    outer loop
      vertex 21.68044162541628 27.233499586582184 0.48
      vertex 26.625403061509132 29.034012854099274 0.48
      vertex 21.623184010386467 27.393187448382378 0.48
    endloop
  endfacet
  facet normal 0 0 1
    outer loop
      vertex 21.563845179975033 27.549464501440525 0.48
      vertex 21.623184010386467 27.393187448382378 0.48
      vertex 26.506503097712994 29.32198464870453 0.48
    endloop
  endfacet
  facet normal 0 0 1
    outer loop
      vertex 21.563845179975033 27.549464501440525 0.48
      vertex 26.38282884657383 29.603135876357555 0.48
      vertex 21.502425141632557 27.702330738306046 0.48
    endloop
  endfacet
  facet normal 0 0 1
    outer loop
      vertex 21.502425141632557 27.702330738306046 0.48
      vertex 26.25438030064106 29.877466537058353 0.48
      vertex 21.43892389535904 27.85178615897894 0.48
    endloop
  endfacet
  facet normal 0 0 1
    outer loop
      vertex 21.623184010386467 27.393187448382378 0.48
      vertex 26.625403061509132 29.034012854099274 0.48
      vertex 26.506503097712994 29.32198464870453 0.48
    endloop
  endfacet
  facet normal 0.947044071769952 0.32110360652815806 0
    outer loop
      vertex 26.848880112171173 28.437607564032078 0.32
      vertex 26.953457199037075 28.129174061119556 0.48
      vertex 26.953457199037075 28.129174061119556 0.32
    endloop
  endfacet
  facet normal 0.9401193911482717 0.3408453173904591 0
    outer loop
      vertex 26.848880112171173 28.437607564032078 0.32
      vertex 26.739528730511665 28.73922049254179 0.32
      vertex 26.848880112171173 28.437607564032078 0.48
    endloop
  endfacet
  facet normal 0.9533662908967078 0.3018156977061565 0
    outer loop
      vertex 27.053259998559952 27.813919998705387 0.32
      vertex 26.953457199037075 28.129174061119556 0.32
      vertex 27.053259998559952 27.813919998705387 0.48
    endloop
  endfacet
  facet normal 0.23582319280573077 -0.9717959774226848 0
    outer loop
      vertex 27.053259998559952 27.813919998705387 0.32
      vertex 27.053259998559952 27.813919998705387 0.48
      vertex 21.88865999877453 26.56063999980688 0.48
    endloop
  endfacet
  facet normal 0 0 1
    outer loop
      vertex 21.88865999877453 26.56063999980688 0.48
      vertex 27.053259998559952 27.813919998705387 0.48
      vertex 26.953457199037075 28.129174061119556 0.48
    endloop
  endfacet
  facet normal 0 0 1
    outer loop
      vertex 21.839727222919464 26.733971118927002 0.48
      vertex 26.953457199037075 28.129174061119556 0.48
      vertex 26.848880112171173 28.437607564032078 0.48
    endloop
  endfacet
  facet normal 0 0 1
    outer loop
      vertex 21.788713231682777 26.903891414403915 0.48
      vertex 26.848880112171173 28.437607564032078 0.48
      vertex 26.739528730511665 28.73922049254179 0.48
    endloop
  endfacet
  facet normal 0 0 1
    outer loop
      vertex 21.73561803251505 27.070400908589363 0.48
      vertex 26.739528730511665 28.73922049254179 0.48
      vertex 26.625403061509132 29.034012854099274 0.48
    endloop
  endfacet
  facet normal 0.947044071769952 0.32110360652815806 0
    outer loop
      vertex 26.848880112171173 28.437607564032078 0.32
      vertex 26.848880112171173 28.437607564032078 0.48
      vertex 26.953457199037075 28.129174061119556 0.48
    endloop
  endfacet
  facet normal 0.9533662908967078 0.3018156977061565 0
    outer loop
      vertex 26.953457199037075 28.129174061119556 0.32
      vertex 26.953457199037075 28.129174061119556 0.48
      vertex 27.053259998559952 27.813919998705387 0.48
    endloop
  endfacet
  facet normal 0 0 -1
    outer loop
      vertex 21.235932894051075 28.27968756109476 0.32
      vertex 21.16410680860281 28.415499731898308 0.32
      vertex 25.692843213677406 30.90658351778984 0.32
    endloop
  endfacet
  facet normal 0 0 -1
    outer loop
      vertex 21.090199507772923 28.54790109395981 0.32
      vertex 25.54052321612835 31.146811343729496 0.32
      vertex 21.16410680860281 28.415499731898308 0.32
    endloop
  endfacet
  facet normal 0 0 -1
    outer loop
      vertex 21.3056777715683 28.140464574098587 0.32
      vertex 25.983160339295864 30.405666165053844 0.32
      vertex 21.3733414337039 27.997830778360367 0.32
    endloop
  endfacet
  facet normal 0 0 -1
    outer loop
      vertex 21.3733414337039 27.997830778360367 0.32
      vertex 26.121157467365265 30.144976638257504 0.32
      vertex 21.43892389535904 27.85178615897894 0.32
    endloop
  endfacet
  facet normal 0 0 -1
    outer loop
      vertex 21.3056777715683 28.140464574098587 0.32
      vertex 21.235932894051075 28.27968756109476 0.32
      vertex 25.840388923883438 30.659535124897957 0.32
    endloop
  endfacet
  facet normal 0 0 -1
    outer loop
      vertex 21.090199507772923 28.54790109395981 0.32
      vertex 21.014210999011993 28.676891647279263 0.32
      vertex 25.383428923785686 31.380218602716923 0.32
    endloop
  endfacet
  facet normal 0 0 -1
    outer loop
      vertex 20.42401757836342 29.48432271927595 0.32
      vertex 23.754737205803394 33.1739584133029 0.32
      vertex 23.954800114035606 33.00193625688553 0.32
    endloop
  endfacet
  facet normal 0 0 -1
    outer loop
      vertex 20.5145745575428 29.379207864403725 0.32
      vertex 23.954800114035606 33.00193625688553 0.32
      vertex 24.150088734924793 32.82309353351593 0.32
    endloop
  endfacet
  facet normal 0 0 -1
    outer loop
      vertex 20.60305032134056 29.27068219333887 0.32
      vertex 24.150088734924793 32.82309353351593 0.32
      vertex 24.340603061020374 32.6374302431941 0.32
    endloop
  endfacet
  facet normal 0 0 -1
    outer loop
      vertex 20.85599035769701 28.92464030534029 0.32
      vertex 24.883500300347805 32.03951697796583 0.32
      vertex 25.054917469620705 31.82657141983509 0.32
    endloop
  endfacet
  facet normal 0 0 -1
    outer loop
      vertex 20.60305032134056 29.27068219333887 0.32
      vertex 24.340603061020374 32.6374302431941 0.32
      vertex 24.52634309977293 32.44494638592005 0.32
    endloop
  endfacet
  facet normal 0 0 -1
    outer loop
      vertex 20.68944487720728 29.15874570608139 0.32
      vertex 24.52634309977293 32.44494638592005 0.32
      vertex 24.70730884373188 32.245641969144344 0.32
    endloop
  endfacet
  facet normal 0 0 -1
    outer loop
      vertex 20.773758225142956 29.043398410081863 0.32
      vertex 24.70730884373188 32.245641969144344 0.32
      vertex 24.883500300347805 32.03951697796583 0.32
    endloop
  endfacet
  facet normal 0 0 -1
    outer loop
      vertex 21.16410680860281 28.415499731898308 0.32
      vertex 25.54052321612835 31.146811343729496 0.32
      vertex 25.692843213677406 30.90658351778984 0.32
    endloop
  endfacet
  facet normal 0 0 -1
    outer loop
      vertex 21.235932894051075 28.27968756109476 0.32
      vertex 25.692843213677406 30.90658351778984 0.32
      vertex 25.840388923883438 30.659535124897957 0.32
    endloop
  endfacet
  facet normal 0 0 -1
    outer loop
      vertex 21.43892389535904 27.85178615897894 0.32
      vertex 26.121157467365265 30.144976638257504 0.32
      vertex 26.25438030064106 29.877466537058353 0.32
    endloop
  endfacet
  facet normal 0 0 -1
    outer loop
      vertex 21.563845179975033 27.549464501440525 0.32
      vertex 26.38282884657383 29.603135876357555 0.32
      vertex 26.506503097712994 29.32198464870453 0.32
    endloop
  endfacet
  facet normal 0 0 -1
    outer loop
      vertex 21.502425141632557 27.702330738306046 0.32
      vertex 26.25438030064106 29.877466537058353 0.32
      vertex 26.38282884657383 29.603135876357555 0.32
    endloop
  endfacet
  facet normal 0 0 -1
    outer loop
      vertex 21.3733414337039 27.997830778360367 0.32
      vertex 25.983160339295864 30.405666165053844 0.32
      vertex 26.121157467365265 30.144976638257504 0.32
    endloop
  endfacet
  facet normal 0 0 -1
    outer loop
      vertex 21.3056777715683 28.140464574098587 0.32
      vertex 25.840388923883438 30.659535124897957 0.32
      vertex 25.983160339295864 30.405666165053844 0.32
    endloop
  endfacet
  facet normal 0 0 -1
    outer loop
      vertex 21.090199507772923 28.54790109395981 0.32
      vertex 25.383428923785686 31.380218602716923 0.32
      vertex 25.54052321612835 31.146811343729496 0.32
    endloop
  endfacet
  facet normal 0 0 -1
    outer loop
      vertex 21.014210999011993 28.676891647279263 0.32
      vertex 25.221560336649418 31.60680529475212 0.32
      vertex 25.383428923785686 31.380218602716923 0.32
    endloop
  endfacet
  facet normal 0 0 -1
    outer loop
      vertex 20.936141282320023 28.80247137695551 0.32
      vertex 25.054917469620705 31.82657141983509 0.32
      vertex 25.221560336649418 31.60680529475212 0.32
    endloop
  endfacet
  facet normal 0 0 -1
    outer loop
      vertex 20.331379398703575 29.58602676540613 0.32
      vertex 23.549900002777576 33.33916000276804 0.32
      vertex 23.754737205803394 33.1739584133029 0.32
    endloop
  endfacet
  facet normal 0 0 1
    outer loop
      vertex 21.235932894051075 28.27968756109476 0.48
      vertex 25.692843213677406 30.90658351778984 0.48
      vertex 21.16410680860281 28.415499731898308 0.48
    endloop
  endfacet
  facet normal 0 0 1
    outer loop
      vertex 21.090199507772923 28.54790109395981 0.48
      vertex 21.16410680860281 28.415499731898308 0.48
      vertex 25.54052321612835 31.146811343729496 0.48
    endloop
  endfacet
  facet normal 0 0 1
    outer loop
      vertex 21.3056777715683 28.140464574098587 0.48
      vertex 21.3733414337039 27.997830778360367 0.48
      vertex 25.983160339295864 30.405666165053844 0.48
    endloop
  endfacet
  facet normal 0 0 1
    outer loop
      vertex 21.3733414337039 27.997830778360367 0.48
      vertex 21.43892389535904 27.85178615897894 0.48
      vertex 26.121157467365265 30.144976638257504 0.48
    endloop
  endfacet
  facet normal 0 0 1
    outer loop
      vertex 21.3056777715683 28.140464574098587 0.48
      vertex 25.840388923883438 30.659535124897957 0.48
      vertex 21.235932894051075 28.27968756109476 0.48
    endloop
  endfacet
  facet normal 0 0 1
    outer loop
      vertex 21.090199507772923 28.54790109395981 0.48
      vertex 25.383428923785686 31.380218602716923 0.48
      vertex 21.014210999011993 28.676891647279263 0.48
    endloop
  endfacet
  facet normal 0 0 1
    outer loop
      vertex 20.42401757836342 29.48432271927595 0.48
      vertex 23.954800114035606 33.00193625688553 0.48
      vertex 23.754737205803394 33.1739584133029 0.48
    endloop
  endfacet
  facet normal 0 0 1
    outer loop
      vertex 20.5145745575428 29.379207864403725 0.48
      vertex 24.150088734924793 32.82309353351593 0.48
      vertex 23.954800114035606 33.00193625688553 0.48
    endloop
  endfacet
  facet normal 0 0 1
    outer loop
      vertex 20.60305032134056 29.27068219333887 0.48
      vertex 24.340603061020374 32.6374302431941 0.48
      vertex 24.150088734924793 32.82309353351593 0.48
    endloop
  endfacet
  facet normal 0 0 1
    outer loop
      vertex 20.85599035769701 28.92464030534029 0.48
      vertex 25.054917469620705 31.82657141983509 0.48
      vertex 24.883500300347805 32.03951697796583 0.48
    endloop
  endfacet
  facet normal 0 0 1
    outer loop
      vertex 20.60305032134056 29.27068219333887 0.48
      vertex 24.52634309977293 32.44494638592005 0.48
      vertex 24.340603061020374 32.6374302431941 0.48
    endloop
  endfacet
  facet normal 0 0 1
    outer loop
      vertex 20.68944487720728 29.15874570608139 0.48
      vertex 24.70730884373188 32.245641969144344 0.48
      vertex 24.52634309977293 32.44494638592005 0.48
    endloop
  endfacet
  facet normal 0 0 1
    outer loop
      vertex 20.773758225142956 29.043398410081863 0.48
      vertex 24.883500300347805 32.03951697796583 0.48
      vertex 24.70730884373188 32.245641969144344 0.48
    endloop
  endfacet
  facet normal 0 0 1
    outer loop
      vertex 21.16410680860281 28.415499731898308 0.48
      vertex 25.692843213677406 30.90658351778984 0.48
      vertex 25.54052321612835 31.146811343729496 0.48
    endloop
  endfacet
  facet normal 0 0 1
    outer loop
      vertex 21.235932894051075 28.27968756109476 0.48
      vertex 25.840388923883438 30.659535124897957 0.48
      vertex 25.692843213677406 30.90658351778984 0.48
    endloop
  endfacet
  facet normal 0 0 1
    outer loop
      vertex 21.43892389535904 27.85178615897894 0.48
      vertex 26.25438030064106 29.877466537058353 0.48
      vertex 26.121157467365265 30.144976638257504 0.48
    endloop
  endfacet
  facet normal 0 0 1
    outer loop
      vertex 21.563845179975033 27.549464501440525 0.48
      vertex 26.506503097712994 29.32198464870453 0.48
      vertex 26.38282884657383 29.603135876357555 0.48
    endloop
  endfacet
  facet normal 0 0 1
    outer loop
      vertex 21.502425141632557 27.702330738306046 0.48
      vertex 26.38282884657383 29.603135876357555 0.48
      vertex 26.25438030064106 29.877466537058353 0.48
    endloop
  endfacet
  facet normal 0 0 1
    outer loop
      vertex 21.3733414337039 27.997830778360367 0.48
      vertex 26.121157467365265 30.144976638257504 0.48
      vertex 25.983160339295864 30.405666165053844 0.48
    endloop
  endfacet
  facet normal 0 0 1
    outer loop
      vertex 21.3056777715683 28.140464574098587 0.48
      vertex 25.983160339295864 30.405666165053844 0.48
      vertex 25.840388923883438 30.659535124897957 0.48
    endloop
  endfacet
  facet normal 0 0 1
    outer loop
      vertex 21.090199507772923 28.54790109395981 0.48
      vertex 25.54052321612835 31.146811343729496 0.48
      vertex 25.383428923785686 31.380218602716923 0.48
    endloop
  endfacet
  facet normal 0 0 1
    outer loop
      vertex 21.014210999011993 28.676891647279263 0.48
      vertex 25.383428923785686 31.380218602716923 0.48
      vertex 25.221560336649418 31.60680529475212 0.48
    endloop
  endfacet
  facet normal 0 0 1
    outer loop
      vertex 20.936141282320023 28.80247137695551 0.48
      vertex 25.221560336649418 31.60680529475212 0.48
      vertex 25.054917469620705 31.82657141983509 0.48
    endloop
  endfacet
  facet normal 0.5777143600310969 0.8162390080202369 0
    outer loop
      vertex 23.340528279542923 33.497457921504974 0.32
      vertex 23.126813121140003 33.64872037619352 0.32
      vertex 23.340528279542923 33.497457921504974 0.48
    endloop
  endfacet
  facet normal 0.603090020301981 0.797673133189376 0
    outer loop
      vertex 23.340528279542923 33.497457921504974 0.32
      vertex 23.549900002777576 33.33916000276804 0.48
      vertex 23.549900002777576 33.33916000276804 0.32
    endloop
  endfacet
  facet normal 0.6277761596652587 0.7783939191411633 0
    outer loop
      vertex 23.549900002777576 33.33916000276804 0.32
      vertex 23.754737205803394 33.1739584133029 0.48
      vertex 23.754737205803394 33.1739584133029 0.32
    endloop
  endfacet
  facet normal 0.4978311818438578 0.8672739557855682 0
    outer loop
      vertex 22.686352476477623 33.930138900876045 0.32
      vertex 22.459606997668743 34.06029497087002 0.32
      vertex 22.686352476477623 33.930138900876045 0.48
    endloop
  endfacet
  facet normal 0.5250095783415591 0.8510963180801681 0
    outer loop
      vertex 22.686352476477623 33.930138900876045 0.32
      vertex 22.908754520118237 33.79294737428427 0.48
      vertex 22.908754520118237 33.79294737428427 0.32
    endloop
  endfacet
  facet normal 0.5516634231588728 0.8340668243903689 0
    outer loop
      vertex 22.908754520118237 33.79294737428427 0.32
      vertex 23.126813121140003 33.64872037619352 0.48
      vertex 23.126813121140003 33.64872037619352 0.32
    endloop
  endfacet
  facet normal 0.697930186282569 0.7161658013865074 0
    outer loop
      vertex 24.340603061020374 32.6374302431941 0.32
      vertex 24.150088734924793 32.82309353351593 0.32
      vertex 24.340603061020374 32.6374302431941 0.48
    endloop
  endfacet
  facet normal 0.651969668858582 0.758245046728583 0
    outer loop
      vertex 23.954800114035606 33.00193625688553 0.32
      vertex 23.754737205803394 33.1739584133029 0.32
      vertex 23.954800114035606 33.00193625688553 0.48
    endloop
  endfacet
  facet normal 0.6753719147433241 0.7374773059396039 0
    outer loop
      vertex 23.954800114035606 33.00193625688553 0.32
      vertex 24.150088734924793 32.82309353351593 0.48
      vertex 24.150088734924793 32.82309353351593 0.32
    endloop
  endfacet
  facet normal 0.7403468664047704 0.6722250496705974 0
    outer loop
      vertex 24.52634309977293 32.44494638592005 0.32
      vertex 24.70730884373188 32.245641969144344 0.48
      vertex 24.70730884373188 32.245641969144344 0.32
    endloop
  endfacet
  facet normal 0.7196002792177798 0.6943885354394133 0
    outer loop
      vertex 24.340603061020374 32.6374302431941 0.32
      vertex 24.52634309977293 32.44494638592005 0.48
      vertex 24.52634309977293 32.44494638592005 0.32
    endloop
  endfacet
  facet normal 0.7601435015057282 0.6497552286196786 0
    outer loop
      vertex 24.70730884373188 32.245641969144344 0.32
      vertex 24.883500300347805 32.03951697796583 0.48
      vertex 24.883500300347805 32.03951697796583 0.32
    endloop
  endfacet
  facet normal 0.603090020301981 0.797673133189376 0
    outer loop
      vertex 23.340528279542923 33.497457921504974 0.32
      vertex 23.340528279542923 33.497457921504974 0.48
      vertex 23.549900002777576 33.33916000276804 0.48
    endloop
  endfacet
  facet normal 0.6277761596652587 0.7783939191411633 0
    outer loop
      vertex 23.549900002777576 33.33916000276804 0.32
      vertex 23.549900002777576 33.33916000276804 0.48
      vertex 23.754737205803394 33.1739584133029 0.48
    endloop
  endfacet
  facet normal 0 0 1
    outer loop
      vertex 20.331379398703575 29.58602676540613 0.48
      vertex 23.754737205803394 33.1739584133029 0.48
      vertex 23.549900002777576 33.33916000276804 0.48
    endloop
  endfacet
  facet normal 0.4978311818438578 0.8672739557855682 0
    outer loop
      vertex 22.459606997668743 34.06029497087002 0.32
      vertex 22.459606997668743 34.06029497087002 0.48
      vertex 22.686352476477623 33.930138900876045 0.48
    endloop
  endfacet
  facet normal 0.5250095783415591 0.8510963180801681 0
    outer loop
      vertex 22.686352476477623 33.930138900876045 0.32
      vertex 22.686352476477623 33.930138900876045 0.48
      vertex 22.908754520118237 33.79294737428427 0.48
    endloop
  endfacet
  facet normal 0.5516634231588728 0.8340668243903689 0
    outer loop
      vertex 22.908754520118237 33.79294737428427 0.32
      vertex 22.908754520118237 33.79294737428427 0.48
      vertex 23.126813121140003 33.64872037619352 0.48
    endloop
  endfacet
  facet normal 0.5777143600310969 0.8162390080202369 0
    outer loop
      vertex 23.126813121140003 33.64872037619352 0.32
      vertex 23.126813121140003 33.64872037619352 0.48
      vertex 23.340528279542923 33.497457921504974 0.48
    endloop
  endfacet
  facet normal 0.651969668858582 0.758245046728583 0
    outer loop
      vertex 23.754737205803394 33.1739584133029 0.32
      vertex 23.754737205803394 33.1739584133029 0.48
      vertex 23.954800114035606 33.00193625688553 0.48
    endloop
  endfacet
  facet normal 0.6753719147433241 0.7374773059396039 0
    outer loop
      vertex 23.954800114035606 33.00193625688553 0.32
      vertex 23.954800114035606 33.00193625688553 0.48
      vertex 24.150088734924793 32.82309353351593 0.48
    endloop
  endfacet
  facet normal 0.697930186282569 0.7161658013865074 0
    outer loop
      vertex 24.150088734924793 32.82309353351593 0.32
      vertex 24.150088734924793 32.82309353351593 0.48
      vertex 24.340603061020374 32.6374302431941 0.48
    endloop
  endfacet
  facet normal 0.7196002792177798 0.6943885354394133 0
    outer loop
      vertex 24.340603061020374 32.6374302431941 0.32
      vertex 24.340603061020374 32.6374302431941 0.48
      vertex 24.52634309977293 32.44494638592005 0.48
    endloop
  endfacet
  facet normal 0.7403468664047704 0.6722250496705974 0
    outer loop
      vertex 24.52634309977293 32.44494638592005 0.32
      vertex 24.52634309977293 32.44494638592005 0.48
      vertex 24.70730884373188 32.245641969144344 0.48
    endloop
  endfacet
  facet normal 0.7601435015057282 0.6497552286196786 0
    outer loop
      vertex 24.70730884373188 32.245641969144344 0.32
      vertex 24.70730884373188 32.245641969144344 0.48
      vertex 24.883500300347805 32.03951697796583 0.48
    endloop
  endfacet
  facet normal 0.7789724389529216 0.6270581626545793 0
    outer loop
      vertex 24.883500300347805 32.03951697796583 0.32
      vertex 24.883500300347805 32.03951697796583 0.48
      vertex 25.054917469620705 31.82657141983509 0.48
    endloop
  endfacet
  facet normal 0.8838089083625241 0.46784806668302426 0
    outer loop
      vertex 26.121157467365265 30.144976638257504 0.32
      vertex 25.983160339295864 30.405666165053844 0.32
      vertex 26.121157467365265 30.144976638257504 0.48
    endloop
  endfacet
  facet normal 0.8951384154457329 0.4457883098436997 0
    outer loop
      vertex 26.121157467365265 30.144976638257504 0.32
      vertex 26.25438030064106 29.877466537058353 0.48
      vertex 26.25438030064106 29.877466537058353 0.32
    endloop
  endfacet
  facet normal 0.7789724389529216 0.6270581626545793 0
    outer loop
      vertex 24.883500300347805 32.03951697796583 0.32
      vertex 25.054917469620705 31.82657141983509 0.48
      vertex 25.054917469620705 31.82657141983509 0.32
    endloop
  endfacet
  facet normal 0.79682439410663 0.6042109606392474 0
    outer loop
      vertex 25.054917469620705 31.82657141983509 0.32
      vertex 25.221560336649418 31.60680529475212 0.48
      vertex 25.221560336649418 31.60680529475212 0.32
    endloop
  endfacet
  facet normal 0.8136978861966123 0.5812880095091976 0
    outer loop
      vertex 25.221560336649418 31.60680529475212 0.32
      vertex 25.383428923785686 31.380218602716923 0.48
      vertex 25.383428923785686 31.380218602716923 0.32
    endloop
  endfacet
  facet normal 0.8295988565086261 0.5583598636001517 0
    outer loop
      vertex 25.383428923785686 31.380218602716923 0.32
      vertex 25.54052321612835 31.146811343729496 0.48
      vertex 25.54052321612835 31.146811343729496 0.32
    endloop
  endfacet
  facet normal 0.8716193615254667 0.49018332143590704 0
    outer loop
      vertex 25.840388923883438 30.659535124897957 0.32
      vertex 25.983160339295864 30.405666165053844 0.48
      vertex 25.983160339295864 30.405666165053844 0.32
    endloop
  endfacet
  facet normal 0.8585388019712207 0.512748598739988 0
    outer loop
      vertex 25.840388923883438 30.659535124897957 0.32
      vertex 25.692843213677406 30.90658351778984 0.32
      vertex 25.840388923883438 30.659535124897957 0.48
    endloop
  endfacet
  facet normal 0.8445397398519121 0.5354928830627583 0
    outer loop
      vertex 25.54052321612835 31.146811343729496 0.32
      vertex 25.692843213677406 30.90658351778984 0.48
      vertex 25.692843213677406 30.90658351778984 0.32
    endloop
  endfacet
  facet normal 0.9243122783434983 0.38163701615992546 0
    outer loop
      vertex 26.506503097712994 29.32198464870453 0.32
      vertex 26.625403061509132 29.034012854099274 0.48
      vertex 26.625403061509132 29.034012854099274 0.32
    endloop
  endfacet
  facet normal 0.9153537805168713 0.4026505389211238 0
    outer loop
      vertex 26.506503097712994 29.32198464870453 0.32
      vertex 26.38282884657383 29.603135876357555 0.32
      vertex 26.506503097712994 29.32198464870453 0.48
    endloop
  endfacet
  facet normal 0.932554788893899 0.3610284832406652 0
    outer loop
      vertex 26.739528730511665 28.73922049254179 0.32
      vertex 26.625403061509132 29.034012854099274 0.32
      vertex 26.739528730511665 28.73922049254179 0.48
    endloop
  endfacet
  facet normal 0.9056414838757145 0.42404422255631996 0
    outer loop
      vertex 26.25438030064106 29.877466537058353 0.32
      vertex 26.38282884657383 29.603135876357555 0.48
      vertex 26.38282884657383 29.603135876357555 0.32
    endloop
  endfacet
  facet normal 0.8951384154457329 0.4457883098436997 0
    outer loop
      vertex 26.121157467365265 30.144976638257504 0.32
      vertex 26.121157467365265 30.144976638257504 0.48
      vertex 26.25438030064106 29.877466537058353 0.48
    endloop
  endfacet
  facet normal 0.8445397398519121 0.5354928830627583 0
    outer loop
      vertex 25.54052321612835 31.146811343729496 0.32
      vertex 25.54052321612835 31.146811343729496 0.48
      vertex 25.692843213677406 30.90658351778984 0.48
    endloop
  endfacet
  facet normal 0.79682439410663 0.6042109606392474 0
    outer loop
      vertex 25.054917469620705 31.82657141983509 0.32
      vertex 25.054917469620705 31.82657141983509 0.48
      vertex 25.221560336649418 31.60680529475212 0.48
    endloop
  endfacet
  facet normal 0.8136978861966123 0.5812880095091976 0
    outer loop
      vertex 25.221560336649418 31.60680529475212 0.32
      vertex 25.221560336649418 31.60680529475212 0.48
      vertex 25.383428923785686 31.380218602716923 0.48
    endloop
  endfacet
  facet normal 0.8295988565086261 0.5583598636001517 0
    outer loop
      vertex 25.383428923785686 31.380218602716923 0.32
      vertex 25.383428923785686 31.380218602716923 0.48
      vertex 25.54052321612835 31.146811343729496 0.48
    endloop
  endfacet
  facet normal 0.8716193615254667 0.49018332143590704 0
    outer loop
      vertex 25.840388923883438 30.659535124897957 0.32
      vertex 25.840388923883438 30.659535124897957 0.48
      vertex 25.983160339295864 30.405666165053844 0.48
    endloop
  endfacet
  facet normal 0.8585388019712207 0.512748598739988 0
    outer loop
      vertex 25.692843213677406 30.90658351778984 0.32
      vertex 25.692843213677406 30.90658351778984 0.48
      vertex 25.840388923883438 30.659535124897957 0.48
    endloop
  endfacet
  facet normal 0.8838089083625241 0.46784806668302426 0
    outer loop
      vertex 25.983160339295864 30.405666165053844 0.32
      vertex 25.983160339295864 30.405666165053844 0.48
      vertex 26.121157467365265 30.144976638257504 0.48
    endloop
  endfacet
  facet normal 0.9243122783434983 0.38163701615992546 0
    outer loop
      vertex 26.506503097712994 29.32198464870453 0.32
      vertex 26.506503097712994 29.32198464870453 0.48
      vertex 26.625403061509132 29.034012854099274 0.48
    endloop
  endfacet
  facet normal 0.932554788893899 0.3610284832406652 0
    outer loop
      vertex 26.625403061509132 29.034012854099274 0.32
      vertex 26.625403061509132 29.034012854099274 0.48
      vertex 26.739528730511665 28.73922049254179 0.48
    endloop
  endfacet
  facet normal 0.9401193911482717 0.3408453173904591 0
    outer loop
      vertex 26.739528730511665 28.73922049254179 0.32
      vertex 26.739528730511665 28.73922049254179 0.48
      vertex 26.848880112171173 28.437607564032078 0.48
    endloop
  endfacet
  facet normal 0.9153537805168713 0.4026505389211238 0
    outer loop
      vertex 26.38282884657383 29.603135876357555 0.32
      vertex 26.38282884657383 29.603135876357555 0.48
      vertex 26.506503097712994 29.32198464870453 0.48
    endloop
  endfacet
  facet normal 0.9056414838757145 0.42404422255631996 0
    outer loop
      vertex 26.25438030064106 29.877466537058353 0.32
      vertex 26.25438030064106 29.877466537058353 0.48
      vertex 26.38282884657383 29.603135876357555 0.48
    endloop
  endfacet
  facet normal 0 1 0
    outer loop
      vertex 6.853882674480534 21.75 0.32
      vertex 6.853882674480534 21.75 0.48
      vertex 12.549251371322997 21.75 0.48
    endloop
  endfacet
  facet normal 0 1 0
    outer loop
      vertex 12.549251371322997 21.75 0.32
      vertex 6.853882674480534 21.75 0.32
      vertex 12.549251371322997 21.75 0.48
    endloop
  endfacet
  facet normal 0 -1 0
    outer loop
      vertex 6.852845538143683 22.25 0.32
      vertex 12.548491132419286 22.25 0.32
      vertex 6.852845538143683 22.25 0.48
    endloop
  endfacet
  facet normal 0 -1 0
    outer loop
      vertex 12.548491132419286 22.25 0.48
      vertex 6.852845538143683 22.25 0.48
      vertex 12.548491132419286 22.25 0.32
    endloop
  endfacet
  facet normal -1 0 0
    outer loop
      vertex 7.894819997251034 34.812799997627735 0
      vertex 7.894819997251034 22.25 0
      vertex 7.894819997251034 22.25 0.16
    endloop
  endfacet
  facet normal 0 0 -1
    outer loop
      vertex 13.495939999818802 30.483719997107983 0
      vertex 13.495939999818802 22.25 0
      vertex 7.894819997251034 22.25 0
    endloop
  endfacet
  facet normal 0 0 1
    outer loop
      vertex 7.894819997251034 34.812799997627735 0.16
      vertex 7.894819997251034 22.25 0.16
      vertex 13.495939999818802 22.25 0.16
    endloop
  endfacet
  facet normal -1 0 0
    outer loop
      vertex 7.894819997251034 34.812799997627735 0
      vertex 7.894819997251034 22.25 0.16
      vertex 7.894819997251034 34.812799997627735 0.16
    endloop
  endfacet
  facet normal 0 0 -1
    outer loop
      vertex 7.894819997251034 34.812799997627735 0
      vertex 13.495939999818802 30.483719997107983 0
      vertex 7.894819997251034 22.25 0
    endloop
  endfacet
  facet normal 0 1 0
    outer loop
      vertex 7.894819997251034 34.812799997627735 0
      vertex 7.894819997251034 34.812799997627735 0.16
      vertex 15.888539999723434 34.812799997627735 0.16
    endloop
  endfacet
  facet normal 0 0 1
    outer loop
      vertex 7.894819997251034 34.812799997627735 0.16
      vertex 13.495939999818802 22.25 0.16
      vertex 13.495939999818802 30.483719997107983 0.16
    endloop
  endfacet
  facet normal 1 0 0
    outer loop
      vertex 13.495939999818802 30.483719997107983 0.16
      vertex 13.495939999818802 22.25 0.16
      vertex 13.495939999818802 22.25 0
    endloop
  endfacet
  facet normal 1 0 0
    outer loop
      vertex 13.495939999818802 30.483719997107983 0
      vertex 13.495939999818802 30.483719997107983 0.16
      vertex 13.495939999818802 22.25 0
    endloop
  endfacet
  facet normal 0 -1 0
    outer loop
      vertex 13.495939999818802 30.483719997107983 0
      vertex 15.432700000703335 30.483719997107983 0.16
      vertex 13.495939999818802 30.483719997107983 0.16
    endloop
  endfacet
  facet normal 0 0 -1
    outer loop
      vertex 7.894819997251034 34.812799997627735 0
      vertex 15.888539999723434 34.812799997627735 0
      vertex 13.495939999818802 30.483719997107983 0
    endloop
  endfacet
  facet normal 0 1 0
    outer loop
      vertex 7.894819997251034 34.812799997627735 0
      vertex 15.888539999723434 34.812799997627735 0.16
      vertex 15.888539999723434 34.812799997627735 0
    endloop
  endfacet
  facet normal 0 -1 0
    outer loop
      vertex 13.495939999818802 30.483719997107983 0
      vertex 15.432700000703335 30.483719997107983 0
      vertex 15.432700000703335 30.483719997107983 0.16
    endloop
  endfacet
  facet normal -0.031720833542122774 -0.9994967677383418 0
    outer loop
      vertex 15.432700000703335 30.483719997107983 0
      vertex 15.94956200569868 30.467316448688507 0
      vertex 15.94956200569868 30.467316448688507 0.16
    endloop
  endfacet
  facet normal 0 0 -1
    outer loop
      vertex 15.94956200569868 30.467316448688507 0
      vertex 16.354384310543537 34.80642934143543 0
      vertex 16.44345236569643 30.41810578107834 0
    endloop
  endfacet
  facet normal 0 0 -1
    outer loop
      vertex 16.44345236569643 30.41810578107834 0
      vertex 17.257862269878387 34.75546404719353 0
      vertex 16.914371080696583 30.33608801662922 0
    endloop
  endfacet
  facet normal -0.09914790050195589 -0.9950727078088587 0
    outer loop
      vertex 15.94956200569868 30.467316448688507 0
      vertex 16.44345236569643 30.41810578107834 0
      vertex 16.44345236569643 30.41810578107834 0.16
    endloop
  endfacet
  facet normal -0.17158252158225623 -0.9851697510010519 0
    outer loop
      vertex 16.44345236569643 30.41810578107834 0
      vertex 16.914371080696583 30.33608801662922 0
      vertex 16.914371080696583 30.33608801662922 0.16
    endloop
  endfacet
  facet normal -0.24830768596966218 -0.9686812133454389 0
    outer loop
      vertex 16.914371080696583 30.33608801662922 0
      vertex 17.36231815069914 30.221263140439987 0
      vertex 17.36231815069914 30.221263140439987 0.16
    endloop
  endfacet
  facet normal -0.031720833542122774 -0.9994967677383418 0
    outer loop
      vertex 15.432700000703335 30.483719997107983 0
      vertex 15.94956200569868 30.467316448688507 0.16
      vertex 15.432700000703335 30.483719997107983 0.16
    endloop
  endfacet
  facet normal -0.09914790050195589 -0.9950727078088587 0
    outer loop
      vertex 15.94956200569868 30.467316448688507 0
      vertex 16.44345236569643 30.41810578107834 0.16
      vertex 15.94956200569868 30.467316448688507 0.16
    endloop
  endfacet
  facet normal -0.17158252158225623 -0.9851697510010519 0
    outer loop
      vertex 16.44345236569643 30.41810578107834 0
      vertex 16.914371080696583 30.33608801662922 0.16
      vertex 16.44345236569643 30.41810578107834 0.16
    endloop
  endfacet
  facet normal -0.24830768596966218 -0.9686812133454389 0
    outer loop
      vertex 16.914371080696583 30.33608801662922 0
      vertex 17.36231815069914 30.221263140439987 0.16
      vertex 16.914371080696583 30.33608801662922 0.16
    endloop
  endfacet
  facet normal 0 0 -1
    outer loop
      vertex 13.495939999818802 30.483719997107983 0
      vertex 15.888539999723434 34.812799997627735 0
      vertex 15.432700000703335 30.483719997107983 0
    endloop
  endfacet
  facet normal 0 0 -1
    outer loop
      vertex 15.432700000703335 30.483719997107983 0
      vertex 15.888539999723434 34.812799997627735 0
      vertex 15.94956200569868 30.467316448688507 0
    endloop
  endfacet
  facet normal 0 0 -1
    outer loop
      vertex 15.94956200569868 30.467316448688507 0
      vertex 15.888539999723434 34.812799997627735 0
      vertex 16.354384310543537 34.80642934143543 0
    endloop
  endfacet
  facet normal 0 0 -1
    outer loop
      vertex 16.44345236569643 30.41810578107834 0
      vertex 16.354384310543537 34.80642934143543 0
      vertex 16.810825064778328 34.78731735050678 0
    endloop
  endfacet
  facet normal 0 0 -1
    outer loop
      vertex 16.44345236569643 30.41810578107834 0
      vertex 16.810825064778328 34.78731735050678 0
      vertex 17.257862269878387 34.75546404719353 0
    endloop
  endfacet
  facet normal 0.013674226366247016 0.9999065033958349 0
    outer loop
      vertex 15.888539999723434 34.812799997627735 0
      vertex 16.354384310543537 34.80642934143543 0.16
      vertex 16.354384310543537 34.80642934143543 0
    endloop
  endfacet
  facet normal 0.04183513135535689 0.9991245276663366 0
    outer loop
      vertex 16.354384310543537 34.80642934143543 0
      vertex 16.810825064778328 34.78731735050678 0.16
      vertex 16.810825064778328 34.78731735050678 0
    endloop
  endfacet
  facet normal 0.0710740566246223 0.9974710414217146 0
    outer loop
      vertex 16.810825064778328 34.78731735050678 0
      vertex 17.257862269878387 34.75546404719353 0.16
      vertex 17.257862269878387 34.75546404719353 0
    endloop
  endfacet
  facet normal 0.013674226366247016 0.9999065033958349 0
    outer loop
      vertex 15.888539999723434 34.812799997627735 0
      vertex 15.888539999723434 34.812799997627735 0.16
      vertex 16.354384310543537 34.80642934143543 0.16
    endloop
  endfacet
  facet normal 0.04183513135535689 0.9991245276663366 0
    outer loop
      vertex 16.354384310543537 34.80642934143543 0
      vertex 16.354384310543537 34.80642934143543 0.16
      vertex 16.810825064778328 34.78731735050678 0.16
    endloop
  endfacet
  facet normal 0.0710740566246223 0.9974710414217146 0
    outer loop
      vertex 16.810825064778328 34.78731735050678 0
      vertex 16.810825064778328 34.78731735050678 0.16
      vertex 17.257862269878387 34.75546404719353 0.16
    endloop
  endfacet
  facet normal 0 0 1
    outer loop
      vertex 7.894819997251034 34.812799997627735 0.16
      vertex 13.495939999818802 30.483719997107983 0.16
      vertex 15.888539999723434 34.812799997627735 0.16
    endloop
  endfacet
  facet normal 0 0 1
    outer loop
      vertex 15.94956200569868 30.467316448688507 0.16
      vertex 16.44345236569643 30.41810578107834 0.16
      vertex 16.354384310543537 34.80642934143543 0.16
    endloop
  endfacet
  facet normal 0 0 1
    outer loop
      vertex 16.44345236569643 30.41810578107834 0.16
      vertex 16.914371080696583 30.33608801662922 0.16
      vertex 17.257862269878387 34.75546404719353 0.16
    endloop
  endfacet
  facet normal 0 0 1
    outer loop
      vertex 13.495939999818802 30.483719997107983 0.16
      vertex 15.432700000703335 30.483719997107983 0.16
      vertex 15.888539999723434 34.812799997627735 0.16
    endloop
  endfacet
  facet normal 0 0 1
    outer loop
      vertex 15.432700000703335 30.483719997107983 0.16
      vertex 15.94956200569868 30.467316448688507 0.16
      vertex 15.888539999723434 34.812799997627735 0.16
    endloop
  endfacet
  facet normal 0 0 1
    outer loop
      vertex 15.94956200569868 30.467316448688507 0.16
      vertex 16.354384310543537 34.80642934143543 0.16
      vertex 15.888539999723434 34.812799997627735 0.16
    endloop
  endfacet
  facet normal 0 0 1
    outer loop
      vertex 16.44345236569643 30.41810578107834 0.16
      vertex 16.810825064778328 34.78731735050678 0.16
      vertex 16.354384310543537 34.80642934143543 0.16
    endloop
  endfacet
  facet normal 0 0 1
    outer loop
      vertex 16.44345236569643 30.41810578107834 0.16
      vertex 17.257862269878387 34.75546404719353 0.16
      vertex 16.810825064778328 34.78731735050678 0.16
    endloop
  endfacet
  facet normal -0.9998789640383399 -0.015558189920947704 0
    outer loop
      vertex 21.497214175760746 22.544399924576283 0
      vertex 21.501795060151764 22.25 0
      vertex 21.501795060151764 22.25 0.16
    endloop
  endfacet
  facet normal -0.9988089021550831 -0.04879320624592599 0
    outer loop
      vertex 21.497214175760746 22.544399924576283 0
      vertex 21.497214175760746 22.544399924576283 0.16
      vertex 21.46275670826435 23.24975273758173 0
    endloop
  endfacet
  facet normal -0.9963740359946959 -0.08508102253523152 0
    outer loop
      vertex 21.46275670826435 23.24975273758173 0
      vertex 21.46275670826435 23.24975273758173 0.16
      vertex 21.40532759577036 23.922298446297646 0
    endloop
  endfacet
  facet normal -0.9921949218771144 -0.12469657974967338 0
    outer loop
      vertex 21.40532759577036 23.922298446297646 0
      vertex 21.40532759577036 23.922298446297646 0.16
      vertex 21.32492684572935 24.56203705072403 0
    endloop
  endfacet
  facet normal -0.985803723110569 -0.16790181506267413 0
    outer loop
      vertex 21.32492684572935 24.56203705072403 0
      vertex 21.32492684572935 24.56203705072403 0.16
      vertex 21.221554443240166 25.1689685434103 0
    endloop
  endfacet
  facet normal -0.9998789640383399 -0.015558189920947704 0
    outer loop
      vertex 21.497214175760746 22.544399924576283 0
      vertex 21.501795060151764 22.25 0.16
      vertex 21.497214175760746 22.544399924576283 0.16
    endloop
  endfacet
  facet normal -0.9988089021550831 -0.04879320624592599 0
    outer loop
      vertex 21.46275670826435 23.24975273758173 0
      vertex 21.497214175760746 22.544399924576283 0.16
      vertex 21.46275670826435 23.24975273758173 0.16
    endloop
  endfacet
  facet normal -0.9963740359946959 -0.08508102253523152 0
    outer loop
      vertex 21.40532759577036 23.922298446297646 0
      vertex 21.46275670826435 23.24975273758173 0.16
      vertex 21.40532759577036 23.922298446297646 0.16
    endloop
  endfacet
  facet normal -0.9921949218771144 -0.12469657974967338 0
    outer loop
      vertex 21.32492684572935 24.56203705072403 0
      vertex 21.40532759577036 23.922298446297646 0.16
      vertex 21.32492684572935 24.56203705072403 0.16
    endloop
  endfacet
  facet normal -0.985803723110569 -0.16790181506267413 0
    outer loop
      vertex 21.221554443240166 25.1689685434103 0
      vertex 21.32492684572935 24.56203705072403 0.16
      vertex 21.221554443240166 25.1689685434103 0.16
    endloop
  endfacet
  facet normal -0.963998652694534 -0.26590712213689055 0
    outer loop
      vertex 21.095210395753384 25.74309293180704 0
      vertex 21.095210395753384 25.74309293180704 0.16
      vertex 20.945894710719585 26.28441020846367 0
    endloop
  endfacet
  facet normal -0.9251011667396098 -0.3797207280318161 0
    outer loop
      vertex 20.77360737323761 26.792920380830765 0
      vertex 20.77360737323761 26.792920380830765 0.16
      vertex 20.578348390758038 27.26862344145775 0
    endloop
  endfacet
  facet normal -0.9471162634648639 -0.3208906098351186 0
    outer loop
      vertex 20.77360737323761 26.792920380830765 0
      vertex 20.945894710719585 26.28441020846367 0
      vertex 20.945894710719585 26.28441020846367 0.16
    endloop
  endfacet
  facet normal -0.8191536852364266 -0.5735740928281029 0
    outer loop
      vertex 20.118915498256683 28.12160824239254 0
      vertex 20.118915498256683 28.12160824239254 0.16
      vertex 19.8547415882349 28.498889982700348 0
    endloop
  endfacet
  facet normal -0.8619585189468332 -0.5069788078558924 0
    outer loop
      vertex 20.118915498256683 28.12160824239254 0
      vertex 20.36011777073145 27.7115193977952 0
      vertex 20.36011777073145 27.7115193977952 0.16
    endloop
  endfacet
  facet normal -0.897018507431948 -0.4419929833431298 0
    outer loop
      vertex 20.36011777073145 27.7115193977952 0
      vertex 20.578348390758038 27.26862344145775 0
      vertex 20.578348390758038 27.26862344145775 0.16
    endloop
  endfacet
  facet normal -0.9766313708468701 -0.2149213006608773 0
    outer loop
      vertex 21.221554443240166 25.1689685434103 0
      vertex 21.221554443240166 25.1689685434103 0.16
      vertex 21.095210395753384 25.74309293180704 0
    endloop
  endfacet
  facet normal 0 0 -1
    outer loop
      vertex 20.36011777073145 27.7115193977952 0
      vertex 25.15256653726101 30.182836443185806 0
      vertex 20.578348390758038 27.26862344145775 0
    endloop
  endfacet
  facet normal 0 0 -1
    outer loop
      vertex 20.77360737323761 26.792920380830765 0
      vertex 20.578348390758038 27.26862344145775 0
      vertex 25.550583630800247 29.487206354737282 0
    endloop
  endfacet
  facet normal -0.963998652694534 -0.26590712213689055 0
    outer loop
      vertex 20.945894710719585 26.28441020846367 0
      vertex 21.095210395753384 25.74309293180704 0.16
      vertex 20.945894710719585 26.28441020846367 0.16
    endloop
  endfacet
  facet normal -0.9471162634648639 -0.3208906098351186 0
    outer loop
      vertex 20.77360737323761 26.792920380830765 0
      vertex 20.945894710719585 26.28441020846367 0.16
      vertex 20.77360737323761 26.792920380830765 0.16
    endloop
  endfacet
  facet normal -0.897018507431948 -0.4419929833431298 0
    outer loop
      vertex 20.36011777073145 27.7115193977952 0
      vertex 20.578348390758038 27.26862344145775 0.16
      vertex 20.36011777073145 27.7115193977952 0.16
    endloop
  endfacet
  facet normal -0.8191536852364266 -0.5735740928281029 0
    outer loop
      vertex 19.8547415882349 28.498889982700348 0
      vertex 20.118915498256683 28.12160824239254 0.16
      vertex 19.8547415882349 28.498889982700348 0.16
    endloop
  endfacet
  facet normal -0.8619585189468332 -0.5069788078558924 0
    outer loop
      vertex 20.118915498256683 28.12160824239254 0
      vertex 20.36011777073145 27.7115193977952 0.16
      vertex 20.118915498256683 28.12160824239254 0.16
    endloop
  endfacet
  facet normal -0.9251011667396098 -0.3797207280318161 0
    outer loop
      vertex 20.578348390758038 27.26862344145775 0
      vertex 20.77360737323761 26.792920380830765 0.16
      vertex 20.578348390758038 27.26862344145775 0.16
    endloop
  endfacet
  facet normal -0.9766313708468701 -0.2149213006608773 0
    outer loop
      vertex 21.095210395753384 25.74309293180704 0
      vertex 21.221554443240166 25.1689685434103 0.16
      vertex 21.095210395753384 25.74309293180704 0.16
    endloop
  endfacet
  facet normal 0 0 1
    outer loop
      vertex 20.36011777073145 27.7115193977952 0.16
      vertex 20.578348390758038 27.26862344145775 0.16
      vertex 25.15256653726101 30.182836443185806 0.16
    endloop
  endfacet
  facet normal 0 0 1
    outer loop
      vertex 20.77360737323761 26.792920380830765 0.16
      vertex 25.550583630800247 29.487206354737282 0.16
      vertex 20.578348390758038 27.26862344145775 0.16
    endloop
  endfacet
  facet normal -0.3281526742239141 -0.9446246992322896 0
    outer loop
      vertex 17.36231815069914 30.221263140439987 0
      vertex 17.787293575704098 30.073631152510643 0
      vertex 17.787293575704098 30.073631152510643 0.16
    endloop
  endfacet
  facet normal -0.40949143150525696 -0.9123139632406024 0
    outer loop
      vertex 18.18929735571146 29.893192060291767 0
      vertex 18.18929735571146 29.893192060291767 0.16
      vertex 17.787293575704098 30.073631152510643 0
    endloop
  endfacet
  facet normal -0.490332190089498 -0.8715356236907567 0
    outer loop
      vertex 18.18929735571146 29.893192060291767 0
      vertex 18.568329490721226 29.67994586378336 0
      vertex 18.568329490721226 29.67994586378336 0.16
    endloop
  endfacet
  facet normal 0 0 -1
    outer loop
      vertex 16.914371080696583 30.33608801662922 0
      vertex 18.12372601032257 34.65353345870972 0
      vertex 17.36231815069914 30.221263140439987 0
    endloop
  endfacet
  facet normal 0 0 -1
    outer loop
      vertex 17.36231815069914 30.221263140439987 0
      vertex 18.951975539326668 34.50063758343458 0
      vertex 17.787293575704098 30.073631152510643 0
    endloop
  endfacet
  facet normal -0.6419303503201427 -0.7667629525073957 0
    outer loop
      vertex 19.257478825747967 29.155032135546207 0
      vertex 19.257478825747967 29.155032135546207 0.16
      vertex 18.924389980733395 29.43389255553484 0
    endloop
  endfacet
  facet normal -0.56850674738201 -0.8226785995643301 0
    outer loop
      vertex 18.568329490721226 29.67994586378336 0
      vertex 18.924389980733395 29.43389255553484 0
      vertex 18.924389980733395 29.43389255553484 0.16
    endloop
  endfacet
  facet normal -0.7088676309264744 -0.7053415355873262 0
    outer loop
      vertex 19.257478825747967 29.155032135546207 0
      vertex 19.567596033215523 28.843364611268044 0
      vertex 19.567596033215523 28.843364611268044 0.16
    endloop
  endfacet
  facet normal -0.7681298498704568 -0.6402940994090055 0
    outer loop
      vertex 19.567596033215523 28.843364611268044 0
      vertex 19.8547415882349 28.498889982700348 0
      vertex 19.8547415882349 28.498889982700348 0.16
    endloop
  endfacet
  facet normal 0 0 -1
    outer loop
      vertex 18.18929735571146 29.893192060291767 0
      vertex 17.787293575704098 30.073631152510643 0
      vertex 19.742610849440098 34.29677640646696 0
    endloop
  endfacet
  facet normal 0 0 -1
    outer loop
      vertex 18.18929735571146 29.893192060291767 0
      vertex 20.49563194811344 34.041949942708015 0
      vertex 18.568329490721226 29.67994586378336 0
    endloop
  endfacet
  facet normal 0 0 -1
    outer loop
      vertex 18.568329490721226 29.67994586378336 0
      vertex 21.211038827896118 33.736158184707165 0
      vertex 18.924389980733395 29.43389255553484 0
    endloop
  endfacet
  facet normal -0.3281526742239141 -0.9446246992322896 0
    outer loop
      vertex 17.36231815069914 30.221263140439987 0
      vertex 17.787293575704098 30.073631152510643 0.16
      vertex 17.36231815069914 30.221263140439987 0.16
    endloop
  endfacet
  facet normal -0.40949143150525696 -0.9123139632406024 0
    outer loop
      vertex 17.787293575704098 30.073631152510643 0
      vertex 18.18929735571146 29.893192060291767 0.16
      vertex 17.787293575704098 30.073631152510643 0.16
    endloop
  endfacet
  facet normal -0.490332190089498 -0.8715356236907567 0
    outer loop
      vertex 18.18929735571146 29.893192060291767 0
      vertex 18.568329490721226 29.67994586378336 0.16
      vertex 18.18929735571146 29.893192060291767 0.16
    endloop
  endfacet
  facet normal -0.6419303503201427 -0.7667629525073957 0
    outer loop
      vertex 18.924389980733395 29.43389255553484 0
      vertex 19.257478825747967 29.155032135546207 0.16
      vertex 18.924389980733395 29.43389255553484 0.16
    endloop
  endfacet
  facet normal -0.56850674738201 -0.8226785995643301 0
    outer loop
      vertex 18.568329490721226 29.67994586378336 0
      vertex 18.924389980733395 29.43389255553484 0.16
      vertex 18.568329490721226 29.67994586378336 0.16
    endloop
  endfacet
  facet normal -0.7088676309264744 -0.7053415355873262 0
    outer loop
      vertex 19.257478825747967 29.155032135546207 0
      vertex 19.567596033215523 28.843364611268044 0.16
      vertex 19.257478825747967 29.155032135546207 0.16
    endloop
  endfacet
  facet normal -0.7681298498704568 -0.6402940994090055 0
    outer loop
      vertex 19.567596033215523 28.843364611268044 0
      vertex 19.8547415882349 28.498889982700348 0.16
      vertex 19.567596033215523 28.843364611268044 0.16
    endloop
  endfacet
  facet normal 0 0 -1
    outer loop
      vertex 16.914371080696583 30.33608801662922 0
      vertex 17.257862269878387 34.75546404719353 0
      vertex 17.695495918393135 34.710869416594505 0
    endloop
  endfacet
  facet normal 0 0 -1
    outer loop
      vertex 16.914371080696583 30.33608801662922 0
      vertex 17.695495918393135 34.710869416594505 0
      vertex 18.12372601032257 34.65353345870972 0
    endloop
  endfacet
  facet normal 0 0 -1
    outer loop
      vertex 17.36231815069914 30.221263140439987 0
      vertex 18.12372601032257 34.65353345870972 0
      vertex 18.542552553117275 34.58345618098974 0
    endloop
  endfacet
  facet normal 0 0 -1
    outer loop
      vertex 17.36231815069914 30.221263140439987 0
      vertex 18.542552553117275 34.58345618098974 0
      vertex 18.951975539326668 34.50063758343458 0
    endloop
  endfacet
  facet normal 0.10137450390027761 0.9948483351541443 0
    outer loop
      vertex 17.257862269878387 34.75546404719353 0
      vertex 17.695495918393135 34.710869416594505 0.16
      vertex 17.695495918393135 34.710869416594505 0
    endloop
  endfacet
  facet normal 0.1327063310639114 0.9911554013854517 0
    outer loop
      vertex 17.695495918393135 34.710869416594505 0
      vertex 18.12372601032257 34.65353345870972 0.16
      vertex 18.12372601032257 34.65353345870972 0
    endloop
  endfacet
  facet normal 0.16502412870820762 0.9862895299779356 0
    outer loop
      vertex 18.12372601032257 34.65353345870972 0
      vertex 18.542552553117275 34.58345618098974 0.16
      vertex 18.542552553117275 34.58345618098974 0
    endloop
  endfacet
  facet normal 0 0 -1
    outer loop
      vertex 17.787293575704098 30.073631152510643 0
      vertex 18.951975539326668 34.50063758343458 0
      vertex 19.35199496895075 34.405077658593655 0
    endloop
  endfacet
  facet normal 0 0 -1
    outer loop
      vertex 17.787293575704098 30.073631152510643 0
      vertex 19.35199496895075 34.405077658593655 0
      vertex 19.742610849440098 34.29677640646696 0
    endloop
  endfacet
  facet normal 0 0 -1
    outer loop
      vertex 18.18929735571146 29.893192060291767 0
      vertex 20.123823173344135 34.17573383450508 0
      vertex 20.49563194811344 34.041949942708015 0
    endloop
  endfacet
  facet normal 0 0 -1
    outer loop
      vertex 18.18929735571146 29.893192060291767 0
      vertex 19.742610849440098 34.29677640646696 0
      vertex 20.123823173344135 34.17573383450508 0
    endloop
  endfacet
  facet normal 0.1982656380150711 0.9801483238686259 0
    outer loop
      vertex 18.542552553117275 34.58345618098974 0
      vertex 18.951975539326668 34.50063758343458 0.16
      vertex 18.951975539326668 34.50063758343458 0
    endloop
  endfacet
  facet normal 0.267178542271952 0.963647044591242 0
    outer loop
      vertex 19.35199496895075 34.405077658593655 0
      vertex 19.742610849440098 34.29677640646696 0.16
      vertex 19.742610849440098 34.29677640646696 0
    endloop
  endfacet
  facet normal 0.232350353406147 0.9726321572269953 0
    outer loop
      vertex 18.951975539326668 34.50063758343458 0
      vertex 19.35199496895075 34.405077658593655 0.16
      vertex 19.35199496895075 34.405077658593655 0
    endloop
  endfacet
  facet normal 0.10137450390027761 0.9948483351541443 0
    outer loop
      vertex 17.257862269878387 34.75546404719353 0
      vertex 17.257862269878387 34.75546404719353 0.16
      vertex 17.695495918393135 34.710869416594505 0.16
    endloop
  endfacet
  facet normal 0.1327063310639114 0.9911554013854517 0
    outer loop
      vertex 17.695495918393135 34.710869416594505 0
      vertex 17.695495918393135 34.710869416594505 0.16
      vertex 18.12372601032257 34.65353345870972 0.16
    endloop
  endfacet
  facet normal 0.16502412870820762 0.9862895299779356 0
    outer loop
      vertex 18.12372601032257 34.65353345870972 0
      vertex 18.12372601032257 34.65353345870972 0.16
      vertex 18.542552553117275 34.58345618098974 0.16
    endloop
  endfacet
  facet normal 0.1982656380150711 0.9801483238686259 0
    outer loop
      vertex 18.542552553117275 34.58345618098974 0
      vertex 18.542552553117275 34.58345618098974 0.16
      vertex 18.951975539326668 34.50063758343458 0.16
    endloop
  endfacet
  facet normal 0.232350353406147 0.9726321572269953 0
    outer loop
      vertex 18.951975539326668 34.50063758343458 0
      vertex 18.951975539326668 34.50063758343458 0.16
      vertex 19.35199496895075 34.405077658593655 0.16
    endloop
  endfacet
  facet normal 0.267178542271952 0.963647044591242 0
    outer loop
      vertex 19.35199496895075 34.405077658593655 0
      vertex 19.35199496895075 34.405077658593655 0.16
      vertex 19.742610849440098 34.29677640646696 0.16
    endloop
  endfacet
  facet normal 0 0 -1
    outer loop
      vertex 19.257478825747967 29.155032135546207 0
      vertex 22.834993839263916 32.74870563298464 0
      vertex 19.567596033215523 28.843364611268044 0
    endloop
  endfacet
  facet normal 0 0 -1
    outer loop
      vertex 19.567596033215523 28.843364611268044 0
      vertex 23.41875096410513 32.2645353525877 0
      vertex 19.8547415882349 28.498889982700348 0
    endloop
  endfacet
  facet normal 0 0 -1
    outer loop
      vertex 19.257478825747967 29.155032135546207 0
      vertex 18.924389980733395 29.43389255553484 0
      vertex 21.88883149623871 33.37940113246441 0
    endloop
  endfacet
  facet normal 0 0 -1
    outer loop
      vertex 20.118915498256683 28.12160824239254 0
      vertex 24.710325330495834 30.834674328565598 0
      vertex 20.36011777073145 27.7115193977952 0
    endloop
  endfacet
  facet normal 0 0 -1
    outer loop
      vertex 20.118915498256683 28.12160824239254 0
      vertex 19.8547415882349 28.498889982700348 0
      vertex 23.964893877506256 31.729399770498276 0
    endloop
  endfacet
  facet normal 0 0 -1
    outer loop
      vertex 19.257478825747967 29.155032135546207 0
      vertex 22.213622495532036 33.18191062659025 0
      vertex 22.529009945690632 32.97167879343033 0
    endloop
  endfacet
  facet normal 0 0 -1
    outer loop
      vertex 19.257478825747967 29.155032135546207 0
      vertex 22.529009945690632 32.97167879343033 0
      vertex 22.834993839263916 32.74870563298464 0
    endloop
  endfacet
  facet normal 0 0 -1
    outer loop
      vertex 19.8547415882349 28.498889982700348 0
      vertex 23.41875096410513 32.2645353525877 0
      vertex 23.69652419537306 32.00333822518587 0
    endloop
  endfacet
  facet normal 0 0 -1
    outer loop
      vertex 19.567596033215523 28.843364611268044 0
      vertex 22.834993839263916 32.74870563298464 0
      vertex 23.13157417625189 32.51299115270376 0
    endloop
  endfacet
  facet normal 0 0 -1
    outer loop
      vertex 19.567596033215523 28.843364611268044 0
      vertex 23.13157417625189 32.51299115270376 0
      vertex 23.41875096410513 32.2645353525877 0
    endloop
  endfacet
  facet normal 0 0 -1
    outer loop
      vertex 18.568329490721226 29.67994586378336 0
      vertex 20.49563194811344 34.041949942708015 0
      vertex 20.858037166297436 33.89542472362518 0
    endloop
  endfacet
  facet normal 0 0 -1
    outer loop
      vertex 18.568329490721226 29.67994586378336 0
      vertex 20.858037166297436 33.89542472362518 0
      vertex 21.211038827896118 33.736158184707165 0
    endloop
  endfacet
  facet normal 0 0 -1
    outer loop
      vertex 18.924389980733395 29.43389255553484 0
      vertex 21.211038827896118 33.736158184707165 0
      vertex 21.55463694036007 33.56415031850338 0
    endloop
  endfacet
  facet normal 0 0 -1
    outer loop
      vertex 18.924389980733395 29.43389255553484 0
      vertex 21.55463694036007 33.56415031850338 0
      vertex 21.88883149623871 33.37940113246441 0
    endloop
  endfacet
  facet normal 0.3026308871347638 0.9531078355317544 0
    outer loop
      vertex 19.742610849440098 34.29677640646696 0
      vertex 20.123823173344135 34.17573383450508 0.16
      vertex 20.123823173344135 34.17573383450508 0
    endloop
  endfacet
  facet normal 0.33856876116704604 0.9409416527935257 0
    outer loop
      vertex 20.123823173344135 34.17573383450508 0
      vertex 20.49563194811344 34.041949942708015 0.16
      vertex 20.49563194811344 34.041949942708015 0
    endloop
  endfacet
  facet normal 0.37483531066232845 0.9270914139828261 0
    outer loop
      vertex 20.49563194811344 34.041949942708015 0
      vertex 20.858037166297436 33.89542472362518 0.16
      vertex 20.858037166297436 33.89542472362518 0
    endloop
  endfacet
  facet normal 0.41125733231518474 0.9115192848300018 0
    outer loop
      vertex 20.858037166297436 33.89542472362518 0
      vertex 21.211038827896118 33.736158184707165 0.16
      vertex 21.211038827896118 33.736158184707165 0
    endloop
  endfacet
  facet normal 0 0 -1
    outer loop
      vertex 19.257478825747967 29.155032135546207 0
      vertex 21.88883149623871 33.37940113246441 0
      vertex 22.213622495532036 33.18191062659025 0
    endloop
  endfacet
  facet normal 0.4838119304040478 0.8751719922385021 0
    outer loop
      vertex 21.55463694036007 33.56415031850338 0
      vertex 21.88883149623871 33.37940113246441 0.16
      vertex 21.88883149623871 33.37940113246441 0
    endloop
  endfacet
  facet normal 0.5195469291523677 0.854441916345602 0
    outer loop
      vertex 22.213622495532036 33.18191062659025 0
      vertex 21.88883149623871 33.37940113246441 0
      vertex 22.213622495532036 33.18191062659025 0.16
    endloop
  endfacet
  facet normal 0.44764828290864567 0.8942097152284475 0
    outer loop
      vertex 21.211038827896118 33.736158184707165 0
      vertex 21.55463694036007 33.56415031850338 0.16
      vertex 21.55463694036007 33.56415031850338 0
    endloop
  endfacet
  facet normal 0.3026308871347638 0.9531078355317544 0
    outer loop
      vertex 19.742610849440098 34.29677640646696 0
      vertex 19.742610849440098 34.29677640646696 0.16
      vertex 20.123823173344135 34.17573383450508 0.16
    endloop
  endfacet
  facet normal 0.33856876116704604 0.9409416527935257 0
    outer loop
      vertex 20.123823173344135 34.17573383450508 0
      vertex 20.123823173344135 34.17573383450508 0.16
      vertex 20.49563194811344 34.041949942708015 0.16
    endloop
  endfacet
  facet normal 0.37483531066232845 0.9270914139828261 0
    outer loop
      vertex 20.49563194811344 34.041949942708015 0
      vertex 20.49563194811344 34.041949942708015 0.16
      vertex 20.858037166297436 33.89542472362518 0.16
    endloop
  endfacet
  facet normal 0.41125733231518474 0.9115192848300018 0
    outer loop
      vertex 20.858037166297436 33.89542472362518 0
      vertex 20.858037166297436 33.89542472362518 0.16
      vertex 21.211038827896118 33.736158184707165 0.16
    endloop
  endfacet
  facet normal 0.4838119304040478 0.8751719922385021 0
    outer loop
      vertex 21.55463694036007 33.56415031850338 0
      vertex 21.55463694036007 33.56415031850338 0.16
      vertex 21.88883149623871 33.37940113246441 0.16
    endloop
  endfacet
  facet normal 0.5195469291523677 0.854441916345602 0
    outer loop
      vertex 21.88883149623871 33.37940113246441 0
      vertex 21.88883149623871 33.37940113246441 0.16
      vertex 22.213622495532036 33.18191062659025 0.16
    endloop
  endfacet
  facet normal 0.5546518532486651 0.8320825209604041 0
    outer loop
      vertex 22.213622495532036 33.18191062659025 0
      vertex 22.213622495532036 33.18191062659025 0.16
      vertex 22.529009945690632 32.97167879343033 0.16
    endloop
  endfacet
  facet normal 0.44764828290864567 0.8942097152284475 0
    outer loop
      vertex 21.211038827896118 33.736158184707165 0
      vertex 21.211038827896118 33.736158184707165 0.16
      vertex 21.55463694036007 33.56415031850338 0.16
    endloop
  endfacet
  facet normal 0 0 1
    outer loop
      vertex 16.914371080696583 30.33608801662922 0.16
      vertex 17.36231815069914 30.221263140439987 0.16
      vertex 18.12372601032257 34.65353345870972 0.16
    endloop
  endfacet
  facet normal 0 0 1
    outer loop
      vertex 17.36231815069914 30.221263140439987 0.16
      vertex 17.787293575704098 30.073631152510643 0.16
      vertex 18.951975539326668 34.50063758343458 0.16
    endloop
  endfacet
  facet normal 0 0 1
    outer loop
      vertex 18.18929735571146 29.893192060291767 0.16
      vertex 19.742610849440098 34.29677640646696 0.16
      vertex 17.787293575704098 30.073631152510643 0.16
    endloop
  endfacet
  facet normal 0 0 1
    outer loop
      vertex 18.18929735571146 29.893192060291767 0.16
      vertex 18.568329490721226 29.67994586378336 0.16
      vertex 20.49563194811344 34.041949942708015 0.16
    endloop
  endfacet
  facet normal 0 0 1
    outer loop
      vertex 18.568329490721226 29.67994586378336 0.16
      vertex 18.924389980733395 29.43389255553484 0.16
      vertex 21.211038827896118 33.736158184707165 0.16
    endloop
  endfacet
  facet normal 0 0 1
    outer loop
      vertex 16.914371080696583 30.33608801662922 0.16
      vertex 17.695495918393135 34.710869416594505 0.16
      vertex 17.257862269878387 34.75546404719353 0.16
    endloop
  endfacet
  facet normal 0 0 1
    outer loop
      vertex 16.914371080696583 30.33608801662922 0.16
      vertex 18.12372601032257 34.65353345870972 0.16
      vertex 17.695495918393135 34.710869416594505 0.16
    endloop
  endfacet
  facet normal 0 0 1
    outer loop
      vertex 17.36231815069914 30.221263140439987 0.16
      vertex 18.542552553117275 34.58345618098974 0.16
      vertex 18.12372601032257 34.65353345870972 0.16
    endloop
  endfacet
  facet normal 0 0 1
    outer loop
      vertex 17.36231815069914 30.221263140439987 0.16
      vertex 18.951975539326668 34.50063758343458 0.16
      vertex 18.542552553117275 34.58345618098974 0.16
    endloop
  endfacet
  facet normal 0 0 1
    outer loop
      vertex 17.787293575704098 30.073631152510643 0.16
      vertex 19.35199496895075 34.405077658593655 0.16
      vertex 18.951975539326668 34.50063758343458 0.16
    endloop
  endfacet
  facet normal 0 0 1
    outer loop
      vertex 17.787293575704098 30.073631152510643 0.16
      vertex 19.742610849440098 34.29677640646696 0.16
      vertex 19.35199496895075 34.405077658593655 0.16
    endloop
  endfacet
  facet normal 0 0 1
    outer loop
      vertex 18.18929735571146 29.893192060291767 0.16
      vertex 20.49563194811344 34.041949942708015 0.16
      vertex 20.123823173344135 34.17573383450508 0.16
    endloop
  endfacet
  facet normal 0 0 1
    outer loop
      vertex 18.18929735571146 29.893192060291767 0.16
      vertex 20.123823173344135 34.17573383450508 0.16
      vertex 19.742610849440098 34.29677640646696 0.16
    endloop
  endfacet
  facet normal 0 0 1
    outer loop
      vertex 19.257478825747967 29.155032135546207 0.16
      vertex 19.567596033215523 28.843364611268044 0.16
      vertex 22.834993839263916 32.74870563298464 0.16
    endloop
  endfacet
  facet normal 0 0 1
    outer loop
      vertex 19.567596033215523 28.843364611268044 0.16
      vertex 19.8547415882349 28.498889982700348 0.16
      vertex 23.41875096410513 32.2645353525877 0.16
    endloop
  endfacet
  facet normal 0 0 1
    outer loop
      vertex 19.257478825747967 29.155032135546207 0.16
      vertex 21.88883149623871 33.37940113246441 0.16
      vertex 18.924389980733395 29.43389255553484 0.16
    endloop
  endfacet
  facet normal 0 0 1
    outer loop
      vertex 20.118915498256683 28.12160824239254 0.16
      vertex 20.36011777073145 27.7115193977952 0.16
      vertex 24.710325330495834 30.834674328565598 0.16
    endloop
  endfacet
  facet normal 0 0 1
    outer loop
      vertex 20.118915498256683 28.12160824239254 0.16
      vertex 23.964893877506256 31.729399770498276 0.16
      vertex 19.8547415882349 28.498889982700348 0.16
    endloop
  endfacet
  facet normal 0 0 1
    outer loop
      vertex 19.257478825747967 29.155032135546207 0.16
      vertex 22.529009945690632 32.97167879343033 0.16
      vertex 22.213622495532036 33.18191062659025 0.16
    endloop
  endfacet
  facet normal 0 0 1
    outer loop
      vertex 19.257478825747967 29.155032135546207 0.16
      vertex 22.834993839263916 32.74870563298464 0.16
      vertex 22.529009945690632 32.97167879343033 0.16
    endloop
  endfacet
  facet normal 0 0 1
    outer loop
      vertex 19.8547415882349 28.498889982700348 0.16
      vertex 23.69652419537306 32.00333822518587 0.16
      vertex 23.41875096410513 32.2645353525877 0.16
    endloop
  endfacet
  facet normal 0 0 1
    outer loop
      vertex 19.567596033215523 28.843364611268044 0.16
      vertex 23.13157417625189 32.51299115270376 0.16
      vertex 22.834993839263916 32.74870563298464 0.16
    endloop
  endfacet
  facet normal 0 0 1
    outer loop
      vertex 19.567596033215523 28.843364611268044 0.16
      vertex 23.41875096410513 32.2645353525877 0.16
      vertex 23.13157417625189 32.51299115270376 0.16
    endloop
  endfacet
  facet normal 0 0 1
    outer loop
      vertex 18.568329490721226 29.67994586378336 0.16
      vertex 20.858037166297436 33.89542472362518 0.16
      vertex 20.49563194811344 34.041949942708015 0.16
    endloop
  endfacet
  facet normal 0 0 1
    outer loop
      vertex 18.568329490721226 29.67994586378336 0.16
      vertex 21.211038827896118 33.736158184707165 0.16
      vertex 20.858037166297436 33.89542472362518 0.16
    endloop
  endfacet
  facet normal 0 0 1
    outer loop
      vertex 18.924389980733395 29.43389255553484 0.16
      vertex 21.55463694036007 33.56415031850338 0.16
      vertex 21.211038827896118 33.736158184707165 0.16
    endloop
  endfacet
  facet normal 0 0 1
    outer loop
      vertex 18.924389980733395 29.43389255553484 0.16
      vertex 21.88883149623871 33.37940113246441 0.16
      vertex 21.55463694036007 33.56415031850338 0.16
    endloop
  endfacet
  facet normal 0 0 1
    outer loop
      vertex 19.257478825747967 29.155032135546207 0.16
      vertex 22.213622495532036 33.18191062659025 0.16
      vertex 21.88883149623871 33.37940113246441 0.16
    endloop
  endfacet
  facet normal 0 0 -1
    outer loop
      vertex 21.497214175760746 22.544399924576283 0
      vertex 27.142651982605457 22.34564597159624 0
      vertex 21.501795060151764 22.25 0
    endloop
  endfacet
  facet normal 0 0 -1
    outer loop
      vertex 21.497214175760746 22.544399924576283 0
      vertex 21.46275670826435 23.24975273758173 0
      vertex 27.09842786192894 23.391613759100437 0
    endloop
  endfacet
  facet normal 0 0 -1
    outer loop
      vertex 21.46275670826435 23.24975273758173 0
      vertex 21.40532759577036 23.922298446297646 0
      vertex 27.059731759130955 23.898175574839115 0
    endloop
  endfacet
  facet normal 0 0 -1
    outer loop
      vertex 21.40532759577036 23.922298446297646 0
      vertex 21.32492684572935 24.56203705072403 0
      vertex 26.94917145371437 24.87845505028963 0
    endloop
  endfacet
  facet normal 0 0 -1
    outer loop
      vertex 21.32492684572935 24.56203705072403 0
      vertex 21.221554443240166 25.1689685434103 0
      vertex 26.79438703507185 25.814942307770252 0
    endloop
  endfacet
  facet normal 0 0 -1
    outer loop
      vertex 21.221554443240166 25.1689685434103 0
      vertex 21.095210395753384 25.74309293180704 0
      vertex 26.59537848830223 26.70763735473156 0
    endloop
  endfacet
  facet normal 0 0 -1
    outer loop
      vertex 21.095210395753384 25.74309293180704 0
      vertex 20.945894710719585 26.28441020846367 0
      vertex 26.352145820856094 27.556540191173553 0
    endloop
  endfacet
  facet normal 0 0 -1
    outer loop
      vertex 20.77360737323761 26.792920380830765 0
      vertex 26.06468903273344 28.361650809645653 0
      vertex 20.945894710719585 26.28441020846367 0
    endloop
  endfacet
  facet normal 0 0 -1
    outer loop
      vertex 21.221554443240166 25.1689685434103 0
      vertex 26.700410775840282 26.266763858497143 0
      vertex 26.79438703507185 25.814942307770252 0
    endloop
  endfacet
  facet normal 0 0 -1
    outer loop
      vertex 21.221554443240166 25.1689685434103 0
      vertex 26.59537848830223 26.70763735473156 0
      vertex 26.700410775840282 26.266763858497143 0
    endloop
  endfacet
  facet normal 0 0 -1
    outer loop
      vertex 21.095210395753384 25.74309293180704 0
      vertex 26.352145820856094 27.556540191173553 0
      vertex 26.479290172457695 27.137562796473503 0
    endloop
  endfacet
  facet normal 0 0 -1
    outer loop
      vertex 21.095210395753384 25.74309293180704 0
      vertex 26.479290172457695 27.137562796473503 0
      vertex 26.59537848830223 26.70763735473156 0
    endloop
  endfacet
  facet normal 0 0 -1
    outer loop
      vertex 20.77360737323761 26.792920380830765 0
      vertex 25.550583630800247 29.487206354737282 0
      vertex 25.73300813138485 29.12296922504902 0
    endloop
  endfacet
  facet normal 0 0 -1
    outer loop
      vertex 20.77360737323761 26.792920380830765 0
      vertex 25.904376596212387 28.747784048318863 0
      vertex 26.06468903273344 28.361650809645653 0
    endloop
  endfacet
  facet normal 0 0 -1
    outer loop
      vertex 20.77360737323761 26.792920380830765 0
      vertex 25.73300813138485 29.12296922504902 0
      vertex 25.904376596212387 28.747784048318863 0
    endloop
  endfacet
  facet normal 0 0 -1
    outer loop
      vertex 20.945894710719585 26.28441020846367 0
      vertex 26.21394544094801 27.96456952393055 0
      vertex 26.352145820856094 27.556540191173553 0
    endloop
  endfacet
  facet normal 0 0 -1
    outer loop
      vertex 20.945894710719585 26.28441020846367 0
      vertex 26.06468903273344 28.361650809645653 0
      vertex 26.21394544094801 27.96456952393055 0
    endloop
  endfacet
  facet normal 0 0 -1
    outer loop
      vertex 27.142651982605457 22.34564597159624 0
      vertex 27.143632195411154 22.25 0
      vertex 21.501795060151764 22.25 0
    endloop
  endfacet
  facet normal 0 0 -1
    outer loop
      vertex 21.497214175760746 22.544399924576283 0
      vertex 27.12606793642044 22.874103896319866 0
      vertex 27.142651982605457 22.34564597159624 0
    endloop
  endfacet
  facet normal 0 0 -1
    outer loop
      vertex 21.497214175760746 22.544399924576283 0
      vertex 27.09842786192894 23.391613759100437 0
      vertex 27.12606793642044 22.874103896319866 0
    endloop
  endfacet
  facet normal 0 0 -1
    outer loop
      vertex 21.46275670826435 23.24975273758173 0
      vertex 27.059731759130955 23.898175574839115 0
      vertex 27.09842786192894 23.391613759100437 0
    endloop
  endfacet
  facet normal 0 0 -1
    outer loop
      vertex 21.40532759577036 23.922298446297646 0
      vertex 26.94917145371437 24.87845505028963 0
      vertex 27.009979620575905 24.39378933608532 0
    endloop
  endfacet
  facet normal 0 0 -1
    outer loop
      vertex 21.40532759577036 23.922298446297646 0
      vertex 27.009979620575905 24.39378933608532 0
      vertex 27.059731759130955 23.898175574839115 0
    endloop
  endfacet
  facet normal 0 0 -1
    outer loop
      vertex 21.32492684572935 24.56203705072403 0
      vertex 26.877307258546352 25.352172702550888 0
      vertex 26.94917145371437 24.87845505028963 0
    endloop
  endfacet
  facet normal 0 0 -1
    outer loop
      vertex 21.32492684572935 24.56203705072403 0
      vertex 26.79438703507185 25.814942307770252 0
      vertex 26.877307258546352 25.352172702550888 0
    endloop
  endfacet
  facet normal 0.9999474898603301 0.010247805717559474 0
    outer loop
      vertex 27.142651982605457 22.34564597159624 0
      vertex 27.142651982605457 22.34564597159624 0.16
      vertex 27.143632195411154 22.25 0
    endloop
  endfacet
  facet normal 0.9995079496586676 0.03136651987591924 0
    outer loop
      vertex 27.142651982605457 22.34564597159624 0
      vertex 27.12606793642044 22.874103896319866 0
      vertex 27.142651982605457 22.34564597159624 0.16
    endloop
  endfacet
  facet normal 0.9985767433515326 0.05333373826620123 0
    outer loop
      vertex 27.12606793642044 22.874103896319866 0
      vertex 27.09842786192894 23.391613759100437 0
      vertex 27.12606793642044 22.874103896319866 0.16
    endloop
  endfacet
  facet normal 0.9970950148363359 0.07616778445331858 0
    outer loop
      vertex 27.09842786192894 23.391613759100437 0
      vertex 27.059731759130955 23.898175574839115 0
      vertex 27.09842786192894 23.391613759100437 0.16
    endloop
  endfacet
  facet normal 0.9886880391219078 0.1499865370534199 0
    outer loop
      vertex 26.94917145371437 24.87845505028963 0
      vertex 26.877307258546352 25.352172702550888 0
      vertex 26.94917145371437 24.87845505028963 0.16
    endloop
  endfacet
  facet normal 0.9949991994871715 0.09988289653333068 0
    outer loop
      vertex 27.059731759130955 23.898175574839115 0
      vertex 27.009979620575905 24.39378933608532 0
      vertex 27.059731759130955 23.898175574839115 0.16
    endloop
  endfacet
  facet normal 0.9922210925941962 0.12448816574750989 0
    outer loop
      vertex 27.009979620575905 24.39378933608532 0
      vertex 26.94917145371437 24.87845505028963 0
      vertex 27.009979620575905 24.39378933608532 0.16
    endloop
  endfacet
  facet normal 0.9999474898603301 0.010247805717559474 0
    outer loop
      vertex 27.142651982605457 22.34564597159624 0.16
      vertex 27.143632195411154 22.25 0.16
      vertex 27.143632195411154 22.25 0
    endloop
  endfacet
  facet normal 0.9995079496586676 0.03136651987591924 0
    outer loop
      vertex 27.12606793642044 22.874103896319866 0
      vertex 27.12606793642044 22.874103896319866 0.16
      vertex 27.142651982605457 22.34564597159624 0.16
    endloop
  endfacet
  facet normal 0.9985767433515326 0.05333373826620123 0
    outer loop
      vertex 27.09842786192894 23.391613759100437 0
      vertex 27.09842786192894 23.391613759100437 0.16
      vertex 27.12606793642044 22.874103896319866 0.16
    endloop
  endfacet
  facet normal 0.9886880391219078 0.1499865370534199 0
    outer loop
      vertex 26.877307258546352 25.352172702550888 0
      vertex 26.877307258546352 25.352172702550888 0.16
      vertex 26.94917145371437 24.87845505028963 0.16
    endloop
  endfacet
  facet normal 0.9970950148363359 0.07616778445331858 0
    outer loop
      vertex 27.059731759130955 23.898175574839115 0
      vertex 27.059731759130955 23.898175574839115 0.16
      vertex 27.09842786192894 23.391613759100437 0.16
    endloop
  endfacet
  facet normal 0.9949991994871715 0.09988289653333068 0
    outer loop
      vertex 27.009979620575905 24.39378933608532 0
      vertex 27.009979620575905 24.39378933608532 0.16
      vertex 27.059731759130955 23.898175574839115 0.16
    endloop
  endfacet
  facet normal 0.9922210925941962 0.12448816574750989 0
    outer loop
      vertex 26.94917145371437 24.87845505028963 0
      vertex 26.94917145371437 24.87845505028963 0.16
      vertex 27.009979620575905 24.39378933608532 0.16
    endloop
  endfacet
  facet normal 0.9360569230147001 0.35184859936661966 0
    outer loop
      vertex 26.21394544094801 27.96456952393055 0
      vertex 26.06468903273344 28.361650809645653 0
      vertex 26.21394544094801 27.96456952393055 0.16
    endloop
  endfacet
  facet normal 0.9235656486877246 0.38344033768504626 0
    outer loop
      vertex 26.06468903273344 28.361650809645653 0
      vertex 25.904376596212387 28.747784048318863 0
      vertex 26.06468903273344 28.361650809645653 0.16
    endloop
  endfacet
  facet normal 0.9843233096632649 0.1763735299118227 0
    outer loop
      vertex 26.79438703507185 25.814942307770252 0
      vertex 26.877307258546352 25.352172702550888 0.16
      vertex 26.877307258546352 25.352172702550888 0
    endloop
  endfacet
  facet normal 0.9790466641898962 0.20363602171186806 0
    outer loop
      vertex 26.79438703507185 25.814942307770252 0
      vertex 26.700410775840282 26.266763858497143 0
      vertex 26.79438703507185 25.814942307770252 0.16
    endloop
  endfacet
  facet normal 0.9654243091902294 0.26068353078890194 0
    outer loop
      vertex 26.59537848830223 26.70763735473156 0
      vertex 26.479290172457695 27.137562796473503 0
      vertex 26.59537848830223 26.70763735473156 0.16
    endloop
  endfacet
  facet normal 0.9727751790467265 0.23175083825222528 0
    outer loop
      vertex 26.700410775840282 26.266763858497143 0
      vertex 26.59537848830223 26.70763735473156 0
      vertex 26.700410775840282 26.266763858497143 0.16
    endloop
  endfacet
  facet normal 0.9569092755260522 0.2903870493190183 0
    outer loop
      vertex 26.479290172457695 27.137562796473503 0
      vertex 26.352145820856094 27.556540191173553 0
      vertex 26.479290172457695 27.137562796473503 0.16
    endloop
  endfacet
  facet normal 0.9471467647544402 0.32080057047205696 0
    outer loop
      vertex 26.352145820856094 27.556540191173553 0
      vertex 26.21394544094801 27.96456952393055 0
      vertex 26.352145820856094 27.556540191173553 0.16
    endloop
  endfacet
  facet normal 0.9471467647544402 0.32080057047205696 0
    outer loop
      vertex 26.21394544094801 27.96456952393055 0
      vertex 26.21394544094801 27.96456952393055 0.16
      vertex 26.352145820856094 27.556540191173553 0.16
    endloop
  endfacet
  facet normal 0.9360569230147001 0.35184859936661966 0
    outer loop
      vertex 26.06468903273344 28.361650809645653 0
      vertex 26.06468903273344 28.361650809645653 0.16
      vertex 26.21394544094801 27.96456952393055 0.16
    endloop
  endfacet
  facet normal 0.9843233096632649 0.1763735299118227 0
    outer loop
      vertex 26.79438703507185 25.814942307770252 0
      vertex 26.79438703507185 25.814942307770252 0.16
      vertex 26.877307258546352 25.352172702550888 0.16
    endloop
  endfacet
  facet normal 0.9790466641898962 0.20363602171186806 0
    outer loop
      vertex 26.700410775840282 26.266763858497143 0
      vertex 26.700410775840282 26.266763858497143 0.16
      vertex 26.79438703507185 25.814942307770252 0.16
    endloop
  endfacet
  facet normal 0.9727751790467265 0.23175083825222528 0
    outer loop
      vertex 26.59537848830223 26.70763735473156 0
      vertex 26.59537848830223 26.70763735473156 0.16
      vertex 26.700410775840282 26.266763858497143 0.16
    endloop
  endfacet
  facet normal 0.9654243091902294 0.26068353078890194 0
    outer loop
      vertex 26.479290172457695 27.137562796473503 0
      vertex 26.479290172457695 27.137562796473503 0.16
      vertex 26.59537848830223 26.70763735473156 0.16
    endloop
  endfacet
  facet normal 0.9569092755260522 0.2903870493190183 0
    outer loop
      vertex 26.352145820856094 27.556540191173553 0
      vertex 26.352145820856094 27.556540191173553 0.16
      vertex 26.479290172457695 27.137562796473503 0.16
    endloop
  endfacet
  facet normal 0 0 1
    outer loop
      vertex 21.497214175760746 22.544399924576283 0.16
      vertex 21.501795060151764 22.25 0.16
      vertex 27.143632195411154 22.25 0.16
    endloop
  endfacet
  facet normal 0 0 1
    outer loop
      vertex 21.497214175760746 22.544399924576283 0.16
      vertex 27.09842786192894 23.391613759100437 0.16
      vertex 21.46275670826435 23.24975273758173 0.16
    endloop
  endfacet
  facet normal 0 0 1
    outer loop
      vertex 21.46275670826435 23.24975273758173 0.16
      vertex 27.059731759130955 23.898175574839115 0.16
      vertex 21.40532759577036 23.922298446297646 0.16
    endloop
  endfacet
  facet normal 0 0 1
    outer loop
      vertex 21.40532759577036 23.922298446297646 0.16
      vertex 26.94917145371437 24.87845505028963 0.16
      vertex 21.32492684572935 24.56203705072403 0.16
    endloop
  endfacet
  facet normal 0 0 1
    outer loop
      vertex 21.32492684572935 24.56203705072403 0.16
      vertex 26.79438703507185 25.814942307770252 0.16
      vertex 21.221554443240166 25.1689685434103 0.16
    endloop
  endfacet
  facet normal 0 0 1
    outer loop
      vertex 21.221554443240166 25.1689685434103 0.16
      vertex 26.59537848830223 26.70763735473156 0.16
      vertex 21.095210395753384 25.74309293180704 0.16
    endloop
  endfacet
  facet normal 0 0 1
    outer loop
      vertex 21.095210395753384 25.74309293180704 0.16
      vertex 26.352145820856094 27.556540191173553 0.16
      vertex 20.945894710719585 26.28441020846367 0.16
    endloop
  endfacet
  facet normal 0 0 1
    outer loop
      vertex 20.77360737323761 26.792920380830765 0.16
      vertex 20.945894710719585 26.28441020846367 0.16
      vertex 26.06468903273344 28.361650809645653 0.16
    endloop
  endfacet
  facet normal 0 0 1
    outer loop
      vertex 21.221554443240166 25.1689685434103 0.16
      vertex 26.79438703507185 25.814942307770252 0.16
      vertex 26.700410775840282 26.266763858497143 0.16
    endloop
  endfacet
  facet normal 0 0 1
    outer loop
      vertex 21.221554443240166 25.1689685434103 0.16
      vertex 26.700410775840282 26.266763858497143 0.16
      vertex 26.59537848830223 26.70763735473156 0.16
    endloop
  endfacet
  facet normal 0 0 1
    outer loop
      vertex 21.095210395753384 25.74309293180704 0.16
      vertex 26.479290172457695 27.137562796473503 0.16
      vertex 26.352145820856094 27.556540191173553 0.16
    endloop
  endfacet
  facet normal 0 0 1
    outer loop
      vertex 21.095210395753384 25.74309293180704 0.16
      vertex 26.59537848830223 26.70763735473156 0.16
      vertex 26.479290172457695 27.137562796473503 0.16
    endloop
  endfacet
  facet normal 0 0 1
    outer loop
      vertex 20.77360737323761 26.792920380830765 0.16
      vertex 25.73300813138485 29.12296922504902 0.16
      vertex 25.550583630800247 29.487206354737282 0.16
    endloop
  endfacet
  facet normal 0 0 1
    outer loop
      vertex 20.77360737323761 26.792920380830765 0.16
      vertex 26.06468903273344 28.361650809645653 0.16
      vertex 25.904376596212387 28.747784048318863 0.16
    endloop
  endfacet
  facet normal 0 0 1
    outer loop
      vertex 20.77360737323761 26.792920380830765 0.16
      vertex 25.904376596212387 28.747784048318863 0.16
      vertex 25.73300813138485 29.12296922504902 0.16
    endloop
  endfacet
  facet normal 0 0 1
    outer loop
      vertex 20.945894710719585 26.28441020846367 0.16
      vertex 26.352145820856094 27.556540191173553 0.16
      vertex 26.21394544094801 27.96456952393055 0.16
    endloop
  endfacet
  facet normal 0 0 1
    outer loop
      vertex 20.945894710719585 26.28441020846367 0.16
      vertex 26.21394544094801 27.96456952393055 0.16
      vertex 26.06468903273344 28.361650809645653 0.16
    endloop
  endfacet
  facet normal 0 0 1
    outer loop
      vertex 21.497214175760746 22.544399924576283 0.16
      vertex 27.143632195411154 22.25 0.16
      vertex 27.142651982605457 22.34564597159624 0.16
    endloop
  endfacet
  facet normal 0 0 1
    outer loop
      vertex 21.497214175760746 22.544399924576283 0.16
      vertex 27.142651982605457 22.34564597159624 0.16
      vertex 27.12606793642044 22.874103896319866 0.16
    endloop
  endfacet
  facet normal 0 0 1
    outer loop
      vertex 21.497214175760746 22.544399924576283 0.16
      vertex 27.12606793642044 22.874103896319866 0.16
      vertex 27.09842786192894 23.391613759100437 0.16
    endloop
  endfacet
  facet normal 0 0 1
    outer loop
      vertex 21.46275670826435 23.24975273758173 0.16
      vertex 27.09842786192894 23.391613759100437 0.16
      vertex 27.059731759130955 23.898175574839115 0.16
    endloop
  endfacet
  facet normal 0 0 1
    outer loop
      vertex 21.40532759577036 23.922298446297646 0.16
      vertex 27.009979620575905 24.39378933608532 0.16
      vertex 26.94917145371437 24.87845505028963 0.16
    endloop
  endfacet
  facet normal 0 0 1
    outer loop
      vertex 21.40532759577036 23.922298446297646 0.16
      vertex 27.059731759130955 23.898175574839115 0.16
      vertex 27.009979620575905 24.39378933608532 0.16
    endloop
  endfacet
  facet normal 0 0 1
    outer loop
      vertex 21.32492684572935 24.56203705072403 0.16
      vertex 26.94917145371437 24.87845505028963 0.16
      vertex 26.877307258546352 25.352172702550888 0.16
    endloop
  endfacet
  facet normal 0 0 1
    outer loop
      vertex 21.32492684572935 24.56203705072403 0.16
      vertex 26.877307258546352 25.352172702550888 0.16
      vertex 26.79438703507185 25.814942307770252 0.16
    endloop
  endfacet
  facet normal 0 0 -1
    outer loop
      vertex 20.118915498256683 28.12160824239254 0
      vertex 24.223860003054142 31.442720003426075 0
      vertex 24.47262068092823 31.144171193242073 0
    endloop
  endfacet
  facet normal 0 0 -1
    outer loop
      vertex 20.578348390758038 27.26862344145775 0
      vertex 25.15256653726101 30.182836443185806 0
      vertex 25.35710310190916 29.84049542248249 0
    endloop
  endfacet
  facet normal 0 0 -1
    outer loop
      vertex 20.36011777073145 27.7115193977952 0
      vertex 24.710325330495834 30.834674328565598 0
      vertex 24.936973951756954 30.51422941684723 0
    endloop
  endfacet
  facet normal 0 0 -1
    outer loop
      vertex 20.118915498256683 28.12160824239254 0
      vertex 24.47262068092823 31.144171193242073 0
      vertex 24.710325330495834 30.834674328565598 0
    endloop
  endfacet
  facet normal 0 0 -1
    outer loop
      vertex 20.36011777073145 27.7115193977952 0
      vertex 24.936973951756954 30.51422941684723 0
      vertex 25.15256653726101 30.182836443185806 0
    endloop
  endfacet
  facet normal 0 0 -1
    outer loop
      vertex 19.8547415882349 28.498889982700348 0
      vertex 23.69652419537306 32.00333822518587 0
      vertex 23.964893877506256 31.729399770498276 0
    endloop
  endfacet
  facet normal 0 0 -1
    outer loop
      vertex 20.118915498256683 28.12160824239254 0
      vertex 23.964893877506256 31.729399770498276 0
      vertex 24.223860003054142 31.442720003426075 0
    endloop
  endfacet
  facet normal 0 0 -1
    outer loop
      vertex 20.578348390758038 27.26862344145775 0
      vertex 25.35710310190916 29.84049542248249 0
      vertex 25.550583630800247 29.487206354737282 0
    endloop
  endfacet
  facet normal 0.7143301530304965 0.6998088542390896 0
    outer loop
      vertex 23.69652419537306 32.00333822518587 0
      vertex 23.964893877506256 31.729399770498276 0.16
      vertex 23.964893877506256 31.729399770498276 0
    endloop
  endfacet
  facet normal 0.7420645789103286 0.6703283976728397 0
    outer loop
      vertex 24.223860003054142 31.442720003426075 0
      vertex 23.964893877506256 31.729399770498276 0
      vertex 24.223860003054142 31.442720003426075 0.16
    endloop
  endfacet
  facet normal 0.7930817936186165 0.6091151521926524 0
    outer loop
      vertex 24.47262068092823 31.144171193242073 0
      vertex 24.710325330495834 30.834674328565598 0.16
      vertex 24.710325330495834 30.834674328565598 0
    endloop
  endfacet
  facet normal 0.8164246910897782 0.5774519233485678 0
    outer loop
      vertex 24.710325330495834 30.834674328565598 0
      vertex 24.936973951756954 30.51422941684723 0.16
      vertex 24.936973951756954 30.51422941684723 0
    endloop
  endfacet
  facet normal 0.7682592417019828 0.6401388423924098 0
    outer loop
      vertex 24.223860003054142 31.442720003426075 0
      vertex 24.47262068092823 31.144171193242073 0.16
      vertex 24.47262068092823 31.144171193242073 0
    endloop
  endfacet
  facet normal 0.7682592417019828 0.6401388423924098 0
    outer loop
      vertex 24.223860003054142 31.442720003426075 0
      vertex 24.223860003054142 31.442720003426075 0.16
      vertex 24.47262068092823 31.144171193242073 0.16
    endloop
  endfacet
  facet normal 0.7420645789103286 0.6703283976728397 0
    outer loop
      vertex 23.964893877506256 31.729399770498276 0
      vertex 23.964893877506256 31.729399770498276 0.16
      vertex 24.223860003054142 31.442720003426075 0.16
    endloop
  endfacet
  facet normal 0.7930817936186165 0.6091151521926524 0
    outer loop
      vertex 24.47262068092823 31.144171193242073 0
      vertex 24.47262068092823 31.144171193242073 0.16
      vertex 24.710325330495834 30.834674328565598 0.16
    endloop
  endfacet
  facet normal 0.8164246910897782 0.5774519233485678 0
    outer loop
      vertex 24.710325330495834 30.834674328565598 0
      vertex 24.710325330495834 30.834674328565598 0.16
      vertex 24.936973951756954 30.51422941684723 0.16
    endloop
  endfacet
  facet normal 0.6221974334341965 0.7828603667499707 0
    outer loop
      vertex 22.834993839263916 32.74870563298464 0
      vertex 23.13157417625189 32.51299115270376 0.16
      vertex 23.13157417625189 32.51299115270376 0
    endloop
  endfacet
  facet normal 0.5546518532486651 0.8320825209604041 0
    outer loop
      vertex 22.213622495532036 33.18191062659025 0
      vertex 22.529009945690632 32.97167879343033 0.16
      vertex 22.529009945690632 32.97167879343033 0
    endloop
  endfacet
  facet normal 0.588930548417492 0.8081836481522452 0
    outer loop
      vertex 22.529009945690632 32.97167879343033 0
      vertex 22.834993839263916 32.74870563298464 0.16
      vertex 22.834993839263916 32.74870563298464 0
    endloop
  endfacet
  facet normal 0.6542825184298687 0.7562502139352216 0
    outer loop
      vertex 23.41875096410513 32.2645353525877 0
      vertex 23.13157417625189 32.51299115270376 0
      vertex 23.41875096410513 32.2645353525877 0.16
    endloop
  endfacet
  facet normal 0.6850357161024708 0.7285094835786112 0
    outer loop
      vertex 23.41875096410513 32.2645353525877 0
      vertex 23.69652419537306 32.00333822518587 0.16
      vertex 23.69652419537306 32.00333822518587 0
    endloop
  endfacet
  facet normal 0.6221974334341965 0.7828603667499707 0
    outer loop
      vertex 22.834993839263916 32.74870563298464 0
      vertex 22.834993839263916 32.74870563298464 0.16
      vertex 23.13157417625189 32.51299115270376 0.16
    endloop
  endfacet
  facet normal 0.588930548417492 0.8081836481522452 0
    outer loop
      vertex 22.529009945690632 32.97167879343033 0
      vertex 22.529009945690632 32.97167879343033 0.16
      vertex 22.834993839263916 32.74870563298464 0.16
    endloop
  endfacet
  facet normal 0.6542825184298687 0.7562502139352216 0
    outer loop
      vertex 23.13157417625189 32.51299115270376 0
      vertex 23.13157417625189 32.51299115270376 0.16
      vertex 23.41875096410513 32.2645353525877 0.16
    endloop
  endfacet
  facet normal 0.6850357161024708 0.7285094835786112 0
    outer loop
      vertex 23.41875096410513 32.2645353525877 0
      vertex 23.41875096410513 32.2645353525877 0.16
      vertex 23.69652419537306 32.00333822518587 0.16
    endloop
  endfacet
  facet normal 0.7143301530304965 0.6998088542390896 0
    outer loop
      vertex 23.69652419537306 32.00333822518587 0
      vertex 23.69652419537306 32.00333822518587 0.16
      vertex 23.964893877506256 31.729399770498276 0.16
    endloop
  endfacet
  facet normal 0.8584517452527424 0.5128943371421844 0
    outer loop
      vertex 25.35710310190916 29.84049542248249 0
      vertex 25.15256653726101 30.182836443185806 0
      vertex 25.35710310190916 29.84049542248249 0.16
    endloop
  endfacet
  facet normal 0.877082978420754 0.4803388897066102 0
    outer loop
      vertex 25.550583630800247 29.487206354737282 0
      vertex 25.35710310190916 29.84049542248249 0
      vertex 25.550583630800247 29.487206354737282 0.16
    endloop
  endfacet
  facet normal 0.9096071339225651 0.41546944763385013 0
    outer loop
      vertex 25.904376596212387 28.747784048318863 0
      vertex 25.73300813138485 29.12296922504902 0
      vertex 25.904376596212387 28.747784048318863 0.16
    endloop
  endfacet
  facet normal 0.8941265857037002 0.44781430162271896 0
    outer loop
      vertex 25.73300813138485 29.12296922504902 0
      vertex 25.550583630800247 29.487206354737282 0
      vertex 25.73300813138485 29.12296922504902 0.16
    endloop
  endfacet
  facet normal 0.8382272408166735 0.5453210914249201 0
    outer loop
      vertex 24.936973951756954 30.51422941684723 0
      vertex 25.15256653726101 30.182836443185806 0.16
      vertex 25.15256653726101 30.182836443185806 0
    endloop
  endfacet
  facet normal 0.8941265857037002 0.44781430162271896 0
    outer loop
      vertex 25.550583630800247 29.487206354737282 0
      vertex 25.550583630800247 29.487206354737282 0.16
      vertex 25.73300813138485 29.12296922504902 0.16
    endloop
  endfacet
  facet normal 0.8584517452527424 0.5128943371421844 0
    outer loop
      vertex 25.15256653726101 30.182836443185806 0
      vertex 25.15256653726101 30.182836443185806 0.16
      vertex 25.35710310190916 29.84049542248249 0.16
    endloop
  endfacet
  facet normal 0.877082978420754 0.4803388897066102 0
    outer loop
      vertex 25.35710310190916 29.84049542248249 0
      vertex 25.35710310190916 29.84049542248249 0.16
      vertex 25.550583630800247 29.487206354737282 0.16
    endloop
  endfacet
  facet normal 0.9096071339225651 0.41546944763385013 0
    outer loop
      vertex 25.73300813138485 29.12296922504902 0
      vertex 25.73300813138485 29.12296922504902 0.16
      vertex 25.904376596212387 28.747784048318863 0.16
    endloop
  endfacet
  facet normal 0.9235656486877246 0.38344033768504626 0
    outer loop
      vertex 25.904376596212387 28.747784048318863 0
      vertex 25.904376596212387 28.747784048318863 0.16
      vertex 26.06468903273344 28.361650809645653 0.16
    endloop
  endfacet
  facet normal 0.8382272408166735 0.5453210914249201 0
    outer loop
      vertex 24.936973951756954 30.51422941684723 0
      vertex 24.936973951756954 30.51422941684723 0.16
      vertex 25.15256653726101 30.182836443185806 0.16
    endloop
  endfacet
  facet normal 0 0 1
    outer loop
      vertex 20.118915498256683 28.12160824239254 0.16
      vertex 24.47262068092823 31.144171193242073 0.16
      vertex 24.223860003054142 31.442720003426075 0.16
    endloop
  endfacet
  facet normal 0 0 1
    outer loop
      vertex 20.578348390758038 27.26862344145775 0.16
      vertex 25.35710310190916 29.84049542248249 0.16
      vertex 25.15256653726101 30.182836443185806 0.16
    endloop
  endfacet
  facet normal 0 0 1
    outer loop
      vertex 20.36011777073145 27.7115193977952 0.16
      vertex 24.936973951756954 30.51422941684723 0.16
      vertex 24.710325330495834 30.834674328565598 0.16
    endloop
  endfacet
  facet normal 0 0 1
    outer loop
      vertex 20.118915498256683 28.12160824239254 0.16
      vertex 24.710325330495834 30.834674328565598 0.16
      vertex 24.47262068092823 31.144171193242073 0.16
    endloop
  endfacet
  facet normal 0 0 1
    outer loop
      vertex 20.36011777073145 27.7115193977952 0.16
      vertex 25.15256653726101 30.182836443185806 0.16
      vertex 24.936973951756954 30.51422941684723 0.16
    endloop
  endfacet
  facet normal 0 0 1
    outer loop
      vertex 19.8547415882349 28.498889982700348 0.16
      vertex 23.964893877506256 31.729399770498276 0.16
      vertex 23.69652419537306 32.00333822518587 0.16
    endloop
  endfacet
  facet normal 0 0 1
    outer loop
      vertex 20.118915498256683 28.12160824239254 0.16
      vertex 24.223860003054142 31.442720003426075 0.16
      vertex 23.964893877506256 31.729399770498276 0.16
    endloop
  endfacet
  facet normal 0 0 1
    outer loop
      vertex 20.578348390758038 27.26862344145775 0.16
      vertex 25.550583630800247 29.487206354737282 0.16
      vertex 25.35710310190916 29.84049542248249 0.16
    endloop
  endfacet
  facet normal 0 -1 0
    outer loop
      vertex 7.894819997251034 22.25 0
      vertex 13.495939999818802 22.25 0
      vertex 7.894819997251034 22.25 0.16
    endloop
  endfacet
  facet normal 0 -1 0
    outer loop
      vertex 13.495939999818802 22.25 0.16
      vertex 7.894819997251034 22.25 0.16
      vertex 13.495939999818802 22.25 0
    endloop
  endfacet
  facet normal 0 -1 0
    outer loop
      vertex 21.501795060151764 22.25 0
      vertex 27.143632195411154 22.25 0
      vertex 21.501795060151764 22.25 0.16
    endloop
  endfacet
  facet normal 0 -1 0
    outer loop
      vertex 27.143632195411154 22.25 0.16
      vertex 21.501795060151764 22.25 0.16
      vertex 27.143632195411154 22.25 0
    endloop
  endfacet
endsolid OpenSCAD_Model
