solid OpenSCAD_Model
  facet normal -1 0 0
    outer loop
      vertex 156 7.5 103.2
      vertex 156 7.5 112.8
      vertex 156 8.94444444444445 112.8
    endloop
  endfacet
  facet normal 0 -1 0
    outer loop
      vertex 157.2 7.5 102
      vertex 189.64000000000016 7.5 102.03999999999999
      vertex 157.2 7.5 102.58983050847458
    endloop
  endfacet
  facet normal 0 -1 0
    outer loop
      vertex 157.2 7.5 112.8
      vertex 190.8 7.5 112.8
      vertex 156.6 7.5 113.4
    endloop
  endfacet
  facet normal 0 -1 0
    outer loop
      vertex 156.6 7.5 113.4
      vertex 190.8 7.5 112.8
      vertex 157.2 7.5 114
    endloop
  endfacet
  facet normal 0 -1 0
    outer loop
      vertex 157.2 7.5 102
      vertex 190.8 7.5 102
      vertex 189.64000000000016 7.5 102.03999999999999
    endloop
  endfacet
  facet normal 0 -1 0
    outer loop
      vertex 190.8 7.5 103.2
      vertex 192 7.5 103.2
      vertex 190.8 7.5 112.8
    endloop
  endfacet
  facet normal 0 -1 0
    outer loop
      vertex 157.2 7.5 114
      vertex 190.8 7.5 112.8
      vertex 192 7.5 114
    endloop
  endfacet
  facet normal 0 -1 0
    outer loop
      vertex 192 7.5 103.2
      vertex 192 7.5 114
      vertex 190.8 7.5 112.8
    endloop
  endfacet
  facet normal -1 0 0
    outer loop
      vertex 156 7.5 103.2
      vertex 156 8.94444444444445 112.8
      vertex 156 20.5 103.2
    endloop
  endfacet
  facet normal 0 0 1
    outer loop
      vertex 157.2 7.5 114
      vertex 157.2 22.000000000000004 114
      vertex 156 7.999999999999996 114
    endloop
  endfacet
  facet normal 0 0 -1
    outer loop
      vertex 157.2 7.5 102
      vertex 157.2 20.5 102
      vertex 190.8 7.5 102
    endloop
  endfacet
  facet normal 0 0 1
    outer loop
      vertex 157.2 7.5 114
      vertex 192 7.5 114
      vertex 157.2 22.000000000000004 114
    endloop
  endfacet
  facet normal 1 0 0
    outer loop
      vertex 192 7.5 102
      vertex 192 22.5 102
      vertex 192 7.5 103.2
    endloop
  endfacet
  facet normal 1 0 0
    outer loop
      vertex 192 7.5 103.2
      vertex 192 22.5 102
      vertex 192 7.5 114
    endloop
  endfacet
  facet normal 0 0 -1
    outer loop
      vertex 190.8 7.5 102
      vertex 157.2 20.5 102
      vertex 190.8 20.5 102
    endloop
  endfacet
  facet normal 1 0 0
    outer loop
      vertex 192 7.5 114
      vertex 192 22.5 102
      vertex 192 22.5 103.2
    endloop
  endfacet
  facet normal 0 0 1
    outer loop
      vertex 192 7.5 114
      vertex 192 22.5 114
      vertex 157.2 22.000000000000004 114
    endloop
  endfacet
  facet normal 1 0 0
    outer loop
      vertex 192 7.5 114
      vertex 192 22.5 103.2
      vertex 192 22.5 114
    endloop
  endfacet
  facet normal 0 1 0
    outer loop
      vertex 157.2 22.5 103.2
      vertex 157.2 22.5 114
      vertex 192 22.5 103.2
    endloop
  endfacet
  facet normal 0 0 1
    outer loop
      vertex 157.2 22.000000000000004 114
      vertex 192 22.5 114
      vertex 157.2 22.5 114
    endloop
  endfacet
  facet normal 0 1 0
    outer loop
      vertex 157.2 22.5 114
      vertex 192 22.5 114
      vertex 192 22.5 103.2
    endloop
  endfacet
  facet normal 0 -1 0
    outer loop
      vertex 157.2 7.5 80.4
      vertex 189.64000000000016 7.5 80.44
      vertex 157.2 7.5 80.98983050847458
    endloop
  endfacet
  facet normal 0 -1 0
    outer loop
      vertex 157.2 7.5 80.4
      vertex 190.8 7.5 80.4
      vertex 189.64000000000016 7.5 80.44
    endloop
  endfacet
  facet normal 0 -1 0
    outer loop
      vertex 157.2 7.5 92.4
      vertex 158.35999999999984 7.5 92.36000000000001
      vertex 190.8 7.5 92.4
    endloop
  endfacet
  facet normal 0 -1 0
    outer loop
      vertex 190.8 7.5 81.60000000000001
      vertex 192 7.5 81.60000000000001
      vertex 190.8 7.5 91.2
    endloop
  endfacet
  facet normal 0 -1 0
    outer loop
      vertex 192 7.5 81.60000000000001
      vertex 192 7.5 91.2
      vertex 190.8 7.5 91.2
    endloop
  endfacet
  facet normal 0 -1 0
    outer loop
      vertex 158.35999999999984 7.5 92.36000000000001
      vertex 192 7.5 92.4
      vertex 190.8 7.5 92.4
    endloop
  endfacet
  facet normal 0 -1 0
    outer loop
      vertex 158.35999999999984 7.5 92.36000000000001
      vertex 191.4 7.5 91.80000000000001
      vertex 192 7.5 92.4
    endloop
  endfacet
  facet normal 0 0 -1
    outer loop
      vertex 157.2 7.5 80.4
      vertex 157.2 20.5 80.4
      vertex 190.8 7.5 80.4
    endloop
  endfacet
  facet normal 1 0 0
    outer loop
      vertex 192 7.5 80.4
      vertex 192 22.5 80.4
      vertex 192 7.5 81.60000000000001
    endloop
  endfacet
  facet normal -1 0 0
    outer loop
      vertex 156 7.5 81.60000000000001
      vertex 156 7.5 91.2
      vertex 156 20.5 81.60000000000001
    endloop
  endfacet
  facet normal 0 0 1
    outer loop
      vertex 157.2 7.5 92.4
      vertex 190.8 7.5 92.4
      vertex 190.8 20.5 92.4
    endloop
  endfacet
  facet normal 1 0 0
    outer loop
      vertex 192 7.5 81.60000000000001
      vertex 192 22.5 80.4
      vertex 192 7.5 91.2
    endloop
  endfacet
  facet normal 1 0 0
    outer loop
      vertex 192 7.5 91.2
      vertex 192 22.5 80.4
      vertex 192 7.5 92.4
    endloop
  endfacet
  facet normal 0 0 -1
    outer loop
      vertex 190.8 7.5 80.4
      vertex 157.2 20.5 80.4
      vertex 190.8 20.5 80.4
    endloop
  endfacet
  facet normal -1 0 0
    outer loop
      vertex 156 7.5 91.2
      vertex 156 20.5 91.2
      vertex 156 20.5 81.60000000000001
    endloop
  endfacet
  facet normal 0 0 1
    outer loop
      vertex 157.2 7.5 92.4
      vertex 190.8 20.5 92.4
      vertex 157.2 20.5 92.4
    endloop
  endfacet
  facet normal 1 0 0
    outer loop
      vertex 192 7.5 92.4
      vertex 192 22.5 80.4
      vertex 192 22.5 81.60000000000001
    endloop
  endfacet
  facet normal 1 0 0
    outer loop
      vertex 192 7.5 92.4
      vertex 192 22.5 81.60000000000001
      vertex 192 22.5 91.2
    endloop
  endfacet
  facet normal 1 0 0
    outer loop
      vertex 192 7.5 92.4
      vertex 192 22.5 91.2
      vertex 192 22.5 92.4
    endloop
  endfacet
  facet normal 0 1 0
    outer loop
      vertex 157.2 22.5 81.60000000000001
      vertex 157.2 22.5 91.2
      vertex 192 22.5 81.60000000000001
    endloop
  endfacet
  facet normal 0 1 0
    outer loop
      vertex 192 22.5 81.60000000000001
      vertex 157.2 22.5 91.2
      vertex 192 22.5 91.2
    endloop
  endfacet
  facet normal 0 -1 0
    outer loop
      vertex 156 7.5 60.000000000000014
      vertex 157.2 7.5 60
      vertex 156 7.5 69.60000000000001
    endloop
  endfacet
  facet normal 0 -1 0
    outer loop
      vertex 157.2 7.5 60
      vertex 157.2 7.5 69.60000000000001
      vertex 156 7.5 69.60000000000001
    endloop
  endfacet
  facet normal 0 -1 0
    outer loop
      vertex 157.2 7.5 58.80000000000001
      vertex 189.63999999999956 7.5 58.84000000000001
      vertex 157.2 7.5 59.38983050847458
    endloop
  endfacet
  facet normal 0 -1 0
    outer loop
      vertex 157.2 7.5 58.80000000000001
      vertex 190.7999999999996 7.5 58.80000000000001
      vertex 189.63999999999956 7.5 58.84000000000001
    endloop
  endfacet
  facet normal 0 -1 0
    outer loop
      vertex 190.8 7.5 60.000000000000014
      vertex 192 7.5 60
      vertex 190.8 7.5 69.60000000000001
    endloop
  endfacet
  facet normal 0 -1 0
    outer loop
      vertex 192 7.5 60
      vertex 192 7.5 69.60000000000001
      vertex 190.8 7.5 69.60000000000001
    endloop
  endfacet
  facet normal 0 -1 0
    outer loop
      vertex 157.2 7.5 70.80000000000001
      vertex 158.35999999999984 7.5 70.76000000000002
      vertex 190.8 7.5 70.80000000000001
    endloop
  endfacet
  facet normal 0 -1 0
    outer loop
      vertex 158.35999999999984 7.5 70.76000000000002
      vertex 192 7.5 70.80000000000001
      vertex 190.8 7.5 70.80000000000001
    endloop
  endfacet
  facet normal 0 -1 0
    outer loop
      vertex 158.35999999999984 7.5 70.76000000000002
      vertex 191.4 7.5 70.20000000000002
      vertex 192 7.5 70.80000000000001
    endloop
  endfacet
  facet normal -1 0 0
    outer loop
      vertex 156 7.5 60.000000000000014
      vertex 156 7.5 69.60000000000001
      vertex 156 20.5 60.000000000000014
    endloop
  endfacet
  facet normal 1 0 0
    outer loop
      vertex 192 7.5 58.80000000000001
      vertex 192 22.5 58.80000000000001
      vertex 192 7.5 60
    endloop
  endfacet
  facet normal 1 0 0
    outer loop
      vertex 192 7.5 60
      vertex 192 22.5 58.80000000000001
      vertex 192 7.5 69.60000000000001
    endloop
  endfacet
  facet normal 1 0 0
    outer loop
      vertex 192 7.5 69.60000000000001
      vertex 192 22.5 58.80000000000001
      vertex 192 7.5 70.80000000000001
    endloop
  endfacet
  facet normal 0 0 1
    outer loop
      vertex 157.2 7.5 70.80000000000001
      vertex 190.8 7.5 70.80000000000001
      vertex 190.8 20.5 70.80000000000001
    endloop
  endfacet
  facet normal -1 0 0
    outer loop
      vertex 156 7.5 69.60000000000001
      vertex 156 20.5 69.60000000000001
      vertex 156 20.5 60.000000000000014
    endloop
  endfacet
  facet normal 0 0 1
    outer loop
      vertex 157.2 7.5 70.80000000000001
      vertex 190.8 20.5 70.80000000000001
      vertex 157.2 20.5 70.80000000000001
    endloop
  endfacet
  facet normal 1 0 0
    outer loop
      vertex 192 7.5 70.80000000000001
      vertex 192 22.5 58.80000000000001
      vertex 192 22.5 60
    endloop
  endfacet
  facet normal 1 0 0
    outer loop
      vertex 192 7.5 70.80000000000001
      vertex 192 22.5 60
      vertex 192 22.5 69.60000000000001
    endloop
  endfacet
  facet normal 1 0 0
    outer loop
      vertex 192 7.5 70.80000000000001
      vertex 192 22.5 69.60000000000001
      vertex 192 22.5 70.80000000000001
    endloop
  endfacet
  facet normal 0 1 0
    outer loop
      vertex 157.2 22.5 60
      vertex 157.2 22.5 69.60000000000001
      vertex 192 22.5 60
    endloop
  endfacet
  facet normal 0 1 0
    outer loop
      vertex 157.2 22.5 69.60000000000001
      vertex 192 22.5 69.60000000000001
      vertex 192 22.5 60
    endloop
  endfacet
  facet normal 0 -1 0
    outer loop
      vertex 157.2 7.5 37.2
      vertex 189.63999999999996 7.5 37.24
      vertex 157.2 7.5 37.78983050847458
    endloop
  endfacet
  facet normal 0 -1 0
    outer loop
      vertex 157.2 7.5 37.2
      vertex 190.8 7.5 37.2
      vertex 189.63999999999996 7.5 37.24
    endloop
  endfacet
  facet normal 0 -1 0
    outer loop
      vertex 157.2 7.5 49.2
      vertex 158.36000000000004 7.5 49.160000000000004
      vertex 190.8 7.5 49.2
    endloop
  endfacet
  facet normal 0 -1 0
    outer loop
      vertex 190.8 7.5 38.400000000000006
      vertex 192 7.5 38.400000000000006
      vertex 190.8 7.5 48
    endloop
  endfacet
  facet normal 0 -1 0
    outer loop
      vertex 192 7.5 38.400000000000006
      vertex 192 7.5 48
      vertex 190.8 7.5 48
    endloop
  endfacet
  facet normal 0 -1 0
    outer loop
      vertex 158.36000000000004 7.5 49.160000000000004
      vertex 192 7.5 49.2
      vertex 190.8 7.5 49.2
    endloop
  endfacet
  facet normal 0 -1 0
    outer loop
      vertex 158.36000000000004 7.5 49.160000000000004
      vertex 191.4 7.5 48.6
      vertex 192 7.5 49.2
    endloop
  endfacet
  facet normal -1 0 0
    outer loop
      vertex 156 7.5 38.400000000000006
      vertex 156 7.5 48
      vertex 156 20.5 38.400000000000006
    endloop
  endfacet
  facet normal 0 0 -1
    outer loop
      vertex 157.2 7.5 37.2
      vertex 157.2 20.5 37.2
      vertex 190.8 7.5 37.2
    endloop
  endfacet
  facet normal 1 0 0
    outer loop
      vertex 192 7.5 37.2
      vertex 192 22.5 37.2
      vertex 192 7.5 38.400000000000006
    endloop
  endfacet
  facet normal 0 0 1
    outer loop
      vertex 157.2 7.5 49.2
      vertex 190.8 7.5 49.2
      vertex 190.8 20.5 49.2
    endloop
  endfacet
  facet normal 1 0 0
    outer loop
      vertex 192 7.5 38.400000000000006
      vertex 192 22.5 37.2
      vertex 192 7.5 48
    endloop
  endfacet
  facet normal 1 0 0
    outer loop
      vertex 192 7.5 48
      vertex 192 22.5 37.2
      vertex 192 7.5 49.2
    endloop
  endfacet
  facet normal -1 0 0
    outer loop
      vertex 156 7.5 48
      vertex 156 20.5 48
      vertex 156 20.5 38.400000000000006
    endloop
  endfacet
  facet normal 0 0 -1
    outer loop
      vertex 190.8 7.5 37.2
      vertex 157.2 20.5 37.2
      vertex 190.8 20.5 37.2
    endloop
  endfacet
  facet normal 0 0 1
    outer loop
      vertex 157.2 7.5 49.2
      vertex 190.8 20.5 49.2
      vertex 157.2 20.5 49.2
    endloop
  endfacet
  facet normal 1 0 0
    outer loop
      vertex 192 7.5 49.2
      vertex 192 22.5 37.2
      vertex 192 22.5 38.400000000000006
    endloop
  endfacet
  facet normal 1 0 0
    outer loop
      vertex 192 7.5 49.2
      vertex 192 22.5 38.400000000000006
      vertex 192 22.5 48
    endloop
  endfacet
  facet normal 1 0 0
    outer loop
      vertex 192 7.5 49.2
      vertex 192 22.5 48
      vertex 192 22.5 49.2
    endloop
  endfacet
  facet normal 0 1 0
    outer loop
      vertex 157.2 22.5 38.400000000000006
      vertex 157.2 22.5 48
      vertex 192 22.5 38.400000000000006
    endloop
  endfacet
  facet normal 0 1 0
    outer loop
      vertex 157.2 22.5 48
      vertex 192 22.5 48
      vertex 192 22.5 38.400000000000006
    endloop
  endfacet
  facet normal 0 -1 0
    outer loop
      vertex 157.2 7.5 15.600000000000001
      vertex 189.64000000000004 7.5 15.64
      vertex 157.2 7.5 16.18983050847458
    endloop
  endfacet
  facet normal 0 -1 0
    outer loop
      vertex 157.2 7.5 15.600000000000001
      vertex 190.8 7.5 15.600000000000001
      vertex 189.64000000000004 7.5 15.64
    endloop
  endfacet
  facet normal 0 -1 0
    outer loop
      vertex 190.8 7.5 16.8
      vertex 192 7.5 16.8
      vertex 190.7999999999999 7.5 26.400000000000006
    endloop
  endfacet
  facet normal 0 -1 0
    outer loop
      vertex 192 7.5 16.8
      vertex 192 7.5 26.400000000000006
      vertex 190.7999999999999 7.5 26.400000000000006
    endloop
  endfacet
  facet normal 0 -1 0
    outer loop
      vertex 157.2 7.5 27.6
      vertex 158.36000000000004 7.5 27.560000000000002
      vertex 190.8 7.5 27.600000000000005
    endloop
  endfacet
  facet normal 0 -1 0
    outer loop
      vertex 158.36000000000004 7.5 27.560000000000002
      vertex 192 7.5 27.6
      vertex 190.8 7.5 27.600000000000005
    endloop
  endfacet
  facet normal 0 -1 0
    outer loop
      vertex 158.36000000000004 7.5 27.560000000000002
      vertex 191.4 7.5 27.000000000000004
      vertex 192 7.5 27.6
    endloop
  endfacet
  facet normal 0 0 -1
    outer loop
      vertex 157.2 7.5 15.600000000000001
      vertex 157.2 20.5 15.600000000000001
      vertex 190.8 7.5 15.600000000000001
    endloop
  endfacet
  facet normal 1 0 0
    outer loop
      vertex 192 7.5 15.600000000000001
      vertex 192 22.5 15.600000000000001
      vertex 192 7.5 16.8
    endloop
  endfacet
  facet normal 1 0 0
    outer loop
      vertex 192 7.5 16.8
      vertex 192 22.5 15.600000000000001
      vertex 192 7.5 26.400000000000006
    endloop
  endfacet
  facet normal 1 0 0
    outer loop
      vertex 192 7.5 26.400000000000006
      vertex 192 22.5 15.600000000000001
      vertex 192 7.5 27.6
    endloop
  endfacet
  facet normal -1 0 0
    outer loop
      vertex 156 7.5 16.8
      vertex 156 20.5 26.400000000000002
      vertex 156 20.5 16.8
    endloop
  endfacet
  facet normal 0 0 -1
    outer loop
      vertex 190.8 7.5 15.600000000000001
      vertex 157.2 20.5 15.600000000000001
      vertex 190.8 20.5 15.600000000000001
    endloop
  endfacet
  facet normal 1 0 0
    outer loop
      vertex 192 7.5 27.6
      vertex 192 22.5 15.600000000000001
      vertex 192 22.5 16.8
    endloop
  endfacet
  facet normal 1 0 0
    outer loop
      vertex 192 7.5 27.6
      vertex 192 22.5 16.8
      vertex 192 22.5 26.400000000000006
    endloop
  endfacet
  facet normal 1 0 0
    outer loop
      vertex 192 7.5 27.6
      vertex 192 22.5 26.400000000000006
      vertex 192 22.5 27.6
    endloop
  endfacet
  facet normal 0 1 0
    outer loop
      vertex 157.2 22.5 16.8
      vertex 157.2 22.5 26.400000000000006
      vertex 192 22.5 16.8
    endloop
  endfacet
  facet normal 0 1 0
    outer loop
      vertex 192 22.5 16.8
      vertex 157.2 22.5 26.400000000000006
      vertex 192 22.5 26.400000000000006
    endloop
  endfacet
  facet normal 0 -1 0
    outer loop
      vertex 157.2 7.5 -6
      vertex 192 7.5 -6
      vertex 157.2 7.5 -4.8
    endloop
  endfacet
  facet normal 0 0 -1
    outer loop
      vertex 157.2 7.5 -6
      vertex 157.2 7.999999999999996 -6
      vertex 192 7.5 -6
    endloop
  endfacet
  facet normal 0 -1 0
    outer loop
      vertex 157.2 7.5 6
      vertex 158.36 7.5 5.96
      vertex 190.8 7.5 6.000000000000001
    endloop
  endfacet
  facet normal 0 -1 0
    outer loop
      vertex 157.2 7.5 -4.8
      vertex 192 7.5 -6
      vertex 190.8 7.5 -4.8
    endloop
  endfacet
  facet normal 0 -1 0
    outer loop
      vertex 192 7.5 -6
      vertex 190.79999999999998 7.5 4.800000000000001
      vertex 190.8 7.5 -4.8
    endloop
  endfacet
  facet normal 0 -1 0
    outer loop
      vertex 192 7.5 -6
      vertex 192 7.5 4.800000000000001
      vertex 190.79999999999998 7.5 4.800000000000001
    endloop
  endfacet
  facet normal 0 -1 0
    outer loop
      vertex 158.36 7.5 5.96
      vertex 192 7.5 6
      vertex 190.8 7.5 6.000000000000001
    endloop
  endfacet
  facet normal 0 -1 0
    outer loop
      vertex 158.36 7.5 5.96
      vertex 191.4 7.5 5.4
      vertex 192 7.5 6
    endloop
  endfacet
  facet normal 0 0 -1
    outer loop
      vertex 157.2 7.999999999999996 -6
      vertex 192 22.5 -6
      vertex 192 7.5 -6
    endloop
  endfacet
  facet normal 1 0 0
    outer loop
      vertex 192 7.5 -6
      vertex 192 22.5 -6
      vertex 192 7.5 4.800000000000001
    endloop
  endfacet
  facet normal 1 0 0
    outer loop
      vertex 192 7.5 4.800000000000001
      vertex 192 22.5 -6
      vertex 192 7.5 6
    endloop
  endfacet
  facet normal -1 0 0
    outer loop
      vertex 156 7.5 -4.8
      vertex 156 20.5 4.8
      vertex 156 20.5 -4.8
    endloop
  endfacet
  facet normal 0 0 -1
    outer loop
      vertex 157.2 7.999999999999996 -6
      vertex 156 22.000000000000004 -6
      vertex 157.2 22.5 -6
    endloop
  endfacet
  facet normal 0 0 -1
    outer loop
      vertex 157.2 7.999999999999996 -6
      vertex 157.2 22.5 -6
      vertex 192 22.5 -6
    endloop
  endfacet
  facet normal 1 0 0
    outer loop
      vertex 192 7.5 6
      vertex 192 22.5 -6
      vertex 192 22.5 4.800000000000001
    endloop
  endfacet
  facet normal 1 0 0
    outer loop
      vertex 192 7.5 6
      vertex 192 22.5 4.800000000000001
      vertex 192 22.5 6
    endloop
  endfacet
  facet normal 0 1 0
    outer loop
      vertex 157.2 22.5 -6
      vertex 157.2 22.5 4.800000000000001
      vertex 192 22.5 -6
    endloop
  endfacet
  facet normal 0 1 0
    outer loop
      vertex 157.2 22.5 4.800000000000001
      vertex 192 22.5 4.800000000000001
      vertex 192 22.5 -6
    endloop
  endfacet
  facet normal 0 -1 0
    outer loop
      vertex 157.2 7.5 91.2
      vertex 157.2 7.5 92.4
      vertex 156.6 7.5 91.80000000000001
    endloop
  endfacet
  facet normal 0 -1 0
    outer loop
      vertex 157.2 7.5 91.2
      vertex 158.35999999999984 7.5 92.36000000000001
      vertex 157.2 7.5 92.4
    endloop
  endfacet
  facet normal 0 -1 0
    outer loop
      vertex 157.2 7.5 91.2
      vertex 190.8 7.5 91.2
      vertex 158.35999999999984 7.5 92.36000000000001
    endloop
  endfacet
  facet normal 0 -1 0
    outer loop
      vertex 158.35999999999984 7.5 92.36000000000001
      vertex 190.8 7.5 91.2
      vertex 192 7.5 91.2
    endloop
  endfacet
  facet normal 0 -1 0
    outer loop
      vertex 158.35999999999984 7.5 92.36000000000001
      vertex 192 7.5 91.2
      vertex 191.4 7.5 91.80000000000001
    endloop
  endfacet
  facet normal 0 -1 0
    outer loop
      vertex 192 7.5 91.2
      vertex 192 7.5 92.4
      vertex 191.4 7.5 91.80000000000001
    endloop
  endfacet
  facet normal 0 -1 0
    outer loop
      vertex 190.8 7.5 92.4
      vertex 192 7.5 92.4
      vertex 192 7.5 102
    endloop
  endfacet
  facet normal 0 -1 0
    outer loop
      vertex 190.8 7.5 92.4
      vertex 192 7.5 102
      vertex 190.8 7.5 102
    endloop
  endfacet
  facet normal 0 -1 0
    outer loop
      vertex 157.2 7.5 102.58983050847458
      vertex 189.64000000000016 7.5 102.03999999999999
      vertex 156.7955056179775 7.5 102.79550561797753
    endloop
  endfacet
  facet normal 0 -1 0
    outer loop
      vertex 156.7955056179775 7.5 102.79550561797753
      vertex 189.64000000000016 7.5 102.03999999999999
      vertex 157.2 7.5 103.2
    endloop
  endfacet
  facet normal 0 -1 0
    outer loop
      vertex 157.2 7.5 103.2
      vertex 189.64000000000016 7.5 102.03999999999999
      vertex 190.8 7.5 103.2
    endloop
  endfacet
  facet normal 0 -1 0
    outer loop
      vertex 189.64000000000016 7.5 102.03999999999999
      vertex 190.8 7.5 102
      vertex 192 7.5 103.2
    endloop
  endfacet
  facet normal 0 -1 0
    outer loop
      vertex 190.8 7.5 102
      vertex 192 7.5 102
      vertex 192 7.5 103.2
    endloop
  endfacet
  facet normal 0 -1 0
    outer loop
      vertex 189.64000000000016 7.5 102.03999999999999
      vertex 192 7.5 103.2
      vertex 190.8 7.5 103.2
    endloop
  endfacet
  facet normal -1 0 0
    outer loop
      vertex 156 7.5 92.4
      vertex 156 7.5 102
      vertex 156 20.5 92.4
    endloop
  endfacet
  facet normal 0 0 -1
    outer loop
      vertex 157.2 7.5 91.2
      vertex 157.2 20.5 91.2
      vertex 190.8 7.5 91.2
    endloop
  endfacet
  facet normal 1 0 0
    outer loop
      vertex 192 7.5 92.4
      vertex 192 22.5 102
      vertex 192 7.5 102
    endloop
  endfacet
  facet normal 0 0 1
    outer loop
      vertex 157.2 7.5 103.2
      vertex 190.8 7.5 103.2
      vertex 190.8 20.5 103.2
    endloop
  endfacet
  facet normal -1 0 0
    outer loop
      vertex 156 7.5 102
      vertex 156 20.5 102
      vertex 156 20.5 92.4
    endloop
  endfacet
  facet normal 0 0 -1
    outer loop
      vertex 190.8 7.5 91.2
      vertex 157.2 20.5 91.2
      vertex 190.8 20.5 91.2
    endloop
  endfacet
  facet normal 0 0 1
    outer loop
      vertex 157.2 7.5 103.2
      vertex 190.8 20.5 103.2
      vertex 157.2 20.5 103.2
    endloop
  endfacet
  facet normal 1 0 0
    outer loop
      vertex 192 7.5 92.4
      vertex 192 22.5 92.4
      vertex 192 22.5 102
    endloop
  endfacet
  facet normal 0 1 0
    outer loop
      vertex 157.2 22.5 91.2
      vertex 157.2 22.5 103.2
      vertex 192 22.5 91.2
    endloop
  endfacet
  facet normal 0 1 0
    outer loop
      vertex 157.2 22.5 103.2
      vertex 192 22.5 92.4
      vertex 192 22.5 91.2
    endloop
  endfacet
  facet normal 0 1 0
    outer loop
      vertex 157.2 22.5 103.2
      vertex 192 22.5 102
      vertex 192 22.5 92.4
    endloop
  endfacet
  facet normal 0 1 0
    outer loop
      vertex 157.2 22.5 103.2
      vertex 192 22.5 103.2
      vertex 192 22.5 102
    endloop
  endfacet
  facet normal 0 -1 0
    outer loop
      vertex 157.2 7.5 69.60000000000001
      vertex 157.2 7.5 70.80000000000001
      vertex 156.6 7.5 70.20000000000002
    endloop
  endfacet
  facet normal 0 -1 0
    outer loop
      vertex 157.2 7.5 69.60000000000001
      vertex 158.35999999999984 7.5 70.76000000000002
      vertex 157.2 7.5 70.80000000000001
    endloop
  endfacet
  facet normal 0 -1 0
    outer loop
      vertex 157.2 7.5 69.60000000000001
      vertex 190.8 7.5 69.60000000000001
      vertex 158.35999999999984 7.5 70.76000000000002
    endloop
  endfacet
  facet normal 0 -1 0
    outer loop
      vertex 157.2 7.5 80.98983050847458
      vertex 189.64000000000016 7.5 80.44
      vertex 156.7955056179775 7.5 81.19550561797753
    endloop
  endfacet
  facet normal 0 -1 0
    outer loop
      vertex 156.7955056179775 7.5 81.19550561797753
      vertex 189.64000000000016 7.5 80.44
      vertex 157.2 7.5 81.60000000000001
    endloop
  endfacet
  facet normal 0 -1 0
    outer loop
      vertex 158.35999999999984 7.5 70.76000000000002
      vertex 190.8 7.5 69.60000000000001
      vertex 192 7.5 69.60000000000001
    endloop
  endfacet
  facet normal 0 -1 0
    outer loop
      vertex 158.35999999999984 7.5 70.76000000000002
      vertex 192 7.5 69.60000000000001
      vertex 191.4 7.5 70.20000000000002
    endloop
  endfacet
  facet normal 0 -1 0
    outer loop
      vertex 192 7.5 69.60000000000001
      vertex 192 7.5 70.80000000000001
      vertex 191.4 7.5 70.20000000000002
    endloop
  endfacet
  facet normal 0 -1 0
    outer loop
      vertex 190.8 7.5 70.80000000000001
      vertex 192 7.5 70.80000000000001
      vertex 192 7.5 80.4
    endloop
  endfacet
  facet normal 0 -1 0
    outer loop
      vertex 157.2 7.5 81.60000000000001
      vertex 189.64000000000016 7.5 80.44
      vertex 190.8 7.5 81.60000000000001
    endloop
  endfacet
  facet normal 0 -1 0
    outer loop
      vertex 190.8 7.5 70.80000000000001
      vertex 192 7.5 80.4
      vertex 190.8 7.5 80.4
    endloop
  endfacet
  facet normal 0 -1 0
    outer loop
      vertex 189.64000000000016 7.5 80.44
      vertex 190.8 7.5 80.4
      vertex 192 7.5 81.60000000000001
    endloop
  endfacet
  facet normal 0 -1 0
    outer loop
      vertex 190.8 7.5 80.4
      vertex 192 7.5 80.4
      vertex 192 7.5 81.60000000000001
    endloop
  endfacet
  facet normal 0 -1 0
    outer loop
      vertex 189.64000000000016 7.5 80.44
      vertex 192 7.5 81.60000000000001
      vertex 190.8 7.5 81.60000000000001
    endloop
  endfacet
  facet normal -1 0 0
    outer loop
      vertex 156 7.5 70.80000000000001
      vertex 156 7.5 80.4
      vertex 156 20.5 70.80000000000001
    endloop
  endfacet
  facet normal 0 0 -1
    outer loop
      vertex 157.2 7.5 69.60000000000001
      vertex 157.2 20.5 69.60000000000001
      vertex 190.8 7.5 69.60000000000001
    endloop
  endfacet
  facet normal 0 0 1
    outer loop
      vertex 157.2 7.5 81.60000000000001
      vertex 190.8 7.5 81.60000000000001
      vertex 190.8 20.5 81.60000000000001
    endloop
  endfacet
  facet normal 1 0 0
    outer loop
      vertex 192 7.5 70.80000000000001
      vertex 192 22.5 80.4
      vertex 192 7.5 80.4
    endloop
  endfacet
  facet normal -1 0 0
    outer loop
      vertex 156 7.5 80.4
      vertex 156 20.5 80.4
      vertex 156 20.5 70.80000000000001
    endloop
  endfacet
  facet normal 0 0 1
    outer loop
      vertex 157.2 7.5 81.60000000000001
      vertex 190.8 20.5 81.60000000000001
      vertex 157.2 20.5 81.60000000000001
    endloop
  endfacet
  facet normal 0 0 -1
    outer loop
      vertex 190.8 7.5 69.60000000000001
      vertex 157.2 20.5 69.60000000000001
      vertex 190.8 20.5 69.60000000000001
    endloop
  endfacet
  facet normal 1 0 0
    outer loop
      vertex 192 7.5 70.80000000000001
      vertex 192 22.5 70.80000000000001
      vertex 192 22.5 80.4
    endloop
  endfacet
  facet normal 0 1 0
    outer loop
      vertex 157.2 22.5 69.60000000000001
      vertex 157.2 22.5 81.60000000000001
      vertex 192 22.5 69.60000000000001
    endloop
  endfacet
  facet normal 0 1 0
    outer loop
      vertex 157.2 22.5 81.60000000000001
      vertex 192 22.5 70.80000000000001
      vertex 192 22.5 69.60000000000001
    endloop
  endfacet
  facet normal 0 1 0
    outer loop
      vertex 157.2 22.5 81.60000000000001
      vertex 192 22.5 80.4
      vertex 192 22.5 70.80000000000001
    endloop
  endfacet
  facet normal 0 1 0
    outer loop
      vertex 157.2 22.5 81.60000000000001
      vertex 192 22.5 81.60000000000001
      vertex 192 22.5 80.4
    endloop
  endfacet
  facet normal 0 -1 0
    outer loop
      vertex 157.2 7.5 48
      vertex 157.2 7.5 49.2
      vertex 156.6 7.5 48.6
    endloop
  endfacet
  facet normal 0 -1 0
    outer loop
      vertex 157.2 7.5 48
      vertex 158.36000000000004 7.5 49.160000000000004
      vertex 157.2 7.5 49.2
    endloop
  endfacet
  facet normal 0 -1 0
    outer loop
      vertex 157.2 7.5 48
      vertex 190.8 7.5 48
      vertex 158.36000000000004 7.5 49.160000000000004
    endloop
  endfacet
  facet normal 0 -1 0
    outer loop
      vertex 158.36000000000004 7.5 49.160000000000004
      vertex 190.8 7.5 48
      vertex 192 7.5 48
    endloop
  endfacet
  facet normal 0 -1 0
    outer loop
      vertex 158.36000000000004 7.5 49.160000000000004
      vertex 192 7.5 48
      vertex 191.4 7.5 48.6
    endloop
  endfacet
  facet normal 0 -1 0
    outer loop
      vertex 192 7.5 48
      vertex 192 7.5 49.2
      vertex 191.4 7.5 48.6
    endloop
  endfacet
  facet normal 0 -1 0
    outer loop
      vertex 190.8 7.5 49.2
      vertex 192 7.5 49.2
      vertex 192 7.5 58.80000000000001
    endloop
  endfacet
  facet normal 0 0 -1
    outer loop
      vertex 157.2 7.5 48
      vertex 157.2 20.5 48
      vertex 190.8 7.5 48
    endloop
  endfacet
  facet normal 0 -1 0
    outer loop
      vertex 157.2 7.5 59.38983050847458
      vertex 189.63999999999956 7.5 58.84000000000001
      vertex 157.2 7.5 60
    endloop
  endfacet
  facet normal 0 -1 0
    outer loop
      vertex 157.2 7.5 60
      vertex 189.63999999999956 7.5 58.84000000000001
      vertex 190.8 7.5 60.000000000000014
    endloop
  endfacet
  facet normal 0 -1 0
    outer loop
      vertex 190.8 7.5 49.2
      vertex 192 7.5 58.80000000000001
      vertex 190.7999999999996 7.5 58.80000000000001
    endloop
  endfacet
  facet normal 0 -1 0
    outer loop
      vertex 189.63999999999956 7.5 58.84000000000001
      vertex 190.7999999999996 7.5 58.80000000000001
      vertex 192 7.5 60
    endloop
  endfacet
  facet normal 0 -1 0
    outer loop
      vertex 189.63999999999956 7.5 58.84000000000001
      vertex 192 7.5 60
      vertex 190.8 7.5 60.000000000000014
    endloop
  endfacet
  facet normal 0 -1 0
    outer loop
      vertex 190.7999999999996 7.5 58.80000000000001
      vertex 192 7.5 58.80000000000001
      vertex 192 7.5 60
    endloop
  endfacet
  facet normal 1 0 0
    outer loop
      vertex 192 7.5 49.2
      vertex 192 22.5 58.80000000000001
      vertex 192 7.5 58.80000000000001
    endloop
  endfacet
  facet normal -1 0 0
    outer loop
      vertex 156 7.5 49.2
      vertex 156 20.5 58.8
      vertex 156 20.5 49.2
    endloop
  endfacet
  facet normal 0 0 -1
    outer loop
      vertex 190.8 7.5 48
      vertex 157.2 20.5 48
      vertex 190.8 20.5 48
    endloop
  endfacet
  facet normal 1 0 0
    outer loop
      vertex 192 7.5 49.2
      vertex 192 22.5 49.2
      vertex 192 22.5 58.80000000000001
    endloop
  endfacet
  facet normal 0 1 0
    outer loop
      vertex 157.2 22.5 48
      vertex 157.2 22.5 60
      vertex 192 22.5 48
    endloop
  endfacet
  facet normal 0 1 0
    outer loop
      vertex 192 22.5 48
      vertex 157.2 22.5 60
      vertex 192 22.5 49.2
    endloop
  endfacet
  facet normal 0 1 0
    outer loop
      vertex 192 22.5 49.2
      vertex 157.2 22.5 60
      vertex 192 22.5 58.80000000000001
    endloop
  endfacet
  facet normal 0 1 0
    outer loop
      vertex 157.2 22.5 60
      vertex 192 22.5 60
      vertex 192 22.5 58.80000000000001
    endloop
  endfacet
  facet normal 0 -1 0
    outer loop
      vertex 157.2 7.5 26.400000000000006
      vertex 157.2 7.5 27.6
      vertex 156.6 7.5 27.000000000000004
    endloop
  endfacet
  facet normal 0 -1 0
    outer loop
      vertex 157.2 7.5 26.400000000000006
      vertex 158.36000000000004 7.5 27.560000000000002
      vertex 157.2 7.5 27.6
    endloop
  endfacet
  facet normal 0 -1 0
    outer loop
      vertex 157.2 7.5 26.400000000000006
      vertex 190.7999999999999 7.5 26.400000000000006
      vertex 158.36000000000004 7.5 27.560000000000002
    endloop
  endfacet
  facet normal 0 -1 0
    outer loop
      vertex 156.7955056179775 7.5 37.995505617977535
      vertex 157.2 7.5 37.78983050847458
      vertex 189.63999999999996 7.5 37.24
    endloop
  endfacet
  facet normal 0 -1 0
    outer loop
      vertex 156.7955056179775 7.5 37.995505617977535
      vertex 189.63999999999996 7.5 37.24
      vertex 157.2 7.5 38.400000000000006
    endloop
  endfacet
  facet normal 0 -1 0
    outer loop
      vertex 158.36000000000004 7.5 27.560000000000002
      vertex 190.7999999999999 7.5 26.400000000000006
      vertex 192 7.5 26.400000000000006
    endloop
  endfacet
  facet normal 0 -1 0
    outer loop
      vertex 158.36000000000004 7.5 27.560000000000002
      vertex 192 7.5 26.400000000000006
      vertex 191.4 7.5 27.000000000000004
    endloop
  endfacet
  facet normal 0 -1 0
    outer loop
      vertex 192 7.5 26.400000000000006
      vertex 192 7.5 27.6
      vertex 191.4 7.5 27.000000000000004
    endloop
  endfacet
  facet normal 0 -1 0
    outer loop
      vertex 190.8 7.5 27.600000000000005
      vertex 192 7.5 27.6
      vertex 192 7.5 37.2
    endloop
  endfacet
  facet normal 0 -1 0
    outer loop
      vertex 157.2 7.5 38.400000000000006
      vertex 189.63999999999996 7.5 37.24
      vertex 190.8 7.5 38.400000000000006
    endloop
  endfacet
  facet normal 0 -1 0
    outer loop
      vertex 190.8 7.5 27.600000000000005
      vertex 192 7.5 37.2
      vertex 190.8 7.5 37.2
    endloop
  endfacet
  facet normal 0 -1 0
    outer loop
      vertex 189.63999999999996 7.5 37.24
      vertex 190.8 7.5 37.2
      vertex 192 7.5 38.400000000000006
    endloop
  endfacet
  facet normal 0 -1 0
    outer loop
      vertex 189.63999999999996 7.5 37.24
      vertex 192 7.5 38.400000000000006
      vertex 190.8 7.5 38.400000000000006
    endloop
  endfacet
  facet normal 0 -1 0
    outer loop
      vertex 190.8 7.5 37.2
      vertex 192 7.5 37.2
      vertex 192 7.5 38.400000000000006
    endloop
  endfacet
  facet normal -1 0 0
    outer loop
      vertex 156 7.5 27.600000000000005
      vertex 156 7.5 37.2
      vertex 156 20.5 27.600000000000005
    endloop
  endfacet
  facet normal 0 0 1
    outer loop
      vertex 157.2 7.5 38.400000000000006
      vertex 190.8 7.5 38.400000000000006
      vertex 190.8 20.5 38.400000000000006
    endloop
  endfacet
  facet normal 1 0 0
    outer loop
      vertex 192 7.5 27.6
      vertex 192 22.5 37.2
      vertex 192 7.5 37.2
    endloop
  endfacet
  facet normal -1 0 0
    outer loop
      vertex 156 7.5 37.2
      vertex 156 20.5 37.2
      vertex 156 20.5 27.600000000000005
    endloop
  endfacet
  facet normal 0 0 1
    outer loop
      vertex 157.2 7.5 38.400000000000006
      vertex 190.8 20.5 38.400000000000006
      vertex 157.2 20.5 38.400000000000006
    endloop
  endfacet
  facet normal 1 0 0
    outer loop
      vertex 192 7.5 27.6
      vertex 192 22.5 27.6
      vertex 192 22.5 37.2
    endloop
  endfacet
  facet normal 0 1 0
    outer loop
      vertex 157.2 22.5 26.400000000000006
      vertex 157.2 22.5 38.400000000000006
      vertex 192 22.5 26.400000000000006
    endloop
  endfacet
  facet normal 0 1 0
    outer loop
      vertex 157.2 22.5 38.400000000000006
      vertex 192 22.5 27.6
      vertex 192 22.5 26.400000000000006
    endloop
  endfacet
  facet normal 0 1 0
    outer loop
      vertex 157.2 22.5 38.400000000000006
      vertex 192 22.5 37.2
      vertex 192 22.5 27.6
    endloop
  endfacet
  facet normal 0 1 0
    outer loop
      vertex 157.2 22.5 38.400000000000006
      vertex 192 22.5 38.400000000000006
      vertex 192 22.5 37.2
    endloop
  endfacet
  facet normal 0 -1 0
    outer loop
      vertex 157.2 7.5 4.800000000000001
      vertex 157.2 7.5 6
      vertex 156.6 7.5 5.4
    endloop
  endfacet
  facet normal 0 -1 0
    outer loop
      vertex 157.2 7.5 4.800000000000001
      vertex 158.36 7.5 5.96
      vertex 157.2 7.5 6
    endloop
  endfacet
  facet normal 0 -1 0
    outer loop
      vertex 157.2 7.5 4.800000000000001
      vertex 190.79999999999998 7.5 4.800000000000001
      vertex 158.36 7.5 5.96
    endloop
  endfacet
  facet normal 0 -1 0
    outer loop
      vertex 158.36 7.5 5.96
      vertex 190.79999999999998 7.5 4.800000000000001
      vertex 192 7.5 4.800000000000001
    endloop
  endfacet
  facet normal 0 -1 0
    outer loop
      vertex 158.36 7.5 5.96
      vertex 192 7.5 4.800000000000001
      vertex 191.4 7.5 5.4
    endloop
  endfacet
  facet normal 0 -1 0
    outer loop
      vertex 192 7.5 4.800000000000001
      vertex 192 7.5 6
      vertex 191.4 7.5 5.4
    endloop
  endfacet
  facet normal 0 -1 0
    outer loop
      vertex 156.7955056179775 7.5 16.39550561797753
      vertex 157.2 7.5 16.18983050847458
      vertex 189.64000000000004 7.5 15.64
    endloop
  endfacet
  facet normal 0 -1 0
    outer loop
      vertex 156.7955056179775 7.5 16.39550561797753
      vertex 189.64000000000004 7.5 15.64
      vertex 157.2 7.5 16.8
    endloop
  endfacet
  facet normal 0 -1 0
    outer loop
      vertex 157.2 7.5 16.8
      vertex 189.64000000000004 7.5 15.64
      vertex 190.8 7.5 16.8
    endloop
  endfacet
  facet normal 0 -1 0
    outer loop
      vertex 190.8 7.5 6.000000000000001
      vertex 192 7.5 6
      vertex 192 7.5 15.600000000000001
    endloop
  endfacet
  facet normal 0 -1 0
    outer loop
      vertex 190.8 7.5 6.000000000000001
      vertex 192 7.5 15.600000000000001
      vertex 190.8 7.5 15.600000000000001
    endloop
  endfacet
  facet normal 0 -1 0
    outer loop
      vertex 189.64000000000004 7.5 15.64
      vertex 190.8 7.5 15.600000000000001
      vertex 192 7.5 16.8
    endloop
  endfacet
  facet normal 0 -1 0
    outer loop
      vertex 189.64000000000004 7.5 15.64
      vertex 192 7.5 16.8
      vertex 190.8 7.5 16.8
    endloop
  endfacet
  facet normal 0 -1 0
    outer loop
      vertex 190.8 7.5 15.600000000000001
      vertex 192 7.5 15.600000000000001
      vertex 192 7.5 16.8
    endloop
  endfacet
  facet normal -1 0 0
    outer loop
      vertex 156 7.5 6.000000000000001
      vertex 156 7.5 15.600000000000001
      vertex 156 20.5 6.000000000000001
    endloop
  endfacet
  facet normal 0 0 1
    outer loop
      vertex 157.2 7.5 16.8
      vertex 190.8 7.5 16.8
      vertex 190.8 20.5 16.8
    endloop
  endfacet
  facet normal 1 0 0
    outer loop
      vertex 192 7.5 6
      vertex 192 22.5 15.600000000000001
      vertex 192 7.5 15.600000000000001
    endloop
  endfacet
  facet normal -1 0 0
    outer loop
      vertex 156 7.5 15.600000000000001
      vertex 156 20.5 15.600000000000001
      vertex 156 20.5 6.000000000000001
    endloop
  endfacet
  facet normal 0 0 1
    outer loop
      vertex 157.2 7.5 16.8
      vertex 190.8 20.5 16.8
      vertex 157.2 20.5 16.8
    endloop
  endfacet
  facet normal 1 0 0
    outer loop
      vertex 192 7.5 6
      vertex 192 22.5 6
      vertex 192 22.5 15.600000000000001
    endloop
  endfacet
  facet normal 0 1 0
    outer loop
      vertex 157.2 22.5 4.800000000000001
      vertex 157.2 22.5 16.8
      vertex 192 22.5 4.800000000000001
    endloop
  endfacet
  facet normal 0 1 0
    outer loop
      vertex 157.2 22.5 16.8
      vertex 192 22.5 6
      vertex 192 22.5 4.800000000000001
    endloop
  endfacet
  facet normal 0 1 0
    outer loop
      vertex 157.2 22.5 16.8
      vertex 192 22.5 15.600000000000001
      vertex 192 22.5 6
    endloop
  endfacet
  facet normal 0 1 0
    outer loop
      vertex 157.2 22.5 16.8
      vertex 192 22.5 16.8
      vertex 192 22.5 15.600000000000001
    endloop
  endfacet
  facet normal -1 0 0
    outer loop
      vertex 86.39999999999999 7.5 103.2
      vertex 86.39999999999999 7.5 112.8
      vertex 86.39999999999999 8.94444444444445 112.8
    endloop
  endfacet
  facet normal -1 0 0
    outer loop
      vertex 86.39999999999999 7.5 103.2
      vertex 86.39999999999999 8.94444444444445 112.8
      vertex 86.39999999999999 20.5 103.2
    endloop
  endfacet
  facet normal 0 -1 0
    outer loop
      vertex 87.6 7.5 102
      vertex 120.04000000000012 7.5 102.03999999999999
      vertex 87.6 7.5 102.58983050847458
    endloop
  endfacet
  facet normal 0 -1 0
    outer loop
      vertex 87.6 7.5 112.8
      vertex 121.19999999999999 7.5 112.8
      vertex 87 7.5 113.4
    endloop
  endfacet
  facet normal 0 -1 0
    outer loop
      vertex 87 7.5 113.4
      vertex 121.19999999999999 7.5 112.8
      vertex 87.6 7.5 114
    endloop
  endfacet
  facet normal 0 -1 0
    outer loop
      vertex 87.6 7.5 102
      vertex 121.19999999999999 7.5 102
      vertex 120.04000000000012 7.5 102.03999999999999
    endloop
  endfacet
  facet normal 0 -1 0
    outer loop
      vertex 87.6 7.5 114
      vertex 121.19999999999999 7.5 112.8
      vertex 121.79999999999998 7.5 113.4
    endloop
  endfacet
  facet normal 0 -1 0
    outer loop
      vertex 87.6 7.5 114
      vertex 121.79999999999998 7.5 113.4
      vertex 121.19999999999999 7.5 114
    endloop
  endfacet
  facet normal 0 0 1
    outer loop
      vertex 87.6 7.5 114
      vertex 121.19999999999999 7.5 114
      vertex 121.19999999999999 8.000000000000002 114
    endloop
  endfacet
  facet normal 0 0 -1
    outer loop
      vertex 87.6 7.5 102
      vertex 87.6 20.5 102
      vertex 121.19999999999999 7.5 102
    endloop
  endfacet
  facet normal 0 0 1
    outer loop
      vertex 86.39999999999999 8.000000000000002 114
      vertex 87.6 7.5 114
      vertex 87.6 22 114
    endloop
  endfacet
  facet normal 0 0 1
    outer loop
      vertex 87.6 7.5 114
      vertex 121.19999999999999 8.000000000000002 114
      vertex 87.6 22 114
    endloop
  endfacet
  facet normal 1 0 0
    outer loop
      vertex 122.39999999999999 7.5 103.2
      vertex 122.39999999999999 20.5 112.8
      vertex 122.39999999999999 7.5 112.8
    endloop
  endfacet
  facet normal 0 0 -1
    outer loop
      vertex 121.19999999999999 7.5 102
      vertex 87.6 20.5 102
      vertex 121.19999999999999 20.5 102
    endloop
  endfacet
  facet normal 0 0 1
    outer loop
      vertex 121.19999999999999 8.000000000000002 114
      vertex 121.19999999999999 22.5 114
      vertex 87.6 22 114
    endloop
  endfacet
  facet normal 1 0 0
    outer loop
      vertex 122.39999999999999 7.5 103.2
      vertex 122.39999999999999 20.5 103.2
      vertex 122.39999999999999 20.5 112.8
    endloop
  endfacet
  facet normal 0 0 1
    outer loop
      vertex 121.19999999999999 8.000000000000002 114
      vertex 122.39999999999999 22 114
      vertex 121.19999999999999 22.5 114
    endloop
  endfacet
  facet normal 0 1 0
    outer loop
      vertex 87.6 22.5 103.2
      vertex 87.6 22.5 114
      vertex 121.19999999999999 22.5 103.2
    endloop
  endfacet
  facet normal 0 0 1
    outer loop
      vertex 87.6 22 114
      vertex 121.19999999999999 22.5 114
      vertex 87.6 22.5 114
    endloop
  endfacet
  facet normal 0 1 0
    outer loop
      vertex 87.6 22.5 114
      vertex 121.19999999999999 22.5 114
      vertex 121.19999999999999 22.5 103.2
    endloop
  endfacet
  facet normal -1 0 0
    outer loop
      vertex 86.39999999999999 7.5 81.60000000000001
      vertex 86.39999999999999 7.5 91.2
      vertex 86.39999999999999 20.5 81.60000000000001
    endloop
  endfacet
  facet normal -1 0 0
    outer loop
      vertex 86.39999999999999 7.5 91.2
      vertex 86.39999999999999 20.5 91.2
      vertex 86.39999999999999 20.5 81.60000000000001
    endloop
  endfacet
  facet normal 0 -1 0
    outer loop
      vertex 87.6 7.5 80.4
      vertex 120.04000000000012 7.5 80.44
      vertex 87.6 7.5 80.98983050847458
    endloop
  endfacet
  facet normal 0 -1 0
    outer loop
      vertex 87.6 7.5 80.4
      vertex 121.19999999999999 7.5 80.4
      vertex 120.04000000000012 7.5 80.44
    endloop
  endfacet
  facet normal 0 -1 0
    outer loop
      vertex 87.6 7.5 92.4
      vertex 88.75999999999986 7.5 92.36000000000001
      vertex 121.19999999999999 7.5 92.4
    endloop
  endfacet
  facet normal 0 -1 0
    outer loop
      vertex 88.75999999999986 7.5 92.36000000000001
      vertex 122.39999999999999 7.5 92.4
      vertex 121.19999999999999 7.5 92.4
    endloop
  endfacet
  facet normal 0 -1 0
    outer loop
      vertex 88.75999999999986 7.5 92.36000000000001
      vertex 121.20753138075312 7.5 91.81004184100419
      vertex 122.39999999999999 7.5 92.4
    endloop
  endfacet
  facet normal 0 0 -1
    outer loop
      vertex 87.6 7.5 80.4
      vertex 87.6 20.5 80.4
      vertex 121.19999999999999 7.5 80.4
    endloop
  endfacet
  facet normal 0 0 1
    outer loop
      vertex 87.6 7.5 92.4
      vertex 121.19999999999999 7.5 92.4
      vertex 121.19999999999999 20.5 92.4
    endloop
  endfacet
  facet normal 1 0 0
    outer loop
      vertex 122.39999999999999 7.5 81.60000000000001
      vertex 122.39999999999999 20.5 91.2
      vertex 122.39999999999999 7.5 91.2
    endloop
  endfacet
  facet normal 0 0 -1
    outer loop
      vertex 121.19999999999999 7.5 80.4
      vertex 87.6 20.5 80.4
      vertex 121.19999999999999 20.5 80.4
    endloop
  endfacet
  facet normal 0 0 1
    outer loop
      vertex 87.6 7.5 92.4
      vertex 121.19999999999999 20.5 92.4
      vertex 87.6 20.5 92.4
    endloop
  endfacet
  facet normal 1 0 0
    outer loop
      vertex 122.39999999999999 7.5 81.60000000000001
      vertex 122.39999999999999 20.5 81.60000000000001
      vertex 122.39999999999999 20.5 91.2
    endloop
  endfacet
  facet normal 0 1 0
    outer loop
      vertex 87.6 22.5 81.60000000000001
      vertex 87.6 22.5 91.2
      vertex 121.19999999999999 22.5 81.60000000000001
    endloop
  endfacet
  facet normal 0 1 0
    outer loop
      vertex 121.19999999999999 22.5 81.60000000000001
      vertex 87.6 22.5 91.2
      vertex 121.19999999999999 22.5 91.2
    endloop
  endfacet
  facet normal 0 -1 0
    outer loop
      vertex 86.39999999999999 7.5 60.000000000000014
      vertex 87.6 7.5 60
      vertex 86.39999999999999 7.5 69.60000000000001
    endloop
  endfacet
  facet normal -1 0 0
    outer loop
      vertex 86.39999999999999 7.5 60.000000000000014
      vertex 86.39999999999999 7.5 69.60000000000001
      vertex 86.39999999999999 20.5 60.000000000000014
    endloop
  endfacet
  facet normal -1 0 0
    outer loop
      vertex 86.39999999999999 7.5 69.60000000000001
      vertex 86.39999999999999 20.5 69.60000000000001
      vertex 86.39999999999999 20.5 60.000000000000014
    endloop
  endfacet
  facet normal 0 -1 0
    outer loop
      vertex 87.6 7.5 58.80000000000001
      vertex 120.03999999999954 7.5 58.84000000000001
      vertex 87.6 7.5 59.38983050847458
    endloop
  endfacet
  facet normal 0 -1 0
    outer loop
      vertex 86.39999999999999 7.5 69.60000000000001
      vertex 87.6 7.5 60
      vertex 87.6 7.5 69.60000000000001
    endloop
  endfacet
  facet normal 0 -1 0
    outer loop
      vertex 87.6 7.5 58.80000000000001
      vertex 121.19999999999958 7.5 58.80000000000001
      vertex 120.03999999999954 7.5 58.84000000000001
    endloop
  endfacet
  facet normal 0 -1 0
    outer loop
      vertex 87.6 7.5 70.80000000000001
      vertex 88.75999999999986 7.5 70.76000000000002
      vertex 121.19999999999999 7.5 70.80000000000001
    endloop
  endfacet
  facet normal 0 -1 0
    outer loop
      vertex 88.75999999999986 7.5 70.76000000000002
      vertex 122.39999999999999 7.5 70.80000000000001
      vertex 121.19999999999999 7.5 70.80000000000001
    endloop
  endfacet
  facet normal 0 -1 0
    outer loop
      vertex 88.75999999999986 7.5 70.76000000000002
      vertex 121.20753138075312 7.5 70.2100418410042
      vertex 122.39999999999999 7.5 70.80000000000001
    endloop
  endfacet
  facet normal 0 0 1
    outer loop
      vertex 87.6 7.5 70.80000000000001
      vertex 121.19999999999999 7.5 70.80000000000001
      vertex 121.19999999999999 20.5 70.80000000000001
    endloop
  endfacet
  facet normal 0 0 1
    outer loop
      vertex 87.6 7.5 70.80000000000001
      vertex 121.19999999999999 20.5 70.80000000000001
      vertex 87.6 20.5 70.80000000000001
    endloop
  endfacet
  facet normal 1 0 0
    outer loop
      vertex 122.39999999999999 7.5 69.60000000000001
      vertex 122.39999999999999 20.5 60.000000000000014
      vertex 122.39999999999999 20.5 69.60000000000001
    endloop
  endfacet
  facet normal 0 1 0
    outer loop
      vertex 87.6 22.5 60
      vertex 87.6 22.5 69.60000000000001
      vertex 121.19999999999999 22.5 60
    endloop
  endfacet
  facet normal 0 1 0
    outer loop
      vertex 87.6 22.5 69.60000000000001
      vertex 121.19999999999999 22.5 69.60000000000001
      vertex 121.19999999999999 22.5 60
    endloop
  endfacet
  facet normal -1 0 0
    outer loop
      vertex 86.39999999999999 7.5 38.400000000000006
      vertex 86.39999999999999 7.5 48
      vertex 86.39999999999999 20.5 38.400000000000006
    endloop
  endfacet
  facet normal -1 0 0
    outer loop
      vertex 86.39999999999999 7.5 48
      vertex 86.39999999999999 20.5 48
      vertex 86.39999999999999 20.5 38.400000000000006
    endloop
  endfacet
  facet normal 0 -1 0
    outer loop
      vertex 87.6 7.5 37.2
      vertex 120.03999999999994 7.5 37.24
      vertex 87.6 7.5 37.78983050847458
    endloop
  endfacet
  facet normal 0 -1 0
    outer loop
      vertex 87.6 7.5 37.2
      vertex 121.19999999999999 7.5 37.2
      vertex 120.03999999999994 7.5 37.24
    endloop
  endfacet
  facet normal 0 -1 0
    outer loop
      vertex 87.6 7.5 49.2
      vertex 88.76000000000005 7.5 49.160000000000004
      vertex 121.19999999999999 7.5 49.2
    endloop
  endfacet
  facet normal 0 -1 0
    outer loop
      vertex 88.76000000000005 7.5 49.160000000000004
      vertex 122.39999999999999 7.5 49.2
      vertex 121.19999999999999 7.5 49.2
    endloop
  endfacet
  facet normal 0 -1 0
    outer loop
      vertex 88.76000000000005 7.5 49.160000000000004
      vertex 121.20753138075312 7.5 48.61004184100418
      vertex 122.39999999999999 7.5 49.2
    endloop
  endfacet
  facet normal 0 0 -1
    outer loop
      vertex 87.6 7.5 37.2
      vertex 87.6 20.5 37.2
      vertex 121.19999999999999 7.5 37.2
    endloop
  endfacet
  facet normal 0 0 1
    outer loop
      vertex 87.6 7.5 49.2
      vertex 121.19999999999999 7.5 49.2
      vertex 121.19999999999999 20.5 49.2
    endloop
  endfacet
  facet normal 1 0 0
    outer loop
      vertex 122.39999999999999 7.5 38.400000000000006
      vertex 122.39999999999999 20.5 48
      vertex 122.39999999999999 7.5 48
    endloop
  endfacet
  facet normal 0 0 -1
    outer loop
      vertex 121.19999999999999 7.5 37.2
      vertex 87.6 20.5 37.2
      vertex 121.19999999999999 20.5 37.2
    endloop
  endfacet
  facet normal 0 0 1
    outer loop
      vertex 87.6 7.5 49.2
      vertex 121.19999999999999 20.5 49.2
      vertex 87.6 20.5 49.2
    endloop
  endfacet
  facet normal 1 0 0
    outer loop
      vertex 122.39999999999999 7.5 38.400000000000006
      vertex 122.39999999999999 20.5 38.400000000000006
      vertex 122.39999999999999 20.5 48
    endloop
  endfacet
  facet normal 0 1 0
    outer loop
      vertex 87.6 22.5 38.400000000000006
      vertex 87.6 22.5 48
      vertex 121.19999999999999 22.5 38.400000000000006
    endloop
  endfacet
  facet normal 0 1 0
    outer loop
      vertex 87.6 22.5 48
      vertex 121.19999999999999 22.5 48
      vertex 121.19999999999999 22.5 38.400000000000006
    endloop
  endfacet
  facet normal -1 0 0
    outer loop
      vertex 86.39999999999999 7.5 16.8
      vertex 86.39999999999999 20.5 26.400000000000002
      vertex 86.39999999999999 20.5 16.8
    endloop
  endfacet
  facet normal 0 -1 0
    outer loop
      vertex 87.6 7.5 15.600000000000001
      vertex 120.03999999999998 7.5 15.640000000000002
      vertex 87.6 7.5 16.18983050847458
    endloop
  endfacet
  facet normal 0 -1 0
    outer loop
      vertex 87.6 7.5 15.600000000000001
      vertex 121.19999999999999 7.5 15.600000000000001
      vertex 120.03999999999998 7.5 15.640000000000002
    endloop
  endfacet
  facet normal 0 -1 0
    outer loop
      vertex 121.19999999999999 7.5 16.8
      vertex 122.39999999999999 7.5 16.8
      vertex 121.19999999999989 7.5 26.400000000000006
    endloop
  endfacet
  facet normal 0 -1 0
    outer loop
      vertex 122.39999999999999 7.5 16.8
      vertex 122.39999999999999 7.5 26.400000000000006
      vertex 121.19999999999989 7.5 26.400000000000006
    endloop
  endfacet
  facet normal 0 -1 0
    outer loop
      vertex 87.6 7.5 27.6
      vertex 88.76000000000006 7.5 27.560000000000002
      vertex 121.19999999999999 7.5 27.600000000000005
    endloop
  endfacet
  facet normal 0 -1 0
    outer loop
      vertex 88.76000000000006 7.5 27.560000000000002
      vertex 122.39999999999999 7.5 27.6
      vertex 121.19999999999999 7.5 27.600000000000005
    endloop
  endfacet
  facet normal 0 -1 0
    outer loop
      vertex 88.76000000000006 7.5 27.560000000000002
      vertex 121.20753138075312 7.5 27.01004184100419
      vertex 122.39999999999999 7.5 27.6
    endloop
  endfacet
  facet normal 0 0 -1
    outer loop
      vertex 87.6 7.5 15.600000000000001
      vertex 87.6 20.5 15.600000000000001
      vertex 121.19999999999999 7.5 15.600000000000001
    endloop
  endfacet
  facet normal 1 0 0
    outer loop
      vertex 122.39999999999999 7.5 16.8
      vertex 122.39999999999999 20.5 26.400000000000002
      vertex 122.39999999999999 7.5 26.400000000000006
    endloop
  endfacet
  facet normal 0 0 -1
    outer loop
      vertex 121.19999999999999 7.5 15.600000000000001
      vertex 87.6 20.5 15.600000000000001
      vertex 121.19999999999999 20.5 15.600000000000001
    endloop
  endfacet
  facet normal 1 0 0
    outer loop
      vertex 122.39999999999999 7.5 16.8
      vertex 122.39999999999999 20.5 16.8
      vertex 122.39999999999999 20.5 26.400000000000002
    endloop
  endfacet
  facet normal 0 1 0
    outer loop
      vertex 87.6 22.5 16.8
      vertex 87.6 22.5 26.400000000000006
      vertex 121.19999999999999 22.5 16.8
    endloop
  endfacet
  facet normal 0 1 0
    outer loop
      vertex 121.19999999999999 22.5 16.8
      vertex 87.6 22.5 26.400000000000006
      vertex 121.19999999999999 22.5 26.400000000000006
    endloop
  endfacet
  facet normal -1 0 0
    outer loop
      vertex 86.39999999999999 7.5 -4.8
      vertex 86.39999999999999 20.5 4.8
      vertex 86.39999999999999 20.5 -4.8
    endloop
  endfacet
  facet normal 0 -1 0
    outer loop
      vertex 87.6 7.5 -6
      vertex 121.19999999999999 7.5 -6
      vertex 87.6 7.5 -4.8
    endloop
  endfacet
  facet normal 0 0 -1
    outer loop
      vertex 87.6 7.5 -6
      vertex 87.6 8.000000000000002 -6
      vertex 121.19999999999999 7.5 -6
    endloop
  endfacet
  facet normal 0 -1 0
    outer loop
      vertex 87.6 7.5 6
      vertex 88.76000000000003 7.5 5.96
      vertex 121.19999999999999 7.5 6.000000000000001
    endloop
  endfacet
  facet normal 0 -1 0
    outer loop
      vertex 87.6 7.5 -4.8
      vertex 121.19999999999999 7.5 -6
      vertex 121.19999999999999 7.5 -4.8
    endloop
  endfacet
  facet normal 0 -1 0
    outer loop
      vertex 88.76000000000003 7.5 5.96
      vertex 122.39999999999999 7.5 6
      vertex 121.19999999999999 7.5 6.000000000000001
    endloop
  endfacet
  facet normal 0 -1 0
    outer loop
      vertex 88.76000000000003 7.5 5.96
      vertex 121.20753138075312 7.5 5.410041841004185
      vertex 122.39999999999999 7.5 6
    endloop
  endfacet
  facet normal 0 -1 0
    outer loop
      vertex 121.19999999999999 7.5 -6
      vertex 122.39999999999999 7.5 -4.8
      vertex 121.19999999999999 7.5 -4.8
    endloop
  endfacet
  facet normal 0 -1 0
    outer loop
      vertex 121.19999999999999 7.5 -4.8
      vertex 122.39999999999999 7.5 -4.8
      vertex 121.19999999999999 7.5 4.800000000000001
    endloop
  endfacet
  facet normal 1 0 0
    outer loop
      vertex 122.39999999999999 7.5 -4.8
      vertex 122.39999999999999 8.944444444444445 -4.8
      vertex 122.39999999999999 7.5 4.800000000000001
    endloop
  endfacet
  facet normal 0 -1 0
    outer loop
      vertex 122.39999999999999 7.5 -4.8
      vertex 122.39999999999999 7.5 4.800000000000001
      vertex 121.19999999999999 7.5 4.800000000000001
    endloop
  endfacet
  facet normal 1 0 0
    outer loop
      vertex 122.39999999999999 7.5 4.800000000000001
      vertex 122.39999999999999 8.944444444444445 -4.8
      vertex 122.39999999999999 14.464285714285715 -0.2142857142857144
    endloop
  endfacet
  facet normal 0 0 -1
    outer loop
      vertex 87.6 8.000000000000002 -6
      vertex 121.19999999999999 22 -6
      vertex 121.19999999999999 7.5 -6
    endloop
  endfacet
  facet normal 1 0 0
    outer loop
      vertex 122.39999999999999 7.5 4.800000000000001
      vertex 122.39999999999999 14.464285714285715 -0.2142857142857144
      vertex 122.39999999999999 14.464285714285715 0.4285714285714288
    endloop
  endfacet
  facet normal 0 0 -1
    outer loop
      vertex 121.19999999999999 7.5 -6
      vertex 121.19999999999999 22 -6
      vertex 122.39999999999999 8.000000000000002 -6
    endloop
  endfacet
  facet normal 1 0 0
    outer loop
      vertex 122.39999999999999 7.5 4.800000000000001
      vertex 122.39999999999999 14.464285714285715 0.4285714285714288
      vertex 122.39999999999999 20.5 4.8
    endloop
  endfacet
  facet normal 0 0 -1
    outer loop
      vertex 86.39999999999999 22 -6
      vertex 87.6 22.5 -6
      vertex 87.6 8.000000000000002 -6
    endloop
  endfacet
  facet normal 0 0 -1
    outer loop
      vertex 87.6 8.000000000000002 -6
      vertex 87.6 22.5 -6
      vertex 121.19999999999999 22 -6
    endloop
  endfacet
  facet normal 1 0 0
    outer loop
      vertex 122.39999999999999 14.464285714285715 0.4285714285714288
      vertex 122.39999999999999 20.5 -4.4
      vertex 122.39999999999999 20.5 4.8
    endloop
  endfacet
  facet normal 0 1 0
    outer loop
      vertex 87.6 22.5 -6
      vertex 87.6 22.5 4.800000000000001
      vertex 121.19999999999999 22.5 -6
    endloop
  endfacet
  facet normal 0 0 -1
    outer loop
      vertex 87.6 22.5 -6
      vertex 121.19999999999999 22.5 -6
      vertex 121.19999999999999 22 -6
    endloop
  endfacet
  facet normal 0 1 0
    outer loop
      vertex 87.6 22.5 4.800000000000001
      vertex 121.19999999999999 22.5 4.800000000000001
      vertex 121.19999999999999 22.5 -6
    endloop
  endfacet
  facet normal -1 0 0
    outer loop
      vertex 86.39999999999999 7.5 92.4
      vertex 86.39999999999999 7.5 102
      vertex 86.39999999999999 20.5 92.4
    endloop
  endfacet
  facet normal -1 0 0
    outer loop
      vertex 86.39999999999999 7.5 102
      vertex 86.39999999999999 20.5 102
      vertex 86.39999999999999 20.5 92.4
    endloop
  endfacet
  facet normal 0 -1 0
    outer loop
      vertex 87.6 7.5 91.2
      vertex 87.6 7.5 92.4
      vertex 87 7.5 91.80000000000001
    endloop
  endfacet
  facet normal 0 -1 0
    outer loop
      vertex 87.6 7.5 91.2
      vertex 88.75999999999986 7.5 92.36000000000001
      vertex 87.6 7.5 92.4
    endloop
  endfacet
  facet normal 0 -1 0
    outer loop
      vertex 87.6 7.5 91.2
      vertex 121.19999999999999 7.5 91.2
      vertex 88.75999999999986 7.5 92.36000000000001
    endloop
  endfacet
  facet normal 0 -1 0
    outer loop
      vertex 88.75999999999986 7.5 92.36000000000001
      vertex 121.19999999999999 7.5 91.2
      vertex 121.60449438202247 7.5 91.60449438202248
    endloop
  endfacet
  facet normal 0 -1 0
    outer loop
      vertex 88.75999999999986 7.5 92.36000000000001
      vertex 121.60449438202247 7.5 91.60449438202248
      vertex 121.20753138075312 7.5 91.81004184100419
    endloop
  endfacet
  facet normal 0 -1 0
    outer loop
      vertex 87.6 7.5 102.58983050847458
      vertex 120.04000000000012 7.5 102.03999999999999
      vertex 87.19550561797752 7.5 102.79550561797753
    endloop
  endfacet
  facet normal 0 -1 0
    outer loop
      vertex 87.19550561797752 7.5 102.79550561797753
      vertex 120.04000000000012 7.5 102.03999999999999
      vertex 87.6 7.5 103.2
    endloop
  endfacet
  facet normal 0 -1 0
    outer loop
      vertex 87.6 7.5 103.2
      vertex 120.04000000000012 7.5 102.03999999999999
      vertex 121.19999999999999 7.5 103.2
    endloop
  endfacet
  facet normal 0 -1 0
    outer loop
      vertex 122.39999999999999 7.5 92.4
      vertex 122.39999999999999 7.5 102
      vertex 121.33333333333333 7.5 102
    endloop
  endfacet
  facet normal 0 -1 0
    outer loop
      vertex 120.04000000000012 7.5 102.03999999999999
      vertex 121.19999999999999 7.5 102
      vertex 121.32 7.5 102.12
    endloop
  endfacet
  facet normal 0 -1 0
    outer loop
      vertex 120.04000000000012 7.5 102.03999999999999
      vertex 121.32 7.5 102.12
      vertex 121.19999999999999 7.5 103.2
    endloop
  endfacet
  facet normal 0 -1 0
    outer loop
      vertex 121.32 7.5 102.12
      vertex 121.79999999999998 7.5 102.6
      vertex 121.19999999999999 7.5 103.2
    endloop
  endfacet
  facet normal 0 0 -1
    outer loop
      vertex 87.6 7.5 91.2
      vertex 87.6 20.5 91.2
      vertex 121.19999999999999 7.5 91.2
    endloop
  endfacet
  facet normal 0 0 1
    outer loop
      vertex 87.6 7.5 103.2
      vertex 121.19999999999999 7.5 103.2
      vertex 121.19999999999999 20.5 103.2
    endloop
  endfacet
  facet normal 1 0 0
    outer loop
      vertex 122.39999999999999 7.5 92.4
      vertex 122.39999999999999 20.5 102
      vertex 122.39999999999999 7.5 102
    endloop
  endfacet
  facet normal 0 0 -1
    outer loop
      vertex 121.19999999999999 7.5 91.2
      vertex 87.6 20.5 91.2
      vertex 121.19999999999999 20.5 91.2
    endloop
  endfacet
  facet normal 0 0 1
    outer loop
      vertex 87.6 7.5 103.2
      vertex 121.19999999999999 20.5 103.2
      vertex 87.6 20.5 103.2
    endloop
  endfacet
  facet normal 1 0 0
    outer loop
      vertex 122.39999999999999 7.5 92.4
      vertex 122.39999999999999 20.5 92.4
      vertex 122.39999999999999 20.5 102
    endloop
  endfacet
  facet normal 0 1 0
    outer loop
      vertex 87.6 22.5 91.2
      vertex 87.6 22.5 103.2
      vertex 121.19999999999999 22.5 91.2
    endloop
  endfacet
  facet normal 0 1 0
    outer loop
      vertex 87.6 22.5 103.2
      vertex 121.19999999999999 22.5 103.2
      vertex 121.19999999999999 22.5 91.2
    endloop
  endfacet
  facet normal -1 0 0
    outer loop
      vertex 86.39999999999999 7.5 70.80000000000001
      vertex 86.39999999999999 7.5 80.4
      vertex 86.39999999999999 20.5 70.80000000000001
    endloop
  endfacet
  facet normal -1 0 0
    outer loop
      vertex 86.39999999999999 7.5 80.4
      vertex 86.39999999999999 20.5 80.4
      vertex 86.39999999999999 20.5 70.80000000000001
    endloop
  endfacet
  facet normal 0 -1 0
    outer loop
      vertex 87.6 7.5 69.60000000000001
      vertex 87.6 7.5 70.80000000000001
      vertex 87 7.5 70.20000000000002
    endloop
  endfacet
  facet normal 0 -1 0
    outer loop
      vertex 87.6 7.5 69.60000000000001
      vertex 88.75999999999986 7.5 70.76000000000002
      vertex 87.6 7.5 70.80000000000001
    endloop
  endfacet
  facet normal 0 -1 0
    outer loop
      vertex 87.6 7.5 69.60000000000001
      vertex 121.19999999999999 7.5 69.60000000000001
      vertex 88.75999999999986 7.5 70.76000000000002
    endloop
  endfacet
  facet normal 0 -1 0
    outer loop
      vertex 87.6 7.5 80.98983050847458
      vertex 120.04000000000012 7.5 80.44
      vertex 87.19550561797752 7.5 81.19550561797753
    endloop
  endfacet
  facet normal 0 -1 0
    outer loop
      vertex 87.19550561797752 7.5 81.19550561797753
      vertex 120.04000000000012 7.5 80.44
      vertex 87.6 7.5 81.60000000000001
    endloop
  endfacet
  facet normal 0 -1 0
    outer loop
      vertex 88.75999999999986 7.5 70.76000000000002
      vertex 121.19999999999999 7.5 69.60000000000001
      vertex 121.60449438202247 7.5 70.00449438202249
    endloop
  endfacet
  facet normal 0 -1 0
    outer loop
      vertex 88.75999999999986 7.5 70.76000000000002
      vertex 121.60449438202247 7.5 70.00449438202249
      vertex 121.20753138075312 7.5 70.2100418410042
    endloop
  endfacet
  facet normal 0 -1 0
    outer loop
      vertex 87.6 7.5 81.60000000000001
      vertex 120.04000000000012 7.5 80.44
      vertex 121.19999999999999 7.5 81.60000000000001
    endloop
  endfacet
  facet normal 0 -1 0
    outer loop
      vertex 122.39999999999999 7.5 70.80000000000001
      vertex 122.39999999999999 7.5 80.4
      vertex 121.33333333333333 7.5 80.4
    endloop
  endfacet
  facet normal 0 -1 0
    outer loop
      vertex 120.04000000000012 7.5 80.44
      vertex 121.19999999999999 7.5 80.4
      vertex 121.32 7.5 80.52000000000001
    endloop
  endfacet
  facet normal 0 -1 0
    outer loop
      vertex 120.04000000000012 7.5 80.44
      vertex 121.32 7.5 80.52000000000001
      vertex 121.19999999999999 7.5 81.60000000000001
    endloop
  endfacet
  facet normal 0 -1 0
    outer loop
      vertex 121.32 7.5 80.52000000000001
      vertex 121.79999999999998 7.5 81
      vertex 121.19999999999999 7.5 81.60000000000001
    endloop
  endfacet
  facet normal 0 0 -1
    outer loop
      vertex 87.6 7.5 69.60000000000001
      vertex 87.6 20.5 69.60000000000001
      vertex 121.19999999999999 7.5 69.60000000000001
    endloop
  endfacet
  facet normal 0 0 1
    outer loop
      vertex 87.6 7.5 81.60000000000001
      vertex 121.19999999999999 7.5 81.60000000000001
      vertex 121.19999999999999 20.5 81.60000000000001
    endloop
  endfacet
  facet normal 1 0 0
    outer loop
      vertex 122.39999999999999 7.5 70.80000000000001
      vertex 122.39999999999999 20.5 80.4
      vertex 122.39999999999999 7.5 80.4
    endloop
  endfacet
  facet normal 0 0 1
    outer loop
      vertex 87.6 7.5 81.60000000000001
      vertex 121.19999999999999 20.5 81.60000000000001
      vertex 87.6 20.5 81.60000000000001
    endloop
  endfacet
  facet normal 0 0 -1
    outer loop
      vertex 121.19999999999999 7.5 69.60000000000001
      vertex 87.6 20.5 69.60000000000001
      vertex 121.19999999999999 20.5 69.60000000000001
    endloop
  endfacet
  facet normal 1 0 0
    outer loop
      vertex 122.39999999999999 7.5 70.80000000000001
      vertex 122.39999999999999 20.5 70.80000000000001
      vertex 122.39999999999999 20.5 80.4
    endloop
  endfacet
  facet normal 0 1 0
    outer loop
      vertex 87.6 22.5 69.60000000000001
      vertex 87.6 22.5 81.60000000000001
      vertex 121.19999999999999 22.5 69.60000000000001
    endloop
  endfacet
  facet normal 0 1 0
    outer loop
      vertex 87.6 22.5 81.60000000000001
      vertex 121.19999999999999 22.5 81.60000000000001
      vertex 121.19999999999999 22.5 69.60000000000001
    endloop
  endfacet
  facet normal -1 0 0
    outer loop
      vertex 86.39999999999999 7.5 49.2
      vertex 86.39999999999999 20.5 58.8
      vertex 86.39999999999999 20.5 49.2
    endloop
  endfacet
  facet normal 0 -1 0
    outer loop
      vertex 87.6 7.5 48
      vertex 87.6 7.5 49.2
      vertex 87 7.5 48.6
    endloop
  endfacet
  facet normal 0 -1 0
    outer loop
      vertex 87.6 7.5 48
      vertex 88.76000000000005 7.5 49.160000000000004
      vertex 87.6 7.5 49.2
    endloop
  endfacet
  facet normal 0 -1 0
    outer loop
      vertex 87.6 7.5 48
      vertex 121.19999999999999 7.5 48
      vertex 88.76000000000005 7.5 49.160000000000004
    endloop
  endfacet
  facet normal 0 -1 0
    outer loop
      vertex 88.76000000000005 7.5 49.160000000000004
      vertex 121.19999999999999 7.5 48
      vertex 121.60449438202247 7.5 48.40449438202247
    endloop
  endfacet
  facet normal 0 -1 0
    outer loop
      vertex 88.76000000000005 7.5 49.160000000000004
      vertex 121.60449438202247 7.5 48.40449438202247
      vertex 121.20753138075312 7.5 48.61004184100418
    endloop
  endfacet
  facet normal 0 0 -1
    outer loop
      vertex 87.6 7.5 48
      vertex 87.6 20.5 48
      vertex 121.19999999999999 7.5 48
    endloop
  endfacet
  facet normal 0 -1 0
    outer loop
      vertex 87.6 7.5 59.38983050847458
      vertex 120.03999999999954 7.5 58.84000000000001
      vertex 87.6 7.5 60
    endloop
  endfacet
  facet normal 6.608470384673474e-16 -1 1.848092924817297e-14
    outer loop
      vertex 87.6 7.5 60
      vertex 120.03999999999954 7.5 58.84000000000001
      vertex 121.19999999999999 7.500000000000022 60.000000000000014
    endloop
  endfacet
  facet normal 0 -1 0
    outer loop
      vertex 121.19999999999999 7.5 49.2
      vertex 121.83529411764705 7.5 54.28235294117646
      vertex 121.19999999999958 7.5 58.80000000000001
    endloop
  endfacet
  facet normal 0 -1 0
    outer loop
      vertex 122.39999999999999 7.5 49.2
      vertex 122.39999999999998 7.5 58.80000000000001
      vertex 121.83529411764705 7.5 54.28235294117646
    endloop
  endfacet
  facet normal 0 -1 0
    outer loop
      vertex 121.83529411764705 7.5 54.28235294117646
      vertex 121.33333333333331 7.5 58.80000000000001
      vertex 121.19999999999958 7.5 58.80000000000001
    endloop
  endfacet
  facet normal 0 -1 0
    outer loop
      vertex 121.83529411764705 7.5 54.28235294117646
      vertex 122.39999999999998 7.5 58.80000000000001
      vertex 121.33333333333331 7.5 58.80000000000001
    endloop
  endfacet
  facet normal 0 -1 0
    outer loop
      vertex 121.19999999999958 7.5 58.80000000000001
      vertex 121.33333333333331 7.5 58.80000000000001
      vertex 121.32 7.5 58.92000000000001
    endloop
  endfacet
  facet normal 6.380592095546434e-16 -1 1.850371707708568e-14
    outer loop
      vertex 120.03999999999954 7.5 58.84000000000001
      vertex 121.19999999999958 7.5 58.80000000000001
      vertex 121.19999999999999 7.500000000000022 60.000000000000014
    endloop
  endfacet
  facet normal -1.850371707702761e-14 -1 1.8503717077092252e-14
    outer loop
      vertex 121.19999999999958 7.5 58.80000000000001
      vertex 121.32 7.5 58.92000000000001
      vertex 121.19999999999999 7.500000000000022 60.000000000000014
    endloop
  endfacet
  facet normal -1.850371707709294e-14 -1 1.8503717077084995e-14
    outer loop
      vertex 121.32 7.5 58.92000000000001
      vertex 121.79999999999988 7.5 59.400000000000105
      vertex 121.19999999999999 7.500000000000022 60.000000000000014
    endloop
  endfacet
  facet normal 1 -1.0931426704001524e-15 1.480297366166874e-15
    outer loop
      vertex 122.39999999999999 7.5 49.2
      vertex 122.39999999999999 20.5 58.8
      vertex 122.39999999999998 7.5 58.80000000000001
    endloop
  endfacet
  facet normal 0 0 -1
    outer loop
      vertex 121.19999999999999 7.5 48
      vertex 87.6 20.5 48
      vertex 121.19999999999999 20.5 48
    endloop
  endfacet
  facet normal 1 0 0
    outer loop
      vertex 122.39999999999999 7.5 49.2
      vertex 122.39999999999999 20.5 49.2
      vertex 122.39999999999999 20.5 58.8
    endloop
  endfacet
  facet normal 0 1 0
    outer loop
      vertex 87.6 22.5 48
      vertex 87.6 22.5 60
      vertex 121.19999999999999 22.5 48
    endloop
  endfacet
  facet normal 0 1 0
    outer loop
      vertex 121.19999999999999 22.5 48
      vertex 87.6 22.5 60
      vertex 121.19999999999999 22.5 60
    endloop
  endfacet
  facet normal -1 0 0
    outer loop
      vertex 86.39999999999999 7.5 27.600000000000005
      vertex 86.39999999999999 7.5 37.2
      vertex 86.39999999999999 20.5 27.600000000000005
    endloop
  endfacet
  facet normal -1 0 0
    outer loop
      vertex 86.39999999999999 7.5 37.2
      vertex 86.39999999999999 20.5 37.2
      vertex 86.39999999999999 20.5 27.600000000000005
    endloop
  endfacet
  facet normal 0 -1 0
    outer loop
      vertex 87.6 7.5 26.400000000000006
      vertex 87.6 7.5 27.6
      vertex 87 7.5 27.000000000000004
    endloop
  endfacet
  facet normal 0 -1 0
    outer loop
      vertex 87.6 7.5 26.400000000000006
      vertex 88.76000000000006 7.5 27.560000000000002
      vertex 87.6 7.5 27.6
    endloop
  endfacet
  facet normal 0 -1 0
    outer loop
      vertex 87.6 7.5 26.400000000000006
      vertex 121.19999999999989 7.5 26.400000000000006
      vertex 88.76000000000006 7.5 27.560000000000002
    endloop
  endfacet
  facet normal 0 -1 0
    outer loop
      vertex 87.19550561797752 7.5 37.995505617977535
      vertex 87.6 7.5 37.78983050847458
      vertex 120.03999999999994 7.5 37.24
    endloop
  endfacet
  facet normal 0 -1 0
    outer loop
      vertex 87.19550561797752 7.5 37.995505617977535
      vertex 120.03999999999994 7.5 37.24
      vertex 87.6 7.5 38.400000000000006
    endloop
  endfacet
  facet normal 0 -1 0
    outer loop
      vertex 88.76000000000006 7.5 27.560000000000002
      vertex 121.19999999999989 7.5 26.400000000000006
      vertex 121.60449438202247 7.5 26.804494382022476
    endloop
  endfacet
  facet normal 0 -1 0
    outer loop
      vertex 88.76000000000006 7.5 27.560000000000002
      vertex 121.60449438202247 7.5 26.804494382022476
      vertex 121.20753138075312 7.5 27.01004184100419
    endloop
  endfacet
  facet normal 0 -1 0
    outer loop
      vertex 87.6 7.5 38.400000000000006
      vertex 120.03999999999994 7.5 37.24
      vertex 121.19999999999999 7.5 38.400000000000006
    endloop
  endfacet
  facet normal 0 -1 0
    outer loop
      vertex 122.39999999999999 7.5 27.6
      vertex 122.39999999999999 7.5 37.2
      vertex 121.33333333333333 7.5 37.2
    endloop
  endfacet
  facet normal 0 -1 0
    outer loop
      vertex 120.03999999999994 7.5 37.24
      vertex 121.19999999999999 7.5 37.2
      vertex 121.32 7.5 37.32000000000001
    endloop
  endfacet
  facet normal 0 -1 0
    outer loop
      vertex 120.03999999999994 7.5 37.24
      vertex 121.32 7.5 37.32000000000001
      vertex 121.79999999999998 7.5 37.800000000000004
    endloop
  endfacet
  facet normal 0 -1 0
    outer loop
      vertex 120.03999999999994 7.5 37.24
      vertex 121.79999999999998 7.5 37.800000000000004
      vertex 121.19999999999999 7.5 38.400000000000006
    endloop
  endfacet
  facet normal 0 0 1
    outer loop
      vertex 87.6 7.5 38.400000000000006
      vertex 121.19999999999999 7.5 38.400000000000006
      vertex 121.19999999999999 20.5 38.400000000000006
    endloop
  endfacet
  facet normal 1 0 0
    outer loop
      vertex 122.39999999999999 7.5 27.6
      vertex 122.39999999999999 20.5 37.2
      vertex 122.39999999999999 7.5 37.2
    endloop
  endfacet
  facet normal 0 0 1
    outer loop
      vertex 87.6 7.5 38.400000000000006
      vertex 121.19999999999999 20.5 38.400000000000006
      vertex 87.6 20.5 38.400000000000006
    endloop
  endfacet
  facet normal 1 0 0
    outer loop
      vertex 122.39999999999999 7.5 27.6
      vertex 122.39999999999999 20.5 27.600000000000005
      vertex 122.39999999999999 20.5 37.2
    endloop
  endfacet
  facet normal 0 1 0
    outer loop
      vertex 87.6 22.5 26.400000000000006
      vertex 87.6 22.5 38.400000000000006
      vertex 121.19999999999999 22.5 26.400000000000006
    endloop
  endfacet
  facet normal 0 1 0
    outer loop
      vertex 87.6 22.5 38.400000000000006
      vertex 121.19999999999999 22.5 38.400000000000006
      vertex 121.19999999999999 22.5 26.400000000000006
    endloop
  endfacet
  facet normal -1 0 0
    outer loop
      vertex 86.39999999999999 7.5 6.000000000000001
      vertex 86.39999999999999 7.5 15.600000000000001
      vertex 86.39999999999999 20.5 6.000000000000001
    endloop
  endfacet
  facet normal -1 0 0
    outer loop
      vertex 86.39999999999999 7.5 15.600000000000001
      vertex 86.39999999999999 20.5 15.600000000000001
      vertex 86.39999999999999 20.5 6.000000000000001
    endloop
  endfacet
  facet normal 0 -1 0
    outer loop
      vertex 87.6 7.5 4.800000000000001
      vertex 87.6 7.5 6
      vertex 87 7.5 5.4
    endloop
  endfacet
  facet normal 0 -1 0
    outer loop
      vertex 87.6 7.5 4.800000000000001
      vertex 88.76000000000003 7.5 5.96
      vertex 87.6 7.5 6
    endloop
  endfacet
  facet normal 0 -1 0
    outer loop
      vertex 87.6 7.5 4.800000000000001
      vertex 121.19999999999999 7.5 4.800000000000001
      vertex 88.76000000000003 7.5 5.96
    endloop
  endfacet
  facet normal 0 -1 0
    outer loop
      vertex 88.76000000000003 7.5 5.96
      vertex 121.19999999999999 7.5 4.800000000000001
      vertex 121.60449438202247 7.5 5.204494382022473
    endloop
  endfacet
  facet normal 0 -1 0
    outer loop
      vertex 88.76000000000003 7.5 5.96
      vertex 121.60449438202247 7.5 5.204494382022473
      vertex 121.20753138075312 7.5 5.410041841004185
    endloop
  endfacet
  facet normal 0 -1 0
    outer loop
      vertex 87.19550561797752 7.5 16.39550561797753
      vertex 87.6 7.5 16.18983050847458
      vertex 120.03999999999998 7.5 15.640000000000002
    endloop
  endfacet
  facet normal 0 -1 0
    outer loop
      vertex 87.19550561797752 7.5 16.39550561797753
      vertex 120.03999999999998 7.5 15.640000000000002
      vertex 87.6 7.5 16.8
    endloop
  endfacet
  facet normal 0 -1 0
    outer loop
      vertex 87.6 7.5 16.8
      vertex 120.03999999999998 7.5 15.640000000000002
      vertex 121.19999999999999 7.5 16.8
    endloop
  endfacet
  facet normal 0 -1 0
    outer loop
      vertex 122.39999999999999 7.5 6
      vertex 122.39999999999999 7.5 15.600000000000001
      vertex 121.33333333333333 7.5 15.600000000000001
    endloop
  endfacet
  facet normal 0 -1 0
    outer loop
      vertex 120.03999999999998 7.5 15.640000000000002
      vertex 121.19999999999999 7.5 15.600000000000001
      vertex 121.32 7.5 15.720000000000006
    endloop
  endfacet
  facet normal 0 -1 0
    outer loop
      vertex 120.03999999999998 7.5 15.640000000000002
      vertex 121.32 7.5 15.720000000000006
      vertex 121.79999999999998 7.5 16.200000000000003
    endloop
  endfacet
  facet normal 0 -1 0
    outer loop
      vertex 120.03999999999998 7.5 15.640000000000002
      vertex 121.79999999999998 7.5 16.200000000000003
      vertex 121.19999999999999 7.5 16.8
    endloop
  endfacet
  facet normal 0 0 1
    outer loop
      vertex 87.6 7.5 16.8
      vertex 121.19999999999999 7.5 16.8
      vertex 121.19999999999999 20.5 16.8
    endloop
  endfacet
  facet normal 1 0 0
    outer loop
      vertex 122.39999999999999 7.5 6
      vertex 122.39999999999999 20.5 15.600000000000001
      vertex 122.39999999999999 7.5 15.600000000000001
    endloop
  endfacet
  facet normal 0 0 1
    outer loop
      vertex 87.6 7.5 16.8
      vertex 121.19999999999999 20.5 16.8
      vertex 87.6 20.5 16.8
    endloop
  endfacet
  facet normal 1 0 0
    outer loop
      vertex 122.39999999999999 7.5 6
      vertex 122.39999999999999 20.5 6.000000000000001
      vertex 122.39999999999999 20.5 15.600000000000001
    endloop
  endfacet
  facet normal 0 1 0
    outer loop
      vertex 87.6 22.5 4.800000000000001
      vertex 87.6 22.5 16.8
      vertex 121.19999999999999 22.5 4.800000000000001
    endloop
  endfacet
  facet normal 0 1 0
    outer loop
      vertex 87.6 22.5 16.8
      vertex 121.19999999999999 22.5 16.8
      vertex 121.19999999999999 22.5 4.800000000000001
    endloop
  endfacet
  facet normal 0 -1 0
    outer loop
      vertex -17.866666666666667 7.5 102
      vertex 15.640000000000134 7.5 102.03999999999999
      vertex -17.88 7.5 102.12
    endloop
  endfacet
  facet normal 0 -1 0
    outer loop
      vertex -17.88 7.5 102.12
      vertex 15.640000000000134 7.5 102.03999999999999
      vertex -17.4 7.5 102.6
    endloop
  endfacet
  facet normal 0 -1 0
    outer loop
      vertex -17.866666666666667 7.5 102
      vertex -16.8 7.5 102
      vertex 15.640000000000134 7.5 102.03999999999999
    endloop
  endfacet
  facet normal 0 -1 0
    outer loop
      vertex -18 7.5 103.2
      vertex -16.8 7.5 103.2
      vertex -18 7.5 114
    endloop
  endfacet
  facet normal 0 -1 0
    outer loop
      vertex -16.8 7.5 103.2
      vertex -16.8 7.5 112.8
      vertex -18 7.5 114
    endloop
  endfacet
  facet normal 0 -1 0
    outer loop
      vertex -16.8 7.5 112.8
      vertex 16.799999999999997 7.5 112.8
      vertex -18 7.5 114
    endloop
  endfacet
  facet normal 0 -1 0
    outer loop
      vertex -16.8 7.5 102
      vertex 16.799999999999997 7.5 102
      vertex 15.640000000000134 7.5 102.03999999999999
    endloop
  endfacet
  facet normal 0 -1 0
    outer loop
      vertex -18 7.5 114
      vertex 16.799999999999997 7.5 112.8
      vertex 17.4 7.5 113.4
    endloop
  endfacet
  facet normal 0 -1 0
    outer loop
      vertex -18 7.5 114
      vertex 17.4 7.5 113.4
      vertex 16.799999999999997 7.5 114
    endloop
  endfacet
  facet normal 0 0 1
    outer loop
      vertex -18 7.5 114
      vertex 16.799999999999997 7.5 114
      vertex 16.799999999999997 8.000000000000002 114
    endloop
  endfacet
  facet normal 0 0 -1
    outer loop
      vertex -16.8 7.5 102
      vertex -16.8 20.5 102
      vertex 16.799999999999997 7.5 102
    endloop
  endfacet
  facet normal -1 0 0
    outer loop
      vertex -18 7.5 103.2
      vertex -18 7.5 114
      vertex -18 22.5 114
    endloop
  endfacet
  facet normal 0 0 1
    outer loop
      vertex -18 7.5 114
      vertex 16.799999999999997 8.000000000000002 114
      vertex -18 22.5 114
    endloop
  endfacet
  facet normal 1 -2.7328566760003855e-16 3.70074341541719e-16
    outer loop
      vertex 17.999999999999996 7.5 112.8
      vertex 18 7.500000000000002 103.2
      vertex 18 20.5 112.8
    endloop
  endfacet
  facet normal 0 0 -1
    outer loop
      vertex -16.8 20.5 102
      vertex 16.799999999999997 20.5 102
      vertex 16.799999999999997 7.5 102
    endloop
  endfacet
  facet normal -1 0 0
    outer loop
      vertex -18 7.5 103.2
      vertex -18 22.5 114
      vertex -18 22.5 103.2
    endloop
  endfacet
  facet normal 0 0 1
    outer loop
      vertex -18 22.5 114
      vertex 16.799999999999997 8.000000000000002 114
      vertex 16.799999999999997 22.5 114
    endloop
  endfacet
  facet normal 1 0 0
    outer loop
      vertex 18 20.5 112.8
      vertex 18 7.500000000000002 103.2
      vertex 18 20.5 103.2
    endloop
  endfacet
  facet normal 0 0 1
    outer loop
      vertex 16.799999999999997 8.000000000000002 114
      vertex 18 22 114
      vertex 16.799999999999997 22.5 114
    endloop
  endfacet
  facet normal 0 1 0
    outer loop
      vertex -18 22.5 103.2
      vertex -18 22.5 114
      vertex 16.799999999999997 22.5 103.2
    endloop
  endfacet
  facet normal 0 1 0
    outer loop
      vertex -18 22.5 114
      vertex 16.799999999999997 22.5 114
      vertex 16.799999999999997 22.5 103.2
    endloop
  endfacet
  facet normal 0 -1 0
    outer loop
      vertex -17.866666666666667 7.5 80.4
      vertex 15.640000000000134 7.5 80.44
      vertex -17.88 7.5 80.52000000000001
    endloop
  endfacet
  facet normal 0 -1 0
    outer loop
      vertex -17.88 7.5 80.52000000000001
      vertex 15.640000000000134 7.5 80.44
      vertex -17.4 7.5 81
    endloop
  endfacet
  facet normal 0 -1 0
    outer loop
      vertex -17.866666666666667 7.5 80.4
      vertex -16.8 7.5 80.4
      vertex 15.640000000000134 7.5 80.44
    endloop
  endfacet
  facet normal 0 -1 0
    outer loop
      vertex -16.8 7.5 80.4
      vertex 16.799999999999997 7.5 80.4
      vertex 15.640000000000134 7.5 80.44
    endloop
  endfacet
  facet normal 0 -1 0
    outer loop
      vertex -18 7.5 81.60000000000001
      vertex -16.8 7.5 81.60000000000001
      vertex -18 7.5 91.2
    endloop
  endfacet
  facet normal 0 -1 0
    outer loop
      vertex -16.8 7.5 81.60000000000001
      vertex -16.8 7.5 91.2
      vertex -18 7.5 91.2
    endloop
  endfacet
  facet normal 0 -1 0
    outer loop
      vertex -16.8 7.5 92.4
      vertex -15.640000000000134 7.5 92.36000000000001
      vertex 16.799999999999997 7.5 92.4
    endloop
  endfacet
  facet normal 4.934324553889632e-17 -1 2.9112514867948667e-15
    outer loop
      vertex -15.640000000000134 7.5 92.36000000000001
      vertex 16.807531380753137 7.5 91.81004184100419
      vertex 18 7.500000000000002 92.4
    endloop
  endfacet
  facet normal 1.480297366166874e-15 -1 -1.2005211639615785e-12
    outer loop
      vertex -15.640000000000134 7.5 92.36000000000001
      vertex 18 7.500000000000002 92.4
      vertex 16.799999999999997 7.5 92.4
    endloop
  endfacet
  facet normal 0 0 -1
    outer loop
      vertex -16.8 7.5 80.4
      vertex -16.8 20.5 80.4
      vertex 16.799999999999997 7.5 80.4
    endloop
  endfacet
  facet normal -1 0 0
    outer loop
      vertex -18 7.5 81.60000000000001
      vertex -18 7.5 91.2
      vertex -18 22.5 91.2
    endloop
  endfacet
  facet normal 0 0 1
    outer loop
      vertex -16.8 7.5 92.4
      vertex 16.799999999999997 7.5 92.4
      vertex 16.799999999999997 20.5 92.4
    endloop
  endfacet
  facet normal 1 -2.7328566760003855e-16 3.70074341541719e-16
    outer loop
      vertex 17.999999999999996 7.5 91.2
      vertex 18 7.500000000000002 81.60000000000001
      vertex 18 20.5 91.2
    endloop
  endfacet
  facet normal 0 0 -1
    outer loop
      vertex -16.8 20.5 80.4
      vertex 16.799999999999997 20.5 80.4
      vertex 16.799999999999997 7.5 80.4
    endloop
  endfacet
  facet normal 0 0 1
    outer loop
      vertex -16.8 7.5 92.4
      vertex 16.799999999999997 20.5 92.4
      vertex -16.8 20.5 92.4
    endloop
  endfacet
  facet normal -1 0 0
    outer loop
      vertex -18 7.5 81.60000000000001
      vertex -18 22.5 91.2
      vertex -18 22.5 81.60000000000001
    endloop
  endfacet
  facet normal 1 0 0
    outer loop
      vertex 18 20.5 91.2
      vertex 18 7.500000000000002 81.60000000000001
      vertex 18 20.5 81.60000000000001
    endloop
  endfacet
  facet normal 0 1 0
    outer loop
      vertex -18 22.5 81.60000000000001
      vertex -18 22.5 91.2
      vertex 16.799999999999997 22.5 81.60000000000001
    endloop
  endfacet
  facet normal 0 1 0
    outer loop
      vertex -18 22.5 91.2
      vertex 16.799999999999997 22.5 91.2
      vertex 16.799999999999997 22.5 81.60000000000001
    endloop
  endfacet
  facet normal 0 -1 0
    outer loop
      vertex -17.866666666666667 7.5 58.80000000000001
      vertex 15.639999999999542 7.5 58.84000000000001
      vertex -17.880000000000003 7.5 58.92000000000001
    endloop
  endfacet
  facet normal 0 -1 0
    outer loop
      vertex -17.880000000000003 7.5 58.92000000000001
      vertex 15.639999999999542 7.5 58.84000000000001
      vertex -17.400000000000006 7.5 59.400000000000006
    endloop
  endfacet
  facet normal 0 -1 0
    outer loop
      vertex -17.866666666666667 7.5 58.80000000000001
      vertex -16.800000000000015 7.5 58.80000000000001
      vertex 15.639999999999542 7.5 58.84000000000001
    endloop
  endfacet
  facet normal 0 -1 0
    outer loop
      vertex -18 7.5 60
      vertex -16.79999999999959 7.5 60
      vertex -18 7.5 69.60000000000001
    endloop
  endfacet
  facet normal 0 -1 0
    outer loop
      vertex -16.79999999999959 7.5 60
      vertex -16.8 7.5 69.60000000000001
      vertex -18 7.5 69.60000000000001
    endloop
  endfacet
  facet normal 0 -1 0
    outer loop
      vertex -16.800000000000015 7.5 58.80000000000001
      vertex 16.79999999999959 7.5 58.80000000000001
      vertex 15.639999999999542 7.5 58.84000000000001
    endloop
  endfacet
  facet normal 0 -1 0
    outer loop
      vertex -16.8 7.5 70.80000000000001
      vertex -15.640000000000134 7.5 70.76000000000002
      vertex 16.799999999999997 7.5 70.80000000000001
    endloop
  endfacet
  facet normal 4.934324553889632e-17 -1 2.9112514867948667e-15
    outer loop
      vertex -15.640000000000134 7.5 70.76000000000002
      vertex 16.807531380753137 7.5 70.2100418410042
      vertex 18 7.500000000000002 70.80000000000001
    endloop
  endfacet
  facet normal 1.480297366166874e-15 -1 -1.2005211639615785e-12
    outer loop
      vertex -15.640000000000134 7.5 70.76000000000002
      vertex 18 7.500000000000002 70.80000000000001
      vertex 16.799999999999997 7.5 70.80000000000001
    endloop
  endfacet
  facet normal -1 0 0
    outer loop
      vertex -18 7.5 60
      vertex -18 7.5 69.60000000000001
      vertex -18 22.5 69.60000000000001
    endloop
  endfacet
  facet normal 0 0 1
    outer loop
      vertex -16.8 7.5 70.80000000000001
      vertex 16.799999999999997 7.5 70.80000000000001
      vertex 16.799999999999997 20.5 70.80000000000001
    endloop
  endfacet
  facet normal 1 -2.7328566760003855e-16 4.2928623618836997e-14
    outer loop
      vertex 18 7.5 69.51724137931035
      vertex 18 20.5 69.60000000000001
      vertex 17.999999999999996 7.5 69.60000000000001
    endloop
  endfacet
  facet normal 0 0 1
    outer loop
      vertex -16.8 7.5 70.80000000000001
      vertex 16.799999999999997 20.5 70.80000000000001
      vertex -16.8 20.5 70.80000000000001
    endloop
  endfacet
  facet normal -1 0 0
    outer loop
      vertex -18 7.5 60
      vertex -18 22.5 69.60000000000001
      vertex -18 22.5 60
    endloop
  endfacet
  facet normal 1 0 0
    outer loop
      vertex 18 7.5 69.51724137931035
      vertex 18 20.387931034482758 60.000000000000014
      vertex 18 20.5 69.60000000000001
    endloop
  endfacet
  facet normal 0 1 0
    outer loop
      vertex -18 22.5 60
      vertex -18 22.5 69.60000000000001
      vertex 16.799999999999997 22.5 60
    endloop
  endfacet
  facet normal 0 1 0
    outer loop
      vertex -18 22.5 69.60000000000001
      vertex 16.799999999999997 22.5 69.60000000000001
      vertex 16.799999999999997 22.5 60
    endloop
  endfacet
  facet normal 1 0 0
    outer loop
      vertex 18 20.5 69.60000000000001
      vertex 18 20.387931034482758 60.000000000000014
      vertex 18 20.5 60.000000000000014
    endloop
  endfacet
  facet normal 0 -1 0
    outer loop
      vertex -17.866666666666667 7.5 37.2
      vertex 15.63999999999994 7.5 37.24
      vertex -17.88 7.5 37.32
    endloop
  endfacet
  facet normal 0 -1 0
    outer loop
      vertex -17.88 7.5 37.32
      vertex 15.63999999999994 7.5 37.24
      vertex -17.4 7.5 37.800000000000004
    endloop
  endfacet
  facet normal 0 -1 0
    outer loop
      vertex -17.866666666666667 7.5 37.2
      vertex -16.8 7.5 37.2
      vertex 15.63999999999994 7.5 37.24
    endloop
  endfacet
  facet normal 0 -1 0
    outer loop
      vertex -16.8 7.5 37.2
      vertex 16.799999999999997 7.5 37.2
      vertex 15.63999999999994 7.5 37.24
    endloop
  endfacet
  facet normal 0 -1 0
    outer loop
      vertex -18 7.5 38.400000000000006
      vertex -16.8 7.5 38.400000000000006
      vertex -18 7.5 48
    endloop
  endfacet
  facet normal 0 -1 0
    outer loop
      vertex -16.8 7.5 38.400000000000006
      vertex -16.8 7.5 48
      vertex -18 7.5 48
    endloop
  endfacet
  facet normal 0 -1 0
    outer loop
      vertex -16.8 7.5 49.2
      vertex -15.63999999999994 7.5 49.160000000000004
      vertex 16.799999999999997 7.5 49.2
    endloop
  endfacet
  facet normal 4.9343245538896035e-17 -1 2.9112514867948328e-15
    outer loop
      vertex -15.63999999999994 7.5 49.160000000000004
      vertex 16.807531380753137 7.5 48.61004184100418
      vertex 18 7.500000000000002 49.2
    endloop
  endfacet
  facet normal 1.48029736616687e-15 -1 -1.200521163961355e-12
    outer loop
      vertex -15.63999999999994 7.5 49.160000000000004
      vertex 18 7.500000000000002 49.2
      vertex 16.799999999999997 7.5 49.2
    endloop
  endfacet
  facet normal 0 0 -1
    outer loop
      vertex -16.8 7.5 37.2
      vertex -16.8 20.5 37.2
      vertex 16.799999999999997 7.5 37.2
    endloop
  endfacet
  facet normal -1 0 0
    outer loop
      vertex -18 7.5 38.400000000000006
      vertex -18 7.5 48
      vertex -18 22.5 48
    endloop
  endfacet
  facet normal 0 0 1
    outer loop
      vertex -16.8 7.5 49.2
      vertex 16.799999999999997 7.5 49.2
      vertex 16.799999999999997 20.5 49.2
    endloop
  endfacet
  facet normal 1 -2.7328566760003855e-16 3.70074341541719e-16
    outer loop
      vertex 17.999999999999996 7.5 48
      vertex 18 7.500000000000002 38.400000000000006
      vertex 18 20.5 48
    endloop
  endfacet
  facet normal 0 0 -1
    outer loop
      vertex -16.8 20.5 37.2
      vertex 16.799999999999997 20.5 37.2
      vertex 16.799999999999997 7.5 37.2
    endloop
  endfacet
  facet normal 0 0 1
    outer loop
      vertex -16.8 7.5 49.2
      vertex 16.799999999999997 20.5 49.2
      vertex -16.8 20.5 49.2
    endloop
  endfacet
  facet normal -1 0 0
    outer loop
      vertex -18 7.5 38.400000000000006
      vertex -18 22.5 48
      vertex -18 22.5 38.400000000000006
    endloop
  endfacet
  facet normal 1 0 0
    outer loop
      vertex 18 20.5 48
      vertex 18 7.500000000000002 38.400000000000006
      vertex 18 20.5 38.400000000000006
    endloop
  endfacet
  facet normal 0 1 0
    outer loop
      vertex -18 22.5 38.400000000000006
      vertex -18 22.5 48
      vertex 16.799999999999997 22.5 38.400000000000006
    endloop
  endfacet
  facet normal 0 1 0
    outer loop
      vertex -18 22.5 48
      vertex 16.799999999999997 22.5 48
      vertex 16.799999999999997 22.5 38.400000000000006
    endloop
  endfacet
  facet normal 0 -1 0
    outer loop
      vertex -17.866666666666667 7.5 15.600000000000001
      vertex 15.639999999999986 7.5 15.640000000000002
      vertex -17.88 7.5 15.72
    endloop
  endfacet
  facet normal 0 -1 0
    outer loop
      vertex -17.88 7.5 15.72
      vertex 15.639999999999986 7.5 15.640000000000002
      vertex -17.4 7.5 16.200000000000003
    endloop
  endfacet
  facet normal 0 -1 0
    outer loop
      vertex -17.866666666666667 7.5 15.600000000000001
      vertex -16.8 7.5 15.600000000000001
      vertex 15.639999999999986 7.5 15.640000000000002
    endloop
  endfacet
  facet normal 0 -1 0
    outer loop
      vertex -18 7.5 16.8
      vertex -16.8 7.5 16.8
      vertex -18 7.5 26.400000000000006
    endloop
  endfacet
  facet normal 0 -1 0
    outer loop
      vertex -16.8 7.5 16.8
      vertex -16.800000000000004 7.5 26.400000000000006
      vertex -18 7.5 26.400000000000006
    endloop
  endfacet
  facet normal 0 -1 0
    outer loop
      vertex -16.8 7.5 15.600000000000001
      vertex 16.799999999999997 7.5 15.600000000000001
      vertex 15.639999999999986 7.5 15.640000000000002
    endloop
  endfacet
  facet normal 1.4802973661668762e-15 -1 1.588678211903427e-29
    outer loop
      vertex 16.799999999999898 7.5 26.400000000000006
      vertex 16.799999999999997 7.5 17.131034482758622
      vertex 18 7.500000000000002 16.8
    endloop
  endfacet
  facet normal 0 -1 -1.850371707708593e-16
    outer loop
      vertex 18 7.500000000000002 16.8
      vertex 17.999999999999993 7.5 26.400000000000006
      vertex 16.799999999999898 7.5 26.400000000000006
    endloop
  endfacet
  facet normal 0 -1 0
    outer loop
      vertex -16.8 7.5 27.600000000000005
      vertex -15.639999999999935 7.5 27.560000000000002
      vertex 16.799999999999997 7.5 27.600000000000005
    endloop
  endfacet
  facet normal 1.973729821555828e-16 -1 1.1645005947179402e-14
    outer loop
      vertex -15.639999999999935 7.5 27.560000000000002
      vertex 16.807531380753137 7.5 27.01004184100419
      vertex 18 7.500000000000007 27.600000000000005
    endloop
  endfacet
  facet normal 5.921189464667485e-15 -1 -4.802084655844997e-12
    outer loop
      vertex -15.639999999999935 7.5 27.560000000000002
      vertex 18 7.500000000000007 27.600000000000005
      vertex 16.799999999999997 7.5 27.600000000000005
    endloop
  endfacet
  facet normal 0 0 -1
    outer loop
      vertex -16.8 7.5 15.600000000000001
      vertex -16.8 20.5 15.600000000000001
      vertex 16.799999999999997 7.5 15.600000000000001
    endloop
  endfacet
  facet normal -1 0 0
    outer loop
      vertex -18 7.5 16.8
      vertex -18 7.5 26.400000000000006
      vertex -18 22.5 26.400000000000006
    endloop
  endfacet
  facet normal 1 -5.465713352000768e-16 7.401486830834372e-16
    outer loop
      vertex 17.999999999999993 7.5 26.400000000000006
      vertex 18 7.500000000000002 16.8
      vertex 18 20.5 26.400000000000002
    endloop
  endfacet
  facet normal 0 0 -1
    outer loop
      vertex -16.8 20.5 15.600000000000001
      vertex 16.799999999999997 20.5 15.600000000000001
      vertex 16.799999999999997 7.5 15.600000000000001
    endloop
  endfacet
  facet normal -1 0 0
    outer loop
      vertex -18 7.5 16.8
      vertex -18 22.5 26.400000000000006
      vertex -18 22.5 16.8
    endloop
  endfacet
  facet normal 1 0 0
    outer loop
      vertex 18 20.5 26.400000000000002
      vertex 18 7.500000000000002 16.8
      vertex 18 20.5 16.8
    endloop
  endfacet
  facet normal 0 1 0
    outer loop
      vertex -18 22.5 16.8
      vertex -18 22.5 26.400000000000006
      vertex 16.799999999999997 22.5 16.8
    endloop
  endfacet
  facet normal 0 1 0
    outer loop
      vertex -18 22.5 26.400000000000006
      vertex 16.799999999999997 22.5 26.400000000000006
      vertex 16.799999999999997 22.5 16.8
    endloop
  endfacet
  facet normal 0 -1 0
    outer loop
      vertex -18 7.5 -6
      vertex -16.8 7.5 -4.8
      vertex -18 7.5 4.800000000000001
    endloop
  endfacet
  facet normal 0 -1 0
    outer loop
      vertex -18 7.5 -6
      vertex 16.799999999999997 7.5 -6
      vertex -16.8 7.5 -4.8
    endloop
  endfacet
  facet normal 0 -1 0
    outer loop
      vertex -16.8 7.5 -4.8
      vertex -16.8 7.5 4.800000000000001
      vertex -18 7.5 4.800000000000001
    endloop
  endfacet
  facet normal 0 -1 0
    outer loop
      vertex -16.8 7.5 6.000000000000001
      vertex -15.639999999999986 7.5 5.96
      vertex 16.799999999999997 7.5 6.000000000000001
    endloop
  endfacet
  facet normal 0 -1 0
    outer loop
      vertex -16.8 7.5 -4.8
      vertex 16.799999999999997 7.5 -6
      vertex 17.4 7.5 -5.399999999999999
    endloop
  endfacet
  facet normal 0 -1 0
    outer loop
      vertex -16.8 7.5 -4.8
      vertex 17.4 7.5 -5.399999999999999
      vertex 16.799999999999997 7.5 -4.8
    endloop
  endfacet
  facet normal 4.934324553889578e-17 -1 2.911251486794855e-15
    outer loop
      vertex -15.639999999999986 7.5 5.96
      vertex 16.807531380753137 7.5 5.410041841004185
      vertex 18 7.500000000000002 6.000000000000001
    endloop
  endfacet
  facet normal 1.480297366166874e-15 -1 -1.2005211639613065e-12
    outer loop
      vertex -15.639999999999986 7.5 5.96
      vertex 18 7.500000000000002 6.000000000000001
      vertex 16.799999999999997 7.5 6.000000000000001
    endloop
  endfacet
  facet normal 3.172065784643299e-15 -1 1.4802973661668766e-15
    outer loop
      vertex 18 7.500000000000002 -4.8
      vertex 16.799999999999997 7.5 -3.428571428571428
      vertex 17.618181818181817 7.5 -5.181818181818181
    endloop
  endfacet
  facet normal 1.480297366166872e-15 -1 0
    outer loop
      vertex 16.799999999999997 7.5 4.800000000000001
      vertex 16.799999999999997 7.5 -3.428571428571428
      vertex 18 7.500000000000002 -4.8
    endloop
  endfacet
  facet normal 0 -1 -1.850371707708594e-16
    outer loop
      vertex 16.799999999999997 7.5 4.800000000000001
      vertex 18 7.500000000000002 -4.8
      vertex 17.999999999999996 7.5 4.800000000000001
    endloop
  endfacet
  facet normal -1 0 0
    outer loop
      vertex -18 7.5 -6
      vertex -18 7.5 4.800000000000001
      vertex -18 22.5 4.800000000000001
    endloop
  endfacet
  facet normal 0 0 -1
    outer loop
      vertex -18 7.5 -6
      vertex 16.799999999999997 22 -6
      vertex 16.799999999999997 7.5 -6
    endloop
  endfacet
  facet normal 1 -2.7328566760003855e-16 3.7007434154171876e-16
    outer loop
      vertex 17.999999999999996 7.5 4.800000000000001
      vertex 18 7.500000000000002 -4.8
      vertex 18 20.5 4.8
    endloop
  endfacet
  facet normal 0 0 -1
    outer loop
      vertex 16.799999999999997 7.5 -6
      vertex 16.799999999999997 22 -6
      vertex 18 8.000000000000002 -6
    endloop
  endfacet
  facet normal -1 0 0
    outer loop
      vertex -18 7.5 -6
      vertex -18 22.5 4.800000000000001
      vertex -18 22.5 -6
    endloop
  endfacet
  facet normal 0 0 -1
    outer loop
      vertex -18 7.5 -6
      vertex -18 22.5 -6
      vertex 16.799999999999997 22 -6
    endloop
  endfacet
  facet normal 1 0 0
    outer loop
      vertex 18 20.5 4.8
      vertex 18 7.500000000000002 -4.8
      vertex 18 20.5 -4.8
    endloop
  endfacet
  facet normal 0 1 0
    outer loop
      vertex -18 22.5 -6
      vertex -18 22.5 4.800000000000001
      vertex 16.799999999999997 22.5 -6
    endloop
  endfacet
  facet normal 0 0 -1
    outer loop
      vertex -18 22.5 -6
      vertex 16.799999999999997 22.5 -6
      vertex 16.799999999999997 22 -6
    endloop
  endfacet
  facet normal 0 1 0
    outer loop
      vertex -18 22.5 4.800000000000001
      vertex 16.799999999999997 22.5 4.800000000000001
      vertex 16.799999999999997 22.5 -6
    endloop
  endfacet
  facet normal 0 -1 0
    outer loop
      vertex -18 7.5 91.2
      vertex -16.8 7.5 91.2
      vertex -15.640000000000134 7.5 92.36000000000001
    endloop
  endfacet
  facet normal 0 -1 0
    outer loop
      vertex -18 7.5 91.2
      vertex -15.640000000000134 7.5 92.36000000000001
      vertex -16.8 7.5 92.4
    endloop
  endfacet
  facet normal 0 -1 0
    outer loop
      vertex -18 7.5 91.2
      vertex -16.8 7.5 92.4
      vertex -17.866666666666667 7.5 102
    endloop
  endfacet
  facet normal 0 -1 0
    outer loop
      vertex -18 7.5 91.2
      vertex -17.866666666666667 7.5 102
      vertex -17.88 7.5 102.12
    endloop
  endfacet
  facet normal 0 -1 0
    outer loop
      vertex -18 7.5 91.2
      vertex -17.88 7.5 102.12
      vertex -18 7.5 103.2
    endloop
  endfacet
  facet normal 0 -1 0
    outer loop
      vertex -16.8 7.5 92.4
      vertex -16.8 7.5 102
      vertex -17.866666666666667 7.5 102
    endloop
  endfacet
  facet normal 0 -1 0
    outer loop
      vertex -16.8 7.5 91.2
      vertex 16.799999999999997 7.5 91.2
      vertex -15.640000000000134 7.5 92.36000000000001
    endloop
  endfacet
  facet normal 0 -1 0
    outer loop
      vertex -15.640000000000134 7.5 92.36000000000001
      vertex 16.799999999999997 7.5 91.2
      vertex 17.204494382022467 7.5 91.60449438202248
    endloop
  endfacet
  facet normal 0 -1 0
    outer loop
      vertex -15.640000000000134 7.5 92.36000000000001
      vertex 17.204494382022467 7.5 91.60449438202248
      vertex 16.807531380753137 7.5 91.81004184100419
    endloop
  endfacet
  facet normal 0 -1 0
    outer loop
      vertex -17.88 7.5 102.12
      vertex -17.4 7.5 102.6
      vertex -18 7.5 103.2
    endloop
  endfacet
  facet normal 0 -1 0
    outer loop
      vertex -17.4 7.5 102.6
      vertex 15.640000000000134 7.5 102.03999999999999
      vertex -18 7.5 103.2
    endloop
  endfacet
  facet normal 0 -1 0
    outer loop
      vertex -18 7.5 103.2
      vertex 15.640000000000134 7.5 102.03999999999999
      vertex -16.8 7.5 103.2
    endloop
  endfacet
  facet normal 0 -1 0
    outer loop
      vertex -16.8 7.5 103.2
      vertex 15.640000000000134 7.5 102.03999999999999
      vertex 16.799999999999997 7.5 103.2
    endloop
  endfacet
  facet normal 0 -1 -1.8503717077085953e-16
    outer loop
      vertex 18 7.500000000000002 92.4
      vertex 17.999999999999996 7.5 102
      vertex 16.93333333333333 7.5 102
    endloop
  endfacet
  facet normal 0 -1 0
    outer loop
      vertex 15.640000000000134 7.5 102.03999999999999
      vertex 16.799999999999997 7.5 102
      vertex 16.919999999999998 7.5 102.12
    endloop
  endfacet
  facet normal 0 -1 0
    outer loop
      vertex 15.640000000000134 7.5 102.03999999999999
      vertex 16.919999999999998 7.5 102.12
      vertex 16.799999999999997 7.5 103.2
    endloop
  endfacet
  facet normal 0 -1 0
    outer loop
      vertex 16.799999999999997 7.5 103.2
      vertex 16.919999999999998 7.5 102.12
      vertex 17.4 7.5 102.6
    endloop
  endfacet
  facet normal 0 0 -1
    outer loop
      vertex -16.8 7.5 91.2
      vertex -16.8 20.5 91.2
      vertex 16.799999999999997 7.5 91.2
    endloop
  endfacet
  facet normal -1 0 0
    outer loop
      vertex -18 7.5 91.2
      vertex -18 7.5 103.2
      vertex -18 22.5 103.2
    endloop
  endfacet
  facet normal 0 0 1
    outer loop
      vertex -16.8 7.5 103.2
      vertex 16.799999999999997 7.5 103.2
      vertex 16.799999999999997 20.5 103.2
    endloop
  endfacet
  facet normal 1 -2.7328566760003855e-16 3.70074341541719e-16
    outer loop
      vertex 17.999999999999996 7.5 102
      vertex 18 7.500000000000002 92.4
      vertex 18 20.5 102
    endloop
  endfacet
  facet normal 0 0 -1
    outer loop
      vertex -16.8 20.5 91.2
      vertex 16.799999999999997 20.5 91.2
      vertex 16.799999999999997 7.5 91.2
    endloop
  endfacet
  facet normal 0 0 1
    outer loop
      vertex -16.8 7.5 103.2
      vertex 16.799999999999997 20.5 103.2
      vertex -16.8 20.5 103.2
    endloop
  endfacet
  facet normal -1 0 0
    outer loop
      vertex -18 7.5 91.2
      vertex -18 22.5 103.2
      vertex -18 22.5 91.2
    endloop
  endfacet
  facet normal 1 0 0
    outer loop
      vertex 18 7.500000000000002 92.4
      vertex 18 20.5 92.4
      vertex 18 20.5 102
    endloop
  endfacet
  facet normal 0 1 0
    outer loop
      vertex -18 22.5 91.2
      vertex -18 22.5 103.2
      vertex 16.799999999999997 22.5 91.2
    endloop
  endfacet
  facet normal 0 1 0
    outer loop
      vertex -18 22.5 103.2
      vertex 16.799999999999997 22.5 103.2
      vertex 16.799999999999997 22.5 91.2
    endloop
  endfacet
  facet normal 0 -1 0
    outer loop
      vertex -18 7.5 69.60000000000001
      vertex -16.8 7.5 69.60000000000001
      vertex -15.640000000000134 7.5 70.76000000000002
    endloop
  endfacet
  facet normal 0 -1 0
    outer loop
      vertex -18 7.5 69.60000000000001
      vertex -15.640000000000134 7.5 70.76000000000002
      vertex -16.8 7.5 70.80000000000001
    endloop
  endfacet
  facet normal 0 -1 0
    outer loop
      vertex -18 7.5 69.60000000000001
      vertex -16.8 7.5 70.80000000000001
      vertex -17.866666666666667 7.5 80.4
    endloop
  endfacet
  facet normal 0 -1 0
    outer loop
      vertex -16.8 7.5 69.60000000000001
      vertex 16.799999999999997 7.5 69.60000000000001
      vertex -15.640000000000134 7.5 70.76000000000002
    endloop
  endfacet
  facet normal 0 -1 0
    outer loop
      vertex -18 7.5 69.60000000000001
      vertex -17.866666666666667 7.5 80.4
      vertex -17.88 7.5 80.52000000000001
    endloop
  endfacet
  facet normal 0 -1 0
    outer loop
      vertex -18 7.5 69.60000000000001
      vertex -17.88 7.5 80.52000000000001
      vertex -18 7.5 81.60000000000001
    endloop
  endfacet
  facet normal 0 -1 0
    outer loop
      vertex -16.8 7.5 70.80000000000001
      vertex -16.8 7.5 80.4
      vertex -17.866666666666667 7.5 80.4
    endloop
  endfacet
  facet normal 0 -1 0
    outer loop
      vertex -17.88 7.5 80.52000000000001
      vertex -17.4 7.5 81
      vertex -18 7.5 81.60000000000001
    endloop
  endfacet
  facet normal 0 -1 0
    outer loop
      vertex -17.4 7.5 81
      vertex 15.640000000000134 7.5 80.44
      vertex -18 7.5 81.60000000000001
    endloop
  endfacet
  facet normal 0 -1 0
    outer loop
      vertex -18 7.5 81.60000000000001
      vertex 15.640000000000134 7.5 80.44
      vertex -16.8 7.5 81.60000000000001
    endloop
  endfacet
  facet normal 0 -1 0
    outer loop
      vertex -15.640000000000134 7.5 70.76000000000002
      vertex 16.799999999999997 7.5 69.60000000000001
      vertex 17.204494382022467 7.5 70.00449438202249
    endloop
  endfacet
  facet normal 0 -1 0
    outer loop
      vertex -15.640000000000134 7.5 70.76000000000002
      vertex 17.204494382022467 7.5 70.00449438202249
      vertex 16.807531380753137 7.5 70.2100418410042
    endloop
  endfacet
  facet normal 0 -1 0
    outer loop
      vertex -16.8 7.5 81.60000000000001
      vertex 15.640000000000134 7.5 80.44
      vertex 16.799999999999997 7.5 81.60000000000001
    endloop
  endfacet
  facet normal 0 -1 -1.8503717077085953e-16
    outer loop
      vertex 18 7.500000000000002 70.80000000000001
      vertex 17.999999999999996 7.5 80.4
      vertex 16.93333333333333 7.5 80.4
    endloop
  endfacet
  facet normal 0 -1 0
    outer loop
      vertex 15.640000000000134 7.5 80.44
      vertex 16.799999999999997 7.5 80.4
      vertex 16.919999999999998 7.5 80.52000000000001
    endloop
  endfacet
  facet normal 0 -1 0
    outer loop
      vertex 15.640000000000134 7.5 80.44
      vertex 16.919999999999998 7.5 80.52000000000001
      vertex 16.799999999999997 7.5 81.60000000000001
    endloop
  endfacet
  facet normal 0 -1 0
    outer loop
      vertex 16.799999999999997 7.5 81.60000000000001
      vertex 16.919999999999998 7.5 80.52000000000001
      vertex 17.4 7.5 81
    endloop
  endfacet
  facet normal 0 0 -1
    outer loop
      vertex -16.8 7.5 69.60000000000001
      vertex -16.8 20.5 69.60000000000001
      vertex 16.799999999999997 7.5 69.60000000000001
    endloop
  endfacet
  facet normal -1 0 0
    outer loop
      vertex -18 7.5 69.60000000000001
      vertex -18 7.5 81.60000000000001
      vertex -18 22.5 81.60000000000001
    endloop
  endfacet
  facet normal 0 0 1
    outer loop
      vertex -16.8 7.5 81.60000000000001
      vertex 16.799999999999997 7.5 81.60000000000001
      vertex 16.799999999999997 20.5 81.60000000000001
    endloop
  endfacet
  facet normal 1 -2.7328566760003855e-16 3.70074341541719e-16
    outer loop
      vertex 17.999999999999996 7.5 80.4
      vertex 18 7.500000000000002 70.80000000000001
      vertex 18 20.5 80.4
    endloop
  endfacet
  facet normal 0 0 1
    outer loop
      vertex -16.8 7.5 81.60000000000001
      vertex 16.799999999999997 20.5 81.60000000000001
      vertex -16.8 20.5 81.60000000000001
    endloop
  endfacet
  facet normal 0 0 -1
    outer loop
      vertex -16.8 20.5 69.60000000000001
      vertex 16.799999999999997 20.5 69.60000000000001
      vertex 16.799999999999997 7.5 69.60000000000001
    endloop
  endfacet
  facet normal -1 0 0
    outer loop
      vertex -18 7.5 69.60000000000001
      vertex -18 22.5 81.60000000000001
      vertex -18 22.5 69.60000000000001
    endloop
  endfacet
  facet normal 1 0 0
    outer loop
      vertex 18 7.500000000000002 70.80000000000001
      vertex 18 20.5 70.80000000000001
      vertex 18 20.5 80.4
    endloop
  endfacet
  facet normal 0 1 0
    outer loop
      vertex -18 22.5 69.60000000000001
      vertex -18 22.5 81.60000000000001
      vertex 16.799999999999997 22.5 69.60000000000001
    endloop
  endfacet
  facet normal 0 1 0
    outer loop
      vertex -18 22.5 81.60000000000001
      vertex 16.799999999999997 22.5 81.60000000000001
      vertex 16.799999999999997 22.5 69.60000000000001
    endloop
  endfacet
  facet normal 0 -1 0
    outer loop
      vertex -18 7.5 48
      vertex -16.8 7.5 48
      vertex -15.63999999999994 7.5 49.160000000000004
    endloop
  endfacet
  facet normal 0 -1 0
    outer loop
      vertex -18 7.5 48
      vertex -15.63999999999994 7.5 49.160000000000004
      vertex -16.8 7.5 49.2
    endloop
  endfacet
  facet normal 0 -1 0
    outer loop
      vertex -18 7.5 48
      vertex -16.8 7.5 49.2
      vertex -17.866666666666667 7.5 58.80000000000001
    endloop
  endfacet
  facet normal 0 -1 0
    outer loop
      vertex -16.8 7.5 48
      vertex 16.799999999999997 7.5 48
      vertex -15.63999999999994 7.5 49.160000000000004
    endloop
  endfacet
  facet normal 0 -1 0
    outer loop
      vertex -15.63999999999994 7.5 49.160000000000004
      vertex 16.799999999999997 7.5 48
      vertex 17.204494382022467 7.5 48.40449438202247
    endloop
  endfacet
  facet normal 0 -1 0
    outer loop
      vertex -15.63999999999994 7.5 49.160000000000004
      vertex 17.204494382022467 7.5 48.40449438202247
      vertex 16.807531380753137 7.5 48.61004184100418
    endloop
  endfacet
  facet normal 0 -1 0
    outer loop
      vertex 16.799999999999997 7.5 49.282758620689656
      vertex 16.81532756489493 7.5 49.39480840543881
      vertex 17.435294117647057 7.5 54.28235294117646
    endloop
  endfacet
  facet normal 0 0 -1
    outer loop
      vertex -16.8 7.5 48
      vertex -16.8 20.5 48
      vertex 16.799999999999997 7.5 48
    endloop
  endfacet
  facet normal 0 -1 0
    outer loop
      vertex -18 7.5 48
      vertex -17.866666666666667 7.5 58.80000000000001
      vertex -17.880000000000003 7.5 58.92000000000001
    endloop
  endfacet
  facet normal 0 -1 0
    outer loop
      vertex -18 7.5 48
      vertex -17.880000000000003 7.5 58.92000000000001
      vertex -18 7.5 60
    endloop
  endfacet
  facet normal 0 -1 0
    outer loop
      vertex -16.8 7.5 49.2
      vertex -16.800000000000015 7.5 58.80000000000001
      vertex -17.866666666666667 7.5 58.80000000000001
    endloop
  endfacet
  facet normal 0 -1 0
    outer loop
      vertex -17.880000000000003 7.5 58.92000000000001
      vertex -17.400000000000006 7.5 59.400000000000006
      vertex -18 7.5 60
    endloop
  endfacet
  facet normal 0 -1 0
    outer loop
      vertex -17.400000000000006 7.5 59.400000000000006
      vertex 15.639999999999542 7.5 58.84000000000001
      vertex -18 7.5 60
    endloop
  endfacet
  facet normal 0 -1 0
    outer loop
      vertex -18 7.5 60
      vertex 15.639999999999542 7.5 58.84000000000001
      vertex -16.79999999999959 7.5 60
    endloop
  endfacet
  facet normal 6.608470384673555e-16 -1 1.848092924817296e-14
    outer loop
      vertex -16.79999999999959 7.5 60
      vertex 15.639999999999542 7.5 58.84000000000001
      vertex 16.799999999999997 7.500000000000022 60.000000000000014
    endloop
  endfacet
  facet normal 0 -1 0
    outer loop
      vertex 16.79999999999959 7.5 58.80000000000001
      vertex 16.799999999999997 7.5 49.282758620689656
      vertex 17.435294117647057 7.5 54.28235294117646
    endloop
  endfacet
  facet normal 1.4802973661669013e-15 -1 -1.8503717077085655e-16
    outer loop
      vertex 18 7.500000000000002 49.2
      vertex 17.999999999999982 7.5 58.80000000000001
      vertex 17.435294117647057 7.5 54.28235294117646
    endloop
  endfacet
  facet normal 0 -1 0
    outer loop
      vertex 16.79999999999959 7.5 58.80000000000001
      vertex 17.435294117647057 7.5 54.28235294117646
      vertex 16.93333333333333 7.5 58.80000000000001
    endloop
  endfacet
  facet normal 0 -1 0
    outer loop
      vertex 17.435294117647057 7.5 54.28235294117646
      vertex 17.999999999999982 7.5 58.80000000000001
      vertex 16.93333333333333 7.5 58.80000000000001
    endloop
  endfacet
  facet normal 6.380592095546395e-16 -1 1.850371707708568e-14
    outer loop
      vertex 15.639999999999542 7.5 58.84000000000001
      vertex 16.79999999999959 7.5 58.80000000000001
      vertex 16.799999999999997 7.500000000000022 60.000000000000014
    endloop
  endfacet
  facet normal 0 -1 0
    outer loop
      vertex 16.79999999999959 7.5 58.80000000000001
      vertex 16.93333333333333 7.5 58.80000000000001
      vertex 16.919999999999995 7.5 58.92000000000001
    endloop
  endfacet
  facet normal -1.8503717077029197e-14 -1 1.85037170770922e-14
    outer loop
      vertex 16.79999999999959 7.5 58.80000000000001
      vertex 16.919999999999995 7.5 58.92000000000001
      vertex 16.799999999999997 7.500000000000022 60.000000000000014
    endloop
  endfacet
  facet normal -1.85037170770928e-14 -1 1.850371707708513e-14
    outer loop
      vertex 16.919999999999995 7.5 58.92000000000001
      vertex 17.399999999999892 7.5 59.400000000000105
      vertex 16.799999999999997 7.500000000000022 60.000000000000014
    endloop
  endfacet
  facet normal -1 0 0
    outer loop
      vertex -18 7.5 48
      vertex -18 7.5 60
      vertex -18 22.5 60
    endloop
  endfacet
  facet normal 1 -1.3664283380001906e-15 1.850371707708592e-15
    outer loop
      vertex 17.999999999999982 7.5 58.80000000000001
      vertex 18 7.500000000000002 49.2
      vertex 18 20.5 58.8
    endloop
  endfacet
  facet normal 0 0 -1
    outer loop
      vertex -16.8 20.5 48
      vertex 16.799999999999997 20.5 48
      vertex 16.799999999999997 7.5 48
    endloop
  endfacet
  facet normal -1 0 0
    outer loop
      vertex -18 7.5 48
      vertex -18 22.5 60
      vertex -18 22.5 48
    endloop
  endfacet
  facet normal 1 0 0
    outer loop
      vertex 18 7.500000000000002 49.2
      vertex 18 20.5 49.2
      vertex 18 20.5 58.8
    endloop
  endfacet
  facet normal 0 1 0
    outer loop
      vertex -18 22.5 48
      vertex -18 22.5 60
      vertex 16.799999999999997 22.5 48
    endloop
  endfacet
  facet normal 0 1 0
    outer loop
      vertex -18 22.5 60
      vertex 16.799999999999997 22.5 60
      vertex 16.799999999999997 22.5 48
    endloop
  endfacet
  facet normal 0 -1 0
    outer loop
      vertex -18 7.5 26.400000000000006
      vertex -16.800000000000004 7.5 26.400000000000006
      vertex -15.639999999999935 7.5 27.560000000000002
    endloop
  endfacet
  facet normal 0 -1 0
    outer loop
      vertex -18 7.5 26.400000000000006
      vertex -15.639999999999935 7.5 27.560000000000002
      vertex -16.8 7.5 27.600000000000005
    endloop
  endfacet
  facet normal 0 -1 0
    outer loop
      vertex -18 7.5 26.400000000000006
      vertex -16.8 7.5 27.600000000000005
      vertex -17.866666666666667 7.5 37.2
    endloop
  endfacet
  facet normal 0 -1 0
    outer loop
      vertex -16.800000000000004 7.5 26.400000000000006
      vertex 16.799999999999898 7.5 26.400000000000006
      vertex -15.639999999999935 7.5 27.560000000000002
    endloop
  endfacet
  facet normal 0 -1 0
    outer loop
      vertex -18 7.5 26.400000000000006
      vertex -17.866666666666667 7.5 37.2
      vertex -17.88 7.5 37.32
    endloop
  endfacet
  facet normal 0 -1 0
    outer loop
      vertex -18 7.5 26.400000000000006
      vertex -17.88 7.5 37.32
      vertex -18 7.5 38.400000000000006
    endloop
  endfacet
  facet normal 0 -1 0
    outer loop
      vertex -16.8 7.5 27.600000000000005
      vertex -16.8 7.5 37.2
      vertex -17.866666666666667 7.5 37.2
    endloop
  endfacet
  facet normal 0 -1 0
    outer loop
      vertex -17.88 7.5 37.32
      vertex -17.4 7.5 37.800000000000004
      vertex -18 7.5 38.400000000000006
    endloop
  endfacet
  facet normal 0 -1 0
    outer loop
      vertex -17.4 7.5 37.800000000000004
      vertex 15.63999999999994 7.5 37.24
      vertex -18 7.5 38.400000000000006
    endloop
  endfacet
  facet normal 0 -1 0
    outer loop
      vertex -18 7.5 38.400000000000006
      vertex 15.63999999999994 7.5 37.24
      vertex -16.8 7.5 38.400000000000006
    endloop
  endfacet
  facet normal 0 -1 0
    outer loop
      vertex -15.639999999999935 7.5 27.560000000000002
      vertex 16.799999999999898 7.5 26.400000000000006
      vertex 17.204494382022467 7.5 26.804494382022476
    endloop
  endfacet
  facet normal 0 -1 0
    outer loop
      vertex -15.639999999999935 7.5 27.560000000000002
      vertex 17.204494382022467 7.5 26.804494382022476
      vertex 16.807531380753137 7.5 27.01004184100419
    endloop
  endfacet
  facet normal 0 -1 0
    outer loop
      vertex -16.8 7.5 38.400000000000006
      vertex 15.63999999999994 7.5 37.24
      vertex 16.799999999999997 7.5 38.400000000000006
    endloop
  endfacet
  facet normal 0 -1 -7.401486830834377e-16
    outer loop
      vertex 18 7.500000000000007 27.600000000000005
      vertex 17.999999999999996 7.5 37.2
      vertex 16.93333333333333 7.5 37.2
    endloop
  endfacet
  facet normal 0 -1 0
    outer loop
      vertex 15.63999999999994 7.5 37.24
      vertex 16.799999999999997 7.5 37.2
      vertex 16.919999999999998 7.5 37.32
    endloop
  endfacet
  facet normal 0 -1 0
    outer loop
      vertex 15.63999999999994 7.5 37.24
      vertex 16.919999999999998 7.5 37.32
      vertex 16.799999999999997 7.5 38.400000000000006
    endloop
  endfacet
  facet normal 0 -1 0
    outer loop
      vertex 16.799999999999997 7.5 38.400000000000006
      vertex 16.919999999999998 7.5 37.32
      vertex 17.4 7.5 37.800000000000004
    endloop
  endfacet
  facet normal -1 0 0
    outer loop
      vertex -18 7.5 26.400000000000006
      vertex -18 7.5 38.400000000000006
      vertex -18 22.5 38.400000000000006
    endloop
  endfacet
  facet normal 0 0 1
    outer loop
      vertex -16.8 7.5 38.400000000000006
      vertex 16.799999999999997 7.5 38.400000000000006
      vertex 16.799999999999997 20.5 38.400000000000006
    endloop
  endfacet
  facet normal 1 -2.7328566760003855e-16 3.700743415417187e-16
    outer loop
      vertex 17.999999999999996 7.5 37.2
      vertex 18 7.500000000000007 27.600000000000005
      vertex 18 20.5 37.2
    endloop
  endfacet
  facet normal 0 0 1
    outer loop
      vertex -16.8 7.5 38.400000000000006
      vertex 16.799999999999997 20.5 38.400000000000006
      vertex -16.8 20.5 38.400000000000006
    endloop
  endfacet
  facet normal -1 0 0
    outer loop
      vertex -18 7.5 26.400000000000006
      vertex -18 22.5 38.400000000000006
      vertex -18 22.5 26.400000000000006
    endloop
  endfacet
  facet normal 1 0 0
    outer loop
      vertex 18 7.500000000000007 27.600000000000005
      vertex 18 20.5 27.600000000000005
      vertex 18 20.5 37.2
    endloop
  endfacet
  facet normal 0 1 0
    outer loop
      vertex -18 22.5 26.400000000000006
      vertex -18 22.5 38.400000000000006
      vertex 16.799999999999997 22.5 26.400000000000006
    endloop
  endfacet
  facet normal 0 1 0
    outer loop
      vertex -18 22.5 38.400000000000006
      vertex 16.799999999999997 22.5 38.400000000000006
      vertex 16.799999999999997 22.5 26.400000000000006
    endloop
  endfacet
  facet normal 0 -1 0
    outer loop
      vertex -18 7.5 4.800000000000001
      vertex -16.8 7.5 4.800000000000001
      vertex -15.639999999999986 7.5 5.96
    endloop
  endfacet
  facet normal 0 -1 0
    outer loop
      vertex -18 7.5 4.800000000000001
      vertex -15.639999999999986 7.5 5.96
      vertex -16.8 7.5 6.000000000000001
    endloop
  endfacet
  facet normal 0 -1 0
    outer loop
      vertex -18 7.5 4.800000000000001
      vertex -16.8 7.5 6.000000000000001
      vertex -17.866666666666667 7.5 15.600000000000001
    endloop
  endfacet
  facet normal 0 -1 0
    outer loop
      vertex -16.8 7.5 4.800000000000001
      vertex 16.799999999999997 7.5 4.800000000000001
      vertex -15.639999999999986 7.5 5.96
    endloop
  endfacet
  facet normal 0 -1 0
    outer loop
      vertex -15.639999999999986 7.5 5.96
      vertex 16.799999999999997 7.5 4.800000000000001
      vertex 17.20449438202247 7.5 5.204494382022474
    endloop
  endfacet
  facet normal 0 -1 0
    outer loop
      vertex -15.639999999999986 7.5 5.96
      vertex 17.20449438202247 7.5 5.204494382022474
      vertex 16.807531380753137 7.5 5.410041841004185
    endloop
  endfacet
  facet normal 0 -1 0
    outer loop
      vertex -18 7.5 4.800000000000001
      vertex -17.866666666666667 7.5 15.600000000000001
      vertex -17.88 7.5 15.72
    endloop
  endfacet
  facet normal 0 -1 0
    outer loop
      vertex -18 7.5 4.800000000000001
      vertex -17.88 7.5 15.72
      vertex -18 7.5 16.8
    endloop
  endfacet
  facet normal 0 -1 0
    outer loop
      vertex -16.8 7.5 6.000000000000001
      vertex -16.8 7.5 15.600000000000001
      vertex -17.866666666666667 7.5 15.600000000000001
    endloop
  endfacet
  facet normal 0 -1 0
    outer loop
      vertex -17.88 7.5 15.72
      vertex -17.4 7.5 16.200000000000003
      vertex -18 7.5 16.8
    endloop
  endfacet
  facet normal 0 -1 0
    outer loop
      vertex -17.4 7.5 16.200000000000003
      vertex 15.639999999999986 7.5 15.640000000000002
      vertex -18 7.5 16.8
    endloop
  endfacet
  facet normal 0 -1 0
    outer loop
      vertex -18 7.5 16.8
      vertex 15.639999999999986 7.5 15.640000000000002
      vertex -16.8 7.5 16.8
    endloop
  endfacet
  facet normal 0 -1 0
    outer loop
      vertex -16.8 7.5 16.8
      vertex 15.639999999999986 7.5 15.640000000000002
      vertex 16.799999999999997 7.5 16.8
    endloop
  endfacet
  facet normal 0 -1 -1.8503717077085938e-16
    outer loop
      vertex 18 7.500000000000002 6.000000000000001
      vertex 17.999999999999996 7.5 15.600000000000001
      vertex 16.93333333333333 7.5 15.600000000000001
    endloop
  endfacet
  facet normal 0 -1 0
    outer loop
      vertex 15.639999999999986 7.5 15.640000000000002
      vertex 16.799999999999997 7.5 15.600000000000001
      vertex 16.919999999999998 7.5 15.72
    endloop
  endfacet
  facet normal 0 -1 0
    outer loop
      vertex 15.639999999999986 7.5 15.640000000000002
      vertex 16.919999999999998 7.5 15.72
      vertex 16.799999999999997 7.5 16.8
    endloop
  endfacet
  facet normal 0 -1 0
    outer loop
      vertex 16.799999999999997 7.5 16.8
      vertex 16.919999999999998 7.5 15.72
      vertex 17.4 7.5 16.200000000000003
    endloop
  endfacet
  facet normal -1 0 0
    outer loop
      vertex -18 7.5 4.800000000000001
      vertex -18 7.5 16.8
      vertex -18 22.5 16.8
    endloop
  endfacet
  facet normal 0 0 1
    outer loop
      vertex -16.8 7.5 16.8
      vertex 16.799999999999997 7.5 16.8
      vertex 16.799999999999997 20.5 16.8
    endloop
  endfacet
  facet normal 1 -2.7328566760003855e-16 3.7007434154171876e-16
    outer loop
      vertex 17.999999999999996 7.5 15.600000000000001
      vertex 18 7.500000000000002 6.000000000000001
      vertex 18 20.5 15.600000000000001
    endloop
  endfacet
  facet normal 0 0 1
    outer loop
      vertex -16.8 7.5 16.8
      vertex 16.799999999999997 20.5 16.8
      vertex -16.8 20.5 16.8
    endloop
  endfacet
  facet normal -1 0 0
    outer loop
      vertex -18 7.5 4.800000000000001
      vertex -18 22.5 16.8
      vertex -18 22.5 4.800000000000001
    endloop
  endfacet
  facet normal 1 0 0
    outer loop
      vertex 18 7.500000000000002 6.000000000000001
      vertex 18 20.5 6.000000000000001
      vertex 18 20.5 15.600000000000001
    endloop
  endfacet
  facet normal 0 1 0
    outer loop
      vertex -18 22.5 4.800000000000001
      vertex -18 22.5 16.8
      vertex 16.799999999999997 22.5 4.800000000000001
    endloop
  endfacet
  facet normal 0 1 0
    outer loop
      vertex -18 22.5 16.8
      vertex 16.799999999999997 22.5 16.8
      vertex 16.799999999999997 22.5 4.800000000000001
    endloop
  endfacet
  facet normal 0 -1 0
    outer loop
      vertex 121.19999999999999 7.5 103.2
      vertex 122.39999999999999 7.5 103.2
      vertex 121.19999999999999 7.5 112.8
    endloop
  endfacet
  facet normal 0 -1 0
    outer loop
      vertex 122.39999999999999 7.5 103.2
      vertex 121.79999999999998 7.5 113.4
      vertex 121.19999999999999 7.5 112.8
    endloop
  endfacet
  facet normal 0 -1 0
    outer loop
      vertex 122.39999999999999 7.5 103.2
      vertex 122.39999999999999 7.5 112.8
      vertex 121.79999999999998 7.5 113.4
    endloop
  endfacet
  facet normal 0 -1 0
    outer loop
      vertex 121.33333333333333 7.5 102
      vertex 154.84000000000015 7.5 102.03999999999999
      vertex 121.32 7.5 102.12
    endloop
  endfacet
  facet normal 0 -1 0
    outer loop
      vertex 121.33333333333333 7.5 102
      vertex 122.39999999999999 7.5 102
      vertex 154.84000000000015 7.5 102.03999999999999
    endloop
  endfacet
  facet normal 0 -1 0
    outer loop
      vertex 121.32 7.5 102.12
      vertex 154.84000000000015 7.5 102.03999999999999
      vertex 121.79999999999998 7.5 102.6
    endloop
  endfacet
  facet normal 0 0 1
    outer loop
      vertex 121.19999999999999 7.5 114
      vertex 156 7.999999999999996 114
      vertex 121.19999999999999 8.000000000000002 114
    endloop
  endfacet
  facet normal 0 -1 0
    outer loop
      vertex 122.39999999999999 7.5 112.8
      vertex 156 7.5 112.8
      vertex 121.79999999999998 7.5 113.4
    endloop
  endfacet
  facet normal 0 -1 0
    outer loop
      vertex 121.19999999999999 7.5 114
      vertex 121.79999999999998 7.5 113.4
      vertex 156 7.5 112.8
    endloop
  endfacet
  facet normal -1 0 0
    outer loop
      vertex 121.19999999999999 7.5 103.2
      vertex 121.19999999999999 7.5 112.8
      vertex 121.19999999999999 20.5 112.8
    endloop
  endfacet
  facet normal 0 0 -1
    outer loop
      vertex 122.39999999999999 7.5 102
      vertex 122.39999999999999 20.5 102
      vertex 156 7.5 102
    endloop
  endfacet
  facet normal 0 0 1
    outer loop
      vertex 121.19999999999999 8.000000000000002 114
      vertex 156 7.999999999999996 114
      vertex 122.39999999999999 22 114
    endloop
  endfacet
  facet normal 0 -1 0
    outer loop
      vertex 122.39999999999999 7.5 102
      vertex 156 7.5 102
      vertex 154.84000000000015 7.5 102.03999999999999
    endloop
  endfacet
  facet normal 0 -1 0
    outer loop
      vertex 121.19999999999999 7.5 114
      vertex 156 7.5 112.8
      vertex 156.6 7.5 113.4
    endloop
  endfacet
  facet normal 0 -1 0
    outer loop
      vertex 121.19999999999999 7.5 114
      vertex 156.6 7.5 113.4
      vertex 157.2 7.5 114
    endloop
  endfacet
  facet normal 0 0 1
    outer loop
      vertex 121.19999999999999 7.5 114
      vertex 157.2 7.5 114
      vertex 156 7.999999999999996 114
    endloop
  endfacet
  facet normal 0 -1 0
    outer loop
      vertex 156 7.5 103.2
      vertex 157.2 7.5 103.2
      vertex 156 7.5 112.8
    endloop
  endfacet
  facet normal 0 -1 0
    outer loop
      vertex 157.2 7.5 103.2
      vertex 157.2 7.5 112.8
      vertex 156 7.5 112.8
    endloop
  endfacet
  facet normal 0 -1 0
    outer loop
      vertex 156 7.5 112.8
      vertex 157.2 7.5 112.8
      vertex 156.6 7.5 113.4
    endloop
  endfacet
  facet normal 1 0 0
    outer loop
      vertex 157.2 7.5 103.2
      vertex 157.2 20.5 112.8
      vertex 157.2 7.5 112.8
    endloop
  endfacet
  facet normal -1 0 0
    outer loop
      vertex 121.19999999999999 7.5 103.2
      vertex 121.19999999999999 20.5 112.8
      vertex 121.19999999999999 20.5 103.2
    endloop
  endfacet
  facet normal 0 1 0
    outer loop
      vertex 121.19999999999999 22.5 103.2
      vertex 121.19999999999999 22.5 114
      vertex 157.2 22.5 114
    endloop
  endfacet
  facet normal 0 0 1
    outer loop
      vertex 122.39999999999999 22 114
      vertex 157.2 22.5 114
      vertex 121.19999999999999 22.5 114
    endloop
  endfacet
  facet normal 0 0 -1
    outer loop
      vertex 156 7.5 102
      vertex 122.39999999999999 20.5 102
      vertex 156 20.5 102
    endloop
  endfacet
  facet normal 1 0 0
    outer loop
      vertex 157.2 7.5 103.2
      vertex 157.2 20.5 103.2
      vertex 157.2 20.5 112.8
    endloop
  endfacet
  facet normal 0 0 1
    outer loop
      vertex 156 7.999999999999996 114
      vertex 157.2 22.000000000000004 114
      vertex 122.39999999999999 22 114
    endloop
  endfacet
  facet normal 0 1 0
    outer loop
      vertex 121.19999999999999 22.5 103.2
      vertex 157.2 22.5 114
      vertex 157.2 22.5 103.2
    endloop
  endfacet
  facet normal 0 0 1
    outer loop
      vertex 122.39999999999999 22 114
      vertex 157.2 22.000000000000004 114
      vertex 157.2 22.5 114
    endloop
  endfacet
  facet normal 0 -1 0
    outer loop
      vertex 121.33333333333333 7.5 80.4
      vertex 154.84000000000015 7.5 80.44
      vertex 121.32 7.5 80.52000000000001
    endloop
  endfacet
  facet normal 0 -1 0
    outer loop
      vertex 121.33333333333333 7.5 80.4
      vertex 122.39999999999999 7.5 80.4
      vertex 154.84000000000015 7.5 80.44
    endloop
  endfacet
  facet normal 0 -1 0
    outer loop
      vertex 121.32 7.5 80.52000000000001
      vertex 154.84000000000015 7.5 80.44
      vertex 121.79999999999998 7.5 81
    endloop
  endfacet
  facet normal 0 -1 0
    outer loop
      vertex 121.19999999999999 7.5 81.60000000000001
      vertex 122.39999999999999 7.5 81.60000000000001
      vertex 121.19999999999999 7.5 91.2
    endloop
  endfacet
  facet normal 0 -1 0
    outer loop
      vertex 122.39999999999999 7.5 81.60000000000001
      vertex 122.39999999999999 7.5 91.2
      vertex 121.19999999999999 7.5 91.2
    endloop
  endfacet
  facet normal 0 -1 0
    outer loop
      vertex 122.39999999999999 7.5 92.4
      vertex 123.55999999999986 7.5 92.36000000000001
      vertex 156 7.5 92.4
    endloop
  endfacet
  facet normal 0 0 -1
    outer loop
      vertex 122.39999999999999 7.5 80.4
      vertex 122.39999999999999 20.5 80.4
      vertex 156 7.5 80.4
    endloop
  endfacet
  facet normal -1 0 0
    outer loop
      vertex 121.19999999999999 7.5 81.60000000000001
      vertex 121.19999999999999 7.5 91.2
      vertex 121.19999999999999 20.5 91.2
    endloop
  endfacet
  facet normal 0 -1 0
    outer loop
      vertex 122.39999999999999 7.5 80.4
      vertex 156 7.5 80.4
      vertex 154.84000000000015 7.5 80.44
    endloop
  endfacet
  facet normal 0 -1 0
    outer loop
      vertex 123.55999999999986 7.5 92.36000000000001
      vertex 157.2 7.5 92.4
      vertex 156 7.5 92.4
    endloop
  endfacet
  facet normal 0 -1 0
    outer loop
      vertex 123.55999999999986 7.5 92.36000000000001
      vertex 156.6 7.5 91.80000000000001
      vertex 157.2 7.5 92.4
    endloop
  endfacet
  facet normal 0 -1 0
    outer loop
      vertex 156 7.5 81.60000000000001
      vertex 157.2 7.5 81.60000000000001
      vertex 156 7.5 91.2
    endloop
  endfacet
  facet normal 0 -1 0
    outer loop
      vertex 157.2 7.5 81.60000000000001
      vertex 157.2 7.5 91.2
      vertex 156 7.5 91.2
    endloop
  endfacet
  facet normal 0 0 1
    outer loop
      vertex 122.39999999999999 7.5 92.4
      vertex 156 7.5 92.4
      vertex 156 20.5 92.4
    endloop
  endfacet
  facet normal 1 0 0
    outer loop
      vertex 157.2 7.5 81.60000000000001
      vertex 157.2 20.5 81.60000000000001
      vertex 157.2 7.5 91.2
    endloop
  endfacet
  facet normal -1 0 0
    outer loop
      vertex 121.19999999999999 7.5 81.60000000000001
      vertex 121.19999999999999 20.5 91.2
      vertex 121.19999999999999 20.5 81.60000000000001
    endloop
  endfacet
  facet normal 0 0 1
    outer loop
      vertex 122.39999999999999 7.5 92.4
      vertex 156 20.5 92.4
      vertex 122.39999999999999 20.5 92.4
    endloop
  endfacet
  facet normal 0 1 0
    outer loop
      vertex 121.19999999999999 22.5 81.60000000000001
      vertex 121.19999999999999 22.5 91.2
      vertex 157.2 22.5 91.2
    endloop
  endfacet
  facet normal 0 0 -1
    outer loop
      vertex 156 7.5 80.4
      vertex 122.39999999999999 20.5 80.4
      vertex 156 20.5 80.4
    endloop
  endfacet
  facet normal 1 0 0
    outer loop
      vertex 157.2 7.5 91.2
      vertex 157.2 20.5 81.60000000000001
      vertex 157.2 20.5 91.2
    endloop
  endfacet
  facet normal 0 1 0
    outer loop
      vertex 121.19999999999999 22.5 81.60000000000001
      vertex 157.2 22.5 91.2
      vertex 157.2 22.5 81.60000000000001
    endloop
  endfacet
  facet normal -1.8503717077079574e-14 -1 -2.3129646346357442e-15
    outer loop
      vertex 121.19999999999999 7.500000000000022 60.000000000000014
      vertex 122.4000000000004 7.5 60
      vertex 121.19999999999999 7.5 69.60000000000001
    endloop
  endfacet
  facet normal 0 -1 0
    outer loop
      vertex 122.4000000000004 7.5 60
      vertex 122.39999999999999 7.5 69.60000000000001
      vertex 121.19999999999999 7.5 69.60000000000001
    endloop
  endfacet
  facet normal 0 -1 0
    outer loop
      vertex 121.33333333333331 7.5 58.80000000000001
      vertex 154.83999999999955 7.5 58.84000000000001
      vertex 121.32 7.5 58.92000000000001
    endloop
  endfacet
  facet normal 0 -1 0
    outer loop
      vertex 121.33333333333331 7.5 58.80000000000001
      vertex 122.39999999999998 7.5 58.80000000000001
      vertex 154.83999999999955 7.5 58.84000000000001
    endloop
  endfacet
  facet normal 0 -1 0
    outer loop
      vertex 121.32 7.5 58.92000000000001
      vertex 154.83999999999955 7.5 58.84000000000001
      vertex 121.79999999999988 7.5 59.400000000000105
    endloop
  endfacet
  facet normal 0 -1 0
    outer loop
      vertex 122.39999999999999 7.5 70.80000000000001
      vertex 123.55999999999986 7.5 70.76000000000002
      vertex 156 7.5 70.80000000000001
    endloop
  endfacet
  facet normal -1 0 0
    outer loop
      vertex 121.19999999999999 7.500000000000022 60.000000000000014
      vertex 121.19999999999999 7.5 69.60000000000001
      vertex 121.19999999999999 20.5 69.60000000000001
    endloop
  endfacet
  facet normal 0 -1 0
    outer loop
      vertex 122.39999999999998 7.5 58.80000000000001
      vertex 155.9999999999996 7.5 58.80000000000001
      vertex 154.83999999999955 7.5 58.84000000000001
    endloop
  endfacet
  facet normal 0 -1 0
    outer loop
      vertex 123.55999999999986 7.5 70.76000000000002
      vertex 157.2 7.5 70.80000000000001
      vertex 156 7.5 70.80000000000001
    endloop
  endfacet
  facet normal 0 -1 0
    outer loop
      vertex 123.55999999999986 7.5 70.76000000000002
      vertex 156.6 7.5 70.20000000000002
      vertex 157.2 7.5 70.80000000000001
    endloop
  endfacet
  facet normal 0 0 1
    outer loop
      vertex 122.39999999999999 7.5 70.80000000000001
      vertex 156 7.5 70.80000000000001
      vertex 156 20.5 70.80000000000001
    endloop
  endfacet
  facet normal -1 0 0
    outer loop
      vertex 121.19999999999999 7.500000000000022 60.000000000000014
      vertex 121.19999999999999 20.5 69.60000000000001
      vertex 121.19999999999999 20.5 60.000000000000014
    endloop
  endfacet
  facet normal 0 0 1
    outer loop
      vertex 122.39999999999999 7.5 70.80000000000001
      vertex 156 20.5 70.80000000000001
      vertex 122.39999999999999 20.5 70.80000000000001
    endloop
  endfacet
  facet normal 0 1 0
    outer loop
      vertex 121.19999999999999 22.5 60
      vertex 121.19999999999999 22.5 69.60000000000001
      vertex 157.2 22.5 69.60000000000001
    endloop
  endfacet
  facet normal 1 0 0
    outer loop
      vertex 157.2 7.5 69.60000000000001
      vertex 157.2 20.5 60.000000000000014
      vertex 157.2 20.5 69.60000000000001
    endloop
  endfacet
  facet normal 0 1 0
    outer loop
      vertex 121.19999999999999 22.5 60
      vertex 157.2 22.5 69.60000000000001
      vertex 157.2 22.5 60
    endloop
  endfacet
  facet normal 0 -1 0
    outer loop
      vertex 121.33333333333333 7.5 37.2
      vertex 154.83999999999995 7.5 37.24
      vertex 121.32 7.5 37.32000000000001
    endloop
  endfacet
  facet normal 0 -1 0
    outer loop
      vertex 121.33333333333333 7.5 37.2
      vertex 122.39999999999999 7.5 37.2
      vertex 154.83999999999995 7.5 37.24
    endloop
  endfacet
  facet normal 0 -1 0
    outer loop
      vertex 121.32 7.5 37.32000000000001
      vertex 154.83999999999995 7.5 37.24
      vertex 121.79999999999998 7.5 37.800000000000004
    endloop
  endfacet
  facet normal 0 -1 0
    outer loop
      vertex 121.19999999999999 7.5 38.400000000000006
      vertex 122.39999999999999 7.5 38.400000000000006
      vertex 121.19999999999999 7.5 48
    endloop
  endfacet
  facet normal 0 -1 0
    outer loop
      vertex 122.39999999999999 7.5 38.400000000000006
      vertex 122.39999999999999 7.5 48
      vertex 121.19999999999999 7.5 48
    endloop
  endfacet
  facet normal 0 -1 0
    outer loop
      vertex 122.39999999999999 7.5 49.2
      vertex 123.56000000000004 7.5 49.160000000000004
      vertex 156 7.5 49.2
    endloop
  endfacet
  facet normal 0 0 -1
    outer loop
      vertex 122.39999999999999 7.5 37.2
      vertex 122.39999999999999 20.5 37.2
      vertex 156 7.5 37.2
    endloop
  endfacet
  facet normal -1 0 0
    outer loop
      vertex 121.19999999999999 7.5 38.400000000000006
      vertex 121.19999999999999 7.5 48
      vertex 121.19999999999999 20.5 48
    endloop
  endfacet
  facet normal 0 -1 0
    outer loop
      vertex 122.39999999999999 7.5 37.2
      vertex 156 7.5 37.2
      vertex 154.83999999999995 7.5 37.24
    endloop
  endfacet
  facet normal 0 -1 0
    outer loop
      vertex 123.56000000000004 7.5 49.160000000000004
      vertex 157.2 7.5 49.2
      vertex 156 7.5 49.2
    endloop
  endfacet
  facet normal 0 -1 0
    outer loop
      vertex 123.56000000000004 7.5 49.160000000000004
      vertex 156.6 7.5 48.6
      vertex 157.2 7.5 49.2
    endloop
  endfacet
  facet normal 0 -1 0
    outer loop
      vertex 156 7.5 38.400000000000006
      vertex 157.2 7.5 38.400000000000006
      vertex 156 7.5 48
    endloop
  endfacet
  facet normal 0 -1 0
    outer loop
      vertex 157.2 7.5 38.400000000000006
      vertex 157.2 7.5 48
      vertex 156 7.5 48
    endloop
  endfacet
  facet normal 0 0 1
    outer loop
      vertex 122.39999999999999 7.5 49.2
      vertex 156 7.5 49.2
      vertex 156 20.5 49.2
    endloop
  endfacet
  facet normal 1 0 0
    outer loop
      vertex 157.2 7.5 38.400000000000006
      vertex 157.2 20.5 38.400000000000006
      vertex 157.2 7.5 48
    endloop
  endfacet
  facet normal -1 0 0
    outer loop
      vertex 121.19999999999999 7.5 38.400000000000006
      vertex 121.19999999999999 20.5 48
      vertex 121.19999999999999 20.5 38.400000000000006
    endloop
  endfacet
  facet normal 0 0 1
    outer loop
      vertex 122.39999999999999 7.5 49.2
      vertex 156 20.5 49.2
      vertex 122.39999999999999 20.5 49.2
    endloop
  endfacet
  facet normal 0 1 0
    outer loop
      vertex 121.19999999999999 22.5 38.400000000000006
      vertex 121.19999999999999 22.5 48
      vertex 157.2 22.5 48
    endloop
  endfacet
  facet normal 0 0 -1
    outer loop
      vertex 156 7.5 37.2
      vertex 122.39999999999999 20.5 37.2
      vertex 156 20.5 37.2
    endloop
  endfacet
  facet normal 1 0 0
    outer loop
      vertex 157.2 7.5 48
      vertex 157.2 20.5 38.400000000000006
      vertex 157.2 20.5 48
    endloop
  endfacet
  facet normal 0 1 0
    outer loop
      vertex 121.19999999999999 22.5 38.400000000000006
      vertex 157.2 22.5 48
      vertex 157.2 22.5 38.400000000000006
    endloop
  endfacet
  facet normal 0 -1 0
    outer loop
      vertex 121.33333333333333 7.5 15.600000000000001
      vertex 154.84000000000003 7.5 15.64
      vertex 121.32 7.5 15.720000000000006
    endloop
  endfacet
  facet normal 0 -1 0
    outer loop
      vertex 121.33333333333333 7.5 15.600000000000001
      vertex 122.39999999999999 7.5 15.600000000000001
      vertex 154.84000000000003 7.5 15.64
    endloop
  endfacet
  facet normal 0 -1 0
    outer loop
      vertex 121.32 7.5 15.720000000000006
      vertex 154.84000000000003 7.5 15.64
      vertex 121.79999999999998 7.5 16.200000000000003
    endloop
  endfacet
  facet normal 0 -1 0
    outer loop
      vertex 122.39999999999999 7.5 27.6
      vertex 123.56000000000006 7.5 27.560000000000002
      vertex 156 7.5 27.600000000000005
    endloop
  endfacet
  facet normal 0 0 -1
    outer loop
      vertex 122.39999999999999 7.5 15.600000000000001
      vertex 122.39999999999999 20.5 15.600000000000001
      vertex 156 7.5 15.600000000000001
    endloop
  endfacet
  facet normal 0 -1 0
    outer loop
      vertex 122.39999999999999 7.5 15.600000000000001
      vertex 156 7.5 15.600000000000001
      vertex 154.84000000000003 7.5 15.64
    endloop
  endfacet
  facet normal 0 -1 0
    outer loop
      vertex 156 7.5 16.8
      vertex 157.2 7.5 16.8
      vertex 155.9999999999999 7.5 26.400000000000006
    endloop
  endfacet
  facet normal 0 -1 0
    outer loop
      vertex 157.2 7.5 16.8
      vertex 157.2 7.5 26.400000000000006
      vertex 155.9999999999999 7.5 26.400000000000006
    endloop
  endfacet
  facet normal 0 -1 0
    outer loop
      vertex 123.56000000000006 7.5 27.560000000000002
      vertex 157.2 7.5 27.6
      vertex 156 7.5 27.600000000000005
    endloop
  endfacet
  facet normal 0 -1 0
    outer loop
      vertex 123.56000000000006 7.5 27.560000000000002
      vertex 156.6 7.5 27.000000000000004
      vertex 157.2 7.5 27.6
    endloop
  endfacet
  facet normal 1 0 0
    outer loop
      vertex 157.2 7.5 16.8
      vertex 157.2 20.5 16.8
      vertex 157.2 7.5 26.400000000000006
    endloop
  endfacet
  facet normal -1 0 0
    outer loop
      vertex 121.19999999999999 7.5 16.8
      vertex 121.19999999999999 20.5 26.400000000000002
      vertex 121.19999999999999 20.5 16.8
    endloop
  endfacet
  facet normal 0 1 0
    outer loop
      vertex 121.19999999999999 22.5 16.8
      vertex 121.19999999999999 22.5 26.400000000000006
      vertex 157.2 22.5 26.400000000000006
    endloop
  endfacet
  facet normal 0 0 -1
    outer loop
      vertex 156 7.5 15.600000000000001
      vertex 122.39999999999999 20.5 15.600000000000001
      vertex 156 20.5 15.600000000000001
    endloop
  endfacet
  facet normal 1 0 0
    outer loop
      vertex 157.2 7.5 26.400000000000006
      vertex 157.2 20.5 16.8
      vertex 157.2 20.5 26.400000000000002
    endloop
  endfacet
  facet normal 0 1 0
    outer loop
      vertex 121.19999999999999 22.5 16.8
      vertex 157.2 22.5 26.400000000000006
      vertex 157.2 22.5 16.8
    endloop
  endfacet
  facet normal 0 -1 0
    outer loop
      vertex 121.19999999999999 7.5 -6
      vertex 157.2 7.5 -6
      vertex 122.39999999999999 7.5 -4.8
    endloop
  endfacet
  facet normal 0 0 -1
    outer loop
      vertex 121.19999999999999 7.5 -6
      vertex 122.39999999999999 8.000000000000002 -6
      vertex 157.2 7.5 -6
    endloop
  endfacet
  facet normal 0 -1 0
    outer loop
      vertex 122.39999999999999 7.5 6
      vertex 123.56000000000003 7.5 5.96
      vertex 156 7.5 6.000000000000001
    endloop
  endfacet
  facet normal 0 -1 0
    outer loop
      vertex 122.39999999999999 7.5 -4.8
      vertex 157.2 7.5 -6
      vertex 156 7.5 -4.8
    endloop
  endfacet
  facet normal 0 0 -1
    outer loop
      vertex 122.39999999999999 8.000000000000002 -6
      vertex 157.2 7.999999999999996 -6
      vertex 157.2 7.5 -6
    endloop
  endfacet
  facet normal 0 -1 0
    outer loop
      vertex 123.56000000000003 7.5 5.96
      vertex 157.2 7.5 6
      vertex 156 7.5 6.000000000000001
    endloop
  endfacet
  facet normal 0 -1 0
    outer loop
      vertex 123.56000000000003 7.5 5.96
      vertex 156.6 7.5 5.4
      vertex 157.2 7.5 6
    endloop
  endfacet
  facet normal 0 -1 0
    outer loop
      vertex 157.2 7.5 -6
      vertex 155.99999999999997 7.5 4.800000000000001
      vertex 156 7.5 -4.8
    endloop
  endfacet
  facet normal 0 -1 0
    outer loop
      vertex 157.2 7.5 -6
      vertex 157.2 7.5 -4.8
      vertex 155.99999999999997 7.5 4.800000000000001
    endloop
  endfacet
  facet normal 1 0 0
    outer loop
      vertex 157.2 7.5 -4.8
      vertex 157.2 8.944444444444445 -4.8
      vertex 157.2 7.5 4.800000000000001
    endloop
  endfacet
  facet normal 0 -1 0
    outer loop
      vertex 157.2 7.5 -4.8
      vertex 157.2 7.5 4.800000000000001
      vertex 155.99999999999997 7.5 4.800000000000001
    endloop
  endfacet
  facet normal 1 0 0
    outer loop
      vertex 157.2 7.5 4.800000000000001
      vertex 157.2 8.944444444444445 -4.8
      vertex 157.2 14.464285714285715 -0.2142857142857144
    endloop
  endfacet
  facet normal 0 0 -1
    outer loop
      vertex 122.39999999999999 8.000000000000002 -6
      vertex 156 22.000000000000004 -6
      vertex 157.2 7.999999999999996 -6
    endloop
  endfacet
  facet normal 1 0 0
    outer loop
      vertex 157.2 7.5 4.800000000000001
      vertex 157.2 14.464285714285715 -0.2142857142857144
      vertex 157.2 14.464285714285715 0.4285714285714288
    endloop
  endfacet
  facet normal 1 0 0
    outer loop
      vertex 157.2 7.5 4.800000000000001
      vertex 157.2 14.464285714285715 0.4285714285714288
      vertex 157.2 20.5 4.8
    endloop
  endfacet
  facet normal -1 0 0
    outer loop
      vertex 121.19999999999999 7.5 -4.8
      vertex 121.19999999999999 20.5 4.8
      vertex 121.19999999999999 20.5 -4.8
    endloop
  endfacet
  facet normal 0 0 -1
    outer loop
      vertex 122.39999999999999 8.000000000000002 -6
      vertex 121.19999999999999 22 -6
      vertex 156 22.000000000000004 -6
    endloop
  endfacet
  facet normal 0 0 -1
    outer loop
      vertex 121.19999999999999 22 -6
      vertex 121.19999999999999 22.5 -6
      vertex 156 22.000000000000004 -6
    endloop
  endfacet
  facet normal 0 1 0
    outer loop
      vertex 121.19999999999999 22.5 -6
      vertex 121.19999999999999 22.5 4.800000000000001
      vertex 157.2 22.5 4.800000000000001
    endloop
  endfacet
  facet normal 1 0 0
    outer loop
      vertex 157.2 14.464285714285715 0.4285714285714288
      vertex 157.2 20.5 -4.4
      vertex 157.2 20.5 4.8
    endloop
  endfacet
  facet normal 0 0 -1
    outer loop
      vertex 121.19999999999999 22.5 -6
      vertex 157.2 22.5 -6
      vertex 156 22.000000000000004 -6
    endloop
  endfacet
  facet normal 0 1 0
    outer loop
      vertex 121.19999999999999 22.5 -6
      vertex 157.2 22.5 4.800000000000001
      vertex 157.2 22.5 -6
    endloop
  endfacet
  facet normal 0 -1 0
    outer loop
      vertex 121.20753138075312 7.5 91.81004184100419
      vertex 121.60449438202247 7.5 91.60449438202248
      vertex 122.39999999999999 7.5 92.4
    endloop
  endfacet
  facet normal 0 -1 0
    outer loop
      vertex 121.19999999999999 7.5 91.2
      vertex 123.55999999999986 7.5 92.36000000000001
      vertex 121.60449438202247 7.5 91.60449438202248
    endloop
  endfacet
  facet normal 0 -1 0
    outer loop
      vertex 121.19999999999999 7.5 91.2
      vertex 122.39999999999999 7.5 91.2
      vertex 123.55999999999986 7.5 92.36000000000001
    endloop
  endfacet
  facet normal 0 -1 0
    outer loop
      vertex 121.60449438202247 7.5 91.60449438202248
      vertex 123.55999999999986 7.5 92.36000000000001
      vertex 122.39999999999999 7.5 92.4
    endloop
  endfacet
  facet normal 0 -1 0
    outer loop
      vertex 121.19999999999999 7.5 92.4
      vertex 122.39999999999999 7.5 92.4
      vertex 121.33333333333333 7.5 102
    endloop
  endfacet
  facet normal 0 -1 0
    outer loop
      vertex 121.19999999999999 7.5 92.4
      vertex 121.32 7.5 102.12
      vertex 121.19999999999999 7.5 102
    endloop
  endfacet
  facet normal 0 -1 0
    outer loop
      vertex 121.19999999999999 7.5 92.4
      vertex 121.33333333333333 7.5 102
      vertex 121.32 7.5 102.12
    endloop
  endfacet
  facet normal 0 -1 0
    outer loop
      vertex 122.39999999999999 7.5 91.2
      vertex 156 7.5 91.2
      vertex 123.55999999999986 7.5 92.36000000000001
    endloop
  endfacet
  facet normal 0 -1 0
    outer loop
      vertex 121.79999999999998 7.5 102.6
      vertex 154.84000000000015 7.5 102.03999999999999
      vertex 121.19999999999999 7.5 103.2
    endloop
  endfacet
  facet normal 0 -1 0
    outer loop
      vertex 121.19999999999999 7.5 103.2
      vertex 154.84000000000015 7.5 102.03999999999999
      vertex 122.39999999999999 7.5 103.2
    endloop
  endfacet
  facet normal -1 0 0
    outer loop
      vertex 121.19999999999999 7.5 92.4
      vertex 121.19999999999999 7.5 102
      vertex 121.19999999999999 20.5 92.4
    endloop
  endfacet
  facet normal 0 0 -1
    outer loop
      vertex 122.39999999999999 7.5 91.2
      vertex 122.39999999999999 20.5 91.2
      vertex 156 7.5 91.2
    endloop
  endfacet
  facet normal 0 -1 0
    outer loop
      vertex 123.55999999999986 7.5 92.36000000000001
      vertex 156 7.5 91.2
      vertex 157.2 7.5 91.2
    endloop
  endfacet
  facet normal 0 -1 0
    outer loop
      vertex 123.55999999999986 7.5 92.36000000000001
      vertex 157.2 7.5 91.2
      vertex 156.6 7.5 91.80000000000001
    endloop
  endfacet
  facet normal 0 -1 0
    outer loop
      vertex 156 7.5 92.4
      vertex 157.2 7.5 92.4
      vertex 157.2 7.5 102
    endloop
  endfacet
  facet normal 0 -1 0
    outer loop
      vertex 156 7.5 92.4
      vertex 157.2 7.5 102
      vertex 156 7.5 102
    endloop
  endfacet
  facet normal 0 -1 0
    outer loop
      vertex 122.39999999999999 7.5 103.2
      vertex 154.84000000000015 7.5 102.03999999999999
      vertex 156 7.5 103.2
    endloop
  endfacet
  facet normal 0 -1 0
    outer loop
      vertex 154.84000000000015 7.5 102.03999999999999
      vertex 156 7.5 102
      vertex 156.7955056179775 7.5 102.79550561797753
    endloop
  endfacet
  facet normal 0 -1 0
    outer loop
      vertex 154.84000000000015 7.5 102.03999999999999
      vertex 156.7955056179775 7.5 102.79550561797753
      vertex 157.2 7.5 103.2
    endloop
  endfacet
  facet normal 0 -1 0
    outer loop
      vertex 156 7.5 102
      vertex 157.2 7.5 102.58983050847458
      vertex 156.7955056179775 7.5 102.79550561797753
    endloop
  endfacet
  facet normal 0 -1 0
    outer loop
      vertex 156 7.5 102
      vertex 157.2 7.5 102
      vertex 157.2 7.5 102.58983050847458
    endloop
  endfacet
  facet normal 0 -1 0
    outer loop
      vertex 154.84000000000015 7.5 102.03999999999999
      vertex 157.2 7.5 103.2
      vertex 156 7.5 103.2
    endloop
  endfacet
  facet normal 1 0 0
    outer loop
      vertex 157.2 7.5 92.4
      vertex 157.2 20.5 92.4
      vertex 157.2 7.5 102
    endloop
  endfacet
  facet normal 0 0 1
    outer loop
      vertex 122.39999999999999 7.5 103.2
      vertex 156 7.5 103.2
      vertex 156 20.5 103.2
    endloop
  endfacet
  facet normal -1 0 0
    outer loop
      vertex 121.19999999999999 7.5 102
      vertex 121.19999999999999 20.5 102
      vertex 121.19999999999999 20.5 92.4
    endloop
  endfacet
  facet normal 0 0 1
    outer loop
      vertex 122.39999999999999 7.5 103.2
      vertex 156 20.5 103.2
      vertex 122.39999999999999 20.5 103.2
    endloop
  endfacet
  facet normal 0 1 0
    outer loop
      vertex 121.19999999999999 22.5 91.2
      vertex 121.19999999999999 22.5 103.2
      vertex 157.2 22.5 91.2
    endloop
  endfacet
  facet normal 0 0 -1
    outer loop
      vertex 156 7.5 91.2
      vertex 122.39999999999999 20.5 91.2
      vertex 156 20.5 91.2
    endloop
  endfacet
  facet normal 1 0 0
    outer loop
      vertex 157.2 7.5 102
      vertex 157.2 20.5 92.4
      vertex 157.2 20.5 102
    endloop
  endfacet
  facet normal 0 1 0
    outer loop
      vertex 121.19999999999999 22.5 103.2
      vertex 157.2 22.5 103.2
      vertex 157.2 22.5 91.2
    endloop
  endfacet
  facet normal 0 -1 0
    outer loop
      vertex 121.20753138075312 7.5 70.2100418410042
      vertex 121.60449438202247 7.5 70.00449438202249
      vertex 122.39999999999999 7.5 70.80000000000001
    endloop
  endfacet
  facet normal 0 -1 0
    outer loop
      vertex 121.19999999999999 7.5 69.60000000000001
      vertex 123.55999999999986 7.5 70.76000000000002
      vertex 121.60449438202247 7.5 70.00449438202249
    endloop
  endfacet
  facet normal 0 -1 0
    outer loop
      vertex 121.19999999999999 7.5 69.60000000000001
      vertex 122.39999999999999 7.5 69.60000000000001
      vertex 123.55999999999986 7.5 70.76000000000002
    endloop
  endfacet
  facet normal 0 -1 0
    outer loop
      vertex 121.60449438202247 7.5 70.00449438202249
      vertex 123.55999999999986 7.5 70.76000000000002
      vertex 122.39999999999999 7.5 70.80000000000001
    endloop
  endfacet
  facet normal 0 -1 0
    outer loop
      vertex 121.19999999999999 7.5 70.80000000000001
      vertex 122.39999999999999 7.5 70.80000000000001
      vertex 121.33333333333333 7.5 80.4
    endloop
  endfacet
  facet normal 0 -1 0
    outer loop
      vertex 121.19999999999999 7.5 70.80000000000001
      vertex 121.32 7.5 80.52000000000001
      vertex 121.19999999999999 7.5 80.4
    endloop
  endfacet
  facet normal 0 -1 0
    outer loop
      vertex 121.19999999999999 7.5 70.80000000000001
      vertex 121.33333333333333 7.5 80.4
      vertex 121.32 7.5 80.52000000000001
    endloop
  endfacet
  facet normal 0 -1 0
    outer loop
      vertex 122.39999999999999 7.5 69.60000000000001
      vertex 156 7.5 69.60000000000001
      vertex 123.55999999999986 7.5 70.76000000000002
    endloop
  endfacet
  facet normal 0 -1 0
    outer loop
      vertex 121.19999999999999 7.5 81.60000000000001
      vertex 121.79999999999998 7.5 81
      vertex 154.84000000000015 7.5 80.44
    endloop
  endfacet
  facet normal 0 -1 0
    outer loop
      vertex 121.19999999999999 7.5 81.60000000000001
      vertex 154.84000000000015 7.5 80.44
      vertex 122.39999999999999 7.5 81.60000000000001
    endloop
  endfacet
  facet normal -1 0 0
    outer loop
      vertex 121.19999999999999 7.5 70.80000000000001
      vertex 121.19999999999999 7.5 80.4
      vertex 121.19999999999999 20.5 70.80000000000001
    endloop
  endfacet
  facet normal 0 0 -1
    outer loop
      vertex 122.39999999999999 7.5 69.60000000000001
      vertex 122.39999999999999 20.5 69.60000000000001
      vertex 156 7.5 69.60000000000001
    endloop
  endfacet
  facet normal 0 -1 0
    outer loop
      vertex 123.55999999999986 7.5 70.76000000000002
      vertex 156 7.5 69.60000000000001
      vertex 157.2 7.5 69.60000000000001
    endloop
  endfacet
  facet normal 0 -1 0
    outer loop
      vertex 123.55999999999986 7.5 70.76000000000002
      vertex 157.2 7.5 69.60000000000001
      vertex 156.6 7.5 70.20000000000002
    endloop
  endfacet
  facet normal 0 -1 0
    outer loop
      vertex 122.39999999999999 7.5 81.60000000000001
      vertex 154.84000000000015 7.5 80.44
      vertex 156 7.5 81.60000000000001
    endloop
  endfacet
  facet normal 0 -1 0
    outer loop
      vertex 156 7.5 70.80000000000001
      vertex 157.2 7.5 70.80000000000001
      vertex 157.2 7.5 80.4
    endloop
  endfacet
  facet normal 0 -1 0
    outer loop
      vertex 156 7.5 70.80000000000001
      vertex 157.2 7.5 80.4
      vertex 156 7.5 80.4
    endloop
  endfacet
  facet normal 0 -1 0
    outer loop
      vertex 154.84000000000015 7.5 80.44
      vertex 156 7.5 80.4
      vertex 156.7955056179775 7.5 81.19550561797753
    endloop
  endfacet
  facet normal 0 -1 0
    outer loop
      vertex 154.84000000000015 7.5 80.44
      vertex 156.7955056179775 7.5 81.19550561797753
      vertex 157.2 7.5 81.60000000000001
    endloop
  endfacet
  facet normal 0 -1 0
    outer loop
      vertex 156 7.5 80.4
      vertex 157.2 7.5 80.98983050847458
      vertex 156.7955056179775 7.5 81.19550561797753
    endloop
  endfacet
  facet normal 0 -1 0
    outer loop
      vertex 156 7.5 80.4
      vertex 157.2 7.5 80.4
      vertex 157.2 7.5 80.98983050847458
    endloop
  endfacet
  facet normal 0 -1 0
    outer loop
      vertex 154.84000000000015 7.5 80.44
      vertex 157.2 7.5 81.60000000000001
      vertex 156 7.5 81.60000000000001
    endloop
  endfacet
  facet normal 0 0 1
    outer loop
      vertex 122.39999999999999 7.5 81.60000000000001
      vertex 156 7.5 81.60000000000001
      vertex 156 20.5 81.60000000000001
    endloop
  endfacet
  facet normal 1 0 0
    outer loop
      vertex 157.2 7.5 70.80000000000001
      vertex 157.2 20.5 70.80000000000001
      vertex 157.2 7.5 80.4
    endloop
  endfacet
  facet normal -1 0 0
    outer loop
      vertex 121.19999999999999 7.5 80.4
      vertex 121.19999999999999 20.5 80.4
      vertex 121.19999999999999 20.5 70.80000000000001
    endloop
  endfacet
  facet normal 0 0 1
    outer loop
      vertex 122.39999999999999 7.5 81.60000000000001
      vertex 156 20.5 81.60000000000001
      vertex 122.39999999999999 20.5 81.60000000000001
    endloop
  endfacet
  facet normal 0 1 0
    outer loop
      vertex 121.19999999999999 22.5 69.60000000000001
      vertex 121.19999999999999 22.5 81.60000000000001
      vertex 157.2 22.5 69.60000000000001
    endloop
  endfacet
  facet normal 0 0 -1
    outer loop
      vertex 156 7.5 69.60000000000001
      vertex 122.39999999999999 20.5 69.60000000000001
      vertex 156 20.5 69.60000000000001
    endloop
  endfacet
  facet normal 1 0 0
    outer loop
      vertex 157.2 7.5 80.4
      vertex 157.2 20.5 70.80000000000001
      vertex 157.2 20.5 80.4
    endloop
  endfacet
  facet normal 0 1 0
    outer loop
      vertex 121.19999999999999 22.5 81.60000000000001
      vertex 157.2 22.5 81.60000000000001
      vertex 157.2 22.5 69.60000000000001
    endloop
  endfacet
  facet normal 0 -1 0
    outer loop
      vertex 121.20753138075312 7.5 48.61004184100418
      vertex 121.60449438202247 7.5 48.40449438202247
      vertex 122.39999999999999 7.5 49.2
    endloop
  endfacet
  facet normal 0 -1 0
    outer loop
      vertex 121.19999999999999 7.5 48
      vertex 123.56000000000004 7.5 49.160000000000004
      vertex 121.60449438202247 7.5 48.40449438202247
    endloop
  endfacet
  facet normal 0 -1 0
    outer loop
      vertex 121.19999999999999 7.5 48
      vertex 122.39999999999999 7.5 48
      vertex 123.56000000000004 7.5 49.160000000000004
    endloop
  endfacet
  facet normal 0 -1 0
    outer loop
      vertex 121.60449438202247 7.5 48.40449438202247
      vertex 123.56000000000004 7.5 49.160000000000004
      vertex 122.39999999999999 7.5 49.2
    endloop
  endfacet
  facet normal 0 -1 0
    outer loop
      vertex 121.19999999999999 7.5 49.2
      vertex 122.39999999999999 7.5 49.2
      vertex 121.83529411764705 7.5 54.28235294117646
    endloop
  endfacet
  facet normal 0 -1 0
    outer loop
      vertex 122.39999999999999 7.5 48
      vertex 156 7.5 48
      vertex 123.56000000000004 7.5 49.160000000000004
    endloop
  endfacet
  facet normal 0 0 -1
    outer loop
      vertex 122.39999999999999 7.5 48
      vertex 122.39999999999999 20.5 48
      vertex 156 7.5 48
    endloop
  endfacet
  facet normal 0 -1 0
    outer loop
      vertex 123.56000000000004 7.5 49.160000000000004
      vertex 156 7.5 48
      vertex 157.2 7.5 48
    endloop
  endfacet
  facet normal 0 -1 0
    outer loop
      vertex 123.56000000000004 7.5 49.160000000000004
      vertex 157.2 7.5 48
      vertex 156.6 7.5 48.6
    endloop
  endfacet
  facet normal 0 -1 0
    outer loop
      vertex 156 7.5 49.2
      vertex 157.2 7.5 49.2
      vertex 157.2 7.5 58.80000000000001
    endloop
  endfacet
  facet normal 1 0 0
    outer loop
      vertex 157.2 7.5 49.2
      vertex 157.2 20.5 49.2
      vertex 157.2 7.5 58.80000000000001
    endloop
  endfacet
  facet normal 6.380592095549004e-16 -1 3.764549336373238e-14
    outer loop
      vertex 121.79999999999988 7.5 59.400000000000105
      vertex 154.83999999999955 7.5 58.84000000000001
      vertex 121.19999999999999 7.500000000000022 60.000000000000014
    endloop
  endfacet
  facet normal -1.8503717077085673e-14 -1 -5.174660189488352e-13
    outer loop
      vertex 121.19999999999999 7.500000000000022 60.000000000000014
      vertex 154.83999999999955 7.5 58.84000000000001
      vertex 122.4000000000004 7.5 60
    endloop
  endfacet
  facet normal 0 -1 0
    outer loop
      vertex 122.4000000000004 7.5 60
      vertex 154.83999999999955 7.5 58.84000000000001
      vertex 156 7.5 60.000000000000014
    endloop
  endfacet
  facet normal 0 -1 0
    outer loop
      vertex 156 7.5 49.2
      vertex 157.2 7.5 58.80000000000001
      vertex 155.9999999999996 7.5 58.80000000000001
    endloop
  endfacet
  facet normal 0 -1 0
    outer loop
      vertex 154.83999999999955 7.5 58.84000000000001
      vertex 155.9999999999996 7.5 58.80000000000001
      vertex 157.2 7.5 60
    endloop
  endfacet
  facet normal 0 -1 0
    outer loop
      vertex 154.83999999999955 7.5 58.84000000000001
      vertex 157.2 7.5 60
      vertex 156 7.5 60.000000000000014
    endloop
  endfacet
  facet normal 0 -1 0
    outer loop
      vertex 155.9999999999996 7.5 58.80000000000001
      vertex 157.2 7.5 58.80000000000001
      vertex 157.2 7.5 59.38983050847458
    endloop
  endfacet
  facet normal 0 -1 0
    outer loop
      vertex 155.9999999999996 7.5 58.80000000000001
      vertex 157.2 7.5 59.38983050847458
      vertex 157.2 7.5 60
    endloop
  endfacet
  facet normal -1 0 0
    outer loop
      vertex 121.19999999999999 7.5 49.2
      vertex 121.19999999999999 20.5 58.8
      vertex 121.19999999999999 20.5 49.2
    endloop
  endfacet
  facet normal 0 1 0
    outer loop
      vertex 121.19999999999999 22.5 48
      vertex 121.19999999999999 22.5 60
      vertex 157.2 22.5 48
    endloop
  endfacet
  facet normal 0 0 -1
    outer loop
      vertex 156 7.5 48
      vertex 122.39999999999999 20.5 48
      vertex 156 20.5 48
    endloop
  endfacet
  facet normal 1 0 0
    outer loop
      vertex 157.2 7.5 58.80000000000001
      vertex 157.2 20.5 49.2
      vertex 157.2 20.5 58.8
    endloop
  endfacet
  facet normal 0 1 0
    outer loop
      vertex 157.2 22.5 48
      vertex 121.19999999999999 22.5 60
      vertex 157.2 22.5 60
    endloop
  endfacet
  facet normal 0 -1 0
    outer loop
      vertex 121.19999999999989 7.5 26.400000000000006
      vertex 122.39999999999999 7.5 26.400000000000006
      vertex 123.56000000000006 7.5 27.560000000000002
    endloop
  endfacet
  facet normal 0 -1 0
    outer loop
      vertex 121.20753138075312 7.5 27.01004184100419
      vertex 121.60449438202247 7.5 26.804494382022476
      vertex 122.39999999999999 7.5 27.6
    endloop
  endfacet
  facet normal 0 -1 0
    outer loop
      vertex 121.19999999999989 7.5 26.400000000000006
      vertex 123.56000000000006 7.5 27.560000000000002
      vertex 121.60449438202247 7.5 26.804494382022476
    endloop
  endfacet
  facet normal 0 -1 0
    outer loop
      vertex 121.60449438202247 7.5 26.804494382022476
      vertex 123.56000000000006 7.5 27.560000000000002
      vertex 122.39999999999999 7.5 27.6
    endloop
  endfacet
  facet normal 0 -1 0
    outer loop
      vertex 121.19999999999999 7.5 27.600000000000005
      vertex 122.39999999999999 7.5 27.6
      vertex 121.33333333333333 7.5 37.2
    endloop
  endfacet
  facet normal 0 -1 0
    outer loop
      vertex 121.19999999999999 7.5 27.600000000000005
      vertex 121.32 7.5 37.32000000000001
      vertex 121.19999999999999 7.5 37.2
    endloop
  endfacet
  facet normal 0 -1 0
    outer loop
      vertex 121.19999999999999 7.5 27.600000000000005
      vertex 121.33333333333333 7.5 37.2
      vertex 121.32 7.5 37.32000000000001
    endloop
  endfacet
  facet normal 0 -1 0
    outer loop
      vertex 122.39999999999999 7.5 26.400000000000006
      vertex 155.9999999999999 7.5 26.400000000000006
      vertex 123.56000000000006 7.5 27.560000000000002
    endloop
  endfacet
  facet normal 0 -1 0
    outer loop
      vertex 121.19999999999999 7.5 38.400000000000006
      vertex 121.79999999999998 7.5 37.800000000000004
      vertex 154.83999999999995 7.5 37.24
    endloop
  endfacet
  facet normal 0 -1 0
    outer loop
      vertex 121.19999999999999 7.5 38.400000000000006
      vertex 154.83999999999995 7.5 37.24
      vertex 122.39999999999999 7.5 38.400000000000006
    endloop
  endfacet
  facet normal -1 0 0
    outer loop
      vertex 121.19999999999999 7.5 27.600000000000005
      vertex 121.19999999999999 7.5 37.2
      vertex 121.19999999999999 20.5 27.600000000000005
    endloop
  endfacet
  facet normal 0 -1 0
    outer loop
      vertex 123.56000000000006 7.5 27.560000000000002
      vertex 155.9999999999999 7.5 26.400000000000006
      vertex 157.2 7.5 26.400000000000006
    endloop
  endfacet
  facet normal 0 -1 0
    outer loop
      vertex 123.56000000000006 7.5 27.560000000000002
      vertex 157.2 7.5 26.400000000000006
      vertex 156.6 7.5 27.000000000000004
    endloop
  endfacet
  facet normal 0 -1 0
    outer loop
      vertex 122.39999999999999 7.5 38.400000000000006
      vertex 154.83999999999995 7.5 37.24
      vertex 156 7.5 38.400000000000006
    endloop
  endfacet
  facet normal 0 -1 0
    outer loop
      vertex 156 7.5 27.600000000000005
      vertex 157.2 7.5 27.6
      vertex 157.2 7.5 37.2
    endloop
  endfacet
  facet normal 0 -1 0
    outer loop
      vertex 156 7.5 27.600000000000005
      vertex 157.2 7.5 37.2
      vertex 156 7.5 37.2
    endloop
  endfacet
  facet normal 0 -1 0
    outer loop
      vertex 154.83999999999995 7.5 37.24
      vertex 156 7.5 37.2
      vertex 156.7955056179775 7.5 37.995505617977535
    endloop
  endfacet
  facet normal 0 -1 0
    outer loop
      vertex 154.83999999999995 7.5 37.24
      vertex 157.2 7.5 38.400000000000006
      vertex 156 7.5 38.400000000000006
    endloop
  endfacet
  facet normal 0 -1 0
    outer loop
      vertex 154.83999999999995 7.5 37.24
      vertex 156.7955056179775 7.5 37.995505617977535
      vertex 157.2 7.5 38.400000000000006
    endloop
  endfacet
  facet normal 0 -1 0
    outer loop
      vertex 156 7.5 37.2
      vertex 157.2 7.5 37.78983050847458
      vertex 156.7955056179775 7.5 37.995505617977535
    endloop
  endfacet
  facet normal 0 -1 0
    outer loop
      vertex 156 7.5 37.2
      vertex 157.2 7.5 37.2
      vertex 157.2 7.5 37.78983050847458
    endloop
  endfacet
  facet normal 0 0 1
    outer loop
      vertex 122.39999999999999 7.5 38.400000000000006
      vertex 156 7.5 38.400000000000006
      vertex 156 20.5 38.400000000000006
    endloop
  endfacet
  facet normal 1 0 0
    outer loop
      vertex 157.2 7.5 27.6
      vertex 157.2 20.5 27.600000000000005
      vertex 157.2 7.5 37.2
    endloop
  endfacet
  facet normal -1 0 0
    outer loop
      vertex 121.19999999999999 7.5 37.2
      vertex 121.19999999999999 20.5 37.2
      vertex 121.19999999999999 20.5 27.600000000000005
    endloop
  endfacet
  facet normal 0 0 1
    outer loop
      vertex 122.39999999999999 7.5 38.400000000000006
      vertex 156 20.5 38.400000000000006
      vertex 122.39999999999999 20.5 38.400000000000006
    endloop
  endfacet
  facet normal 0 1 0
    outer loop
      vertex 121.19999999999999 22.5 26.400000000000006
      vertex 121.19999999999999 22.5 38.400000000000006
      vertex 157.2 22.5 26.400000000000006
    endloop
  endfacet
  facet normal 1 0 0
    outer loop
      vertex 157.2 7.5 37.2
      vertex 157.2 20.5 27.600000000000005
      vertex 157.2 20.5 37.2
    endloop
  endfacet
  facet normal 0 1 0
    outer loop
      vertex 121.19999999999999 22.5 38.400000000000006
      vertex 157.2 22.5 38.400000000000006
      vertex 157.2 22.5 26.400000000000006
    endloop
  endfacet
  facet normal 0 -1 0
    outer loop
      vertex 121.19999999999999 7.5 4.800000000000001
      vertex 122.39999999999999 7.5 4.800000000000001
      vertex 123.56000000000003 7.5 5.96
    endloop
  endfacet
  facet normal 0 -1 0
    outer loop
      vertex 121.60449438202247 7.5 5.204494382022473
      vertex 122.39999999999999 7.5 6
      vertex 121.20753138075312 7.5 5.410041841004185
    endloop
  endfacet
  facet normal 0 -1 0
    outer loop
      vertex 121.19999999999999 7.5 4.800000000000001
      vertex 123.56000000000003 7.5 5.96
      vertex 121.60449438202247 7.5 5.204494382022473
    endloop
  endfacet
  facet normal 0 -1 0
    outer loop
      vertex 121.60449438202247 7.5 5.204494382022473
      vertex 123.56000000000003 7.5 5.96
      vertex 122.39999999999999 7.5 6
    endloop
  endfacet
  facet normal 0 -1 0
    outer loop
      vertex 122.39999999999999 7.5 4.800000000000001
      vertex 155.99999999999997 7.5 4.800000000000001
      vertex 123.56000000000003 7.5 5.96
    endloop
  endfacet
  facet normal 0 -1 0
    outer loop
      vertex 121.19999999999999 7.5 6.000000000000001
      vertex 122.39999999999999 7.5 6
      vertex 121.33333333333333 7.5 15.600000000000001
    endloop
  endfacet
  facet normal 0 -1 0
    outer loop
      vertex 121.19999999999999 7.5 6.000000000000001
      vertex 121.32 7.5 15.720000000000006
      vertex 121.19999999999999 7.5 15.600000000000001
    endloop
  endfacet
  facet normal 0 -1 0
    outer loop
      vertex 121.19999999999999 7.5 6.000000000000001
      vertex 121.33333333333333 7.5 15.600000000000001
      vertex 121.32 7.5 15.720000000000006
    endloop
  endfacet
  facet normal 0 -1 0
    outer loop
      vertex 121.79999999999998 7.5 16.200000000000003
      vertex 154.84000000000003 7.5 15.64
      vertex 121.19999999999999 7.5 16.8
    endloop
  endfacet
  facet normal 0 -1 0
    outer loop
      vertex 121.19999999999999 7.5 16.8
      vertex 154.84000000000003 7.5 15.64
      vertex 122.39999999999999 7.5 16.8
    endloop
  endfacet
  facet normal -1 0 0
    outer loop
      vertex 121.19999999999999 7.5 6.000000000000001
      vertex 121.19999999999999 7.5 15.600000000000001
      vertex 121.19999999999999 20.5 6.000000000000001
    endloop
  endfacet
  facet normal 0 -1 0
    outer loop
      vertex 123.56000000000003 7.5 5.96
      vertex 155.99999999999997 7.5 4.800000000000001
      vertex 157.2 7.5 4.800000000000001
    endloop
  endfacet
  facet normal 0 -1 0
    outer loop
      vertex 123.56000000000003 7.5 5.96
      vertex 157.2 7.5 4.800000000000001
      vertex 156.6 7.5 5.4
    endloop
  endfacet
  facet normal 0 -1 0
    outer loop
      vertex 122.39999999999999 7.5 16.8
      vertex 154.84000000000003 7.5 15.64
      vertex 156 7.5 16.8
    endloop
  endfacet
  facet normal 0 -1 0
    outer loop
      vertex 156 7.5 6.000000000000001
      vertex 157.2 7.5 6
      vertex 157.2 7.5 15.600000000000001
    endloop
  endfacet
  facet normal 0 -1 0
    outer loop
      vertex 156 7.5 6.000000000000001
      vertex 157.2 7.5 15.600000000000001
      vertex 156 7.5 15.600000000000001
    endloop
  endfacet
  facet normal 0 -1 0
    outer loop
      vertex 154.84000000000003 7.5 15.64
      vertex 156 7.5 15.600000000000001
      vertex 156.7955056179775 7.5 16.39550561797753
    endloop
  endfacet
  facet normal 0 -1 0
    outer loop
      vertex 154.84000000000003 7.5 15.64
      vertex 157.2 7.5 16.8
      vertex 156 7.5 16.8
    endloop
  endfacet
  facet normal 0 -1 0
    outer loop
      vertex 154.84000000000003 7.5 15.64
      vertex 156.7955056179775 7.5 16.39550561797753
      vertex 157.2 7.5 16.8
    endloop
  endfacet
  facet normal 0 -1 0
    outer loop
      vertex 156 7.5 15.600000000000001
      vertex 157.2 7.5 16.18983050847458
      vertex 156.7955056179775 7.5 16.39550561797753
    endloop
  endfacet
  facet normal 0 -1 0
    outer loop
      vertex 156 7.5 15.600000000000001
      vertex 157.2 7.5 15.600000000000001
      vertex 157.2 7.5 16.18983050847458
    endloop
  endfacet
  facet normal 0 0 1
    outer loop
      vertex 122.39999999999999 7.5 16.8
      vertex 156 7.5 16.8
      vertex 156 20.5 16.8
    endloop
  endfacet
  facet normal 1 0 0
    outer loop
      vertex 157.2 7.5 6
      vertex 157.2 20.5 6.000000000000001
      vertex 157.2 7.5 15.600000000000001
    endloop
  endfacet
  facet normal -1 0 0
    outer loop
      vertex 121.19999999999999 7.5 15.600000000000001
      vertex 121.19999999999999 20.5 15.600000000000001
      vertex 121.19999999999999 20.5 6.000000000000001
    endloop
  endfacet
  facet normal 0 0 1
    outer loop
      vertex 122.39999999999999 7.5 16.8
      vertex 156 20.5 16.8
      vertex 122.39999999999999 20.5 16.8
    endloop
  endfacet
  facet normal 0 1 0
    outer loop
      vertex 121.19999999999999 22.5 4.800000000000001
      vertex 121.19999999999999 22.5 16.8
      vertex 157.2 22.5 4.800000000000001
    endloop
  endfacet
  facet normal 1 0 0
    outer loop
      vertex 157.2 7.5 15.600000000000001
      vertex 157.2 20.5 6.000000000000001
      vertex 157.2 20.5 15.600000000000001
    endloop
  endfacet
  facet normal 0 1 0
    outer loop
      vertex 121.19999999999999 22.5 16.8
      vertex 157.2 22.5 16.8
      vertex 157.2 22.5 4.800000000000001
    endloop
  endfacet
  facet normal -1 0 0
    outer loop
      vertex 51.599999999999994 7.5 103.2
      vertex 51.599999999999994 7.5 112.8
      vertex 51.599999999999994 8.94444444444445 112.8
    endloop
  endfacet
  facet normal 0 -1 0
    outer loop
      vertex 85.24000000000012 7.5 102.03999999999999
      vertex 52.8 7.5 102.58983050847458
      vertex 52.8 7.5 102
    endloop
  endfacet
  facet normal 0 -1 0
    outer loop
      vertex 86.39999999999999 7.5 112.8
      vertex 52.199999999999996 7.5 113.4
      vertex 52.8 7.5 112.8
    endloop
  endfacet
  facet normal 0 -1 0
    outer loop
      vertex 87 7.5 113.4
      vertex 52.8 7.5 114
      vertex 52.199999999999996 7.5 113.4
    endloop
  endfacet
  facet normal 0 -1 0
    outer loop
      vertex 85.24000000000012 7.5 102.03999999999999
      vertex 52.8 7.5 102
      vertex 86.39999999999999 7.5 102
    endloop
  endfacet
  facet normal 0 -1 0
    outer loop
      vertex 86.39999999999999 7.5 103.2
      vertex 87.6 7.5 103.2
      vertex 86.39999999999999 7.5 112.8
    endloop
  endfacet
  facet normal 0 -1 0
    outer loop
      vertex 86.39999999999999 7.5 112.8
      vertex 87 7.5 113.4
      vertex 52.199999999999996 7.5 113.4
    endloop
  endfacet
  facet normal 0 -1 0
    outer loop
      vertex 87 7.5 113.4
      vertex 87.6 7.5 114
      vertex 52.8 7.5 114
    endloop
  endfacet
  facet normal 0 0 1
    outer loop
      vertex 86.39999999999999 8.000000000000002 114
      vertex 52.8 7.5 114
      vertex 87.6 7.5 114
    endloop
  endfacet
  facet normal -1 0 0
    outer loop
      vertex 51.599999999999994 7.5 103.2
      vertex 51.599999999999994 8.94444444444445 112.8
      vertex 51.599999999999994 20.5 103.2
    endloop
  endfacet
  facet normal 0 0 1
    outer loop
      vertex 52.8 7.5 114
      vertex 52.8 22 114
      vertex 51.599999999999994 8.000000000000002 114
    endloop
  endfacet
  facet normal 0 0 -1
    outer loop
      vertex 86.39999999999999 7.5 102
      vertex 52.8 7.5 102
      vertex 52.8 20.5 102
    endloop
  endfacet
  facet normal 0 0 1
    outer loop
      vertex 86.39999999999999 8.000000000000002 114
      vertex 52.8 22 114
      vertex 52.8 7.5 114
    endloop
  endfacet
  facet normal 0 0 -1
    outer loop
      vertex 86.39999999999999 7.5 102
      vertex 52.8 20.5 102
      vertex 86.39999999999999 20.5 102
    endloop
  endfacet
  facet normal 0 0 1
    outer loop
      vertex 86.39999999999999 8.000000000000002 114
      vertex 87.6 22 114
      vertex 52.8 22 114
    endloop
  endfacet
  facet normal 0 1 0
    outer loop
      vertex 87.6 22.5 103.2
      vertex 52.8 22.5 103.2
      vertex 52.8 22.5 114
    endloop
  endfacet
  facet normal 0 0 1
    outer loop
      vertex 87.6 22.5 114
      vertex 52.8 22.5 114
      vertex 52.8 22 114
    endloop
  endfacet
  facet normal 0 0 1
    outer loop
      vertex 87.6 22 114
      vertex 87.6 22.5 114
      vertex 52.8 22 114
    endloop
  endfacet
  facet normal 0 1 0
    outer loop
      vertex 87.6 22.5 103.2
      vertex 52.8 22.5 114
      vertex 87.6 22.5 114
    endloop
  endfacet
  facet normal 0 -1 0
    outer loop
      vertex 86.39999999999999 7.5 112.8
      vertex 87.6 7.5 103.2
      vertex 87.6 7.5 112.8
    endloop
  endfacet
  facet normal 0 -1 0
    outer loop
      vertex 86.39999999999999 7.5 112.8
      vertex 87.6 7.5 112.8
      vertex 87 7.5 113.4
    endloop
  endfacet
  facet normal 1 0 0
    outer loop
      vertex 87.6 7.5 103.2
      vertex 87.6 15.23809523809524 112.8
      vertex 87.6 7.5 112.8
    endloop
  endfacet
  facet normal 1 0 0
    outer loop
      vertex 87.6 7.5 103.2
      vertex 87.6 20.5 103.2
      vertex 87.6 15.23809523809524 112.8
    endloop
  endfacet
  facet normal 1 0 0
    outer loop
      vertex 87.6 15.23809523809524 112.8
      vertex 87.6 20.5 103.2
      vertex 87.6 20.5 104.64
    endloop
  endfacet
  facet normal 0 -1 0
    outer loop
      vertex 85.24000000000012 7.5 80.44
      vertex 52.8 7.5 80.98983050847458
      vertex 52.8 7.5 80.4
    endloop
  endfacet
  facet normal 0 -1 0
    outer loop
      vertex 85.24000000000012 7.5 80.44
      vertex 52.8 7.5 80.4
      vertex 86.39999999999999 7.5 80.4
    endloop
  endfacet
  facet normal 0 -1 0
    outer loop
      vertex 53.959999999999866 7.5 92.36000000000001
      vertex 86.39999999999999 7.5 92.4
      vertex 52.8 7.5 92.4
    endloop
  endfacet
  facet normal 0 -1 0
    outer loop
      vertex 86.39999999999999 7.5 81.60000000000001
      vertex 87.6 7.5 81.60000000000001
      vertex 86.39999999999999 7.5 91.2
    endloop
  endfacet
  facet normal 0 -1 0
    outer loop
      vertex 53.959999999999866 7.5 92.36000000000001
      vertex 87 7.5 91.80000000000001
      vertex 87.6 7.5 92.4
    endloop
  endfacet
  facet normal 0 -1 0
    outer loop
      vertex 53.959999999999866 7.5 92.36000000000001
      vertex 87.6 7.5 92.4
      vertex 86.39999999999999 7.5 92.4
    endloop
  endfacet
  facet normal 0 0 -1
    outer loop
      vertex 86.39999999999999 7.5 80.4
      vertex 52.8 7.5 80.4
      vertex 52.8 20.5 80.4
    endloop
  endfacet
  facet normal -1 0 0
    outer loop
      vertex 51.599999999999994 7.5 81.60000000000001
      vertex 51.599999999999994 7.5 91.2
      vertex 51.599999999999994 20.5 81.60000000000001
    endloop
  endfacet
  facet normal 0 0 1
    outer loop
      vertex 86.39999999999999 7.5 92.4
      vertex 86.39999999999999 20.5 92.4
      vertex 52.8 7.5 92.4
    endloop
  endfacet
  facet normal 0 0 -1
    outer loop
      vertex 86.39999999999999 7.5 80.4
      vertex 52.8 20.5 80.4
      vertex 86.39999999999999 20.5 80.4
    endloop
  endfacet
  facet normal -1 0 0
    outer loop
      vertex 51.599999999999994 7.5 91.2
      vertex 51.599999999999994 20.5 91.2
      vertex 51.599999999999994 20.5 81.60000000000001
    endloop
  endfacet
  facet normal 0 0 1
    outer loop
      vertex 86.39999999999999 20.5 92.4
      vertex 52.8 20.5 92.4
      vertex 52.8 7.5 92.4
    endloop
  endfacet
  facet normal 0 1 0
    outer loop
      vertex 87.6 22.5 81.60000000000001
      vertex 52.8 22.5 81.60000000000001
      vertex 52.8 22.5 91.2
    endloop
  endfacet
  facet normal 0 1 0
    outer loop
      vertex 87.6 22.5 81.60000000000001
      vertex 52.8 22.5 91.2
      vertex 87.6 22.5 91.2
    endloop
  endfacet
  facet normal 0 -1 0
    outer loop
      vertex 86.39999999999999 7.5 91.2
      vertex 87.6 7.5 81.60000000000001
      vertex 87.6 7.5 91.2
    endloop
  endfacet
  facet normal 1 0 0
    outer loop
      vertex 87.6 7.5 81.60000000000001
      vertex 87.6 20.5 81.60000000000001
      vertex 87.6 7.5 91.2
    endloop
  endfacet
  facet normal 1 0 0
    outer loop
      vertex 87.6 7.5 91.2
      vertex 87.6 20.5 81.60000000000001
      vertex 87.6 20.5 91.2
    endloop
  endfacet
  facet normal 0 -1 0
    outer loop
      vertex 52.8 7.5 60
      vertex 51.599999999999994 7.5 69.60000000000001
      vertex 51.599999999999994 7.5 60.000000000000014
    endloop
  endfacet
  facet normal 0 -1 0
    outer loop
      vertex 52.8 7.5 60
      vertex 52.8 7.5 69.60000000000001
      vertex 51.599999999999994 7.5 69.60000000000001
    endloop
  endfacet
  facet normal 0 -1 0
    outer loop
      vertex 85.23999999999954 7.5 58.84000000000001
      vertex 52.8 7.5 59.38983050847458
      vertex 52.8 7.5 58.80000000000001
    endloop
  endfacet
  facet normal 0 -1 0
    outer loop
      vertex 85.23999999999954 7.5 58.84000000000001
      vertex 52.8 7.5 58.80000000000001
      vertex 86.39999999999958 7.5 58.80000000000001
    endloop
  endfacet
  facet normal 0 -1 0
    outer loop
      vertex 53.959999999999866 7.5 70.76000000000002
      vertex 86.39999999999999 7.5 70.80000000000001
      vertex 52.8 7.5 70.80000000000001
    endloop
  endfacet
  facet normal 0 -1 0
    outer loop
      vertex 53.959999999999866 7.5 70.76000000000002
      vertex 87 7.5 70.20000000000002
      vertex 87.6 7.5 70.80000000000001
    endloop
  endfacet
  facet normal 0 -1 0
    outer loop
      vertex 53.959999999999866 7.5 70.76000000000002
      vertex 87.6 7.5 70.80000000000001
      vertex 86.39999999999999 7.5 70.80000000000001
    endloop
  endfacet
  facet normal -1 0 0
    outer loop
      vertex 51.599999999999994 7.5 60.000000000000014
      vertex 51.599999999999994 7.5 69.60000000000001
      vertex 51.599999999999994 20.5 60.000000000000014
    endloop
  endfacet
  facet normal 0 0 1
    outer loop
      vertex 86.39999999999999 7.5 70.80000000000001
      vertex 86.39999999999999 20.5 70.80000000000001
      vertex 52.8 7.5 70.80000000000001
    endloop
  endfacet
  facet normal -1 0 0
    outer loop
      vertex 51.599999999999994 7.5 69.60000000000001
      vertex 51.599999999999994 20.5 69.60000000000001
      vertex 51.599999999999994 20.5 60.000000000000014
    endloop
  endfacet
  facet normal 0 0 1
    outer loop
      vertex 86.39999999999999 20.5 70.80000000000001
      vertex 52.8 20.5 70.80000000000001
      vertex 52.8 7.5 70.80000000000001
    endloop
  endfacet
  facet normal 0 1 0
    outer loop
      vertex 87.6 22.5 60
      vertex 52.8 22.5 60
      vertex 52.8 22.5 69.60000000000001
    endloop
  endfacet
  facet normal 0 1 0
    outer loop
      vertex 87.6 22.5 60
      vertex 52.8 22.5 69.60000000000001
      vertex 87.6 22.5 69.60000000000001
    endloop
  endfacet
  facet normal 1 0 0
    outer loop
      vertex 87.6 7.5 69.60000000000001
      vertex 87.6 20.5 60.000000000000014
      vertex 87.6 20.5 69.60000000000001
    endloop
  endfacet
  facet normal 0 -1 0
    outer loop
      vertex 85.23999999999994 7.5 37.24
      vertex 52.8 7.5 37.78983050847458
      vertex 52.8 7.5 37.2
    endloop
  endfacet
  facet normal 0 -1 0
    outer loop
      vertex 85.23999999999994 7.5 37.24
      vertex 52.8 7.5 37.2
      vertex 86.39999999999999 7.5 37.2
    endloop
  endfacet
  facet normal 0 -1 0
    outer loop
      vertex 53.96000000000006 7.5 49.160000000000004
      vertex 86.39999999999999 7.5 49.2
      vertex 52.8 7.5 49.2
    endloop
  endfacet
  facet normal 0 -1 0
    outer loop
      vertex 86.39999999999999 7.5 38.400000000000006
      vertex 87.6 7.5 38.400000000000006
      vertex 86.39999999999999 7.5 48
    endloop
  endfacet
  facet normal 0 -1 0
    outer loop
      vertex 53.96000000000006 7.5 49.160000000000004
      vertex 87 7.5 48.6
      vertex 87.6 7.5 49.2
    endloop
  endfacet
  facet normal 0 -1 0
    outer loop
      vertex 53.96000000000006 7.5 49.160000000000004
      vertex 87.6 7.5 49.2
      vertex 86.39999999999999 7.5 49.2
    endloop
  endfacet
  facet normal -1 0 0
    outer loop
      vertex 51.599999999999994 7.5 38.400000000000006
      vertex 51.599999999999994 7.5 48
      vertex 51.599999999999994 20.5 38.400000000000006
    endloop
  endfacet
  facet normal 0 0 -1
    outer loop
      vertex 86.39999999999999 7.5 37.2
      vertex 52.8 7.5 37.2
      vertex 52.8 20.5 37.2
    endloop
  endfacet
  facet normal 0 0 1
    outer loop
      vertex 86.39999999999999 7.5 49.2
      vertex 86.39999999999999 20.5 49.2
      vertex 52.8 7.5 49.2
    endloop
  endfacet
  facet normal -1 0 0
    outer loop
      vertex 51.599999999999994 7.5 48
      vertex 51.599999999999994 20.5 48
      vertex 51.599999999999994 20.5 38.400000000000006
    endloop
  endfacet
  facet normal 0 0 -1
    outer loop
      vertex 86.39999999999999 7.5 37.2
      vertex 52.8 20.5 37.2
      vertex 86.39999999999999 20.5 37.2
    endloop
  endfacet
  facet normal 0 0 1
    outer loop
      vertex 86.39999999999999 20.5 49.2
      vertex 52.8 20.5 49.2
      vertex 52.8 7.5 49.2
    endloop
  endfacet
  facet normal 0 1 0
    outer loop
      vertex 87.6 22.5 38.400000000000006
      vertex 52.8 22.5 38.400000000000006
      vertex 52.8 22.5 48
    endloop
  endfacet
  facet normal 0 1 0
    outer loop
      vertex 87.6 22.5 38.400000000000006
      vertex 52.8 22.5 48
      vertex 87.6 22.5 48
    endloop
  endfacet
  facet normal 0 -1 0
    outer loop
      vertex 86.39999999999999 7.5 48
      vertex 87.6 7.5 38.400000000000006
      vertex 87.6 7.5 48
    endloop
  endfacet
  facet normal 1 0 0
    outer loop
      vertex 87.6 7.5 38.400000000000006
      vertex 87.6 20.5 38.400000000000006
      vertex 87.6 7.5 48
    endloop
  endfacet
  facet normal 1 0 0
    outer loop
      vertex 87.6 7.5 48
      vertex 87.6 20.5 38.400000000000006
      vertex 87.6 20.5 48
    endloop
  endfacet
  facet normal 0 -1 0
    outer loop
      vertex 85.23999999999998 7.5 15.640000000000002
      vertex 52.8 7.5 16.18983050847458
      vertex 52.8 7.5 15.600000000000001
    endloop
  endfacet
  facet normal 0 -1 0
    outer loop
      vertex 85.23999999999998 7.5 15.640000000000002
      vertex 52.8 7.5 15.600000000000001
      vertex 86.39999999999999 7.5 15.600000000000001
    endloop
  endfacet
  facet normal 0 -1 0
    outer loop
      vertex 86.39999999999999 7.5 16.8
      vertex 87.6 7.5 16.8
      vertex 86.39999999999989 7.5 26.400000000000006
    endloop
  endfacet
  facet normal 0 -1 0
    outer loop
      vertex 53.960000000000065 7.5 27.560000000000002
      vertex 86.39999999999999 7.5 27.600000000000005
      vertex 52.8 7.5 27.6
    endloop
  endfacet
  facet normal 0 -1 0
    outer loop
      vertex 53.960000000000065 7.5 27.560000000000002
      vertex 87 7.5 27.000000000000004
      vertex 87.6 7.5 27.6
    endloop
  endfacet
  facet normal 0 -1 0
    outer loop
      vertex 53.960000000000065 7.5 27.560000000000002
      vertex 87.6 7.5 27.6
      vertex 86.39999999999999 7.5 27.600000000000005
    endloop
  endfacet
  facet normal 0 0 -1
    outer loop
      vertex 86.39999999999999 7.5 15.600000000000001
      vertex 52.8 7.5 15.600000000000001
      vertex 52.8 20.5 15.600000000000001
    endloop
  endfacet
  facet normal -1 0 0
    outer loop
      vertex 51.599999999999994 7.5 16.8
      vertex 51.599999999999994 20.5 26.400000000000002
      vertex 51.599999999999994 20.5 16.8
    endloop
  endfacet
  facet normal 0 0 -1
    outer loop
      vertex 86.39999999999999 7.5 15.600000000000001
      vertex 52.8 20.5 15.600000000000001
      vertex 86.39999999999999 20.5 15.600000000000001
    endloop
  endfacet
  facet normal 0 1 0
    outer loop
      vertex 87.6 22.5 16.8
      vertex 52.8 22.5 16.8
      vertex 52.8 22.5 26.400000000000006
    endloop
  endfacet
  facet normal 0 1 0
    outer loop
      vertex 87.6 22.5 16.8
      vertex 52.8 22.5 26.400000000000006
      vertex 87.6 22.5 26.400000000000006
    endloop
  endfacet
  facet normal 0 -1 0
    outer loop
      vertex 86.39999999999989 7.5 26.400000000000006
      vertex 87.6 7.5 16.8
      vertex 87.6 7.5 26.400000000000006
    endloop
  endfacet
  facet normal 1 0 0
    outer loop
      vertex 87.6 7.5 16.8
      vertex 87.6 20.5 16.8
      vertex 87.6 7.5 26.400000000000006
    endloop
  endfacet
  facet normal 1 0 0
    outer loop
      vertex 87.6 7.5 26.400000000000006
      vertex 87.6 20.5 16.8
      vertex 87.6 20.5 26.400000000000002
    endloop
  endfacet
  facet normal 0 -1 0
    outer loop
      vertex 87.6 7.5 -6
      vertex 52.8 7.5 -4.8
      vertex 52.8 7.5 -6
    endloop
  endfacet
  facet normal 0 -1 0
    outer loop
      vertex 53.960000000000036 7.5 5.96
      vertex 86.39999999999999 7.5 6.000000000000001
      vertex 52.8 7.5 6
    endloop
  endfacet
  facet normal 0 -1 0
    outer loop
      vertex 86.39999999999999 7.5 -4.8
      vertex 52.8 7.5 -4.8
      vertex 87.6 7.5 -6
    endloop
  endfacet
  facet normal 0 -1 0
    outer loop
      vertex 86.39999999999999 7.5 -4.8
      vertex 87.6 7.5 -6
      vertex 86.39999999999996 7.5 4.800000000000001
    endloop
  endfacet
  facet normal 0 -1 0
    outer loop
      vertex 53.960000000000036 7.5 5.96
      vertex 87 7.5 5.4
      vertex 87.6 7.5 6
    endloop
  endfacet
  facet normal 0 -1 0
    outer loop
      vertex 53.960000000000036 7.5 5.96
      vertex 87.6 7.5 6
      vertex 86.39999999999999 7.5 6.000000000000001
    endloop
  endfacet
  facet normal 0 0 -1
    outer loop
      vertex 87.6 7.5 -6
      vertex 52.8 7.5 -6
      vertex 52.8 22.482758620689655 -6
    endloop
  endfacet
  facet normal -1 0 0
    outer loop
      vertex 51.599999999999994 7.5 -4.8
      vertex 51.599999999999994 20.5 4.8
      vertex 51.599999999999994 20.5 -4.8
    endloop
  endfacet
  facet normal 0 0 -1
    outer loop
      vertex 86.39999999999999 22 -6
      vertex 87.6 7.5 -6
      vertex 52.8 22.482758620689655 -6
    endloop
  endfacet
  facet normal 0 0 -1
    outer loop
      vertex 52.8 22.482758620689655 -6
      vertex 52.76 22.483333333333334 -6
      vertex 52.8 22.5 -6
    endloop
  endfacet
  facet normal 0 0 -1
    outer loop
      vertex 86.39999999999999 22 -6
      vertex 52.8 22.482758620689655 -6
      vertex 52.8 22.5 -6
    endloop
  endfacet
  facet normal 0 1 0
    outer loop
      vertex 87.6 22.5 -6
      vertex 52.8 22.5 -6
      vertex 52.8 22.5 4.800000000000001
    endloop
  endfacet
  facet normal 0 0 -1
    outer loop
      vertex 86.39999999999999 22 -6
      vertex 52.8 22.5 -6
      vertex 87.6 22.5 -6
    endloop
  endfacet
  facet normal 0 1 0
    outer loop
      vertex 87.6 22.5 -6
      vertex 52.8 22.5 4.800000000000001
      vertex 87.6 22.5 4.800000000000001
    endloop
  endfacet
  facet normal 0 -1 0
    outer loop
      vertex 86.39999999999996 7.5 4.800000000000001
      vertex 87.6 7.5 -6
      vertex 87.6 7.5 -4.8
    endloop
  endfacet
  facet normal 1 0 0
    outer loop
      vertex 87.6 7.5 -4.8
      vertex 87.6 8.944444444444445 -4.8
      vertex 87.6 7.5 4.800000000000001
    endloop
  endfacet
  facet normal 0 -1 0
    outer loop
      vertex 86.39999999999996 7.5 4.800000000000001
      vertex 87.6 7.5 -4.8
      vertex 87.6 7.5 4.800000000000001
    endloop
  endfacet
  facet normal 1 0 0
    outer loop
      vertex 87.6 7.5 4.800000000000001
      vertex 87.6 8.944444444444445 -4.8
      vertex 87.6 14.464285714285715 -0.2142857142857144
    endloop
  endfacet
  facet normal 1 0 0
    outer loop
      vertex 87.6 7.5 4.800000000000001
      vertex 87.6 14.464285714285715 -0.2142857142857144
      vertex 87.6 14.464285714285715 0.4285714285714288
    endloop
  endfacet
  facet normal 0 0 -1
    outer loop
      vertex 86.39999999999999 22 -6
      vertex 87.6 8.000000000000002 -6
      vertex 87.6 7.5 -6
    endloop
  endfacet
  facet normal 1 0 0
    outer loop
      vertex 87.6 7.5 4.800000000000001
      vertex 87.6 14.464285714285715 0.4285714285714288
      vertex 87.6 20.5 4.8
    endloop
  endfacet
  facet normal 1 0 0
    outer loop
      vertex 87.6 14.464285714285715 0.4285714285714288
      vertex 87.6 20.5 -4.4
      vertex 87.6 20.5 4.8
    endloop
  endfacet
  facet normal 0 -1 0
    outer loop
      vertex 52.8 7.5 91.2
      vertex 52.8 7.5 92.4
      vertex 52.199999999999996 7.5 91.80000000000001
    endloop
  endfacet
  facet normal 0 -1 0
    outer loop
      vertex 53.959999999999866 7.5 92.36000000000001
      vertex 52.8 7.5 92.4
      vertex 52.8 7.5 91.2
    endloop
  endfacet
  facet normal 0 -1 0
    outer loop
      vertex 53.959999999999866 7.5 92.36000000000001
      vertex 52.8 7.5 91.2
      vertex 86.39999999999999 7.5 91.2
    endloop
  endfacet
  facet normal 0 -1 0
    outer loop
      vertex 53.959999999999866 7.5 92.36000000000001
      vertex 86.39999999999999 7.5 91.2
      vertex 87.6 7.5 91.2
    endloop
  endfacet
  facet normal 0 -1 0
    outer loop
      vertex 53.959999999999866 7.5 92.36000000000001
      vertex 87.6 7.5 91.2
      vertex 87 7.5 91.80000000000001
    endloop
  endfacet
  facet normal 0 -1 0
    outer loop
      vertex 86.39999999999999 7.5 92.4
      vertex 87.6 7.5 102
      vertex 86.39999999999999 7.5 102
    endloop
  endfacet
  facet normal 0 -1 0
    outer loop
      vertex 85.24000000000012 7.5 102.03999999999999
      vertex 52.39550561797753 7.5 102.79550561797753
      vertex 52.8 7.5 102.58983050847458
    endloop
  endfacet
  facet normal 0 -1 0
    outer loop
      vertex 85.24000000000012 7.5 102.03999999999999
      vertex 52.8 7.5 103.2
      vertex 52.39550561797753 7.5 102.79550561797753
    endloop
  endfacet
  facet normal 0 -1 0
    outer loop
      vertex 85.24000000000012 7.5 102.03999999999999
      vertex 86.39999999999999 7.5 103.2
      vertex 52.8 7.5 103.2
    endloop
  endfacet
  facet normal 0 -1 0
    outer loop
      vertex 85.24000000000012 7.5 102.03999999999999
      vertex 86.39999999999999 7.5 102
      vertex 87.19550561797752 7.5 102.79550561797753
    endloop
  endfacet
  facet normal 0 -1 0
    outer loop
      vertex 85.24000000000012 7.5 102.03999999999999
      vertex 87.19550561797752 7.5 102.79550561797753
      vertex 87.6 7.5 103.2
    endloop
  endfacet
  facet normal 0 -1 0
    outer loop
      vertex 85.24000000000012 7.5 102.03999999999999
      vertex 87.6 7.5 103.2
      vertex 86.39999999999999 7.5 103.2
    endloop
  endfacet
  facet normal -1 0 0
    outer loop
      vertex 51.599999999999994 7.5 102
      vertex 51.599999999999994 20.5 92.4
      vertex 51.599999999999994 7.5 92.4
    endloop
  endfacet
  facet normal 0 0 -1
    outer loop
      vertex 86.39999999999999 7.5 91.2
      vertex 52.8 7.5 91.2
      vertex 52.8 20.5 91.2
    endloop
  endfacet
  facet normal 0 0 1
    outer loop
      vertex 86.39999999999999 7.5 103.2
      vertex 86.39999999999999 20.5 103.2
      vertex 52.8 7.5 103.2
    endloop
  endfacet
  facet normal -1 0 0
    outer loop
      vertex 51.599999999999994 7.5 102
      vertex 51.599999999999994 20.5 102
      vertex 51.599999999999994 20.5 92.4
    endloop
  endfacet
  facet normal 0 0 -1
    outer loop
      vertex 86.39999999999999 7.5 91.2
      vertex 52.8 20.5 91.2
      vertex 86.39999999999999 20.5 91.2
    endloop
  endfacet
  facet normal 0 0 1
    outer loop
      vertex 86.39999999999999 20.5 103.2
      vertex 52.8 20.5 103.2
      vertex 52.8 7.5 103.2
    endloop
  endfacet
  facet normal 0 1 0
    outer loop
      vertex 87.6 22.5 91.2
      vertex 52.8 22.5 91.2
      vertex 52.8 22.5 103.2
    endloop
  endfacet
  facet normal 0 1 0
    outer loop
      vertex 87.6 22.5 91.2
      vertex 52.8 22.5 103.2
      vertex 87.6 22.5 103.2
    endloop
  endfacet
  facet normal 0 -1 0
    outer loop
      vertex 86.39999999999999 7.5 92.4
      vertex 87.6 7.5 92.4
      vertex 87.6 7.5 102
    endloop
  endfacet
  facet normal 0 -1 0
    outer loop
      vertex 86.39999999999999 7.5 102
      vertex 87.6 7.5 102
      vertex 87.6 7.5 102.58983050847458
    endloop
  endfacet
  facet normal 0 -1 0
    outer loop
      vertex 86.39999999999999 7.5 102
      vertex 87.6 7.5 102.58983050847458
      vertex 87.19550561797752 7.5 102.79550561797753
    endloop
  endfacet
  facet normal 1 0 0
    outer loop
      vertex 87.6 7.5 92.4
      vertex 87.6 20.5 92.4
      vertex 87.6 7.5 102
    endloop
  endfacet
  facet normal 1 0 0
    outer loop
      vertex 87.6 7.5 102
      vertex 87.6 20.5 92.4
      vertex 87.6 20.5 102
    endloop
  endfacet
  facet normal 0 -1 0
    outer loop
      vertex 52.8 7.5 69.60000000000001
      vertex 52.8 7.5 70.80000000000001
      vertex 52.199999999999996 7.5 70.20000000000002
    endloop
  endfacet
  facet normal 0 -1 0
    outer loop
      vertex 53.959999999999866 7.5 70.76000000000002
      vertex 52.8 7.5 70.80000000000001
      vertex 52.8 7.5 69.60000000000001
    endloop
  endfacet
  facet normal 0 -1 0
    outer loop
      vertex 53.959999999999866 7.5 70.76000000000002
      vertex 52.8 7.5 69.60000000000001
      vertex 86.39999999999999 7.5 69.60000000000001
    endloop
  endfacet
  facet normal 0 -1 0
    outer loop
      vertex 85.24000000000012 7.5 80.44
      vertex 52.39550561797753 7.5 81.19550561797753
      vertex 52.8 7.5 80.98983050847458
    endloop
  endfacet
  facet normal 0 -1 0
    outer loop
      vertex 85.24000000000012 7.5 80.44
      vertex 52.8 7.5 81.60000000000001
      vertex 52.39550561797753 7.5 81.19550561797753
    endloop
  endfacet
  facet normal 0 -1 0
    outer loop
      vertex 53.959999999999866 7.5 70.76000000000002
      vertex 86.39999999999999 7.5 69.60000000000001
      vertex 87.6 7.5 69.60000000000001
    endloop
  endfacet
  facet normal 0 -1 0
    outer loop
      vertex 53.959999999999866 7.5 70.76000000000002
      vertex 87.6 7.5 69.60000000000001
      vertex 87 7.5 70.20000000000002
    endloop
  endfacet
  facet normal 0 -1 0
    outer loop
      vertex 85.24000000000012 7.5 80.44
      vertex 86.39999999999999 7.5 81.60000000000001
      vertex 52.8 7.5 81.60000000000001
    endloop
  endfacet
  facet normal 0 -1 0
    outer loop
      vertex 86.39999999999999 7.5 70.80000000000001
      vertex 87.6 7.5 80.4
      vertex 86.39999999999999 7.5 80.4
    endloop
  endfacet
  facet normal 0 -1 0
    outer loop
      vertex 85.24000000000012 7.5 80.44
      vertex 86.39999999999999 7.5 80.4
      vertex 87.19550561797752 7.5 81.19550561797753
    endloop
  endfacet
  facet normal 0 -1 0
    outer loop
      vertex 85.24000000000012 7.5 80.44
      vertex 87.19550561797752 7.5 81.19550561797753
      vertex 87.6 7.5 81.60000000000001
    endloop
  endfacet
  facet normal 0 -1 0
    outer loop
      vertex 85.24000000000012 7.5 80.44
      vertex 87.6 7.5 81.60000000000001
      vertex 86.39999999999999 7.5 81.60000000000001
    endloop
  endfacet
  facet normal -1 0 0
    outer loop
      vertex 51.599999999999994 7.5 80.4
      vertex 51.599999999999994 20.5 70.80000000000001
      vertex 51.599999999999994 7.5 70.80000000000001
    endloop
  endfacet
  facet normal 0 0 -1
    outer loop
      vertex 86.39999999999999 7.5 69.60000000000001
      vertex 52.8 7.5 69.60000000000001
      vertex 52.8 20.5 69.60000000000001
    endloop
  endfacet
  facet normal 0 0 1
    outer loop
      vertex 86.39999999999999 7.5 81.60000000000001
      vertex 86.39999999999999 20.5 81.60000000000001
      vertex 52.8 7.5 81.60000000000001
    endloop
  endfacet
  facet normal -1 0 0
    outer loop
      vertex 51.599999999999994 7.5 80.4
      vertex 51.599999999999994 20.5 80.4
      vertex 51.599999999999994 20.5 70.80000000000001
    endloop
  endfacet
  facet normal 0 0 1
    outer loop
      vertex 86.39999999999999 20.5 81.60000000000001
      vertex 52.8 20.5 81.60000000000001
      vertex 52.8 7.5 81.60000000000001
    endloop
  endfacet
  facet normal 0 0 -1
    outer loop
      vertex 86.39999999999999 7.5 69.60000000000001
      vertex 52.8 20.5 69.60000000000001
      vertex 86.39999999999999 20.5 69.60000000000001
    endloop
  endfacet
  facet normal 0 1 0
    outer loop
      vertex 87.6 22.5 69.60000000000001
      vertex 52.8 22.5 69.60000000000001
      vertex 52.8 22.5 81.60000000000001
    endloop
  endfacet
  facet normal 0 1 0
    outer loop
      vertex 87.6 22.5 69.60000000000001
      vertex 52.8 22.5 81.60000000000001
      vertex 87.6 22.5 81.60000000000001
    endloop
  endfacet
  facet normal 0 -1 0
    outer loop
      vertex 86.39999999999999 7.5 70.80000000000001
      vertex 87.6 7.5 70.80000000000001
      vertex 87.6 7.5 80.4
    endloop
  endfacet
  facet normal 0 -1 0
    outer loop
      vertex 86.39999999999999 7.5 80.4
      vertex 87.6 7.5 80.4
      vertex 87.6 7.5 80.98983050847458
    endloop
  endfacet
  facet normal 0 -1 0
    outer loop
      vertex 86.39999999999999 7.5 80.4
      vertex 87.6 7.5 80.98983050847458
      vertex 87.19550561797752 7.5 81.19550561797753
    endloop
  endfacet
  facet normal 1 0 0
    outer loop
      vertex 87.6 7.5 70.80000000000001
      vertex 87.6 20.5 70.80000000000001
      vertex 87.6 7.5 80.4
    endloop
  endfacet
  facet normal 1 0 0
    outer loop
      vertex 87.6 7.5 80.4
      vertex 87.6 20.5 70.80000000000001
      vertex 87.6 20.5 80.4
    endloop
  endfacet
  facet normal 0 -1 0
    outer loop
      vertex 52.8 7.5 48
      vertex 52.8 7.5 49.2
      vertex 52.199999999999996 7.5 48.6
    endloop
  endfacet
  facet normal 0 -1 0
    outer loop
      vertex 53.96000000000006 7.5 49.160000000000004
      vertex 52.8 7.5 49.2
      vertex 52.8 7.5 48
    endloop
  endfacet
  facet normal 0 -1 0
    outer loop
      vertex 53.96000000000006 7.5 49.160000000000004
      vertex 52.8 7.5 48
      vertex 86.39999999999999 7.5 48
    endloop
  endfacet
  facet normal 0 -1 0
    outer loop
      vertex 53.96000000000006 7.5 49.160000000000004
      vertex 86.39999999999999 7.5 48
      vertex 87.6 7.5 48
    endloop
  endfacet
  facet normal 0 -1 0
    outer loop
      vertex 53.96000000000006 7.5 49.160000000000004
      vertex 87.6 7.5 48
      vertex 87 7.5 48.6
    endloop
  endfacet
  facet normal 0 0 -1
    outer loop
      vertex 86.39999999999999 7.5 48
      vertex 52.8 7.5 48
      vertex 52.8 20.5 48
    endloop
  endfacet
  facet normal 0 -1 0
    outer loop
      vertex 85.23999999999954 7.5 58.84000000000001
      vertex 52.8 7.5 60
      vertex 52.8 7.5 59.38983050847458
    endloop
  endfacet
  facet normal 0 -1 0
    outer loop
      vertex 52.8 7.5 60
      vertex 85.23999999999954 7.5 58.84000000000001
      vertex 86.39999999999999 7.5 60.000000000000014
    endloop
  endfacet
  facet normal 0 -1 0
    outer loop
      vertex 86.39999999999999 7.5 49.2
      vertex 87.6 7.5 58.80000000000001
      vertex 86.39999999999958 7.5 58.80000000000001
    endloop
  endfacet
  facet normal 0 -1 0
    outer loop
      vertex 85.23999999999954 7.5 58.84000000000001
      vertex 86.39999999999958 7.5 58.80000000000001
      vertex 87.6 7.5 60
    endloop
  endfacet
  facet normal 0 -1 0
    outer loop
      vertex 85.23999999999954 7.5 58.84000000000001
      vertex 87.6 7.5 60
      vertex 86.39999999999999 7.5 60.000000000000014
    endloop
  endfacet
  facet normal -1 0 0
    outer loop
      vertex 51.599999999999994 7.5 49.2
      vertex 51.599999999999994 20.5 58.8
      vertex 51.599999999999994 20.5 49.2
    endloop
  endfacet
  facet normal 0 0 -1
    outer loop
      vertex 86.39999999999999 7.5 48
      vertex 52.8 20.5 48
      vertex 86.39999999999999 20.5 48
    endloop
  endfacet
  facet normal 0 1 0
    outer loop
      vertex 87.6 22.5 48
      vertex 52.8 22.5 48
      vertex 52.8 22.5 60
    endloop
  endfacet
  facet normal 0 1 0
    outer loop
      vertex 87.6 22.5 48
      vertex 52.8 22.5 60
      vertex 87.6 22.5 60
    endloop
  endfacet
  facet normal 0 -1 0
    outer loop
      vertex 86.39999999999999 7.5 49.2
      vertex 87.6 7.5 49.2
      vertex 87.6 7.5 58.80000000000001
    endloop
  endfacet
  facet normal 1 0 0
    outer loop
      vertex 87.6 7.5 49.2
      vertex 87.6 20.5 49.2
      vertex 87.6 7.5 58.80000000000001
    endloop
  endfacet
  facet normal 0 -1 0
    outer loop
      vertex 86.39999999999958 7.5 58.80000000000001
      vertex 87.6 7.5 58.80000000000001
      vertex 87.6 7.5 59.38983050847458
    endloop
  endfacet
  facet normal 0 -1 0
    outer loop
      vertex 86.39999999999958 7.5 58.80000000000001
      vertex 87.6 7.5 59.38983050847458
      vertex 87.6 7.5 60
    endloop
  endfacet
  facet normal 1 0 0
    outer loop
      vertex 87.6 7.5 58.80000000000001
      vertex 87.6 20.5 49.2
      vertex 87.6 20.5 58.8
    endloop
  endfacet
  facet normal 0 -1 0
    outer loop
      vertex 52.8 7.5 26.400000000000006
      vertex 52.8 7.5 27.6
      vertex 52.199999999999996 7.5 27.000000000000004
    endloop
  endfacet
  facet normal 0 -1 0
    outer loop
      vertex 53.960000000000065 7.5 27.560000000000002
      vertex 52.8 7.5 27.6
      vertex 52.8 7.5 26.400000000000006
    endloop
  endfacet
  facet normal 0 -1 0
    outer loop
      vertex 53.960000000000065 7.5 27.560000000000002
      vertex 52.8 7.5 26.400000000000006
      vertex 86.39999999999989 7.5 26.400000000000006
    endloop
  endfacet
  facet normal 0 -1 0
    outer loop
      vertex 85.23999999999994 7.5 37.24
      vertex 52.39550561797753 7.5 37.995505617977535
      vertex 52.8 7.5 37.78983050847458
    endloop
  endfacet
  facet normal 0 -1 0
    outer loop
      vertex 85.23999999999994 7.5 37.24
      vertex 52.8 7.5 38.400000000000006
      vertex 52.39550561797753 7.5 37.995505617977535
    endloop
  endfacet
  facet normal 0 -1 0
    outer loop
      vertex 53.960000000000065 7.5 27.560000000000002
      vertex 86.39999999999989 7.5 26.400000000000006
      vertex 87.6 7.5 26.400000000000006
    endloop
  endfacet
  facet normal 0 -1 0
    outer loop
      vertex 53.960000000000065 7.5 27.560000000000002
      vertex 87.6 7.5 26.400000000000006
      vertex 87 7.5 27.000000000000004
    endloop
  endfacet
  facet normal 0 -1 0
    outer loop
      vertex 85.23999999999994 7.5 37.24
      vertex 86.39999999999999 7.5 38.400000000000006
      vertex 52.8 7.5 38.400000000000006
    endloop
  endfacet
  facet normal 0 -1 0
    outer loop
      vertex 86.39999999999999 7.5 27.600000000000005
      vertex 87.6 7.5 37.2
      vertex 86.39999999999999 7.5 37.2
    endloop
  endfacet
  facet normal 0 -1 0
    outer loop
      vertex 85.23999999999994 7.5 37.24
      vertex 86.39999999999999 7.5 37.2
      vertex 87.19550561797752 7.5 37.995505617977535
    endloop
  endfacet
  facet normal 0 -1 0
    outer loop
      vertex 85.23999999999994 7.5 37.24
      vertex 87.6 7.5 38.400000000000006
      vertex 86.39999999999999 7.5 38.400000000000006
    endloop
  endfacet
  facet normal 0 -1 0
    outer loop
      vertex 85.23999999999994 7.5 37.24
      vertex 87.19550561797752 7.5 37.995505617977535
      vertex 87.6 7.5 38.400000000000006
    endloop
  endfacet
  facet normal -1 0 0
    outer loop
      vertex 51.599999999999994 7.5 37.2
      vertex 51.599999999999994 20.5 27.600000000000005
      vertex 51.599999999999994 7.5 27.600000000000005
    endloop
  endfacet
  facet normal 0 0 1
    outer loop
      vertex 86.39999999999999 7.5 38.400000000000006
      vertex 86.39999999999999 20.5 38.400000000000006
      vertex 52.8 7.5 38.400000000000006
    endloop
  endfacet
  facet normal -1 0 0
    outer loop
      vertex 51.599999999999994 7.5 37.2
      vertex 51.599999999999994 20.5 37.2
      vertex 51.599999999999994 20.5 27.600000000000005
    endloop
  endfacet
  facet normal 0 0 1
    outer loop
      vertex 86.39999999999999 20.5 38.400000000000006
      vertex 52.8 20.5 38.400000000000006
      vertex 52.8 7.5 38.400000000000006
    endloop
  endfacet
  facet normal 0 1 0
    outer loop
      vertex 87.6 22.5 26.400000000000006
      vertex 52.8 22.5 26.400000000000006
      vertex 52.8 22.5 38.400000000000006
    endloop
  endfacet
  facet normal 0 1 0
    outer loop
      vertex 87.6 22.5 26.400000000000006
      vertex 52.8 22.5 38.400000000000006
      vertex 87.6 22.5 38.400000000000006
    endloop
  endfacet
  facet normal 0 -1 0
    outer loop
      vertex 86.39999999999999 7.5 27.600000000000005
      vertex 87.6 7.5 27.6
      vertex 87.6 7.5 37.2
    endloop
  endfacet
  facet normal 0 -1 0
    outer loop
      vertex 86.39999999999999 7.5 37.2
      vertex 87.6 7.5 37.2
      vertex 87.6 7.5 37.78983050847458
    endloop
  endfacet
  facet normal 0 -1 0
    outer loop
      vertex 86.39999999999999 7.5 37.2
      vertex 87.6 7.5 37.78983050847458
      vertex 87.19550561797752 7.5 37.995505617977535
    endloop
  endfacet
  facet normal 1 0 0
    outer loop
      vertex 87.6 7.5 27.6
      vertex 87.6 20.5 27.600000000000005
      vertex 87.6 7.5 37.2
    endloop
  endfacet
  facet normal 1 0 0
    outer loop
      vertex 87.6 7.5 37.2
      vertex 87.6 20.5 27.600000000000005
      vertex 87.6 20.5 37.2
    endloop
  endfacet
  facet normal 0 -1 0
    outer loop
      vertex 52.8 7.5 4.800000000000001
      vertex 52.8 7.5 6
      vertex 52.199999999999996 7.5 5.4
    endloop
  endfacet
  facet normal 0 -1 0
    outer loop
      vertex 53.960000000000036 7.5 5.96
      vertex 52.8 7.5 6
      vertex 52.8 7.5 4.800000000000001
    endloop
  endfacet
  facet normal 0 -1 0
    outer loop
      vertex 53.960000000000036 7.5 5.96
      vertex 52.8 7.5 4.800000000000001
      vertex 86.39999999999996 7.5 4.800000000000001
    endloop
  endfacet
  facet normal 0 -1 0
    outer loop
      vertex 53.960000000000036 7.5 5.96
      vertex 86.39999999999996 7.5 4.800000000000001
      vertex 87.6 7.5 4.800000000000001
    endloop
  endfacet
  facet normal 0 -1 0
    outer loop
      vertex 53.960000000000036 7.5 5.96
      vertex 87.6 7.5 4.800000000000001
      vertex 87 7.5 5.4
    endloop
  endfacet
  facet normal 0 -1 0
    outer loop
      vertex 85.23999999999998 7.5 15.640000000000002
      vertex 52.39550561797753 7.5 16.39550561797753
      vertex 52.8 7.5 16.18983050847458
    endloop
  endfacet
  facet normal 0 -1 0
    outer loop
      vertex 85.23999999999998 7.5 15.640000000000002
      vertex 52.8 7.5 16.8
      vertex 52.39550561797753 7.5 16.39550561797753
    endloop
  endfacet
  facet normal 0 -1 0
    outer loop
      vertex 85.23999999999998 7.5 15.640000000000002
      vertex 86.39999999999999 7.5 16.8
      vertex 52.8 7.5 16.8
    endloop
  endfacet
  facet normal 0 -1 0
    outer loop
      vertex 86.39999999999999 7.5 6.000000000000001
      vertex 87.6 7.5 15.600000000000001
      vertex 86.39999999999999 7.5 15.600000000000001
    endloop
  endfacet
  facet normal 0 -1 0
    outer loop
      vertex 85.23999999999998 7.5 15.640000000000002
      vertex 86.39999999999999 7.5 15.600000000000001
      vertex 87.19550561797752 7.5 16.39550561797753
    endloop
  endfacet
  facet normal 0 -1 0
    outer loop
      vertex 85.23999999999998 7.5 15.640000000000002
      vertex 87.6 7.5 16.8
      vertex 86.39999999999999 7.5 16.8
    endloop
  endfacet
  facet normal 0 -1 0
    outer loop
      vertex 85.23999999999998 7.5 15.640000000000002
      vertex 87.19550561797752 7.5 16.39550561797753
      vertex 87.6 7.5 16.8
    endloop
  endfacet
  facet normal -1 0 0
    outer loop
      vertex 51.599999999999994 7.5 15.600000000000001
      vertex 51.599999999999994 20.5 6.000000000000001
      vertex 51.599999999999994 7.5 6.000000000000001
    endloop
  endfacet
  facet normal 0 0 1
    outer loop
      vertex 86.39999999999999 7.5 16.8
      vertex 86.39999999999999 20.5 16.8
      vertex 52.8 7.5 16.8
    endloop
  endfacet
  facet normal -1 0 0
    outer loop
      vertex 51.599999999999994 7.5 15.600000000000001
      vertex 51.599999999999994 20.5 15.600000000000001
      vertex 51.599999999999994 20.5 6.000000000000001
    endloop
  endfacet
  facet normal 0 0 1
    outer loop
      vertex 86.39999999999999 20.5 16.8
      vertex 52.8 20.5 16.8
      vertex 52.8 7.5 16.8
    endloop
  endfacet
  facet normal 0 1 0
    outer loop
      vertex 87.6 22.5 4.800000000000001
      vertex 52.8 22.5 4.800000000000001
      vertex 52.8 22.5 16.8
    endloop
  endfacet
  facet normal 0 1 0
    outer loop
      vertex 87.6 22.5 4.800000000000001
      vertex 52.8 22.5 16.8
      vertex 87.6 22.5 16.8
    endloop
  endfacet
  facet normal 0 -1 0
    outer loop
      vertex 86.39999999999999 7.5 6.000000000000001
      vertex 87.6 7.5 6
      vertex 87.6 7.5 15.600000000000001
    endloop
  endfacet
  facet normal 0 -1 0
    outer loop
      vertex 86.39999999999999 7.5 15.600000000000001
      vertex 87.6 7.5 15.600000000000001
      vertex 87.6 7.5 16.18983050847458
    endloop
  endfacet
  facet normal 0 -1 0
    outer loop
      vertex 86.39999999999999 7.5 15.600000000000001
      vertex 87.6 7.5 16.18983050847458
      vertex 87.19550561797752 7.5 16.39550561797753
    endloop
  endfacet
  facet normal 1 0 0
    outer loop
      vertex 87.6 7.5 6
      vertex 87.6 20.5 6.000000000000001
      vertex 87.6 7.5 15.600000000000001
    endloop
  endfacet
  facet normal 1 0 0
    outer loop
      vertex 87.6 7.5 15.600000000000001
      vertex 87.6 20.5 6.000000000000001
      vertex 87.6 20.5 15.600000000000001
    endloop
  endfacet
  facet normal 1.480297366166872e-15 -1 0
    outer loop
      vertex 16.799999999999997 7.5 103.2
      vertex 18 7.500000000000002 103.2
      vertex 16.799999999999997 7.5 112.8
    endloop
  endfacet
  facet normal 1.644774851296546e-16 -1 -1.6447748512965266e-16
    outer loop
      vertex 17.4 7.5 113.4
      vertex 16.799999999999997 7.5 112.8
      vertex 18 7.500000000000002 103.2
    endloop
  endfacet
  facet normal -1.8503717077086288e-16 -1 -1.850371707708596e-16
    outer loop
      vertex 18 7.500000000000002 103.2
      vertex 17.999999999999996 7.5 112.8
      vertex 17.4 7.5 113.4
    endloop
  endfacet
  facet normal 0 -1 0
    outer loop
      vertex 50.440000000000126 7.5 102.03999999999999
      vertex 16.919999999999998 7.5 102.12
      vertex 16.93333333333333 7.5 102
    endloop
  endfacet
  facet normal 0 -1 0
    outer loop
      vertex 50.440000000000126 7.5 102.03999999999999
      vertex 17.4 7.5 102.6
      vertex 16.919999999999998 7.5 102.12
    endloop
  endfacet
  facet normal 0 -1 0
    outer loop
      vertex 50.440000000000126 7.5 102.03999999999999
      vertex 16.93333333333333 7.5 102
      vertex 17.999999999999996 7.5 102
    endloop
  endfacet
  facet normal 0 -1 0
    outer loop
      vertex 17.4 7.5 113.4
      vertex 17.999999999999996 7.5 112.8
      vertex 51.599999999999994 7.5 112.8
    endloop
  endfacet
  facet normal 0 -1 0
    outer loop
      vertex 17.4 7.5 113.4
      vertex 51.599999999999994 7.5 112.8
      vertex 16.799999999999997 7.5 114
    endloop
  endfacet
  facet normal 0 0 1
    outer loop
      vertex 16.799999999999997 8.000000000000002 114
      vertex 16.799999999999997 7.5 114
      vertex 51.599999999999994 8.000000000000002 114
    endloop
  endfacet
  facet normal -1 0 0
    outer loop
      vertex 16.799999999999997 7.5 112.8
      vertex 16.799999999999997 20.5 112.8
      vertex 16.799999999999997 7.5 103.2
    endloop
  endfacet
  facet normal 0 0 -1
    outer loop
      vertex 17.999999999999996 7.5 102
      vertex 18 20.5 102
      vertex 51.599999999999994 7.5 102
    endloop
  endfacet
  facet normal 0 0 1
    outer loop
      vertex 16.799999999999997 8.000000000000002 114
      vertex 51.599999999999994 8.000000000000002 114
      vertex 18 22 114
    endloop
  endfacet
  facet normal 0 -1 0
    outer loop
      vertex 50.440000000000126 7.5 102.03999999999999
      vertex 17.999999999999996 7.5 102
      vertex 51.599999999999994 7.5 102
    endloop
  endfacet
  facet normal 0 -1 0
    outer loop
      vertex 16.799999999999997 7.5 114
      vertex 51.599999999999994 7.5 112.8
      vertex 52.199999999999996 7.5 113.4
    endloop
  endfacet
  facet normal 0 -1 0
    outer loop
      vertex 52.199999999999996 7.5 113.4
      vertex 52.8 7.5 114
      vertex 16.799999999999997 7.5 114
    endloop
  endfacet
  facet normal 0 0 1
    outer loop
      vertex 52.8 7.5 114
      vertex 51.599999999999994 8.000000000000002 114
      vertex 16.799999999999997 7.5 114
    endloop
  endfacet
  facet normal 0 -1 0
    outer loop
      vertex 51.599999999999994 7.5 103.2
      vertex 52.8 7.5 103.2
      vertex 51.599999999999994 7.5 112.8
    endloop
  endfacet
  facet normal 0 -1 0
    outer loop
      vertex 52.8 7.5 112.8
      vertex 51.599999999999994 7.5 112.8
      vertex 52.8 7.5 103.2
    endloop
  endfacet
  facet normal 0 -1 0
    outer loop
      vertex 52.8 7.5 112.8
      vertex 52.199999999999996 7.5 113.4
      vertex 51.599999999999994 7.5 112.8
    endloop
  endfacet
  facet normal 1 0 0
    outer loop
      vertex 52.8 7.5 103.2
      vertex 52.8 15.23809523809524 112.8
      vertex 52.8 7.5 112.8
    endloop
  endfacet
  facet normal 1 0 0
    outer loop
      vertex 52.8 7.5 103.2
      vertex 52.8 20.5 103.2
      vertex 52.8 15.23809523809524 112.8
    endloop
  endfacet
  facet normal -1 0 0
    outer loop
      vertex 16.799999999999997 20.5 103.2
      vertex 16.799999999999997 7.5 103.2
      vertex 16.799999999999997 20.5 112.8
    endloop
  endfacet
  facet normal 0 1 0
    outer loop
      vertex 16.799999999999997 22.5 103.2
      vertex 16.799999999999997 22.5 114
      vertex 52.8 22.5 114
    endloop
  endfacet
  facet normal 0 0 1
    outer loop
      vertex 16.799999999999997 22.5 114
      vertex 18 22 114
      vertex 52.8 22.5 114
    endloop
  endfacet
  facet normal 0 0 -1
    outer loop
      vertex 51.599999999999994 7.5 102
      vertex 18 20.5 102
      vertex 51.599999999999994 20.5 102
    endloop
  endfacet
  facet normal 0 0 1
    outer loop
      vertex 52.8 22 114
      vertex 18 22 114
      vertex 51.599999999999994 8.000000000000002 114
    endloop
  endfacet
  facet normal 1 0 0
    outer loop
      vertex 52.8 15.23809523809524 112.8
      vertex 52.8 20.5 103.2
      vertex 52.8 20.5 104.64
    endloop
  endfacet
  facet normal 0 1 0
    outer loop
      vertex 52.8 22.5 114
      vertex 52.8 22.5 103.2
      vertex 16.799999999999997 22.5 103.2
    endloop
  endfacet
  facet normal 0 0 1
    outer loop
      vertex 52.8 22 114
      vertex 52.8 22.5 114
      vertex 18 22 114
    endloop
  endfacet
  facet normal 0 -1 0
    outer loop
      vertex 50.440000000000126 7.5 80.44
      vertex 16.919999999999998 7.5 80.52000000000001
      vertex 16.93333333333333 7.5 80.4
    endloop
  endfacet
  facet normal 0 -1 0
    outer loop
      vertex 50.440000000000126 7.5 80.44
      vertex 17.4 7.5 81
      vertex 16.919999999999998 7.5 80.52000000000001
    endloop
  endfacet
  facet normal 0 -1 0
    outer loop
      vertex 50.440000000000126 7.5 80.44
      vertex 16.93333333333333 7.5 80.4
      vertex 17.999999999999996 7.5 80.4
    endloop
  endfacet
  facet normal 1.480297366166872e-15 -1 0
    outer loop
      vertex 16.799999999999997 7.5 81.60000000000001
      vertex 18 7.500000000000002 81.60000000000001
      vertex 16.799999999999997 7.5 91.2
    endloop
  endfacet
  facet normal 0 -1 -1.8503717077085953e-16
    outer loop
      vertex 18 7.500000000000002 81.60000000000001
      vertex 17.999999999999996 7.5 91.2
      vertex 16.799999999999997 7.5 91.2
    endloop
  endfacet
  facet normal -5.2867763077388416e-17 -1 4.28757558557707e-14
    outer loop
      vertex 19.159999999999865 7.5 92.36000000000001
      vertex 51.599999999999994 7.5 92.4
      vertex 18 7.500000000000002 92.4
    endloop
  endfacet
  facet normal 0 0 -1
    outer loop
      vertex 17.999999999999996 7.5 80.4
      vertex 18 20.5 80.4
      vertex 51.599999999999994 7.5 80.4
    endloop
  endfacet
  facet normal -1 0 0
    outer loop
      vertex 16.799999999999997 7.5 91.2
      vertex 16.799999999999997 20.5 91.2
      vertex 16.799999999999997 7.5 81.60000000000001
    endloop
  endfacet
  facet normal 0 -1 0
    outer loop
      vertex 50.440000000000126 7.5 80.44
      vertex 17.999999999999996 7.5 80.4
      vertex 51.599999999999994 7.5 80.4
    endloop
  endfacet
  facet normal 0 -1 0
    outer loop
      vertex 19.159999999999865 7.5 92.36000000000001
      vertex 52.199999999999996 7.5 91.80000000000001
      vertex 52.8 7.5 92.4
    endloop
  endfacet
  facet normal 0 -1 0
    outer loop
      vertex 19.159999999999865 7.5 92.36000000000001
      vertex 52.8 7.5 92.4
      vertex 51.599999999999994 7.5 92.4
    endloop
  endfacet
  facet normal 0 -1 0
    outer loop
      vertex 51.599999999999994 7.5 81.60000000000001
      vertex 52.8 7.5 81.60000000000001
      vertex 51.599999999999994 7.5 91.2
    endloop
  endfacet
  facet normal 0 -1 0
    outer loop
      vertex 52.8 7.5 91.2
      vertex 51.599999999999994 7.5 91.2
      vertex 52.8 7.5 81.60000000000001
    endloop
  endfacet
  facet normal 0 0 1
    outer loop
      vertex 51.599999999999994 7.5 92.4
      vertex 51.599999999999994 20.5 92.4
      vertex 18 7.500000000000002 92.4
    endloop
  endfacet
  facet normal 1 0 0
    outer loop
      vertex 52.8 7.5 81.60000000000001
      vertex 52.8 20.5 81.60000000000001
      vertex 52.8 7.5 91.2
    endloop
  endfacet
  facet normal -1 0 0
    outer loop
      vertex 16.799999999999997 20.5 81.60000000000001
      vertex 16.799999999999997 7.5 81.60000000000001
      vertex 16.799999999999997 20.5 91.2
    endloop
  endfacet
  facet normal 0 0 1
    outer loop
      vertex 18 7.500000000000002 92.4
      vertex 51.599999999999994 20.5 92.4
      vertex 18 20.5 92.4
    endloop
  endfacet
  facet normal 0 1 0
    outer loop
      vertex 16.799999999999997 22.5 81.60000000000001
      vertex 16.799999999999997 22.5 91.2
      vertex 52.8 22.5 91.2
    endloop
  endfacet
  facet normal 0 0 -1
    outer loop
      vertex 51.599999999999994 7.5 80.4
      vertex 18 20.5 80.4
      vertex 51.599999999999994 20.5 80.4
    endloop
  endfacet
  facet normal 1 0 0
    outer loop
      vertex 52.8 7.5 91.2
      vertex 52.8 20.5 81.60000000000001
      vertex 52.8 20.5 91.2
    endloop
  endfacet
  facet normal 0 1 0
    outer loop
      vertex 52.8 22.5 91.2
      vertex 52.8 22.5 81.60000000000001
      vertex 16.799999999999997 22.5 81.60000000000001
    endloop
  endfacet
  facet normal -1.850371707707963e-14 -1 -2.3129646346357442e-15
    outer loop
      vertex 18.00000000000041 7.5 60
      vertex 16.799999999999997 7.5 69.60000000000001
      vertex 16.799999999999997 7.500000000000022 60.000000000000014
    endloop
  endfacet
  facet normal 0 -1 0
    outer loop
      vertex 18.00000000000041 7.5 60
      vertex 18 7.5 69.51724137931035
      vertex 16.799999999999997 7.5 69.60000000000001
    endloop
  endfacet
  facet normal 0 -1 0
    outer loop
      vertex 50.439999999999536 7.5 58.84000000000001
      vertex 16.919999999999995 7.5 58.92000000000001
      vertex 16.93333333333333 7.5 58.80000000000001
    endloop
  endfacet
  facet normal 0 -1 0
    outer loop
      vertex 50.439999999999536 7.5 58.84000000000001
      vertex 17.399999999999892 7.5 59.400000000000105
      vertex 16.919999999999995 7.5 58.92000000000001
    endloop
  endfacet
  facet normal 0 -1 0
    outer loop
      vertex 50.439999999999536 7.5 58.84000000000001
      vertex 16.93333333333333 7.5 58.80000000000001
      vertex 17.999999999999982 7.5 58.80000000000001
    endloop
  endfacet
  facet normal 0 -1 0
    outer loop
      vertex 18 7.5 69.51724137931035
      vertex 17.999999999999996 7.5 69.60000000000001
      vertex 16.799999999999997 7.5 69.60000000000001
    endloop
  endfacet
  facet normal -5.2867763077388416e-17 -1 4.28757558557707e-14
    outer loop
      vertex 19.159999999999865 7.5 70.76000000000002
      vertex 51.599999999999994 7.5 70.80000000000001
      vertex 18 7.500000000000002 70.80000000000001
    endloop
  endfacet
  facet normal -1 0 0
    outer loop
      vertex 16.799999999999997 7.5 69.60000000000001
      vertex 16.799999999999997 20.5 69.60000000000001
      vertex 16.799999999999997 7.500000000000022 60.000000000000014
    endloop
  endfacet
  facet normal 0 -1 0
    outer loop
      vertex 50.439999999999536 7.5 58.84000000000001
      vertex 17.999999999999982 7.5 58.80000000000001
      vertex 51.59999999999958 7.5 58.80000000000001
    endloop
  endfacet
  facet normal 0 -1 0
    outer loop
      vertex 19.159999999999865 7.5 70.76000000000002
      vertex 52.199999999999996 7.5 70.20000000000002
      vertex 52.8 7.5 70.80000000000001
    endloop
  endfacet
  facet normal 0 -1 0
    outer loop
      vertex 19.159999999999865 7.5 70.76000000000002
      vertex 52.8 7.5 70.80000000000001
      vertex 51.599999999999994 7.5 70.80000000000001
    endloop
  endfacet
  facet normal 0 0 1
    outer loop
      vertex 51.599999999999994 7.5 70.80000000000001
      vertex 51.599999999999994 20.5 70.80000000000001
      vertex 18 7.500000000000002 70.80000000000001
    endloop
  endfacet
  facet normal -1 0 0
    outer loop
      vertex 16.799999999999997 20.5 60.000000000000014
      vertex 16.799999999999997 7.500000000000022 60.000000000000014
      vertex 16.799999999999997 20.5 69.60000000000001
    endloop
  endfacet
  facet normal 0 0 1
    outer loop
      vertex 18 7.500000000000002 70.80000000000001
      vertex 51.599999999999994 20.5 70.80000000000001
      vertex 18 20.5 70.80000000000001
    endloop
  endfacet
  facet normal 0 1 0
    outer loop
      vertex 16.799999999999997 22.5 60
      vertex 16.799999999999997 22.5 69.60000000000001
      vertex 52.8 22.5 69.60000000000001
    endloop
  endfacet
  facet normal 1 0 0
    outer loop
      vertex 52.8 7.5 69.60000000000001
      vertex 52.8 20.5 60.000000000000014
      vertex 52.8 20.5 69.60000000000001
    endloop
  endfacet
  facet normal 0 1 0
    outer loop
      vertex 52.8 22.5 69.60000000000001
      vertex 52.8 22.5 60
      vertex 16.799999999999997 22.5 60
    endloop
  endfacet
  facet normal 0 -1 0
    outer loop
      vertex 50.439999999999934 7.5 37.24
      vertex 16.919999999999998 7.5 37.32
      vertex 16.93333333333333 7.5 37.2
    endloop
  endfacet
  facet normal 0 -1 0
    outer loop
      vertex 50.439999999999934 7.5 37.24
      vertex 17.4 7.5 37.800000000000004
      vertex 16.919999999999998 7.5 37.32
    endloop
  endfacet
  facet normal 0 -1 0
    outer loop
      vertex 50.439999999999934 7.5 37.24
      vertex 16.93333333333333 7.5 37.2
      vertex 17.999999999999996 7.5 37.2
    endloop
  endfacet
  facet normal 1.480297366166872e-15 -1 0
    outer loop
      vertex 16.799999999999997 7.5 38.400000000000006
      vertex 18 7.500000000000002 38.400000000000006
      vertex 16.799999999999997 7.5 48
    endloop
  endfacet
  facet normal 0 -1 -1.8503717077085953e-16
    outer loop
      vertex 18 7.500000000000002 38.400000000000006
      vertex 17.999999999999996 7.5 48
      vertex 16.799999999999997 7.5 48
    endloop
  endfacet
  facet normal -5.286776307738841e-17 -1 4.287575585576284e-14
    outer loop
      vertex 19.160000000000057 7.5 49.160000000000004
      vertex 51.599999999999994 7.5 49.2
      vertex 18 7.500000000000002 49.2
    endloop
  endfacet
  facet normal 0 0 -1
    outer loop
      vertex 17.999999999999996 7.5 37.2
      vertex 18 20.5 37.2
      vertex 51.599999999999994 7.5 37.2
    endloop
  endfacet
  facet normal -1 0 0
    outer loop
      vertex 16.799999999999997 7.5 48
      vertex 16.799999999999997 20.5 48
      vertex 16.799999999999997 7.5 38.400000000000006
    endloop
  endfacet
  facet normal 0 -1 0
    outer loop
      vertex 50.439999999999934 7.5 37.24
      vertex 17.999999999999996 7.5 37.2
      vertex 51.599999999999994 7.5 37.2
    endloop
  endfacet
  facet normal 0 -1 0
    outer loop
      vertex 19.160000000000057 7.5 49.160000000000004
      vertex 52.199999999999996 7.5 48.6
      vertex 52.8 7.5 49.2
    endloop
  endfacet
  facet normal 0 -1 0
    outer loop
      vertex 19.160000000000057 7.5 49.160000000000004
      vertex 52.8 7.5 49.2
      vertex 51.599999999999994 7.5 49.2
    endloop
  endfacet
  facet normal 0 -1 0
    outer loop
      vertex 51.599999999999994 7.5 38.400000000000006
      vertex 52.8 7.5 38.400000000000006
      vertex 51.599999999999994 7.5 48
    endloop
  endfacet
  facet normal 0 -1 0
    outer loop
      vertex 52.8 7.5 48
      vertex 51.599999999999994 7.5 48
      vertex 52.8 7.5 38.400000000000006
    endloop
  endfacet
  facet normal 0 0 1
    outer loop
      vertex 51.599999999999994 7.5 49.2
      vertex 51.599999999999994 20.5 49.2
      vertex 18 7.500000000000002 49.2
    endloop
  endfacet
  facet normal 1 0 0
    outer loop
      vertex 52.8 7.5 38.400000000000006
      vertex 52.8 20.5 38.400000000000006
      vertex 52.8 7.5 48
    endloop
  endfacet
  facet normal -1 0 0
    outer loop
      vertex 16.799999999999997 20.5 38.400000000000006
      vertex 16.799999999999997 7.5 38.400000000000006
      vertex 16.799999999999997 20.5 48
    endloop
  endfacet
  facet normal 0 0 1
    outer loop
      vertex 18 7.500000000000002 49.2
      vertex 51.599999999999994 20.5 49.2
      vertex 18 20.5 49.2
    endloop
  endfacet
  facet normal 0 1 0
    outer loop
      vertex 16.799999999999997 22.5 38.400000000000006
      vertex 16.799999999999997 22.5 48
      vertex 52.8 22.5 48
    endloop
  endfacet
  facet normal 0 0 -1
    outer loop
      vertex 51.599999999999994 7.5 37.2
      vertex 18 20.5 37.2
      vertex 51.599999999999994 20.5 37.2
    endloop
  endfacet
  facet normal 1 0 0
    outer loop
      vertex 52.8 7.5 48
      vertex 52.8 20.5 38.400000000000006
      vertex 52.8 20.5 48
    endloop
  endfacet
  facet normal 0 1 0
    outer loop
      vertex 52.8 22.5 48
      vertex 52.8 22.5 38.400000000000006
      vertex 16.799999999999997 22.5 38.400000000000006
    endloop
  endfacet
  facet normal 1.4802973661668717e-15 -1 0
    outer loop
      vertex 18 7.500000000000002 16.8
      vertex 16.799999999999997 7.5 17.131034482758622
      vertex 16.799999999999997 7.5 16.8
    endloop
  endfacet
  facet normal 0 -1 0
    outer loop
      vertex 50.439999999999976 7.5 15.640000000000002
      vertex 16.919999999999998 7.5 15.72
      vertex 16.93333333333333 7.5 15.600000000000001
    endloop
  endfacet
  facet normal 0 -1 0
    outer loop
      vertex 50.439999999999976 7.5 15.640000000000002
      vertex 17.4 7.5 16.200000000000003
      vertex 16.919999999999998 7.5 15.72
    endloop
  endfacet
  facet normal 0 -1 0
    outer loop
      vertex 50.439999999999976 7.5 15.640000000000002
      vertex 16.93333333333333 7.5 15.600000000000001
      vertex 17.999999999999996 7.5 15.600000000000001
    endloop
  endfacet
  facet normal -2.1147105230955366e-16 -1 1.7150302342303606e-13
    outer loop
      vertex 19.160000000000064 7.5 27.560000000000002
      vertex 51.599999999999994 7.5 27.600000000000005
      vertex 18 7.500000000000007 27.600000000000005
    endloop
  endfacet
  facet normal -1 0 0
    outer loop
      vertex 16.799999999999997 7.5 16.8
      vertex 16.799999999999997 7.5 17.131034482758622
      vertex 16.799999999999997 20.5 26.400000000000002
    endloop
  endfacet
  facet normal 0 0 -1
    outer loop
      vertex 17.999999999999996 7.5 15.600000000000001
      vertex 18 20.5 15.600000000000001
      vertex 51.599999999999994 7.5 15.600000000000001
    endloop
  endfacet
  facet normal 0 -1 0
    outer loop
      vertex 50.439999999999976 7.5 15.640000000000002
      vertex 17.999999999999996 7.5 15.600000000000001
      vertex 51.599999999999994 7.5 15.600000000000001
    endloop
  endfacet
  facet normal 0 -1 0
    outer loop
      vertex 51.59999999999989 7.5 26.400000000000006
      vertex 51.599999999999994 7.5 16.8
      vertex 52.8 7.5 16.8
    endloop
  endfacet
  facet normal 0 -1 0
    outer loop
      vertex 51.59999999999989 7.5 26.400000000000006
      vertex 52.8 7.5 16.8
      vertex 52.8 7.5 26.400000000000006
    endloop
  endfacet
  facet normal 0 -1 0
    outer loop
      vertex 19.160000000000064 7.5 27.560000000000002
      vertex 52.199999999999996 7.5 27.000000000000004
      vertex 52.8 7.5 27.6
    endloop
  endfacet
  facet normal 0 -1 0
    outer loop
      vertex 19.160000000000064 7.5 27.560000000000002
      vertex 52.8 7.5 27.6
      vertex 51.599999999999994 7.5 27.600000000000005
    endloop
  endfacet
  facet normal 1 0 0
    outer loop
      vertex 52.8 7.5 16.8
      vertex 52.8 20.5 16.8
      vertex 52.8 7.5 26.400000000000006
    endloop
  endfacet
  facet normal -1 0 0
    outer loop
      vertex 16.799999999999997 20.5 16.8
      vertex 16.799999999999997 7.5 16.8
      vertex 16.799999999999997 20.5 26.400000000000002
    endloop
  endfacet
  facet normal -1 0 0
    outer loop
      vertex 16.799999999999997 20.051724137931036 26.400000000000002
      vertex 16.799999999999997 20.5 26.400000000000002
      vertex 16.799999999999997 7.5 17.131034482758622
    endloop
  endfacet
  facet normal 0 1 0
    outer loop
      vertex 16.799999999999997 22.5 16.8
      vertex 16.799999999999997 22.5 26.400000000000006
      vertex 52.8 22.5 26.400000000000006
    endloop
  endfacet
  facet normal 0 0 -1
    outer loop
      vertex 51.599999999999994 7.5 15.600000000000001
      vertex 18 20.5 15.600000000000001
      vertex 51.599999999999994 20.5 15.600000000000001
    endloop
  endfacet
  facet normal 1 0 0
    outer loop
      vertex 52.8 7.5 26.400000000000006
      vertex 52.8 20.5 16.8
      vertex 52.8 20.5 26.400000000000002
    endloop
  endfacet
  facet normal 0 1 0
    outer loop
      vertex 52.8 22.5 26.400000000000006
      vertex 52.8 22.5 16.8
      vertex 16.799999999999997 22.5 16.8
    endloop
  endfacet
  facet normal 0 -1 0
    outer loop
      vertex 16.799999999999997 7.5 -4.8
      vertex 17.4 7.5 -5.399999999999999
      vertex 17.618181818181817 7.5 -5.181818181818181
    endloop
  endfacet
  facet normal 0 -1 0
    outer loop
      vertex 16.799999999999997 7.5 -4.8
      vertex 17.618181818181817 7.5 -5.181818181818181
      vertex 16.799999999999997 7.5 -3.428571428571428
    endloop
  endfacet
  facet normal 0 -1 0
    outer loop
      vertex 17.4 7.5 -5.399999999999999
      vertex 16.799999999999997 7.5 -6
      vertex 52.8 7.5 -6
    endloop
  endfacet
  facet normal 0 -1 0
    outer loop
      vertex 17.4 7.5 -5.399999999999999
      vertex 52.8 7.5 -6
      vertex 17.618181818181817 7.5 -5.181818181818181
    endloop
  endfacet
  facet normal 1.0573552615477719e-16 -1 4.546627624655413e-15
    outer loop
      vertex 18 7.500000000000002 -4.8
      vertex 17.618181818181817 7.5 -5.181818181818181
      vertex 52.8 7.5 -6
    endloop
  endfacet
  facet normal 0 0 -1
    outer loop
      vertex 16.799999999999997 7.5 -6
      vertex 18 8.000000000000002 -6
      vertex 52.8 7.5 -6
    endloop
  endfacet
  facet normal -5.286776307738841e-17 -1 4.287575585576099e-14
    outer loop
      vertex 19.16000000000001 7.5 5.96
      vertex 51.599999999999994 7.5 6.000000000000001
      vertex 18 7.500000000000002 6.000000000000001
    endloop
  endfacet
  facet normal -1 0 0
    outer loop
      vertex 16.799999999999997 7.5 -4.8
      vertex 16.799999999999997 7.5 -3.428571428571428
      vertex 16.799999999999997 20.5 -4.799999999999999
    endloop
  endfacet
  facet normal -5.2867763077388416e-17 -1 -5.2867763077388533e-17
    outer loop
      vertex 18 7.500000000000002 -4.8
      vertex 52.8 7.5 -6
      vertex 51.599999999999994 7.5 -4.8
    endloop
  endfacet
  facet normal 0 -1 0
    outer loop
      vertex 19.16000000000001 7.5 5.96
      vertex 52.199999999999996 7.5 5.4
      vertex 52.8 7.5 6
    endloop
  endfacet
  facet normal 0 -1 0
    outer loop
      vertex 19.16000000000001 7.5 5.96
      vertex 52.8 7.5 6
      vertex 51.599999999999994 7.5 6.000000000000001
    endloop
  endfacet
  facet normal 0 -1 0
    outer loop
      vertex 51.599999999999966 7.5 4.800000000000001
      vertex 51.599999999999994 7.5 -4.8
      vertex 52.8 7.5 -6
    endloop
  endfacet
  facet normal 0 -1 0
    outer loop
      vertex 51.599999999999966 7.5 4.800000000000001
      vertex 52.8 7.5 -6
      vertex 52.8 7.5 -4.8
    endloop
  endfacet
  facet normal 1 0 0
    outer loop
      vertex 52.8 8.944444444444445 -4.8
      vertex 52.8 7.5 4.800000000000001
      vertex 52.8 7.5 -4.8
    endloop
  endfacet
  facet normal 0 -1 0
    outer loop
      vertex 51.599999999999966 7.5 4.800000000000001
      vertex 52.8 7.5 -4.8
      vertex 52.8 7.5 4.800000000000001
    endloop
  endfacet
  facet normal 1 0 0
    outer loop
      vertex 52.8 8.944444444444445 -4.8
      vertex 52.8 14.464285714285715 -0.2142857142857144
      vertex 52.8 7.5 4.800000000000001
    endloop
  endfacet
  facet normal 0 0 -1
    outer loop
      vertex 52.8 22.482758620689655 -6
      vertex 52.8 7.5 -6
      vertex 18 8.000000000000002 -6
    endloop
  endfacet
  facet normal 1 0 0
    outer loop
      vertex 52.8 14.464285714285715 -0.2142857142857144
      vertex 52.8 14.464285714285715 0.4285714285714288
      vertex 52.8 7.5 4.800000000000001
    endloop
  endfacet
  facet normal 1 0 0
    outer loop
      vertex 52.8 20.5 4.8
      vertex 52.8 7.5 4.800000000000001
      vertex 52.8 14.464285714285715 0.4285714285714288
    endloop
  endfacet
  facet normal -1 0 0
    outer loop
      vertex 16.799999999999997 18.642857142857142 4.8
      vertex 16.799999999999997 20.5 -4.799999999999999
      vertex 16.799999999999997 7.5 -3.428571428571428
    endloop
  endfacet
  facet normal 0 0 -1
    outer loop
      vertex 16.799999999999997 22 -6
      vertex 52.76 22.483333333333334 -6
      vertex 18 8.000000000000002 -6
    endloop
  endfacet
  facet normal -1 0 0
    outer loop
      vertex 16.799999999999997 18.642857142857142 4.8
      vertex 16.799999999999997 20.5 4.8
      vertex 16.799999999999997 20.5 -4.799999999999999
    endloop
  endfacet
  facet normal 0 0 -1
    outer loop
      vertex 16.799999999999997 22 -6
      vertex 16.799999999999997 22.5 -6
      vertex 52.76 22.483333333333334 -6
    endloop
  endfacet
  facet normal 0 1 0
    outer loop
      vertex 16.799999999999997 22.5 -6
      vertex 16.799999999999997 22.5 4.800000000000001
      vertex 52.8 22.5 4.800000000000001
    endloop
  endfacet
  facet normal 0 0 -1
    outer loop
      vertex 52.8 22.482758620689655 -6
      vertex 18 8.000000000000002 -6
      vertex 52.76 22.483333333333334 -6
    endloop
  endfacet
  facet normal 1 0 0
    outer loop
      vertex 52.8 20.5 -4.4
      vertex 52.8 20.5 4.8
      vertex 52.8 14.464285714285715 0.4285714285714288
    endloop
  endfacet
  facet normal 0 0 -1
    outer loop
      vertex 16.799999999999997 22.5 -6
      vertex 52.8 22.5 -6
      vertex 52.76 22.483333333333334 -6
    endloop
  endfacet
  facet normal 0 1 0
    outer loop
      vertex 52.8 22.5 4.800000000000001
      vertex 52.8 22.5 -6
      vertex 16.799999999999997 22.5 -6
    endloop
  endfacet
  facet normal 7.617886233939323e-16 -1 1.4712023187899987e-15
    outer loop
      vertex 16.807531380753137 7.5 91.81004184100419
      vertex 17.204494382022467 7.5 91.60449438202248
      vertex 18 7.500000000000002 92.4
    endloop
  endfacet
  facet normal 0 -1 0
    outer loop
      vertex 19.159999999999865 7.5 92.36000000000001
      vertex 17.204494382022467 7.5 91.60449438202248
      vertex 16.799999999999997 7.5 91.2
    endloop
  endfacet
  facet normal 0 -1 0
    outer loop
      vertex 19.159999999999865 7.5 92.36000000000001
      vertex 16.799999999999997 7.5 91.2
      vertex 17.999999999999996 7.5 91.2
    endloop
  endfacet
  facet normal -1.4058643347609258e-15 -1 3.638855276944877e-15
    outer loop
      vertex 19.159999999999865 7.5 92.36000000000001
      vertex 18 7.500000000000002 92.4
      vertex 17.204494382022467 7.5 91.60449438202248
    endloop
  endfacet
  facet normal 1.480297366166872e-15 -1 -2.0559685641206494e-17
    outer loop
      vertex 18 7.500000000000002 92.4
      vertex 16.93333333333333 7.5 102
      vertex 16.799999999999997 7.5 92.4
    endloop
  endfacet
  facet normal 0 -1 0
    outer loop
      vertex 16.799999999999997 7.5 92.4
      vertex 16.919999999999998 7.5 102.12
      vertex 16.799999999999997 7.5 102
    endloop
  endfacet
  facet normal 0 -1 0
    outer loop
      vertex 16.93333333333333 7.5 102
      vertex 16.919999999999998 7.5 102.12
      vertex 16.799999999999997 7.5 92.4
    endloop
  endfacet
  facet normal 0 -1 0
    outer loop
      vertex 19.159999999999865 7.5 92.36000000000001
      vertex 17.999999999999996 7.5 91.2
      vertex 51.599999999999994 7.5 91.2
    endloop
  endfacet
  facet normal 0 -1 0
    outer loop
      vertex 50.440000000000126 7.5 102.03999999999999
      vertex 16.799999999999997 7.5 103.2
      vertex 17.4 7.5 102.6
    endloop
  endfacet
  facet normal 1.4802973661668784e-15 -1 4.292862361883924e-14
    outer loop
      vertex 50.440000000000126 7.5 102.03999999999999
      vertex 18 7.500000000000002 103.2
      vertex 16.799999999999997 7.5 103.2
    endloop
  endfacet
  facet normal -1 0 0
    outer loop
      vertex 16.799999999999997 7.5 102
      vertex 16.799999999999997 20.5 92.4
      vertex 16.799999999999997 7.5 92.4
    endloop
  endfacet
  facet normal 0 0 -1
    outer loop
      vertex 17.999999999999996 7.5 91.2
      vertex 18 20.5 91.2
      vertex 51.599999999999994 7.5 91.2
    endloop
  endfacet
  facet normal 0 -1 0
    outer loop
      vertex 19.159999999999865 7.5 92.36000000000001
      vertex 51.599999999999994 7.5 91.2
      vertex 52.8 7.5 91.2
    endloop
  endfacet
  facet normal 0 -1 0
    outer loop
      vertex 19.159999999999865 7.5 92.36000000000001
      vertex 52.8 7.5 91.2
      vertex 52.199999999999996 7.5 91.80000000000001
    endloop
  endfacet
  facet normal 0 -1 0
    outer loop
      vertex 52.8 7.5 102
      vertex 51.599999999999994 7.5 92.4
      vertex 52.8 7.5 92.4
    endloop
  endfacet
  facet normal 0 -1 0
    outer loop
      vertex 51.599999999999994 7.5 92.4
      vertex 52.8 7.5 102
      vertex 51.599999999999994 7.5 102
    endloop
  endfacet
  facet normal -5.286776307738841e-17 -1 5.286776307738193e-17
    outer loop
      vertex 50.440000000000126 7.5 102.03999999999999
      vertex 51.599999999999994 7.5 103.2
      vertex 18 7.500000000000002 103.2
    endloop
  endfacet
  facet normal 0 -1 0
    outer loop
      vertex 50.440000000000126 7.5 102.03999999999999
      vertex 51.599999999999994 7.5 102
      vertex 52.39550561797753 7.5 102.79550561797753
    endloop
  endfacet
  facet normal 0 -1 0
    outer loop
      vertex 52.8 7.5 102
      vertex 52.8 7.5 102.58983050847458
      vertex 51.599999999999994 7.5 102
    endloop
  endfacet
  facet normal 0 -1 0
    outer loop
      vertex 50.440000000000126 7.5 102.03999999999999
      vertex 52.39550561797753 7.5 102.79550561797753
      vertex 52.8 7.5 103.2
    endloop
  endfacet
  facet normal 0 -1 0
    outer loop
      vertex 52.8 7.5 102.58983050847458
      vertex 52.39550561797753 7.5 102.79550561797753
      vertex 51.599999999999994 7.5 102
    endloop
  endfacet
  facet normal 0 -1 0
    outer loop
      vertex 50.440000000000126 7.5 102.03999999999999
      vertex 52.8 7.5 103.2
      vertex 51.599999999999994 7.5 103.2
    endloop
  endfacet
  facet normal 1 0 0
    outer loop
      vertex 52.8 7.5 102
      vertex 52.8 7.5 92.4
      vertex 52.8 20.5 92.4
    endloop
  endfacet
  facet normal 0 0 1
    outer loop
      vertex 51.599999999999994 7.5 103.2
      vertex 51.599999999999994 20.5 103.2
      vertex 18 7.500000000000002 103.2
    endloop
  endfacet
  facet normal -1 0 0
    outer loop
      vertex 16.799999999999997 7.5 102
      vertex 16.799999999999997 20.5 102
      vertex 16.799999999999997 20.5 92.4
    endloop
  endfacet
  facet normal 0 0 1
    outer loop
      vertex 18 7.500000000000002 103.2
      vertex 51.599999999999994 20.5 103.2
      vertex 18 20.5 103.2
    endloop
  endfacet
  facet normal 0 1 0
    outer loop
      vertex 16.799999999999997 22.5 91.2
      vertex 16.799999999999997 22.5 103.2
      vertex 52.8 22.5 91.2
    endloop
  endfacet
  facet normal 0 0 -1
    outer loop
      vertex 51.599999999999994 7.5 91.2
      vertex 18 20.5 91.2
      vertex 51.599999999999994 20.5 91.2
    endloop
  endfacet
  facet normal 1 0 0
    outer loop
      vertex 52.8 20.5 102
      vertex 52.8 7.5 102
      vertex 52.8 20.5 92.4
    endloop
  endfacet
  facet normal 0 1 0
    outer loop
      vertex 52.8 22.5 91.2
      vertex 16.799999999999997 22.5 103.2
      vertex 52.8 22.5 103.2
    endloop
  endfacet
  facet normal 7.617886233939323e-16 -1 1.4712023187899987e-15
    outer loop
      vertex 16.807531380753137 7.5 70.2100418410042
      vertex 17.204494382022467 7.5 70.00449438202249
      vertex 18 7.500000000000002 70.80000000000001
    endloop
  endfacet
  facet normal 0 -1 0
    outer loop
      vertex 19.159999999999865 7.5 70.76000000000002
      vertex 17.204494382022467 7.5 70.00449438202249
      vertex 16.799999999999997 7.5 69.60000000000001
    endloop
  endfacet
  facet normal 0 -1 0
    outer loop
      vertex 19.159999999999865 7.5 70.76000000000002
      vertex 16.799999999999997 7.5 69.60000000000001
      vertex 17.999999999999996 7.5 69.60000000000001
    endloop
  endfacet
  facet normal -1.4058643347609258e-15 -1 3.638855276944877e-15
    outer loop
      vertex 19.159999999999865 7.5 70.76000000000002
      vertex 18 7.500000000000002 70.80000000000001
      vertex 17.204494382022467 7.5 70.00449438202249
    endloop
  endfacet
  facet normal 1.480297366166872e-15 -1 -2.0559685641206494e-17
    outer loop
      vertex 18 7.500000000000002 70.80000000000001
      vertex 16.93333333333333 7.5 80.4
      vertex 16.799999999999997 7.5 70.80000000000001
    endloop
  endfacet
  facet normal 0 -1 0
    outer loop
      vertex 16.799999999999997 7.5 70.80000000000001
      vertex 16.919999999999998 7.5 80.52000000000001
      vertex 16.799999999999997 7.5 80.4
    endloop
  endfacet
  facet normal 0 -1 0
    outer loop
      vertex 16.93333333333333 7.5 80.4
      vertex 16.919999999999998 7.5 80.52000000000001
      vertex 16.799999999999997 7.5 70.80000000000001
    endloop
  endfacet
  facet normal 0 -1 0
    outer loop
      vertex 19.159999999999865 7.5 70.76000000000002
      vertex 17.999999999999996 7.5 69.60000000000001
      vertex 51.599999999999994 7.5 69.60000000000001
    endloop
  endfacet
  facet normal 0 -1 0
    outer loop
      vertex 50.440000000000126 7.5 80.44
      vertex 16.799999999999997 7.5 81.60000000000001
      vertex 17.4 7.5 81
    endloop
  endfacet
  facet normal 1.4802973661668784e-15 -1 4.292862361883924e-14
    outer loop
      vertex 50.440000000000126 7.5 80.44
      vertex 18 7.500000000000002 81.60000000000001
      vertex 16.799999999999997 7.5 81.60000000000001
    endloop
  endfacet
  facet normal -1 0 0
    outer loop
      vertex 16.799999999999997 7.5 80.4
      vertex 16.799999999999997 20.5 70.80000000000001
      vertex 16.799999999999997 7.5 70.80000000000001
    endloop
  endfacet
  facet normal 0 0 -1
    outer loop
      vertex 17.999999999999996 7.5 69.60000000000001
      vertex 18 20.5 69.60000000000001
      vertex 51.599999999999994 7.5 69.60000000000001
    endloop
  endfacet
  facet normal 0 -1 0
    outer loop
      vertex 19.159999999999865 7.5 70.76000000000002
      vertex 51.599999999999994 7.5 69.60000000000001
      vertex 52.8 7.5 69.60000000000001
    endloop
  endfacet
  facet normal 0 -1 0
    outer loop
      vertex 19.159999999999865 7.5 70.76000000000002
      vertex 52.8 7.5 69.60000000000001
      vertex 52.199999999999996 7.5 70.20000000000002
    endloop
  endfacet
  facet normal -5.286776307738841e-17 -1 5.286776307738193e-17
    outer loop
      vertex 50.440000000000126 7.5 80.44
      vertex 51.599999999999994 7.5 81.60000000000001
      vertex 18 7.500000000000002 81.60000000000001
    endloop
  endfacet
  facet normal 0 -1 0
    outer loop
      vertex 51.599999999999994 7.5 70.80000000000001
      vertex 52.8 7.5 70.80000000000001
      vertex 52.8 7.5 80.4
    endloop
  endfacet
  facet normal 0 -1 0
    outer loop
      vertex 51.599999999999994 7.5 70.80000000000001
      vertex 52.8 7.5 80.4
      vertex 51.599999999999994 7.5 80.4
    endloop
  endfacet
  facet normal 0 -1 0
    outer loop
      vertex 50.440000000000126 7.5 80.44
      vertex 51.599999999999994 7.5 80.4
      vertex 52.39550561797753 7.5 81.19550561797753
    endloop
  endfacet
  facet normal 0 -1 0
    outer loop
      vertex 52.8 7.5 80.4
      vertex 52.8 7.5 80.98983050847458
      vertex 51.599999999999994 7.5 80.4
    endloop
  endfacet
  facet normal 0 -1 0
    outer loop
      vertex 50.440000000000126 7.5 80.44
      vertex 52.39550561797753 7.5 81.19550561797753
      vertex 52.8 7.5 81.60000000000001
    endloop
  endfacet
  facet normal 0 -1 0
    outer loop
      vertex 52.8 7.5 80.98983050847458
      vertex 52.39550561797753 7.5 81.19550561797753
      vertex 51.599999999999994 7.5 80.4
    endloop
  endfacet
  facet normal 0 -1 0
    outer loop
      vertex 50.440000000000126 7.5 80.44
      vertex 52.8 7.5 81.60000000000001
      vertex 51.599999999999994 7.5 81.60000000000001
    endloop
  endfacet
  facet normal 0 0 1
    outer loop
      vertex 51.599999999999994 7.5 81.60000000000001
      vertex 51.599999999999994 20.5 81.60000000000001
      vertex 18 7.500000000000002 81.60000000000001
    endloop
  endfacet
  facet normal 1 0 0
    outer loop
      vertex 52.8 7.5 80.4
      vertex 52.8 7.5 70.80000000000001
      vertex 52.8 20.5 70.80000000000001
    endloop
  endfacet
  facet normal -1 0 0
    outer loop
      vertex 16.799999999999997 7.5 80.4
      vertex 16.799999999999997 20.5 80.4
      vertex 16.799999999999997 20.5 70.80000000000001
    endloop
  endfacet
  facet normal 0 0 1
    outer loop
      vertex 18 7.500000000000002 81.60000000000001
      vertex 51.599999999999994 20.5 81.60000000000001
      vertex 18 20.5 81.60000000000001
    endloop
  endfacet
  facet normal 0 1 0
    outer loop
      vertex 16.799999999999997 22.5 69.60000000000001
      vertex 16.799999999999997 22.5 81.60000000000001
      vertex 52.8 22.5 69.60000000000001
    endloop
  endfacet
  facet normal 0 0 -1
    outer loop
      vertex 51.599999999999994 7.5 69.60000000000001
      vertex 18 20.5 69.60000000000001
      vertex 51.599999999999994 20.5 69.60000000000001
    endloop
  endfacet
  facet normal 1 0 0
    outer loop
      vertex 52.8 20.5 80.4
      vertex 52.8 7.5 80.4
      vertex 52.8 20.5 70.80000000000001
    endloop
  endfacet
  facet normal 0 1 0
    outer loop
      vertex 52.8 22.5 69.60000000000001
      vertex 16.799999999999997 22.5 81.60000000000001
      vertex 52.8 22.5 81.60000000000001
    endloop
  endfacet
  facet normal 0 -1 0
    outer loop
      vertex 16.799999999999997 7.5 49.2
      vertex 16.81532756489493 7.5 49.39480840543881
      vertex 16.799999999999997 7.5 49.282758620689656
    endloop
  endfacet
  facet normal 7.61788623393928e-16 -1 1.4712023187899902e-15
    outer loop
      vertex 16.807531380753137 7.5 48.61004184100418
      vertex 17.204494382022467 7.5 48.40449438202247
      vertex 18 7.500000000000002 49.2
    endloop
  endfacet
  facet normal 0 -1 0
    outer loop
      vertex 19.160000000000057 7.5 49.160000000000004
      vertex 17.204494382022467 7.5 48.40449438202247
      vertex 16.799999999999997 7.5 48
    endloop
  endfacet
  facet normal 0 -1 0
    outer loop
      vertex 19.160000000000057 7.5 49.160000000000004
      vertex 16.799999999999997 7.5 48
      vertex 17.999999999999996 7.5 48
    endloop
  endfacet
  facet normal -1.4058643347606806e-15 -1 3.638855276944598e-15
    outer loop
      vertex 19.160000000000057 7.5 49.160000000000004
      vertex 18 7.500000000000002 49.2
      vertex 17.204494382022467 7.5 48.40449438202247
    endloop
  endfacet
  facet normal 0 -1 0
    outer loop
      vertex 16.799999999999997 7.5 49.2
      vertex 17.435294117647057 7.5 54.28235294117646
      vertex 16.81532756489493 7.5 49.39480840543881
    endloop
  endfacet
  facet normal 1.480297366166872e-15 -1 -1.8503717077085975e-16
    outer loop
      vertex 18 7.500000000000002 49.2
      vertex 17.435294117647057 7.5 54.28235294117646
      vertex 16.799999999999997 7.5 49.2
    endloop
  endfacet
  facet normal 0 -1 0
    outer loop
      vertex 19.160000000000057 7.5 49.160000000000004
      vertex 17.999999999999996 7.5 48
      vertex 51.599999999999994 7.5 48
    endloop
  endfacet
  facet normal -1 0 0
    outer loop
      vertex 16.799999999999997 7.5 49.2
      vertex 16.799999999999997 7.5 49.282758620689656
      vertex 16.799999999999997 20.5 49.2
    endloop
  endfacet
  facet normal 0 0 -1
    outer loop
      vertex 17.999999999999996 7.5 48
      vertex 18 20.5 48
      vertex 51.599999999999994 7.5 48
    endloop
  endfacet
  facet normal 0 -1 0
    outer loop
      vertex 19.160000000000057 7.5 49.160000000000004
      vertex 51.599999999999994 7.5 48
      vertex 52.8 7.5 48
    endloop
  endfacet
  facet normal 0 -1 0
    outer loop
      vertex 19.160000000000057 7.5 49.160000000000004
      vertex 52.8 7.5 48
      vertex 52.199999999999996 7.5 48.6
    endloop
  endfacet
  facet normal 0 -1 0
    outer loop
      vertex 51.599999999999994 7.5 49.2
      vertex 52.8 7.5 49.2
      vertex 52.8 7.5 58.80000000000001
    endloop
  endfacet
  facet normal 1 0 0
    outer loop
      vertex 52.8 7.5 58.80000000000001
      vertex 52.8 7.5 49.2
      vertex 52.8 20.5 49.2
    endloop
  endfacet
  facet normal 6.380592095549008e-16 -1 3.764549336373238e-14
    outer loop
      vertex 50.439999999999536 7.5 58.84000000000001
      vertex 16.799999999999997 7.500000000000022 60.000000000000014
      vertex 17.399999999999892 7.5 59.400000000000105
    endloop
  endfacet
  facet normal -1.8503717077085727e-14 -1 -5.174660189488365e-13
    outer loop
      vertex 18.00000000000041 7.5 60
      vertex 16.799999999999997 7.500000000000022 60.000000000000014
      vertex 50.439999999999536 7.5 58.84000000000001
    endloop
  endfacet
  facet normal 0 -1 0
    outer loop
      vertex 18.00000000000041 7.5 60
      vertex 50.439999999999536 7.5 58.84000000000001
      vertex 51.599999999999994 7.5 60.000000000000014
    endloop
  endfacet
  facet normal 0 -1 0
    outer loop
      vertex 51.59999999999958 7.5 58.80000000000001
      vertex 51.599999999999994 7.5 49.2
      vertex 52.8 7.5 58.80000000000001
    endloop
  endfacet
  facet normal 0 -1 0
    outer loop
      vertex 50.439999999999536 7.5 58.84000000000001
      vertex 51.59999999999958 7.5 58.80000000000001
      vertex 52.8 7.5 60
    endloop
  endfacet
  facet normal 0 -1 0
    outer loop
      vertex 50.439999999999536 7.5 58.84000000000001
      vertex 52.8 7.5 60
      vertex 51.599999999999994 7.5 60.000000000000014
    endloop
  endfacet
  facet normal 0 -1 0
    outer loop
      vertex 51.59999999999958 7.5 58.80000000000001
      vertex 52.8 7.5 58.80000000000001
      vertex 52.8 7.5 59.38983050847458
    endloop
  endfacet
  facet normal 0 -1 0
    outer loop
      vertex 51.59999999999958 7.5 58.80000000000001
      vertex 52.8 7.5 59.38983050847458
      vertex 52.8 7.5 60
    endloop
  endfacet
  facet normal -1 0 0
    outer loop
      vertex 16.799999999999997 20.387931034482758 58.8
      vertex 16.799999999999997 20.5 49.2
      vertex 16.799999999999997 7.5 49.282758620689656
    endloop
  endfacet
  facet normal 0 1 0
    outer loop
      vertex 16.799999999999997 22.5 48
      vertex 16.799999999999997 22.5 60
      vertex 52.8 22.5 48
    endloop
  endfacet
  facet normal 0 0 -1
    outer loop
      vertex 51.599999999999994 7.5 48
      vertex 18 20.5 48
      vertex 51.599999999999994 20.5 48
    endloop
  endfacet
  facet normal -1 0 0
    outer loop
      vertex 16.799999999999997 20.387931034482758 58.8
      vertex 16.799999999999997 20.5 58.8
      vertex 16.799999999999997 20.5 49.2
    endloop
  endfacet
  facet normal 1 0 0
    outer loop
      vertex 52.8 20.5 58.8
      vertex 52.8 7.5 58.80000000000001
      vertex 52.8 20.5 49.2
    endloop
  endfacet
  facet normal 0 1 0
    outer loop
      vertex 52.8 22.5 48
      vertex 16.799999999999997 22.5 60
      vertex 52.8 22.5 60
    endloop
  endfacet
  facet normal 0 -1 0
    outer loop
      vertex 19.160000000000064 7.5 27.560000000000002
      vertex 16.799999999999898 7.5 26.400000000000006
      vertex 17.999999999999993 7.5 26.400000000000006
    endloop
  endfacet
  facet normal 3.0471544935757205e-15 -1 5.8848092751599774e-15
    outer loop
      vertex 16.807531380753137 7.5 27.01004184100419
      vertex 17.204494382022467 7.5 26.804494382022476
      vertex 18 7.500000000000007 27.600000000000005
    endloop
  endfacet
  facet normal 0 -1 0
    outer loop
      vertex 19.160000000000064 7.5 27.560000000000002
      vertex 17.204494382022467 7.5 26.804494382022476
      vertex 16.799999999999898 7.5 26.400000000000006
    endloop
  endfacet
  facet normal -5.623457339042644e-15 -1 1.455542110777838e-14
    outer loop
      vertex 19.160000000000064 7.5 27.560000000000002
      vertex 18 7.500000000000007 27.600000000000005
      vertex 17.204494382022467 7.5 26.804494382022476
    endloop
  endfacet
  facet normal 5.921189464667488e-15 -1 -8.223874256482595e-17
    outer loop
      vertex 18 7.500000000000007 27.600000000000005
      vertex 16.93333333333333 7.5 37.2
      vertex 16.799999999999997 7.5 27.600000000000005
    endloop
  endfacet
  facet normal 0 -1 0
    outer loop
      vertex 16.799999999999997 7.5 27.600000000000005
      vertex 16.919999999999998 7.5 37.32
      vertex 16.799999999999997 7.5 37.2
    endloop
  endfacet
  facet normal 0 -1 0
    outer loop
      vertex 16.93333333333333 7.5 37.2
      vertex 16.919999999999998 7.5 37.32
      vertex 16.799999999999997 7.5 27.600000000000005
    endloop
  endfacet
  facet normal 0 -1 0
    outer loop
      vertex 19.160000000000064 7.5 27.560000000000002
      vertex 17.999999999999993 7.5 26.400000000000006
      vertex 51.59999999999989 7.5 26.400000000000006
    endloop
  endfacet
  facet normal 0 -1 0
    outer loop
      vertex 50.439999999999934 7.5 37.24
      vertex 16.799999999999997 7.5 38.400000000000006
      vertex 17.4 7.5 37.800000000000004
    endloop
  endfacet
  facet normal 1.4802973661668768e-15 -1 4.292862361883921e-14
    outer loop
      vertex 50.439999999999934 7.5 37.24
      vertex 18 7.500000000000002 38.400000000000006
      vertex 16.799999999999997 7.5 38.400000000000006
    endloop
  endfacet
  facet normal -1 0 0
    outer loop
      vertex 16.799999999999997 7.5 37.2
      vertex 16.799999999999997 20.5 27.600000000000005
      vertex 16.799999999999997 7.5 27.600000000000005
    endloop
  endfacet
  facet normal 0 -1 0
    outer loop
      vertex 19.160000000000064 7.5 27.560000000000002
      vertex 51.59999999999989 7.5 26.400000000000006
      vertex 52.8 7.5 26.400000000000006
    endloop
  endfacet
  facet normal 0 -1 0
    outer loop
      vertex 19.160000000000064 7.5 27.560000000000002
      vertex 52.8 7.5 26.400000000000006
      vertex 52.199999999999996 7.5 27.000000000000004
    endloop
  endfacet
  facet normal -5.286776307738841e-17 -1 5.2867763077391005e-17
    outer loop
      vertex 50.439999999999934 7.5 37.24
      vertex 51.599999999999994 7.5 38.400000000000006
      vertex 18 7.500000000000002 38.400000000000006
    endloop
  endfacet
  facet normal 0 -1 0
    outer loop
      vertex 51.599999999999994 7.5 27.600000000000005
      vertex 52.8 7.5 27.6
      vertex 52.8 7.5 37.2
    endloop
  endfacet
  facet normal 0 -1 0
    outer loop
      vertex 51.599999999999994 7.5 27.600000000000005
      vertex 52.8 7.5 37.2
      vertex 51.599999999999994 7.5 37.2
    endloop
  endfacet
  facet normal 0 -1 0
    outer loop
      vertex 50.439999999999934 7.5 37.24
      vertex 51.599999999999994 7.5 37.2
      vertex 52.39550561797753 7.5 37.995505617977535
    endloop
  endfacet
  facet normal 0 -1 0
    outer loop
      vertex 50.439999999999934 7.5 37.24
      vertex 52.8 7.5 38.400000000000006
      vertex 51.599999999999994 7.5 38.400000000000006
    endloop
  endfacet
  facet normal 0 -1 0
    outer loop
      vertex 52.8 7.5 37.2
      vertex 52.8 7.5 37.78983050847458
      vertex 51.599999999999994 7.5 37.2
    endloop
  endfacet
  facet normal 0 -1 0
    outer loop
      vertex 50.439999999999934 7.5 37.24
      vertex 52.39550561797753 7.5 37.995505617977535
      vertex 52.8 7.5 38.400000000000006
    endloop
  endfacet
  facet normal 0 -1 0
    outer loop
      vertex 52.8 7.5 37.78983050847458
      vertex 52.39550561797753 7.5 37.995505617977535
      vertex 51.599999999999994 7.5 37.2
    endloop
  endfacet
  facet normal 0 0 1
    outer loop
      vertex 51.599999999999994 7.5 38.400000000000006
      vertex 51.599999999999994 20.5 38.400000000000006
      vertex 18 7.500000000000002 38.400000000000006
    endloop
  endfacet
  facet normal 1 0 0
    outer loop
      vertex 52.8 7.5 37.2
      vertex 52.8 7.5 27.6
      vertex 52.8 20.5 27.600000000000005
    endloop
  endfacet
  facet normal -1 0 0
    outer loop
      vertex 16.799999999999997 7.5 37.2
      vertex 16.799999999999997 20.5 37.2
      vertex 16.799999999999997 20.5 27.600000000000005
    endloop
  endfacet
  facet normal 0 0 1
    outer loop
      vertex 18 7.500000000000002 38.400000000000006
      vertex 51.599999999999994 20.5 38.400000000000006
      vertex 18 20.5 38.400000000000006
    endloop
  endfacet
  facet normal 0 1 0
    outer loop
      vertex 16.799999999999997 22.5 26.400000000000006
      vertex 16.799999999999997 22.5 38.400000000000006
      vertex 52.8 22.5 26.400000000000006
    endloop
  endfacet
  facet normal 1 0 0
    outer loop
      vertex 52.8 20.5 37.2
      vertex 52.8 7.5 37.2
      vertex 52.8 20.5 27.600000000000005
    endloop
  endfacet
  facet normal 0 1 0
    outer loop
      vertex 52.8 22.5 26.400000000000006
      vertex 16.799999999999997 22.5 38.400000000000006
      vertex 52.8 22.5 38.400000000000006
    endloop
  endfacet
  facet normal 0 -1 0
    outer loop
      vertex 19.16000000000001 7.5 5.96
      vertex 16.799999999999997 7.5 4.800000000000001
      vertex 17.999999999999996 7.5 4.800000000000001
    endloop
  endfacet
  facet normal 7.617886233939257e-16 -1 1.4712023187900054e-15
    outer loop
      vertex 16.807531380753137 7.5 5.410041841004185
      vertex 17.20449438202247 7.5 5.204494382022474
      vertex 18 7.500000000000002 6.000000000000001
    endloop
  endfacet
  facet normal 0 -1 0
    outer loop
      vertex 19.16000000000001 7.5 5.96
      vertex 17.20449438202247 7.5 5.204494382022474
      vertex 16.799999999999997 7.5 4.800000000000001
    endloop
  endfacet
  facet normal -1.4058643347607288e-15 -1 3.6388552769446646e-15
    outer loop
      vertex 19.16000000000001 7.5 5.96
      vertex 18 7.500000000000002 6.000000000000001
      vertex 17.20449438202247 7.5 5.204494382022474
    endloop
  endfacet
  facet normal 0 -1 0
    outer loop
      vertex 19.16000000000001 7.5 5.96
      vertex 17.999999999999996 7.5 4.800000000000001
      vertex 51.599999999999966 7.5 4.800000000000001
    endloop
  endfacet
  facet normal 1.4802973661668717e-15 -1 -2.0559685641206475e-17
    outer loop
      vertex 18 7.500000000000002 6.000000000000001
      vertex 16.93333333333333 7.5 15.600000000000001
      vertex 16.799999999999997 7.5 6.000000000000001
    endloop
  endfacet
  facet normal 0 -1 0
    outer loop
      vertex 16.799999999999997 7.5 6.000000000000001
      vertex 16.919999999999998 7.5 15.72
      vertex 16.799999999999997 7.5 15.600000000000001
    endloop
  endfacet
  facet normal 0 -1 0
    outer loop
      vertex 16.93333333333333 7.5 15.600000000000001
      vertex 16.919999999999998 7.5 15.72
      vertex 16.799999999999997 7.5 6.000000000000001
    endloop
  endfacet
  facet normal 0 -1 0
    outer loop
      vertex 50.439999999999976 7.5 15.640000000000002
      vertex 16.799999999999997 7.5 16.8
      vertex 17.4 7.5 16.200000000000003
    endloop
  endfacet
  facet normal 1.4802973661668701e-15 -1 4.292862361883927e-14
    outer loop
      vertex 50.439999999999976 7.5 15.640000000000002
      vertex 18 7.500000000000002 16.8
      vertex 16.799999999999997 7.5 16.8
    endloop
  endfacet
  facet normal -1 0 0
    outer loop
      vertex 16.799999999999997 7.5 15.600000000000001
      vertex 16.799999999999997 20.5 6.000000000000002
      vertex 16.799999999999997 7.5 6.000000000000001
    endloop
  endfacet
  facet normal 0 -1 0
    outer loop
      vertex 19.16000000000001 7.5 5.96
      vertex 51.599999999999966 7.5 4.800000000000001
      vertex 52.8 7.5 4.800000000000001
    endloop
  endfacet
  facet normal 0 -1 0
    outer loop
      vertex 19.16000000000001 7.5 5.96
      vertex 52.8 7.5 4.800000000000001
      vertex 52.199999999999996 7.5 5.4
    endloop
  endfacet
  facet normal -5.286776307738842e-17 -1 5.286776307738931e-17
    outer loop
      vertex 50.439999999999976 7.5 15.640000000000002
      vertex 51.599999999999994 7.5 16.8
      vertex 18 7.500000000000002 16.8
    endloop
  endfacet
  facet normal 0 -1 0
    outer loop
      vertex 52.8 7.5 15.600000000000001
      vertex 51.599999999999994 7.5 6.000000000000001
      vertex 52.8 7.5 6
    endloop
  endfacet
  facet normal 0 -1 0
    outer loop
      vertex 51.599999999999994 7.5 6.000000000000001
      vertex 52.8 7.5 15.600000000000001
      vertex 51.599999999999994 7.5 15.600000000000001
    endloop
  endfacet
  facet normal 0 -1 0
    outer loop
      vertex 50.439999999999976 7.5 15.640000000000002
      vertex 51.599999999999994 7.5 15.600000000000001
      vertex 52.39550561797753 7.5 16.39550561797753
    endloop
  endfacet
  facet normal 0 -1 0
    outer loop
      vertex 50.439999999999976 7.5 15.640000000000002
      vertex 52.8 7.5 16.8
      vertex 51.599999999999994 7.5 16.8
    endloop
  endfacet
  facet normal 0 -1 0
    outer loop
      vertex 52.8 7.5 15.600000000000001
      vertex 52.8 7.5 16.18983050847458
      vertex 51.599999999999994 7.5 15.600000000000001
    endloop
  endfacet
  facet normal 0 -1 0
    outer loop
      vertex 50.439999999999976 7.5 15.640000000000002
      vertex 52.39550561797753 7.5 16.39550561797753
      vertex 52.8 7.5 16.8
    endloop
  endfacet
  facet normal 0 -1 0
    outer loop
      vertex 52.8 7.5 16.18983050847458
      vertex 52.39550561797753 7.5 16.39550561797753
      vertex 51.599999999999994 7.5 15.600000000000001
    endloop
  endfacet
  facet normal 0 0 1
    outer loop
      vertex 51.599999999999994 7.5 16.8
      vertex 51.599999999999994 20.5 16.8
      vertex 18 7.500000000000002 16.8
    endloop
  endfacet
  facet normal 1 0 0
    outer loop
      vertex 52.8 7.5 15.600000000000001
      vertex 52.8 7.5 6
      vertex 52.8 20.5 6.000000000000001
    endloop
  endfacet
  facet normal -1 0 0
    outer loop
      vertex 16.799999999999997 7.5 15.600000000000001
      vertex 16.799999999999997 20.5 15.600000000000001
      vertex 16.799999999999997 20.5 6.000000000000002
    endloop
  endfacet
  facet normal 0 0 1
    outer loop
      vertex 18 7.500000000000002 16.8
      vertex 51.599999999999994 20.5 16.8
      vertex 18 20.5 16.8
    endloop
  endfacet
  facet normal 0 1 0
    outer loop
      vertex 16.799999999999997 22.5 4.800000000000001
      vertex 16.799999999999997 22.5 16.8
      vertex 52.8 22.5 4.800000000000001
    endloop
  endfacet
  facet normal 1 0 0
    outer loop
      vertex 52.8 20.5 15.600000000000001
      vertex 52.8 7.5 15.600000000000001
      vertex 52.8 20.5 6.000000000000001
    endloop
  endfacet
  facet normal 0 1 0
    outer loop
      vertex 52.8 22.5 4.800000000000001
      vertex 16.799999999999997 22.5 16.8
      vertex 52.8 22.5 16.8
    endloop
  endfacet
  facet normal 0 0 -1
    outer loop
      vertex 157.2 7.5 112.8
      vertex 157.2 20.5 112.8
      vertex 190.8 7.5 112.8
    endloop
  endfacet
  facet normal -1 0 0
    outer loop
      vertex 190.8 7.5 103.2
      vertex 190.8 7.5 112.8
      vertex 190.8 20.5 112.8
    endloop
  endfacet
  facet normal -1 0 0
    outer loop
      vertex 190.8 7.5 103.2
      vertex 190.8 20.5 112.8
      vertex 190.8 20.5 103.2
    endloop
  endfacet
  facet normal 0 0 -1
    outer loop
      vertex 190.8 7.5 112.8
      vertex 157.2 20.5 112.8
      vertex 190.8 20.5 112.8
    endloop
  endfacet
  facet normal 0 -1 0
    outer loop
      vertex 157.2 20.5 103.2
      vertex 190.8 20.5 103.2
      vertex 157.2 20.5 112.8
    endloop
  endfacet
  facet normal 0 -1 0
    outer loop
      vertex 157.2 20.5 112.8
      vertex 190.8 20.5 103.2
      vertex 190.8 20.5 112.8
    endloop
  endfacet
  facet normal -1 0 0
    outer loop
      vertex 190.8 7.5 81.60000000000001
      vertex 190.8 7.5 91.2
      vertex 190.8 20.5 91.2
    endloop
  endfacet
  facet normal -1 0 0
    outer loop
      vertex 190.8 7.5 81.60000000000001
      vertex 190.8 20.5 91.2
      vertex 190.8 20.5 81.60000000000001
    endloop
  endfacet
  facet normal 0 -1 0
    outer loop
      vertex 157.2 20.5 81.60000000000001
      vertex 190.8 20.5 81.60000000000001
      vertex 157.2 20.5 91.2
    endloop
  endfacet
  facet normal 0 -1 0
    outer loop
      vertex 190.8 20.5 81.60000000000001
      vertex 190.8 20.5 91.2
      vertex 157.2 20.5 91.2
    endloop
  endfacet
  facet normal 1 0 0
    outer loop
      vertex 157.2 7.5 60
      vertex 157.2 20.5 60.000000000000014
      vertex 157.2 7.5 69.60000000000001
    endloop
  endfacet
  facet normal -4.22942104619107e-16 0 1
    outer loop
      vertex 157.2 7.5 60
      vertex 190.8 7.5 60.000000000000014
      vertex 190.8 20.5 60.000000000000014
    endloop
  endfacet
  facet normal -1 0 0
    outer loop
      vertex 190.8 7.5 60.000000000000014
      vertex 190.8 7.5 69.60000000000001
      vertex 190.8 20.5 69.60000000000001
    endloop
  endfacet
  facet normal 0 -1.0931426704001542e-15 1
    outer loop
      vertex 157.2 7.5 60
      vertex 190.8 20.5 60.000000000000014
      vertex 157.2 20.5 60.000000000000014
    endloop
  endfacet
  facet normal -1 0 0
    outer loop
      vertex 190.8 7.5 60.000000000000014
      vertex 190.8 20.5 69.60000000000001
      vertex 190.8 20.5 60.000000000000014
    endloop
  endfacet
  facet normal 0 -1 0
    outer loop
      vertex 157.2 20.5 60.000000000000014
      vertex 190.8 20.5 60.000000000000014
      vertex 157.2 20.5 69.60000000000001
    endloop
  endfacet
  facet normal 0 -1 0
    outer loop
      vertex 157.2 20.5 69.60000000000001
      vertex 190.8 20.5 60.000000000000014
      vertex 190.8 20.5 69.60000000000001
    endloop
  endfacet
  facet normal -1 0 0
    outer loop
      vertex 190.8 7.5 38.400000000000006
      vertex 190.8 7.5 48
      vertex 190.8 20.5 48
    endloop
  endfacet
  facet normal -1 0 0
    outer loop
      vertex 190.8 7.5 38.400000000000006
      vertex 190.8 20.5 48
      vertex 190.8 20.5 38.400000000000006
    endloop
  endfacet
  facet normal 0 -1 0
    outer loop
      vertex 157.2 20.5 38.400000000000006
      vertex 190.8 20.5 38.400000000000006
      vertex 157.2 20.5 48
    endloop
  endfacet
  facet normal 0 -1 0
    outer loop
      vertex 157.2 20.5 48
      vertex 190.8 20.5 38.400000000000006
      vertex 190.8 20.5 48
    endloop
  endfacet
  facet normal -1 8.745141363201229e-15 -1.1842378929334997e-14
    outer loop
      vertex 190.8 7.5 16.8
      vertex 190.7999999999999 7.5 26.400000000000006
      vertex 190.8 20.5 26.400000000000002
    endloop
  endfacet
  facet normal 0 -2.7328566760003855e-16 -1
    outer loop
      vertex 157.2 7.5 26.400000000000006
      vertex 157.2 20.5 26.400000000000002
      vertex 190.7999999999999 7.5 26.400000000000006
    endloop
  endfacet
  facet normal -1 0 0
    outer loop
      vertex 190.8 7.5 16.8
      vertex 190.8 20.5 26.400000000000002
      vertex 190.8 20.5 16.8
    endloop
  endfacet
  facet normal 0 -2.7328566760003855e-16 -1
    outer loop
      vertex 190.7999999999999 7.5 26.400000000000006
      vertex 157.2 20.5 26.400000000000002
      vertex 190.8 20.5 26.400000000000002
    endloop
  endfacet
  facet normal 0 -1 0
    outer loop
      vertex 157.2 20.5 16.8
      vertex 190.8 20.5 16.8
      vertex 157.2 20.5 26.400000000000002
    endloop
  endfacet
  facet normal 0 -1 0
    outer loop
      vertex 190.8 20.5 16.8
      vertex 190.8 20.5 26.400000000000002
      vertex 157.2 20.5 26.400000000000002
    endloop
  endfacet
  facet normal 1 0 0
    outer loop
      vertex 157.2 8.944444444444445 -4.8
      vertex 157.2 20.5 -4.4
      vertex 157.2 14.464285714285715 -0.2142857142857144
    endloop
  endfacet
  facet normal 0 -6.832141690000962e-17 -1
    outer loop
      vertex 157.2 7.5 4.800000000000001
      vertex 157.2 20.5 4.8
      vertex 190.79999999999998 7.5 4.800000000000001
    endloop
  endfacet
  facet normal 0 0 1
    outer loop
      vertex 157.2 7.5 -4.8
      vertex 190.8 20.5 -4.8
      vertex 157.2 8.944444444444445 -4.8
    endloop
  endfacet
  facet normal 0 0 1
    outer loop
      vertex 157.2 7.5 -4.8
      vertex 190.8 7.5 -4.8
      vertex 190.8 20.5 -4.8
    endloop
  endfacet
  facet normal -1 2.186285340800308e-15 -2.9605947323337505e-15
    outer loop
      vertex 190.8 7.5 -4.8
      vertex 190.79999999999998 7.5 4.800000000000001
      vertex 190.8 20.5 4.8
    endloop
  endfacet
  facet normal 1 0 0
    outer loop
      vertex 157.2 8.944444444444445 -4.8
      vertex 157.2 20.5 -4.8
      vertex 157.2 20.5 -4.4
    endloop
  endfacet
  facet normal 1 0 0
    outer loop
      vertex 157.2 14.464285714285715 -0.2142857142857144
      vertex 157.2 20.5 -4.4
      vertex 157.2 14.464285714285715 0.4285714285714288
    endloop
  endfacet
  facet normal 0 0 1
    outer loop
      vertex 157.2 8.944444444444445 -4.8
      vertex 190.8 20.5 -4.8
      vertex 157.2 20.5 -4.8
    endloop
  endfacet
  facet normal -1 0 0
    outer loop
      vertex 190.8 7.5 -4.8
      vertex 190.8 20.5 4.8
      vertex 190.8 20.5 -4.8
    endloop
  endfacet
  facet normal 0 -6.832141690000964e-17 -1
    outer loop
      vertex 190.79999999999998 7.5 4.800000000000001
      vertex 157.2 20.5 4.8
      vertex 190.8 20.5 4.8
    endloop
  endfacet
  facet normal 0 -1 0
    outer loop
      vertex 157.2 20.5 -4.8
      vertex 190.8 20.5 -4.8
      vertex 157.2 20.5 -4.4
    endloop
  endfacet
  facet normal 0 -1 0
    outer loop
      vertex 157.2 20.5 -4.4
      vertex 190.8 20.5 -4.8
      vertex 157.2 20.5 4.8
    endloop
  endfacet
  facet normal 0 -1 0
    outer loop
      vertex 157.2 20.5 4.8
      vertex 190.8 20.5 -4.8
      vertex 190.8 20.5 4.8
    endloop
  endfacet
  facet normal -1 0 0
    outer loop
      vertex 190.8 7.5 92.4
      vertex 190.8 7.5 102
      vertex 190.8 20.5 102
    endloop
  endfacet
  facet normal -1 0 0
    outer loop
      vertex 190.8 7.5 92.4
      vertex 190.8 20.5 102
      vertex 190.8 20.5 92.4
    endloop
  endfacet
  facet normal 0 -1 0
    outer loop
      vertex 157.2 20.5 92.4
      vertex 190.8 20.5 92.4
      vertex 157.2 20.5 102
    endloop
  endfacet
  facet normal 0 -1 0
    outer loop
      vertex 157.2 20.5 102
      vertex 190.8 20.5 92.4
      vertex 190.8 20.5 102
    endloop
  endfacet
  facet normal -1 0 0
    outer loop
      vertex 190.8 7.5 70.80000000000001
      vertex 190.8 7.5 80.4
      vertex 190.8 20.5 80.4
    endloop
  endfacet
  facet normal -1 0 0
    outer loop
      vertex 190.8 7.5 70.80000000000001
      vertex 190.8 20.5 80.4
      vertex 190.8 20.5 70.80000000000001
    endloop
  endfacet
  facet normal 0 -1 0
    outer loop
      vertex 157.2 20.5 70.80000000000001
      vertex 190.8 20.5 70.80000000000001
      vertex 157.2 20.5 80.4
    endloop
  endfacet
  facet normal 0 -1 0
    outer loop
      vertex 157.2 20.5 80.4
      vertex 190.8 20.5 70.80000000000001
      vertex 190.8 20.5 80.4
    endloop
  endfacet
  facet normal 0 -1.0931426704001542e-15 -1
    outer loop
      vertex 157.2 7.5 58.80000000000001
      vertex 157.2 20.5 58.8
      vertex 190.7999999999996 7.5 58.80000000000001
    endloop
  endfacet
  facet normal -1 3.060799477120427e-14 -4.144832625267248e-14
    outer loop
      vertex 190.8 7.5 49.2
      vertex 190.7999999999996 7.5 58.80000000000001
      vertex 190.8 20.5 58.8
    endloop
  endfacet
  facet normal -1 0 0
    outer loop
      vertex 190.8 7.5 49.2
      vertex 190.8 20.5 58.8
      vertex 190.8 20.5 49.2
    endloop
  endfacet
  facet normal 0 -1 0
    outer loop
      vertex 157.2 20.5 49.2
      vertex 190.8 20.5 49.2
      vertex 157.2 20.5 58.8
    endloop
  endfacet
  facet normal 0 -1.0931426704001542e-15 -1
    outer loop
      vertex 190.7999999999996 7.5 58.80000000000001
      vertex 157.2 20.5 58.8
      vertex 190.8 20.5 58.8
    endloop
  endfacet
  facet normal 0 -1 0
    outer loop
      vertex 190.8 20.5 49.2
      vertex 190.8 20.5 58.8
      vertex 157.2 20.5 58.8
    endloop
  endfacet
  facet normal -1.0573552615477675e-16 0 1
    outer loop
      vertex 157.2 7.5 27.6
      vertex 190.8 7.5 27.600000000000005
      vertex 190.8 20.5 27.600000000000005
    endloop
  endfacet
  facet normal -1 0 0
    outer loop
      vertex 190.8 7.5 27.600000000000005
      vertex 190.8 7.5 37.2
      vertex 190.8 20.5 37.2
    endloop
  endfacet
  facet normal 0 -2.7328566760003855e-16 1
    outer loop
      vertex 157.2 7.5 27.6
      vertex 190.8 20.5 27.600000000000005
      vertex 157.2 20.5 27.600000000000005
    endloop
  endfacet
  facet normal -1 0 0
    outer loop
      vertex 190.8 7.5 27.600000000000005
      vertex 190.8 20.5 37.2
      vertex 190.8 20.5 27.600000000000005
    endloop
  endfacet
  facet normal 0 -1 0
    outer loop
      vertex 157.2 20.5 27.600000000000005
      vertex 190.8 20.5 27.600000000000005
      vertex 157.2 20.5 37.2
    endloop
  endfacet
  facet normal 0 -1 0
    outer loop
      vertex 157.2 20.5 37.2
      vertex 190.8 20.5 27.600000000000005
      vertex 190.8 20.5 37.2
    endloop
  endfacet
  facet normal -2.6433881538694186e-17 0 1
    outer loop
      vertex 157.2 7.5 6
      vertex 190.8 7.5 6.000000000000001
      vertex 190.8 20.5 6.000000000000001
    endloop
  endfacet
  facet normal -1 0 0
    outer loop
      vertex 190.8 7.5 6.000000000000001
      vertex 190.8 7.5 15.600000000000001
      vertex 190.8 20.5 15.600000000000001
    endloop
  endfacet
  facet normal 0 -6.832141690000964e-17 1
    outer loop
      vertex 157.2 7.5 6
      vertex 190.8 20.5 6.000000000000001
      vertex 157.2 20.5 6.000000000000001
    endloop
  endfacet
  facet normal -1 0 0
    outer loop
      vertex 190.8 7.5 6.000000000000001
      vertex 190.8 20.5 15.600000000000001
      vertex 190.8 20.5 6.000000000000001
    endloop
  endfacet
  facet normal 0 -1 0
    outer loop
      vertex 157.2 20.5 6.000000000000001
      vertex 190.8 20.5 6.000000000000001
      vertex 157.2 20.5 15.600000000000001
    endloop
  endfacet
  facet normal 0 -1 0
    outer loop
      vertex 157.2 20.5 15.600000000000001
      vertex 190.8 20.5 6.000000000000001
      vertex 190.8 20.5 15.600000000000001
    endloop
  endfacet
  facet normal 0 0 -1
    outer loop
      vertex 87.6 7.5 112.8
      vertex 87.6 15.23809523809524 112.8
      vertex 121.19999999999999 7.5 112.8
    endloop
  endfacet
  facet normal 0 0 -1
    outer loop
      vertex 121.19999999999999 7.5 112.8
      vertex 87.6 15.23809523809524 112.8
      vertex 87.6 20.5 112.8
    endloop
  endfacet
  facet normal 0 0 -1
    outer loop
      vertex 121.19999999999999 7.5 112.8
      vertex 87.6 20.5 112.8
      vertex 121.19999999999999 20.5 112.8
    endloop
  endfacet
  facet normal 1 0 0
    outer loop
      vertex 87.6 15.23809523809524 112.8
      vertex 87.6 20.5 104.64
      vertex 87.6 20.5 112.8
    endloop
  endfacet
  facet normal 0 -1 0
    outer loop
      vertex 87.6 20.5 103.2
      vertex 121.19999999999999 20.5 103.2
      vertex 87.6 20.5 104.64
    endloop
  endfacet
  facet normal 0 -1 0
    outer loop
      vertex 87.6 20.5 104.64
      vertex 121.19999999999999 20.5 103.2
      vertex 87.6 20.5 112.8
    endloop
  endfacet
  facet normal 0 -1 0
    outer loop
      vertex 87.6 20.5 112.8
      vertex 121.19999999999999 20.5 103.2
      vertex 121.19999999999999 20.5 112.8
    endloop
  endfacet
  facet normal 0 -1 0
    outer loop
      vertex 87.6 20.5 81.60000000000001
      vertex 121.19999999999999 20.5 81.60000000000001
      vertex 87.6 20.5 91.2
    endloop
  endfacet
  facet normal 0 -1 0
    outer loop
      vertex 121.19999999999999 20.5 81.60000000000001
      vertex 121.19999999999999 20.5 91.2
      vertex 87.6 20.5 91.2
    endloop
  endfacet
  facet normal 1 0 0
    outer loop
      vertex 87.6 7.5 60
      vertex 87.6 20.5 60.000000000000014
      vertex 87.6 7.5 69.60000000000001
    endloop
  endfacet
  facet normal -4.2294210461910733e-16 0 1
    outer loop
      vertex 87.6 7.5 60
      vertex 121.19999999999999 7.500000000000022 60.000000000000014
      vertex 121.19999999999999 20.5 60.000000000000014
    endloop
  endfacet
  facet normal 0 -1.093142670400154e-15 1
    outer loop
      vertex 87.6 7.5 60
      vertex 121.19999999999999 20.5 60.000000000000014
      vertex 87.6 20.5 60.000000000000014
    endloop
  endfacet
  facet normal 0 -1 0
    outer loop
      vertex 87.6 20.5 60.000000000000014
      vertex 121.19999999999999 20.5 60.000000000000014
      vertex 87.6 20.5 69.60000000000001
    endloop
  endfacet
  facet normal 0 -1 0
    outer loop
      vertex 87.6 20.5 69.60000000000001
      vertex 121.19999999999999 20.5 60.000000000000014
      vertex 121.19999999999999 20.5 69.60000000000001
    endloop
  endfacet
  facet normal 0 -1 0
    outer loop
      vertex 87.6 20.5 38.400000000000006
      vertex 121.19999999999999 20.5 38.400000000000006
      vertex 87.6 20.5 48
    endloop
  endfacet
  facet normal 0 -1 0
    outer loop
      vertex 87.6 20.5 48
      vertex 121.19999999999999 20.5 38.400000000000006
      vertex 121.19999999999999 20.5 48
    endloop
  endfacet
  facet normal -1 7.651998692801077e-15 -1.0362081563168122e-14
    outer loop
      vertex 121.19999999999999 7.5 16.8
      vertex 121.19999999999989 7.5 26.400000000000006
      vertex 121.19999999999999 20.5 26.400000000000002
    endloop
  endfacet
  facet normal 0 -2.7328566760003855e-16 -1
    outer loop
      vertex 87.6 7.5 26.400000000000006
      vertex 87.6 20.5 26.400000000000002
      vertex 121.19999999999989 7.5 26.400000000000006
    endloop
  endfacet
  facet normal 0 -2.732856676000385e-16 -1
    outer loop
      vertex 121.19999999999989 7.5 26.400000000000006
      vertex 87.6 20.5 26.400000000000002
      vertex 121.19999999999999 20.5 26.400000000000002
    endloop
  endfacet
  facet normal 0 -1 0
    outer loop
      vertex 87.6 20.5 16.8
      vertex 121.19999999999999 20.5 16.8
      vertex 87.6 20.5 26.400000000000002
    endloop
  endfacet
  facet normal 0 -1 0
    outer loop
      vertex 121.19999999999999 20.5 16.8
      vertex 121.19999999999999 20.5 26.400000000000002
      vertex 87.6 20.5 26.400000000000002
    endloop
  endfacet
  facet normal 0 -6.832141690000962e-17 -1
    outer loop
      vertex 87.6 7.5 4.800000000000001
      vertex 87.6 20.5 4.8
      vertex 121.19999999999999 7.5 4.800000000000001
    endloop
  endfacet
  facet normal 0 0 1
    outer loop
      vertex 87.6 7.5 -4.8
      vertex 121.19999999999999 20.5 -4.8
      vertex 87.6 8.944444444444445 -4.8
    endloop
  endfacet
  facet normal 0 0 1
    outer loop
      vertex 87.6 7.5 -4.8
      vertex 121.19999999999999 7.5 -4.8
      vertex 121.19999999999999 20.5 -4.8
    endloop
  endfacet
  facet normal 1 0 0
    outer loop
      vertex 87.6 8.944444444444445 -4.8
      vertex 87.6 20.5 -4.4
      vertex 87.6 14.464285714285715 -0.2142857142857144
    endloop
  endfacet
  facet normal -1 0 0
    outer loop
      vertex 121.19999999999999 7.5 -4.8
      vertex 121.19999999999999 7.5 4.800000000000001
      vertex 121.19999999999999 20.5 4.8
    endloop
  endfacet
  facet normal 1 0 0
    outer loop
      vertex 87.6 8.944444444444445 -4.8
      vertex 87.6 20.5 -4.8
      vertex 87.6 20.5 -4.4
    endloop
  endfacet
  facet normal 1 0 0
    outer loop
      vertex 87.6 14.464285714285715 -0.2142857142857144
      vertex 87.6 20.5 -4.4
      vertex 87.6 14.464285714285715 0.4285714285714288
    endloop
  endfacet
  facet normal 0 0 1
    outer loop
      vertex 87.6 8.944444444444445 -4.8
      vertex 121.19999999999999 20.5 -4.8
      vertex 87.6 20.5 -4.8
    endloop
  endfacet
  facet normal 0 -6.832141690000962e-17 -1
    outer loop
      vertex 121.19999999999999 7.5 4.800000000000001
      vertex 87.6 20.5 4.8
      vertex 121.19999999999999 20.5 4.8
    endloop
  endfacet
  facet normal 0 -1 0
    outer loop
      vertex 87.6 20.5 -4.8
      vertex 121.19999999999999 20.5 -4.8
      vertex 87.6 20.5 -4.4
    endloop
  endfacet
  facet normal 0 -1 0
    outer loop
      vertex 87.6 20.5 -4.4
      vertex 121.19999999999999 20.5 -4.8
      vertex 87.6 20.5 4.8
    endloop
  endfacet
  facet normal 0 -1 0
    outer loop
      vertex 87.6 20.5 4.8
      vertex 121.19999999999999 20.5 -4.8
      vertex 121.19999999999999 20.5 4.8
    endloop
  endfacet
  facet normal 0 -1 0
    outer loop
      vertex 87.6 20.5 92.4
      vertex 121.19999999999999 20.5 92.4
      vertex 87.6 20.5 102
    endloop
  endfacet
  facet normal 0 -1 0
    outer loop
      vertex 87.6 20.5 102
      vertex 121.19999999999999 20.5 92.4
      vertex 121.19999999999999 20.5 102
    endloop
  endfacet
  facet normal 0 -1 0
    outer loop
      vertex 87.6 20.5 70.80000000000001
      vertex 121.19999999999999 20.5 70.80000000000001
      vertex 87.6 20.5 80.4
    endloop
  endfacet
  facet normal 0 -1 0
    outer loop
      vertex 87.6 20.5 80.4
      vertex 121.19999999999999 20.5 70.80000000000001
      vertex 121.19999999999999 20.5 80.4
    endloop
  endfacet
  facet normal 0 -1.0931426704001542e-15 -1
    outer loop
      vertex 87.6 7.5 58.80000000000001
      vertex 87.6 20.5 58.8
      vertex 121.19999999999958 7.5 58.80000000000001
    endloop
  endfacet
  facet normal -1 3.1701137441604427e-14 -4.292862361883935e-14
    outer loop
      vertex 121.19999999999999 7.5 49.2
      vertex 121.19999999999958 7.5 58.80000000000001
      vertex 121.19999999999999 20.5 58.8
    endloop
  endfacet
  facet normal 0 -1 0
    outer loop
      vertex 87.6 20.5 49.2
      vertex 121.19999999999999 20.5 49.2
      vertex 87.6 20.5 58.8
    endloop
  endfacet
  facet normal 0 -1.0931426704001542e-15 -1
    outer loop
      vertex 121.19999999999958 7.5 58.80000000000001
      vertex 87.6 20.5 58.8
      vertex 121.19999999999999 20.5 58.8
    endloop
  endfacet
  facet normal 0 -1 0
    outer loop
      vertex 121.19999999999999 20.5 49.2
      vertex 121.19999999999999 20.5 58.8
      vertex 87.6 20.5 58.8
    endloop
  endfacet
  facet normal -1.0573552615477682e-16 0 1
    outer loop
      vertex 87.6 7.5 27.6
      vertex 121.19999999999999 7.5 27.600000000000005
      vertex 121.19999999999999 20.5 27.600000000000005
    endloop
  endfacet
  facet normal 0 -2.732856676000385e-16 1
    outer loop
      vertex 87.6 7.5 27.6
      vertex 121.19999999999999 20.5 27.600000000000005
      vertex 87.6 20.5 27.600000000000005
    endloop
  endfacet
  facet normal 0 -1 0
    outer loop
      vertex 87.6 20.5 27.600000000000005
      vertex 121.19999999999999 20.5 27.600000000000005
      vertex 87.6 20.5 37.2
    endloop
  endfacet
  facet normal 0 -1 0
    outer loop
      vertex 87.6 20.5 37.2
      vertex 121.19999999999999 20.5 27.600000000000005
      vertex 121.19999999999999 20.5 37.2
    endloop
  endfacet
  facet normal -2.6433881538694205e-17 0 1
    outer loop
      vertex 87.6 7.5 6
      vertex 121.19999999999999 7.5 6.000000000000001
      vertex 121.19999999999999 20.5 6.000000000000001
    endloop
  endfacet
  facet normal 0 -6.832141690000962e-17 1
    outer loop
      vertex 87.6 7.5 6
      vertex 121.19999999999999 20.5 6.000000000000001
      vertex 87.6 20.5 6.000000000000001
    endloop
  endfacet
  facet normal 0 -1 0
    outer loop
      vertex 87.6 20.5 6.000000000000001
      vertex 121.19999999999999 20.5 6.000000000000001
      vertex 87.6 20.5 15.600000000000001
    endloop
  endfacet
  facet normal 0 -1 0
    outer loop
      vertex 87.6 20.5 15.600000000000001
      vertex 121.19999999999999 20.5 6.000000000000001
      vertex 121.19999999999999 20.5 15.600000000000001
    endloop
  endfacet
  facet normal 1 0 0
    outer loop
      vertex -16.8 7.5 103.2
      vertex -16.8 20.5 103.2
      vertex -16.8 7.5 112.8
    endloop
  endfacet
  facet normal 0 0 -1
    outer loop
      vertex -16.8 7.5 112.8
      vertex -16.8 20.5 112.8
      vertex 16.799999999999997 7.5 112.8
    endloop
  endfacet
  facet normal 1 0 0
    outer loop
      vertex -16.8 7.5 112.8
      vertex -16.8 20.5 103.2
      vertex -16.8 20.5 112.8
    endloop
  endfacet
  facet normal 0 0 -1
    outer loop
      vertex -16.8 20.5 112.8
      vertex 16.799999999999997 20.5 112.8
      vertex 16.799999999999997 7.5 112.8
    endloop
  endfacet
  facet normal 0 -1 0
    outer loop
      vertex -16.8 20.5 103.2
      vertex 16.799999999999997 20.5 103.2
      vertex -16.8 20.5 112.8
    endloop
  endfacet
  facet normal 0 -1 0
    outer loop
      vertex -16.8 20.5 112.8
      vertex 16.799999999999997 20.5 103.2
      vertex 16.799999999999997 20.5 112.8
    endloop
  endfacet
  facet normal 1 0 0
    outer loop
      vertex -16.8 7.5 81.60000000000001
      vertex -16.8 20.5 81.60000000000001
      vertex -16.8 7.5 91.2
    endloop
  endfacet
  facet normal 1 0 0
    outer loop
      vertex -16.8 7.5 91.2
      vertex -16.8 20.5 81.60000000000001
      vertex -16.8 20.5 91.2
    endloop
  endfacet
  facet normal 0 -1 0
    outer loop
      vertex -16.8 20.5 81.60000000000001
      vertex 16.799999999999997 20.5 81.60000000000001
      vertex -16.8 20.5 91.2
    endloop
  endfacet
  facet normal 0 -1 0
    outer loop
      vertex -16.8 20.5 91.2
      vertex 16.799999999999997 20.5 81.60000000000001
      vertex 16.799999999999997 20.5 91.2
    endloop
  endfacet
  facet normal 1 3.1701137441604427e-14 4.292862361883935e-14
    outer loop
      vertex -16.79999999999959 7.5 60
      vertex -16.8 20.5 60.000000000000014
      vertex -16.8 7.5 69.60000000000001
    endloop
  endfacet
  facet normal -4.2294210461911255e-16 0 1
    outer loop
      vertex -16.79999999999959 7.5 60
      vertex 16.799999999999997 7.500000000000022 60.000000000000014
      vertex 16.799999999999997 20.5 60.000000000000014
    endloop
  endfacet
  facet normal 0 -1.0931426704001542e-15 1
    outer loop
      vertex -16.79999999999959 7.5 60
      vertex 16.799999999999997 20.5 60.000000000000014
      vertex -16.8 20.5 60.000000000000014
    endloop
  endfacet
  facet normal 1 0 0
    outer loop
      vertex -16.8 7.5 69.60000000000001
      vertex -16.8 20.5 60.000000000000014
      vertex -16.8 20.5 69.60000000000001
    endloop
  endfacet
  facet normal 0 -1 0
    outer loop
      vertex -16.8 20.5 60.000000000000014
      vertex 16.799999999999997 20.5 60.000000000000014
      vertex -16.8 20.5 69.60000000000001
    endloop
  endfacet
  facet normal 0 -1 0
    outer loop
      vertex -16.8 20.5 69.60000000000001
      vertex 16.799999999999997 20.5 60.000000000000014
      vertex 16.799999999999997 20.5 69.60000000000001
    endloop
  endfacet
  facet normal 1 0 0
    outer loop
      vertex -16.8 7.5 38.400000000000006
      vertex -16.8 20.5 38.400000000000006
      vertex -16.8 7.5 48
    endloop
  endfacet
  facet normal 1 0 0
    outer loop
      vertex -16.8 7.5 48
      vertex -16.8 20.5 38.400000000000006
      vertex -16.8 20.5 48
    endloop
  endfacet
  facet normal 0 -1 0
    outer loop
      vertex -16.8 20.5 38.400000000000006
      vertex 16.799999999999997 20.5 38.400000000000006
      vertex -16.8 20.5 48
    endloop
  endfacet
  facet normal 0 -1 0
    outer loop
      vertex -16.8 20.5 48
      vertex 16.799999999999997 20.5 38.400000000000006
      vertex 16.799999999999997 20.5 48
    endloop
  endfacet
  facet normal 1 0 3.7007434154171867e-16
    outer loop
      vertex -16.8 7.5 16.8
      vertex -16.8 20.5 16.8
      vertex -16.800000000000004 7.5 26.400000000000006
    endloop
  endfacet
  facet normal -1 7.925284360401113e-15 -1.073215590470984e-14
    outer loop
      vertex 16.799999999999898 7.5 26.400000000000006
      vertex 16.799999999999997 20.051724137931036 26.400000000000002
      vertex 16.799999999999997 7.5 17.131034482758622
    endloop
  endfacet
  facet normal 0 -2.7328566760003855e-16 -1
    outer loop
      vertex -16.800000000000004 7.5 26.400000000000006
      vertex -16.8 20.5 26.400000000000002
      vertex 16.799999999999898 7.5 26.400000000000006
    endloop
  endfacet
  facet normal 1 -2.732856676000385e-16 0
    outer loop
      vertex -16.800000000000004 7.5 26.400000000000006
      vertex -16.8 20.5 16.8
      vertex -16.8 20.5 26.400000000000002
    endloop
  endfacet
  facet normal -3.77626879124202e-18 -2.8304587001432555e-16 -1
    outer loop
      vertex 16.799999999999898 7.5 26.400000000000006
      vertex -16.8 20.5 26.400000000000002
      vertex 16.799999999999997 20.051724137931036 26.400000000000002
    endloop
  endfacet
  facet normal 0 -1 0
    outer loop
      vertex -16.8 20.5 16.8
      vertex 16.799999999999997 20.5 16.8
      vertex -16.8 20.5 26.400000000000002
    endloop
  endfacet
  facet normal 0 -1 0
    outer loop
      vertex -16.8 20.5 26.400000000000002
      vertex 16.799999999999997 20.5 16.8
      vertex 16.799999999999997 20.5 26.400000000000002
    endloop
  endfacet
  facet normal 0 0 -1
    outer loop
      vertex -16.8 20.5 26.400000000000002
      vertex 16.799999999999997 20.5 26.400000000000002
      vertex 16.799999999999997 20.051724137931036 26.400000000000002
    endloop
  endfacet
  facet normal -1 0 0
    outer loop
      vertex 16.799999999999997 7.5 4.800000000000001
      vertex 16.799999999999997 18.642857142857142 4.8
      vertex 16.799999999999997 7.5 -3.428571428571428
    endloop
  endfacet
  facet normal 1 0 0
    outer loop
      vertex -16.8 7.5 -4.8
      vertex -16.8 20.5 -4.8
      vertex -16.8 7.5 4.800000000000001
    endloop
  endfacet
  facet normal 0 -6.832141690000962e-17 -1
    outer loop
      vertex -16.8 7.5 4.800000000000001
      vertex -16.8 20.5 4.8
      vertex 16.799999999999997 7.5 4.800000000000001
    endloop
  endfacet
  facet normal 0 -6.832141690000962e-17 1
    outer loop
      vertex -16.8 7.5 -4.8
      vertex 16.799999999999997 7.5 -4.8
      vertex 16.799999999999997 20.5 -4.799999999999999
    endloop
  endfacet
  facet normal -2.6433881538694205e-17 0 1
    outer loop
      vertex -16.8 7.5 -4.8
      vertex 16.799999999999997 20.5 -4.799999999999999
      vertex -16.8 20.5 -4.8
    endloop
  endfacet
  facet normal 1 0 0
    outer loop
      vertex -16.8 7.5 4.800000000000001
      vertex -16.8 20.5 -4.8
      vertex -16.8 20.5 4.8
    endloop
  endfacet
  facet normal -4.405646923115703e-18 -7.97083197166779e-17 -1
    outer loop
      vertex 16.799999999999997 7.5 4.800000000000001
      vertex -16.8 20.5 4.8
      vertex 16.799999999999997 18.642857142857142 4.8
    endloop
  endfacet
  facet normal 0 -1 0
    outer loop
      vertex -16.8 20.5 -4.8
      vertex 16.799999999999997 20.5 -4.799999999999999
      vertex -16.8 20.5 4.8
    endloop
  endfacet
  facet normal 0 0 -1
    outer loop
      vertex -16.8 20.5 4.8
      vertex 16.799999999999997 20.5 4.8
      vertex 16.799999999999997 18.642857142857142 4.8
    endloop
  endfacet
  facet normal 0 -1 0
    outer loop
      vertex -16.8 20.5 4.8
      vertex 16.799999999999997 20.5 -4.799999999999999
      vertex 16.799999999999997 20.5 4.8
    endloop
  endfacet
  facet normal 1 0 0
    outer loop
      vertex -16.8 7.5 92.4
      vertex -16.8 20.5 92.4
      vertex -16.8 7.5 102
    endloop
  endfacet
  facet normal 1 0 0
    outer loop
      vertex -16.8 7.5 102
      vertex -16.8 20.5 92.4
      vertex -16.8 20.5 102
    endloop
  endfacet
  facet normal 0 -1 0
    outer loop
      vertex -16.8 20.5 92.4
      vertex 16.799999999999997 20.5 92.4
      vertex -16.8 20.5 102
    endloop
  endfacet
  facet normal 0 -1 0
    outer loop
      vertex -16.8 20.5 102
      vertex 16.799999999999997 20.5 92.4
      vertex 16.799999999999997 20.5 102
    endloop
  endfacet
  facet normal 1 0 0
    outer loop
      vertex -16.8 7.5 70.80000000000001
      vertex -16.8 20.5 70.80000000000001
      vertex -16.8 7.5 80.4
    endloop
  endfacet
  facet normal 1 0 0
    outer loop
      vertex -16.8 7.5 80.4
      vertex -16.8 20.5 70.80000000000001
      vertex -16.8 20.5 80.4
    endloop
  endfacet
  facet normal 0 -1 0
    outer loop
      vertex -16.8 20.5 70.80000000000001
      vertex 16.799999999999997 20.5 70.80000000000001
      vertex -16.8 20.5 80.4
    endloop
  endfacet
  facet normal 0 -1 0
    outer loop
      vertex -16.8 20.5 80.4
      vertex 16.799999999999997 20.5 70.80000000000001
      vertex 16.799999999999997 20.5 80.4
    endloop
  endfacet
  facet normal 1 0 1.480297366166874e-15
    outer loop
      vertex -16.8 7.5 49.2
      vertex -16.8 20.5 49.2
      vertex -16.800000000000015 7.5 58.80000000000001
    endloop
  endfacet
  facet normal 0 -1.0931426704001542e-15 -1
    outer loop
      vertex -16.800000000000015 7.5 58.80000000000001
      vertex -16.8 20.5 58.8
      vertex 16.79999999999959 7.5 58.80000000000001
    endloop
  endfacet
  facet normal -1 3.1701137441604427e-14 -4.292862361883934e-14
    outer loop
      vertex 16.79999999999959 7.5 58.80000000000001
      vertex 16.799999999999997 20.387931034482758 58.8
      vertex 16.799999999999997 7.5 49.282758620689656
    endloop
  endfacet
  facet normal 0 -1 0
    outer loop
      vertex -16.8 20.5 49.2
      vertex 16.799999999999997 20.5 49.2
      vertex -16.8 20.5 58.8
    endloop
  endfacet
  facet normal 1 -1.0931426704001542e-15 0
    outer loop
      vertex -16.800000000000015 7.5 58.80000000000001
      vertex -16.8 20.5 49.2
      vertex -16.8 20.5 58.8
    endloop
  endfacet
  facet normal -3.677757431470518e-18 -1.1026482588384163e-15 -1
    outer loop
      vertex 16.79999999999959 7.5 58.80000000000001
      vertex -16.8 20.5 58.8
      vertex 16.799999999999997 20.387931034482758 58.8
    endloop
  endfacet
  facet normal 0 -1 0
    outer loop
      vertex -16.8 20.5 58.8
      vertex 16.799999999999997 20.5 49.2
      vertex 16.799999999999997 20.5 58.8
    endloop
  endfacet
  facet normal 0 0 -1
    outer loop
      vertex -16.8 20.5 58.8
      vertex 16.799999999999997 20.5 58.8
      vertex 16.799999999999997 20.387931034482758 58.8
    endloop
  endfacet
  facet normal 1 0 0
    outer loop
      vertex -16.8 7.5 27.600000000000005
      vertex -16.8 20.5 27.600000000000005
      vertex -16.8 7.5 37.2
    endloop
  endfacet
  facet normal 0 0 1
    outer loop
      vertex -16.8 7.5 27.600000000000005
      vertex 16.799999999999997 7.5 27.600000000000005
      vertex 16.799999999999997 20.5 27.600000000000005
    endloop
  endfacet
  facet normal 0 0 1
    outer loop
      vertex -16.8 7.5 27.600000000000005
      vertex 16.799999999999997 20.5 27.600000000000005
      vertex -16.8 20.5 27.600000000000005
    endloop
  endfacet
  facet normal 1 0 0
    outer loop
      vertex -16.8 7.5 37.2
      vertex -16.8 20.5 27.600000000000005
      vertex -16.8 20.5 37.2
    endloop
  endfacet
  facet normal 0 -1 0
    outer loop
      vertex -16.8 20.5 27.600000000000005
      vertex 16.799999999999997 20.5 27.600000000000005
      vertex -16.8 20.5 37.2
    endloop
  endfacet
  facet normal 0 -1 0
    outer loop
      vertex -16.8 20.5 37.2
      vertex 16.799999999999997 20.5 27.600000000000005
      vertex 16.799999999999997 20.5 37.2
    endloop
  endfacet
  facet normal 0 -6.832141690000962e-17 1
    outer loop
      vertex -16.8 7.5 6.000000000000001
      vertex 16.799999999999997 7.5 6.000000000000001
      vertex 16.799999999999997 20.5 6.000000000000002
    endloop
  endfacet
  facet normal 1 0 0
    outer loop
      vertex -16.8 7.5 6.000000000000001
      vertex -16.8 20.5 6.000000000000001
      vertex -16.8 7.5 15.600000000000001
    endloop
  endfacet
  facet normal -2.6433881538694205e-17 0 1
    outer loop
      vertex -16.8 7.5 6.000000000000001
      vertex 16.799999999999997 20.5 6.000000000000002
      vertex -16.8 20.5 6.000000000000001
    endloop
  endfacet
  facet normal 1 0 0
    outer loop
      vertex -16.8 7.5 15.600000000000001
      vertex -16.8 20.5 6.000000000000001
      vertex -16.8 20.5 15.600000000000001
    endloop
  endfacet
  facet normal 0 -1 0
    outer loop
      vertex -16.8 20.5 6.000000000000001
      vertex 16.799999999999997 20.5 6.000000000000002
      vertex -16.8 20.5 15.600000000000001
    endloop
  endfacet
  facet normal 0 -1 0
    outer loop
      vertex -16.8 20.5 15.600000000000001
      vertex 16.799999999999997 20.5 6.000000000000002
      vertex 16.799999999999997 20.5 15.600000000000001
    endloop
  endfacet
  facet normal 0 0 -1
    outer loop
      vertex 122.39999999999999 7.5 112.8
      vertex 122.39999999999999 20.5 112.8
      vertex 156 7.5 112.8
    endloop
  endfacet
  facet normal 0 0 -1
    outer loop
      vertex 156 7.5 112.8
      vertex 122.39999999999999 20.5 112.8
      vertex 156 8.94444444444445 112.8
    endloop
  endfacet
  facet normal 0 -1 0
    outer loop
      vertex 122.39999999999999 20.5 103.2
      vertex 156 20.5 103.2
      vertex 122.39999999999999 20.5 112.8
    endloop
  endfacet
  facet normal 0 0 -1
    outer loop
      vertex 156 8.94444444444445 112.8
      vertex 122.39999999999999 20.5 112.8
      vertex 156 20.5 112.8
    endloop
  endfacet
  facet normal -1 0 0
    outer loop
      vertex 156 8.94444444444445 112.8
      vertex 156 20.5 112.8
      vertex 156 20.5 103.2
    endloop
  endfacet
  facet normal 0 -1 0
    outer loop
      vertex 122.39999999999999 20.5 112.8
      vertex 156 20.5 103.2
      vertex 156 20.5 112.8
    endloop
  endfacet
  facet normal 0 -1 0
    outer loop
      vertex 122.39999999999999 20.5 81.60000000000001
      vertex 156 20.5 81.60000000000001
      vertex 122.39999999999999 20.5 91.2
    endloop
  endfacet
  facet normal 0 -1 0
    outer loop
      vertex 122.39999999999999 20.5 91.2
      vertex 156 20.5 81.60000000000001
      vertex 156 20.5 91.2
    endloop
  endfacet
  facet normal 1 3.1701137441604427e-14 4.292862361883935e-14
    outer loop
      vertex 122.4000000000004 7.5 60
      vertex 122.39999999999999 20.5 60.000000000000014
      vertex 122.39999999999999 7.5 69.60000000000001
    endloop
  endfacet
  facet normal -4.2294210461911236e-16 0 1
    outer loop
      vertex 122.4000000000004 7.5 60
      vertex 156 7.5 60.000000000000014
      vertex 156 20.5 60.000000000000014
    endloop
  endfacet
  facet normal 0 -1.0931426704001542e-15 1
    outer loop
      vertex 122.4000000000004 7.5 60
      vertex 156 20.5 60.000000000000014
      vertex 122.39999999999999 20.5 60.000000000000014
    endloop
  endfacet
  facet normal 0 -1 0
    outer loop
      vertex 122.39999999999999 20.5 60.000000000000014
      vertex 156 20.5 60.000000000000014
      vertex 122.39999999999999 20.5 69.60000000000001
    endloop
  endfacet
  facet normal 0 -1 0
    outer loop
      vertex 122.39999999999999 20.5 69.60000000000001
      vertex 156 20.5 60.000000000000014
      vertex 156 20.5 69.60000000000001
    endloop
  endfacet
  facet normal 0 -1 0
    outer loop
      vertex 122.39999999999999 20.5 38.400000000000006
      vertex 156 20.5 38.400000000000006
      vertex 122.39999999999999 20.5 48
    endloop
  endfacet
  facet normal 0 -1 0
    outer loop
      vertex 122.39999999999999 20.5 48
      vertex 156 20.5 38.400000000000006
      vertex 156 20.5 48
    endloop
  endfacet
  facet normal 0 -2.7328566760003855e-16 -1
    outer loop
      vertex 122.39999999999999 7.5 26.400000000000006
      vertex 122.39999999999999 20.5 26.400000000000002
      vertex 155.9999999999999 7.5 26.400000000000006
    endloop
  endfacet
  facet normal -1 8.745141363201229e-15 -1.1842378929334997e-14
    outer loop
      vertex 156 7.5 16.8
      vertex 155.9999999999999 7.5 26.400000000000006
      vertex 156 20.5 26.400000000000002
    endloop
  endfacet
  facet normal 0 -1 0
    outer loop
      vertex 122.39999999999999 20.5 16.8
      vertex 156 20.5 16.8
      vertex 122.39999999999999 20.5 26.400000000000002
    endloop
  endfacet
  facet normal 0 -2.7328566760003855e-16 -1
    outer loop
      vertex 155.9999999999999 7.5 26.400000000000006
      vertex 122.39999999999999 20.5 26.400000000000002
      vertex 156 20.5 26.400000000000002
    endloop
  endfacet
  facet normal 0 -1 0
    outer loop
      vertex 122.39999999999999 20.5 26.400000000000002
      vertex 156 20.5 16.8
      vertex 156 20.5 26.400000000000002
    endloop
  endfacet
  facet normal 0 -6.832141690000964e-17 -1
    outer loop
      vertex 122.39999999999999 7.5 4.800000000000001
      vertex 122.39999999999999 20.5 4.8
      vertex 155.99999999999997 7.5 4.800000000000001
    endloop
  endfacet
  facet normal 0 0 1
    outer loop
      vertex 122.39999999999999 7.5 -4.8
      vertex 156 20.5 -4.8
      vertex 122.39999999999999 8.944444444444445 -4.8
    endloop
  endfacet
  facet normal 1 0 0
    outer loop
      vertex 122.39999999999999 8.944444444444445 -4.8
      vertex 122.39999999999999 20.5 -4.8
      vertex 122.39999999999999 14.464285714285715 -0.2142857142857144
    endloop
  endfacet
  facet normal 0 0 1
    outer loop
      vertex 122.39999999999999 7.5 -4.8
      vertex 156 7.5 -4.8
      vertex 156 20.5 -4.8
    endloop
  endfacet
  facet normal -1 2.186285340800308e-15 -2.9605947323337505e-15
    outer loop
      vertex 156 7.5 -4.8
      vertex 155.99999999999997 7.5 4.800000000000001
      vertex 156 20.5 4.8
    endloop
  endfacet
  facet normal 1 0 0
    outer loop
      vertex 122.39999999999999 14.464285714285715 -0.2142857142857144
      vertex 122.39999999999999 20.5 -4.4
      vertex 122.39999999999999 14.464285714285715 0.4285714285714288
    endloop
  endfacet
  facet normal 0 0 1
    outer loop
      vertex 122.39999999999999 8.944444444444445 -4.8
      vertex 156 20.5 -4.8
      vertex 122.39999999999999 20.5 -4.8
    endloop
  endfacet
  facet normal 1 0 0
    outer loop
      vertex 122.39999999999999 14.464285714285715 -0.2142857142857144
      vertex 122.39999999999999 20.5 -4.8
      vertex 122.39999999999999 20.5 -4.4
    endloop
  endfacet
  facet normal 0 -1 0
    outer loop
      vertex 122.39999999999999 20.5 -4.8
      vertex 156 20.5 -4.8
      vertex 122.39999999999999 20.5 -4.4
    endloop
  endfacet
  facet normal 0 -1 0
    outer loop
      vertex 122.39999999999999 20.5 -4.4
      vertex 156 20.5 -4.8
      vertex 122.39999999999999 20.5 4.8
    endloop
  endfacet
  facet normal 0 -6.832141690000964e-17 -1
    outer loop
      vertex 155.99999999999997 7.5 4.800000000000001
      vertex 122.39999999999999 20.5 4.8
      vertex 156 20.5 4.8
    endloop
  endfacet
  facet normal 0 -1 0
    outer loop
      vertex 122.39999999999999 20.5 4.8
      vertex 156 20.5 -4.8
      vertex 156 20.5 4.8
    endloop
  endfacet
  facet normal 0 -1 0
    outer loop
      vertex 122.39999999999999 20.5 92.4
      vertex 156 20.5 92.4
      vertex 122.39999999999999 20.5 102
    endloop
  endfacet
  facet normal 0 -1 0
    outer loop
      vertex 122.39999999999999 20.5 102
      vertex 156 20.5 92.4
      vertex 156 20.5 102
    endloop
  endfacet
  facet normal 0 -1 0
    outer loop
      vertex 122.39999999999999 20.5 70.80000000000001
      vertex 156 20.5 70.80000000000001
      vertex 122.39999999999999 20.5 80.4
    endloop
  endfacet
  facet normal 0 -1 0
    outer loop
      vertex 122.39999999999999 20.5 80.4
      vertex 156 20.5 70.80000000000001
      vertex 156 20.5 80.4
    endloop
  endfacet
  facet normal 0 -1.0931426704001542e-15 -1
    outer loop
      vertex 122.39999999999998 7.5 58.80000000000001
      vertex 122.39999999999999 20.5 58.8
      vertex 155.9999999999996 7.5 58.80000000000001
    endloop
  endfacet
  facet normal -1 3.060799477120427e-14 -4.144832625267248e-14
    outer loop
      vertex 156 7.5 49.2
      vertex 155.9999999999996 7.5 58.80000000000001
      vertex 156 20.5 58.8
    endloop
  endfacet
  facet normal 0 -1 0
    outer loop
      vertex 122.39999999999999 20.5 49.2
      vertex 156 20.5 49.2
      vertex 122.39999999999999 20.5 58.8
    endloop
  endfacet
  facet normal 0 -1.0931426704001542e-15 -1
    outer loop
      vertex 155.9999999999996 7.5 58.80000000000001
      vertex 122.39999999999999 20.5 58.8
      vertex 156 20.5 58.8
    endloop
  endfacet
  facet normal 0 -1 0
    outer loop
      vertex 156 20.5 49.2
      vertex 156 20.5 58.8
      vertex 122.39999999999999 20.5 58.8
    endloop
  endfacet
  facet normal -1.0573552615477678e-16 0 1
    outer loop
      vertex 122.39999999999999 7.5 27.6
      vertex 156 7.5 27.600000000000005
      vertex 156 20.5 27.600000000000005
    endloop
  endfacet
  facet normal 0 -2.7328566760003855e-16 1
    outer loop
      vertex 122.39999999999999 7.5 27.6
      vertex 156 20.5 27.600000000000005
      vertex 122.39999999999999 20.5 27.600000000000005
    endloop
  endfacet
  facet normal 0 -1 0
    outer loop
      vertex 122.39999999999999 20.5 27.600000000000005
      vertex 156 20.5 27.600000000000005
      vertex 122.39999999999999 20.5 37.2
    endloop
  endfacet
  facet normal 0 -1 0
    outer loop
      vertex 122.39999999999999 20.5 37.2
      vertex 156 20.5 27.600000000000005
      vertex 156 20.5 37.2
    endloop
  endfacet
  facet normal -2.6433881538694196e-17 0 1
    outer loop
      vertex 122.39999999999999 7.5 6
      vertex 156 7.5 6.000000000000001
      vertex 156 20.5 6.000000000000001
    endloop
  endfacet
  facet normal 0 -6.832141690000964e-17 1
    outer loop
      vertex 122.39999999999999 7.5 6
      vertex 156 20.5 6.000000000000001
      vertex 122.39999999999999 20.5 6.000000000000001
    endloop
  endfacet
  facet normal 0 -1 0
    outer loop
      vertex 122.39999999999999 20.5 6.000000000000001
      vertex 156 20.5 6.000000000000001
      vertex 122.39999999999999 20.5 15.600000000000001
    endloop
  endfacet
  facet normal 0 -1 0
    outer loop
      vertex 122.39999999999999 20.5 15.600000000000001
      vertex 156 20.5 6.000000000000001
      vertex 156 20.5 15.600000000000001
    endloop
  endfacet
  facet normal 0 0 -1
    outer loop
      vertex 86.39999999999999 7.5 112.8
      vertex 52.8 7.5 112.8
      vertex 52.8 15.23809523809524 112.8
    endloop
  endfacet
  facet normal 0 0 -1
    outer loop
      vertex 86.39999999999999 7.5 112.8
      vertex 52.8 20.5 112.8
      vertex 86.39999999999999 8.94444444444445 112.8
    endloop
  endfacet
  facet normal 0 0 -1
    outer loop
      vertex 86.39999999999999 7.5 112.8
      vertex 52.8 15.23809523809524 112.8
      vertex 52.8 20.5 112.8
    endloop
  endfacet
  facet normal 1 0 0
    outer loop
      vertex 52.8 20.5 112.8
      vertex 52.8 15.23809523809524 112.8
      vertex 52.8 20.5 104.64
    endloop
  endfacet
  facet normal 0 0 -1
    outer loop
      vertex 86.39999999999999 8.94444444444445 112.8
      vertex 52.8 20.5 112.8
      vertex 86.39999999999999 20.5 112.8
    endloop
  endfacet
  facet normal -1 0 0
    outer loop
      vertex 86.39999999999999 8.94444444444445 112.8
      vertex 86.39999999999999 20.5 112.8
      vertex 86.39999999999999 20.5 103.2
    endloop
  endfacet
  facet normal 0 -1 0
    outer loop
      vertex 86.39999999999999 20.5 103.2
      vertex 52.8 20.5 104.64
      vertex 52.8 20.5 103.2
    endloop
  endfacet
  facet normal 0 -1 0
    outer loop
      vertex 52.8 20.5 112.8
      vertex 52.8 20.5 104.64
      vertex 86.39999999999999 20.5 103.2
    endloop
  endfacet
  facet normal 0 -1 0
    outer loop
      vertex 52.8 20.5 112.8
      vertex 86.39999999999999 20.5 103.2
      vertex 86.39999999999999 20.5 112.8
    endloop
  endfacet
  facet normal 0 -1 0
    outer loop
      vertex 86.39999999999999 20.5 81.60000000000001
      vertex 52.8 20.5 91.2
      vertex 52.8 20.5 81.60000000000001
    endloop
  endfacet
  facet normal 0 -1 0
    outer loop
      vertex 86.39999999999999 20.5 81.60000000000001
      vertex 86.39999999999999 20.5 91.2
      vertex 52.8 20.5 91.2
    endloop
  endfacet
  facet normal 1 0 0
    outer loop
      vertex 52.8 7.5 60
      vertex 52.8 20.5 60.000000000000014
      vertex 52.8 7.5 69.60000000000001
    endloop
  endfacet
  facet normal -4.229421046191073e-16 0 1
    outer loop
      vertex 52.8 7.5 60
      vertex 86.39999999999999 7.5 60.000000000000014
      vertex 86.39999999999999 20.5 60.000000000000014
    endloop
  endfacet
  facet normal 0 -1.093142670400154e-15 1
    outer loop
      vertex 52.8 7.5 60
      vertex 86.39999999999999 20.5 60.000000000000014
      vertex 52.8 20.5 60.000000000000014
    endloop
  endfacet
  facet normal 0 -1 0
    outer loop
      vertex 86.39999999999999 20.5 60.000000000000014
      vertex 52.8 20.5 69.60000000000001
      vertex 52.8 20.5 60.000000000000014
    endloop
  endfacet
  facet normal 0 -1 0
    outer loop
      vertex 86.39999999999999 20.5 60.000000000000014
      vertex 86.39999999999999 20.5 69.60000000000001
      vertex 52.8 20.5 69.60000000000001
    endloop
  endfacet
  facet normal 0 -1 0
    outer loop
      vertex 86.39999999999999 20.5 38.400000000000006
      vertex 52.8 20.5 48
      vertex 52.8 20.5 38.400000000000006
    endloop
  endfacet
  facet normal 0 -1 0
    outer loop
      vertex 86.39999999999999 20.5 38.400000000000006
      vertex 86.39999999999999 20.5 48
      vertex 52.8 20.5 48
    endloop
  endfacet
  facet normal -1 7.651998692801077e-15 -1.0362081563168122e-14
    outer loop
      vertex 86.39999999999999 7.5 16.8
      vertex 86.39999999999989 7.5 26.400000000000006
      vertex 86.39999999999999 20.5 26.400000000000002
    endloop
  endfacet
  facet normal 0 -2.7328566760003855e-16 -1
    outer loop
      vertex 86.39999999999989 7.5 26.400000000000006
      vertex 52.8 7.5 26.400000000000006
      vertex 52.8 20.5 26.400000000000002
    endloop
  endfacet
  facet normal 0 -2.732856676000385e-16 -1
    outer loop
      vertex 86.39999999999989 7.5 26.400000000000006
      vertex 52.8 20.5 26.400000000000002
      vertex 86.39999999999999 20.5 26.400000000000002
    endloop
  endfacet
  facet normal 0 -1 0
    outer loop
      vertex 86.39999999999999 20.5 16.8
      vertex 52.8 20.5 26.400000000000002
      vertex 52.8 20.5 16.8
    endloop
  endfacet
  facet normal 0 -1 0
    outer loop
      vertex 86.39999999999999 20.5 16.8
      vertex 86.39999999999999 20.5 26.400000000000002
      vertex 52.8 20.5 26.400000000000002
    endloop
  endfacet
  facet normal 1 0 0
    outer loop
      vertex 52.8 8.944444444444445 -4.8
      vertex 52.8 20.5 -4.4
      vertex 52.8 14.464285714285715 -0.2142857142857144
    endloop
  endfacet
  facet normal 0 -6.832141690000964e-17 -1
    outer loop
      vertex 86.39999999999996 7.5 4.800000000000001
      vertex 52.8 7.5 4.800000000000001
      vertex 52.8 20.5 4.8
    endloop
  endfacet
  facet normal 0 0 1
    outer loop
      vertex 52.8 8.944444444444445 -4.8
      vertex 52.8 7.5 -4.8
      vertex 86.39999999999999 20.5 -4.8
    endloop
  endfacet
  facet normal 0 0 1
    outer loop
      vertex 86.39999999999999 7.5 -4.8
      vertex 86.39999999999999 20.5 -4.8
      vertex 52.8 7.5 -4.8
    endloop
  endfacet
  facet normal -1 2.186285340800308e-15 -2.9605947323337505e-15
    outer loop
      vertex 86.39999999999999 7.5 -4.8
      vertex 86.39999999999996 7.5 4.800000000000001
      vertex 86.39999999999999 20.5 4.8
    endloop
  endfacet
  facet normal 1 0 0
    outer loop
      vertex 52.8 20.5 -4.8
      vertex 52.8 20.5 -4.4
      vertex 52.8 8.944444444444445 -4.8
    endloop
  endfacet
  facet normal 1 0 0
    outer loop
      vertex 52.8 20.5 -4.4
      vertex 52.8 14.464285714285715 0.4285714285714288
      vertex 52.8 14.464285714285715 -0.2142857142857144
    endloop
  endfacet
  facet normal 0 0 1
    outer loop
      vertex 52.8 20.5 -4.8
      vertex 52.8 8.944444444444445 -4.8
      vertex 86.39999999999999 20.5 -4.8
    endloop
  endfacet
  facet normal 0 -6.832141690000962e-17 -1
    outer loop
      vertex 86.39999999999996 7.5 4.800000000000001
      vertex 52.8 20.5 4.8
      vertex 86.39999999999999 20.5 4.8
    endloop
  endfacet
  facet normal 0 -1 0
    outer loop
      vertex 52.8 20.5 -4.8
      vertex 86.39999999999999 20.5 -4.8
      vertex 52.8 20.5 -4.4
    endloop
  endfacet
  facet normal 0 -1 0
    outer loop
      vertex 86.39999999999999 20.5 -4.8
      vertex 52.8 20.5 4.8
      vertex 52.8 20.5 -4.4
    endloop
  endfacet
  facet normal 0 -1 0
    outer loop
      vertex 86.39999999999999 20.5 -4.8
      vertex 86.39999999999999 20.5 4.8
      vertex 52.8 20.5 4.8
    endloop
  endfacet
  facet normal 0 -1 0
    outer loop
      vertex 86.39999999999999 20.5 92.4
      vertex 52.8 20.5 102
      vertex 52.8 20.5 92.4
    endloop
  endfacet
  facet normal 0 -1 0
    outer loop
      vertex 86.39999999999999 20.5 92.4
      vertex 86.39999999999999 20.5 102
      vertex 52.8 20.5 102
    endloop
  endfacet
  facet normal 0 -1 0
    outer loop
      vertex 86.39999999999999 20.5 70.80000000000001
      vertex 52.8 20.5 80.4
      vertex 52.8 20.5 70.80000000000001
    endloop
  endfacet
  facet normal 0 -1 0
    outer loop
      vertex 86.39999999999999 20.5 70.80000000000001
      vertex 86.39999999999999 20.5 80.4
      vertex 52.8 20.5 80.4
    endloop
  endfacet
  facet normal 0 -1.0931426704001542e-15 -1
    outer loop
      vertex 86.39999999999958 7.5 58.80000000000001
      vertex 52.8 7.5 58.80000000000001
      vertex 52.8 20.5 58.8
    endloop
  endfacet
  facet normal -1 3.1701137441604427e-14 -4.292862361883935e-14
    outer loop
      vertex 86.39999999999999 7.5 49.2
      vertex 86.39999999999958 7.5 58.80000000000001
      vertex 86.39999999999999 20.5 58.8
    endloop
  endfacet
  facet normal 0 -1 0
    outer loop
      vertex 86.39999999999999 20.5 49.2
      vertex 52.8 20.5 58.8
      vertex 52.8 20.5 49.2
    endloop
  endfacet
  facet normal 0 -1.0931426704001542e-15 -1
    outer loop
      vertex 86.39999999999958 7.5 58.80000000000001
      vertex 52.8 20.5 58.8
      vertex 86.39999999999999 20.5 58.8
    endloop
  endfacet
  facet normal 0 -1 0
    outer loop
      vertex 86.39999999999999 20.5 49.2
      vertex 86.39999999999999 20.5 58.8
      vertex 52.8 20.5 58.8
    endloop
  endfacet
  facet normal -1.0573552615477682e-16 0 1
    outer loop
      vertex 86.39999999999999 7.5 27.600000000000005
      vertex 86.39999999999999 20.5 27.600000000000005
      vertex 52.8 7.5 27.6
    endloop
  endfacet
  facet normal 0 -2.732856676000385e-16 1
    outer loop
      vertex 86.39999999999999 20.5 27.600000000000005
      vertex 52.8 20.5 27.600000000000005
      vertex 52.8 7.5 27.6
    endloop
  endfacet
  facet normal 0 -1 0
    outer loop
      vertex 86.39999999999999 20.5 27.600000000000005
      vertex 52.8 20.5 37.2
      vertex 52.8 20.5 27.600000000000005
    endloop
  endfacet
  facet normal 0 -1 0
    outer loop
      vertex 86.39999999999999 20.5 27.600000000000005
      vertex 86.39999999999999 20.5 37.2
      vertex 52.8 20.5 37.2
    endloop
  endfacet
  facet normal -2.6433881538694205e-17 0 1
    outer loop
      vertex 86.39999999999999 7.5 6.000000000000001
      vertex 86.39999999999999 20.5 6.000000000000001
      vertex 52.8 7.5 6
    endloop
  endfacet
  facet normal 0 -6.832141690000962e-17 1
    outer loop
      vertex 86.39999999999999 20.5 6.000000000000001
      vertex 52.8 20.5 6.000000000000001
      vertex 52.8 7.5 6
    endloop
  endfacet
  facet normal 0 -1 0
    outer loop
      vertex 86.39999999999999 20.5 6.000000000000001
      vertex 52.8 20.5 15.600000000000001
      vertex 52.8 20.5 6.000000000000001
    endloop
  endfacet
  facet normal 0 -1 0
    outer loop
      vertex 86.39999999999999 20.5 6.000000000000001
      vertex 86.39999999999999 20.5 15.600000000000001
      vertex 52.8 20.5 15.600000000000001
    endloop
  endfacet
  facet normal 0 0 -1
    outer loop
      vertex 17.999999999999996 7.5 112.8
      vertex 18 20.5 112.8
      vertex 51.599999999999994 7.5 112.8
    endloop
  endfacet
  facet normal 0 0 -1
    outer loop
      vertex 51.599999999999994 7.5 112.8
      vertex 18 20.5 112.8
      vertex 51.599999999999994 8.94444444444445 112.8
    endloop
  endfacet
  facet normal 0 -1 0
    outer loop
      vertex 18 20.5 112.8
      vertex 18 20.5 103.2
      vertex 51.599999999999994 20.5 103.2
    endloop
  endfacet
  facet normal 0 0 -1
    outer loop
      vertex 51.599999999999994 20.5 112.8
      vertex 51.599999999999994 8.94444444444445 112.8
      vertex 18 20.5 112.8
    endloop
  endfacet
  facet normal -1 0 0
    outer loop
      vertex 51.599999999999994 20.5 112.8
      vertex 51.599999999999994 20.5 103.2
      vertex 51.599999999999994 8.94444444444445 112.8
    endloop
  endfacet
  facet normal 0 -1 0
    outer loop
      vertex 51.599999999999994 20.5 112.8
      vertex 18 20.5 112.8
      vertex 51.599999999999994 20.5 103.2
    endloop
  endfacet
  facet normal 0 -1 0
    outer loop
      vertex 18 20.5 91.2
      vertex 18 20.5 81.60000000000001
      vertex 51.599999999999994 20.5 81.60000000000001
    endloop
  endfacet
  facet normal 0 -1 0
    outer loop
      vertex 51.599999999999994 20.5 81.60000000000001
      vertex 51.599999999999994 20.5 91.2
      vertex 18 20.5 91.2
    endloop
  endfacet
  facet normal 1 3.1701137441604427e-14 4.292862361883937e-14
    outer loop
      vertex 18.00000000000041 7.5 60
      vertex 18 20.387931034482758 60.000000000000014
      vertex 18 7.5 69.51724137931035
    endloop
  endfacet
  facet normal -4.229421046191125e-16 0 1
    outer loop
      vertex 18.00000000000041 7.5 60
      vertex 51.599999999999994 7.5 60.000000000000014
      vertex 51.599999999999994 20.5 60.000000000000014
    endloop
  endfacet
  facet normal 3.677757431470519e-18 -1.1026482588384165e-15 1
    outer loop
      vertex 18.00000000000041 7.5 60
      vertex 51.599999999999994 20.5 60.000000000000014
      vertex 18 20.387931034482758 60.000000000000014
    endloop
  endfacet
  facet normal 0 0 1
    outer loop
      vertex 18 20.387931034482758 60.000000000000014
      vertex 51.599999999999994 20.5 60.000000000000014
      vertex 18 20.5 60.000000000000014
    endloop
  endfacet
  facet normal 0 -1 0
    outer loop
      vertex 18 20.5 69.60000000000001
      vertex 18 20.5 60.000000000000014
      vertex 51.599999999999994 20.5 60.000000000000014
    endloop
  endfacet
  facet normal 0 -1 0
    outer loop
      vertex 51.599999999999994 20.5 60.000000000000014
      vertex 51.599999999999994 20.5 69.60000000000001
      vertex 18 20.5 69.60000000000001
    endloop
  endfacet
  facet normal 0 -1 0
    outer loop
      vertex 18 20.5 48
      vertex 18 20.5 38.400000000000006
      vertex 51.599999999999994 20.5 38.400000000000006
    endloop
  endfacet
  facet normal 0 -1 0
    outer loop
      vertex 51.599999999999994 20.5 38.400000000000006
      vertex 51.599999999999994 20.5 48
      vertex 18 20.5 48
    endloop
  endfacet
  facet normal 0 -2.7328566760003855e-16 -1
    outer loop
      vertex 51.59999999999989 7.5 26.400000000000006
      vertex 17.999999999999993 7.5 26.400000000000006
      vertex 18 20.5 26.400000000000002
    endloop
  endfacet
  facet normal -1 8.198570028001154e-15 -1.1102230246251559e-14
    outer loop
      vertex 51.59999999999989 7.5 26.400000000000006
      vertex 51.599999999999994 20.5 26.400000000000002
      vertex 51.599999999999994 7.5 16.8
    endloop
  endfacet
  facet normal 0 -1 0
    outer loop
      vertex 18 20.5 26.400000000000002
      vertex 18 20.5 16.8
      vertex 51.599999999999994 20.5 16.8
    endloop
  endfacet
  facet normal 0 -2.7328566760003855e-16 -1
    outer loop
      vertex 51.59999999999989 7.5 26.400000000000006
      vertex 18 20.5 26.400000000000002
      vertex 51.599999999999994 20.5 26.400000000000002
    endloop
  endfacet
  facet normal 0 -1 0
    outer loop
      vertex 51.599999999999994 20.5 16.8
      vertex 51.599999999999994 20.5 26.400000000000002
      vertex 18 20.5 26.400000000000002
    endloop
  endfacet
  facet normal 0 -6.832141690000964e-17 -1
    outer loop
      vertex 51.599999999999966 7.5 4.800000000000001
      vertex 17.999999999999996 7.5 4.800000000000001
      vertex 18 20.5 4.8
    endloop
  endfacet
  facet normal 0 0 1
    outer loop
      vertex 51.599999999999994 7.5 -4.8
      vertex 51.599999999999994 20.5 -4.8
      vertex 18 7.500000000000002 -4.8
    endloop
  endfacet
  facet normal -1 2.1862853408003084e-15 -2.9605947323337505e-15
    outer loop
      vertex 51.599999999999966 7.5 4.800000000000001
      vertex 51.599999999999994 20.5 4.8
      vertex 51.599999999999994 7.5 -4.8
    endloop
  endfacet
  facet normal 0 0 1
    outer loop
      vertex 18 7.500000000000002 -4.8
      vertex 51.599999999999994 20.5 -4.8
      vertex 18 20.5 -4.8
    endloop
  endfacet
  facet normal 0 -1 0
    outer loop
      vertex 18 20.5 4.8
      vertex 18 20.5 -4.8
      vertex 51.599999999999994 20.5 -4.8
    endloop
  endfacet
  facet normal 0 -6.832141690000962e-17 -1
    outer loop
      vertex 51.599999999999966 7.5 4.800000000000001
      vertex 18 20.5 4.8
      vertex 51.599999999999994 20.5 4.8
    endloop
  endfacet
  facet normal 0 -1 0
    outer loop
      vertex 51.599999999999994 20.5 -4.8
      vertex 51.599999999999994 20.5 4.8
      vertex 18 20.5 4.8
    endloop
  endfacet
  facet normal 0 -1 0
    outer loop
      vertex 18 20.5 102
      vertex 18 20.5 92.4
      vertex 51.599999999999994 20.5 92.4
    endloop
  endfacet
  facet normal 0 -1 0
    outer loop
      vertex 51.599999999999994 20.5 92.4
      vertex 51.599999999999994 20.5 102
      vertex 18 20.5 102
    endloop
  endfacet
  facet normal 0 -1 0
    outer loop
      vertex 18 20.5 80.4
      vertex 18 20.5 70.80000000000001
      vertex 51.599999999999994 20.5 70.80000000000001
    endloop
  endfacet
  facet normal 0 -1 0
    outer loop
      vertex 51.599999999999994 20.5 70.80000000000001
      vertex 51.599999999999994 20.5 80.4
      vertex 18 20.5 80.4
    endloop
  endfacet
  facet normal 0 -1.0931426704001542e-15 -1
    outer loop
      vertex 51.59999999999958 7.5 58.80000000000001
      vertex 17.999999999999982 7.5 58.80000000000001
      vertex 18 20.5 58.8
    endloop
  endfacet
  facet normal -1 3.1701137441604427e-14 -4.292862361883935e-14
    outer loop
      vertex 51.59999999999958 7.5 58.80000000000001
      vertex 51.599999999999994 20.5 58.8
      vertex 51.599999999999994 7.5 49.2
    endloop
  endfacet
  facet normal 0 -1 0
    outer loop
      vertex 18 20.5 58.8
      vertex 18 20.5 49.2
      vertex 51.599999999999994 20.5 49.2
    endloop
  endfacet
  facet normal 0 -1.0931426704001542e-15 -1
    outer loop
      vertex 51.59999999999958 7.5 58.80000000000001
      vertex 18 20.5 58.8
      vertex 51.599999999999994 20.5 58.8
    endloop
  endfacet
  facet normal 0 -1 0
    outer loop
      vertex 51.599999999999994 20.5 49.2
      vertex 51.599999999999994 20.5 58.8
      vertex 18 20.5 58.8
    endloop
  endfacet
  facet normal 0 0 1
    outer loop
      vertex 51.599999999999994 7.5 27.600000000000005
      vertex 51.599999999999994 20.5 27.600000000000005
      vertex 18 7.500000000000007 27.600000000000005
    endloop
  endfacet
  facet normal 0 0 1
    outer loop
      vertex 18 7.500000000000007 27.600000000000005
      vertex 51.599999999999994 20.5 27.600000000000005
      vertex 18 20.5 27.600000000000005
    endloop
  endfacet
  facet normal 0 -1 0
    outer loop
      vertex 18 20.5 37.2
      vertex 18 20.5 27.600000000000005
      vertex 51.599999999999994 20.5 27.600000000000005
    endloop
  endfacet
  facet normal 0 -1 0
    outer loop
      vertex 51.599999999999994 20.5 27.600000000000005
      vertex 51.599999999999994 20.5 37.2
      vertex 18 20.5 37.2
    endloop
  endfacet
  facet normal 0 0 1
    outer loop
      vertex 51.599999999999994 7.5 6.000000000000001
      vertex 51.599999999999994 20.5 6.000000000000001
      vertex 18 7.500000000000002 6.000000000000001
    endloop
  endfacet
  facet normal 0 0 1
    outer loop
      vertex 18 7.500000000000002 6.000000000000001
      vertex 51.599999999999994 20.5 6.000000000000001
      vertex 18 20.5 6.000000000000001
    endloop
  endfacet
  facet normal 0 -1 0
    outer loop
      vertex 18 20.5 15.600000000000001
      vertex 18 20.5 6.000000000000001
      vertex 51.599999999999994 20.5 6.000000000000001
    endloop
  endfacet
  facet normal 0 -1 0
    outer loop
      vertex 51.599999999999994 20.5 6.000000000000001
      vertex 51.599999999999994 20.5 15.600000000000001
      vertex 18 20.5 15.600000000000001
    endloop
  endfacet
endsolid OpenSCAD_Model
